file,timestamp,country,energy_kwh,co2_g,model,batch,epochs,tag
yolo11m_b10_e10_run1_20250727-212745.json,2025-07-27T21:27:45+08:00,CN,0.0001909410505228044,0.09394299685721975,yolo11m.pt,10,10,115W
yolo11m_b10_e10_run1_20250730-015502.json,2025-07-30T01:55:02+08:00,CN,0.00016487537877545022,0.08111868635752151,yolo11m.pt,10,10,65W
yolo11m_b10_e1_run1_20250727-204906.json,2025-07-27T20:49:06+08:00,CN,1.3093371619216063e-05,0.0064419388366543035,yolo11m.pt,10,1,115W
yolo11m_b10_e1_run1_20250730-010736.json,2025-07-30T01:07:36+08:00,CN,1.3876733218475073e-05,0.006827352743489736,yolo11m.pt,10,1,65W
yolo11m_b10_e20_run1_20250727-220324.json,2025-07-27T22:03:24+08:00,CN,0.0004493717697756112,0.22109091072960071,yolo11m.pt,10,20,115W
yolo11m_b10_e20_run1_20250730-023725.json,2025-07-30T02:37:25+08:00,CN,0.00037089806486229656,0.18248184791224992,yolo11m.pt,10,20,65W
yolo11m_b10_e5_run1_20250727-210450.json,2025-07-27T21:04:50+08:00,CN,8.75131929998162e-05,0.04305649095590957,yolo11m.pt,10,5,115W
yolo11m_b10_e5_run1_20250730-012715.json,2025-07-30T01:27:15+08:00,CN,7.894504869147823e-05,0.038840963956207286,yolo11m.pt,10,5,65W
yolo11m_b11_e10_run1_20250727-212845.json,2025-07-27T21:28:45+08:00,CN,0.00018769218369315383,0.09234455437703168,yolo11m.pt,11,10,115W
yolo11m_b11_e10_run1_20250730-015615.json,2025-07-30T01:56:15+08:00,CN,0.00016347105583694417,0.08042775947177654,yolo11m.pt,11,10,65W
yolo11m_b11_e1_run1_20250727-204936.json,2025-07-27T20:49:36+08:00,CN,1.3502393748251615e-05,0.006643177724139794,yolo11m.pt,11,1,115W
yolo11m_b11_e1_run1_20250730-010814.json,2025-07-30T01:08:14+08:00,CN,1.3033005586155596e-05,0.006412238748388553,yolo11m.pt,11,1,65W
yolo11m_b11_e20_run1_20250727-220459.json,2025-07-27T22:04:59+08:00,CN,0.00043588657569900954,0.21445619524391268,yolo11m.pt,11,20,115W
yolo11m_b11_e20_run1_20250730-023916.json,2025-07-30T02:39:16+08:00,CN,0.0003757817498022462,0.18488462090270513,yolo11m.pt,11,20,65W
yolo11m_b11_e5_run1_20250727-210530.json,2025-07-27T21:05:30+08:00,CN,8.52379022737769e-05,0.041937047918698234,yolo11m.pt,11,5,115W
yolo11m_b11_e5_run1_20250730-012804.json,2025-07-30T01:28:04+08:00,CN,8.211761493026423e-05,0.04040186654569,yolo11m.pt,11,5,65W
yolo11m_b12_e10_run1_20250727-212945.json,2025-07-27T21:29:45+08:00,CN,0.0001834874209267967,0.09027581109598398,yolo11m.pt,12,10,115W
yolo11m_b12_e10_run1_20250731-215833.json,2025-07-31T21:58:33+08:00,CN,0.00016421973218792716,0.08079610823646016,yolo11m.pt,12,10,65W
yolo11m_b12_e1_run1_20250727-205005.json,2025-07-27T20:50:05+08:00,CN,1.2833683166500078e-05,0.006314172117918038,yolo11m.pt,12,1,115W
yolo11m_b12_e1_run1_20250730-010850.json,2025-07-30T01:08:50+08:00,CN,1.3842463410205407e-05,0.00681049199782106,yolo11m.pt,12,1,65W
yolo11m_b12_e20_run1_20250727-220635.json,2025-07-27T22:06:35+08:00,CN,0.00041388878649125884,0.20363328295369934,yolo11m.pt,12,20,115W
yolo11m_b12_e20_run1_20250730-024105.json,2025-07-30T02:41:05+08:00,CN,0.000369080077082475,0.1815873979245777,yolo11m.pt,12,20,65W
yolo11m_b12_e5_run1_20250727-210610.json,2025-07-27T21:06:10+08:00,CN,8.391344880745528e-05,0.041285416813268,yolo11m.pt,12,5,115W
yolo11m_b12_e5_run1_20250730-012855.json,2025-07-30T01:28:55+08:00,CN,7.36318605116301e-05,0.03622687537172201,yolo11m.pt,12,5,65W
yolo11m_b13_e10_run1_20250727-213045.json,2025-07-27T21:30:45+08:00,CN,0.0001839670512184898,0.09051178919949698,yolo11m.pt,13,10,115W
yolo11m_b13_e10_run1_20250730-015805.json,2025-07-30T01:58:05+08:00,CN,0.00015804709801215877,0.07775917222198211,yolo11m.pt,13,10,65W
yolo11m_b13_e1_run1_20250727-205035.json,2025-07-27T20:50:35+08:00,CN,1.2926081979285263e-05,0.0063596323338083495,yolo11m.pt,13,1,115W
yolo11m_b13_e1_run1_20250730-010927.json,2025-07-30T01:09:27+08:00,CN,1.3115482564644491e-05,0.00645281742180509,yolo11m.pt,13,1,65W
yolo11m_b13_e20_run1_20250727-220805.json,2025-07-27T22:08:05+08:00,CN,0.0004267858895374069,0.2099786576524042,yolo11m.pt,13,20,115W
yolo11m_b13_e20_run1_20250730-024256.json,2025-07-30T02:42:56+08:00,CN,0.0003627901289880522,0.17849274346212168,yolo11m.pt,13,20,65W
yolo11m_b13_e5_run1_20250727-210651.json,2025-07-27T21:06:51+08:00,CN,8.539598927134708e-05,0.042014826721502765,yolo11m.pt,13,5,115W
yolo11m_b13_e5_run1_20250730-012947.json,2025-07-30T01:29:47+08:00,CN,7.654613700719848e-05,0.03766069940754165,yolo11m.pt,13,5,65W
yolo11m_b14_e10_run1_20250727-213146.json,2025-07-27T21:31:46+08:00,CN,0.00018918380905274065,0.0930784340539484,yolo11m.pt,14,10,115W
yolo11m_b14_e10_run1_20250730-015918.json,2025-07-30T01:59:18+08:00,CN,0.00016320688832113217,0.08029778905399702,yolo11m.pt,14,10,65W
yolo11m_b14_e1_run1_20250727-205104.json,2025-07-27T20:51:04+08:00,CN,1.3873561650987103e-05,0.0068257923322856545,yolo11m.pt,14,1,115W
yolo11m_b14_e1_run1_20250730-011004.json,2025-07-30T01:10:04+08:00,CN,1.3352973954016546e-05,0.0065696631853761405,yolo11m.pt,14,1,65W
yolo11m_b14_e20_run1_20250727-220937.json,2025-07-27T22:09:37+08:00,CN,0.00043334283267636235,0.21320467367677026,yolo11m.pt,14,20,115W
yolo11m_b14_e20_run1_20250730-024447.json,2025-07-30T02:44:47+08:00,CN,0.0003760405798510143,0.18501196528669903,yolo11m.pt,14,20,65W
yolo11m_b14_e5_run1_20250727-210731.json,2025-07-27T21:07:31+08:00,CN,8.861225676188969e-05,0.04359723032684973,yolo11m.pt,14,5,115W
yolo11m_b14_e5_run1_20250730-013036.json,2025-07-30T01:30:36+08:00,CN,7.80216589200972e-05,0.03838665618868782,yolo11m.pt,14,5,65W
yolo11m_b15_e10_run1_20250727-213248.json,2025-07-27T21:32:48+08:00,CN,0.00018470808005788974,0.09087637538848176,yolo11m.pt,15,10,115W
yolo11m_b15_e10_run1_20250730-020032.json,2025-07-30T02:00:32+08:00,CN,0.0001614160085549659,0.07941667620904322,yolo11m.pt,15,10,65W
yolo11m_b15_e1_run1_20250727-205134.json,2025-07-27T20:51:34+08:00,CN,1.32530977426426e-05,0.006520524089380159,yolo11m.pt,15,1,115W
yolo11m_b15_e1_run1_20250730-011041.json,2025-07-30T01:10:41+08:00,CN,1.2654776541724244e-05,0.006226150058528328,yolo11m.pt,15,1,65W
yolo11m_b15_e20_run1_20250727-221111.json,2025-07-27T22:11:11+08:00,CN,0.00041614525411935586,0.20474346502672308,yolo11m.pt,15,20,115W
yolo11m_b15_e20_run1_20250730-024640.json,2025-07-30T02:46:40+08:00,CN,0.00036976810934818505,0.18192590979930703,yolo11m.pt,15,20,65W
yolo11m_b15_e5_run1_20250727-210812.json,2025-07-27T21:08:12+08:00,CN,8.368298095449191e-05,0.041172026629610024,yolo11m.pt,15,5,115W
yolo11m_b15_e5_run1_20250730-013127.json,2025-07-30T01:31:27+08:00,CN,7.686325529911045e-05,0.03781672160716234,yolo11m.pt,15,5,65W
yolo11m_b16_e10_run1_20250726-153729.json,2025-07-26T15:37:29+08:00,CN,0.00016839465207104393,0.08285016881895362,yolo11m.pt,16,10,115W
yolo11m_b16_e10_run1_20250726-165532.json,2025-07-26T16:55:32+08:00,CN,0.00016221837158519948,0.07981143881991815,yolo11m.pt,16,10,65W
yolo11m_b16_e10_run1_20250727-123220.json,2025-07-27T12:32:20+08:00,CN,0.00018036225108121443,0.0887382275319575,yolo11m.pt,16,10,115W
yolo11m_b16_e10_run1_20250727-142523.json,2025-07-27T14:25:23+08:00,CN,0.00016361737486466588,0.08049974843341562,yolo11m.pt,16,10,65W
yolo11m_b16_e10_run2_20250726-153825.json,2025-07-26T15:38:25+08:00,CN,0.00017329145792939057,0.08525939730126016,yolo11m.pt,16,10,115W
yolo11m_b16_e10_run2_20250726-165633.json,2025-07-26T16:56:33+08:00,CN,0.00016120855133240132,0.07931460725554144,yolo11m.pt,16,10,65W
yolo11m_b16_e10_run2_20250727-123315.json,2025-07-27T12:33:15+08:00,CN,0.00017895381439397883,0.08804527668183758,yolo11m.pt,16,10,115W
yolo11m_b16_e10_run2_20250727-142625.json,2025-07-27T14:26:25+08:00,CN,0.00016678938787042486,0.08206037883224902,yolo11m.pt,16,10,65W
yolo11m_b16_e1_run1_20250726-153000.json,2025-07-26T15:30:00+08:00,CN,1.2478976410615826e-05,0.006139656394022986,yolo11m.pt,16,1,115W
yolo11m_b16_e1_run1_20250726-164531.json,2025-07-26T16:45:31+08:00,CN,1.259066508126883e-05,0.006194607219984265,yolo11m.pt,16,1,65W
yolo11m_b16_e1_run1_20250727-121628.json,2025-07-27T12:16:28+08:00,CN,1.2589819383420475e-05,0.006194191136642873,yolo11m.pt,16,1,115W
yolo11m_b16_e1_run1_20250727-140821.json,2025-07-27T14:08:21+08:00,CN,1.24602496137665e-05,0.006130442809973118,yolo11m.pt,16,1,65W
yolo11m_b16_e1_run2_20250726-153023.json,2025-07-26T15:30:23+08:00,CN,1.1338833679509364e-05,0.0055787061703186066,yolo11m.pt,16,1,115W
yolo11m_b16_e1_run2_20250726-164558.json,2025-07-26T16:45:58+08:00,CN,1.1263139656477703e-05,0.00554146471098703,yolo11m.pt,16,1,65W
yolo11m_b16_e1_run2_20250727-121651.json,2025-07-27T12:16:51+08:00,CN,1.1361731237584776e-05,0.00558997176889171,yolo11m.pt,16,1,115W
yolo11m_b16_e1_run2_20250727-140846.json,2025-07-27T14:08:46+08:00,CN,1.1742433433620775e-05,0.005777277249341422,yolo11m.pt,16,1,65W
yolo11m_b16_e20_run1_20250727-124903.json,2025-07-27T12:49:03+08:00,CN,0.00042286607352315565,0.2080501081733926,yolo11m.pt,16,20,115W
yolo11m_b16_e20_run1_20250727-144315.json,2025-07-27T14:43:15+08:00,CN,0.0003717677911210575,0.18290975323156028,yolo11m.pt,16,20,65W
yolo11m_b16_e20_run2_20250727-125029.json,2025-07-27T12:50:29+08:00,CN,0.0004144709582178884,0.2039197114432011,yolo11m.pt,16,20,115W
yolo11m_b16_e20_run2_20250727-144452.json,2025-07-27T14:44:52+08:00,CN,0.00036322590236972864,0.17870714396590648,yolo11m.pt,16,20,65W
yolo11m_b16_e5_run1_20250727-122224.json,2025-07-27T12:22:24+08:00,CN,8.349189860974588e-05,0.041078014115994974,yolo11m.pt,16,5,115W
yolo11m_b16_e5_run1_20250727-141452.json,2025-07-27T14:14:52+08:00,CN,7.867088478127082e-05,0.03870607531238524,yolo11m.pt,16,5,65W
yolo11m_b16_e5_run2_20250727-122259.json,2025-07-27T12:22:59+08:00,CN,8.264909172678119e-05,0.04066335312957634,yolo11m.pt,16,5,115W
yolo11m_b16_e5_run2_20250727-141529.json,2025-07-27T14:15:29+08:00,CN,7.540313302078609e-05,0.03709834144622676,yolo11m.pt,16,5,65W
yolo11m_b17_e10_run1_20250727-213348.json,2025-07-27T21:33:48+08:00,CN,0.00018297545342997953,0.09002392308754993,yolo11m.pt,17,10,115W
yolo11m_b17_e10_run1_20250730-020145.json,2025-07-30T02:01:45+08:00,CN,0.00016157414253730978,0.07949447812835642,yolo11m.pt,17,10,65W
yolo11m_b17_e1_run1_20250727-205203.json,2025-07-27T20:52:03+08:00,CN,1.256058759521855e-05,0.006179809096847527,yolo11m.pt,17,1,115W
yolo11m_b17_e1_run1_20250730-011119.json,2025-07-30T01:11:19+08:00,CN,1.2758747173135698e-05,0.006277303609182764,yolo11m.pt,17,1,65W
yolo11m_b17_e20_run1_20250727-221242.json,2025-07-27T22:12:42+08:00,CN,0.00041760256882301445,0.20546046386092312,yolo11m.pt,17,20,115W
yolo11m_b17_e20_run1_20250730-024833.json,2025-07-30T02:48:33+08:00,CN,0.0003529340321908528,0.17364354383789957,yolo11m.pt,17,20,65W
yolo11m_b17_e5_run1_20250727-210853.json,2025-07-27T21:08:53+08:00,CN,8.356038757189074e-05,0.04111171068537024,yolo11m.pt,17,5,115W
yolo11m_b17_e5_run1_20250730-013216.json,2025-07-30T01:32:16+08:00,CN,7.552316183974393e-05,0.037157395625154015,yolo11m.pt,17,5,65W
yolo11m_b18_e10_run1_20250727-213450.json,2025-07-27T21:34:50+08:00,CN,0.00018646688514573214,0.09174170749170021,yolo11m.pt,18,10,115W
yolo11m_b18_e10_run1_20250730-020300.json,2025-07-30T02:03:00+08:00,CN,0.00015932723217777558,0.07838899823146558,yolo11m.pt,18,10,65W
yolo11m_b18_e1_run1_20250727-205232.json,2025-07-27T20:52:32+08:00,CN,1.2471801348687609e-05,0.006136126263554304,yolo11m.pt,18,1,115W
yolo11m_b18_e1_run1_20250730-011156.json,2025-07-30T01:11:56+08:00,CN,1.2659255175009539e-05,0.006228353546104693,yolo11m.pt,18,1,65W
yolo11m_b18_e20_run1_20250727-221416.json,2025-07-27T22:14:16+08:00,CN,0.00041333642785355867,0.20336152250395087,yolo11m.pt,18,20,115W
yolo11m_b18_e20_run1_20250730-025025.json,2025-07-30T02:50:25+08:00,CN,0.00036461610863279645,0.17939112544733585,yolo11m.pt,18,20,65W
yolo11m_b18_e5_run1_20250727-210934.json,2025-07-27T21:09:34+08:00,CN,8.533421952705886e-05,0.04198443600731296,yolo11m.pt,18,5,115W
yolo11m_b18_e5_run1_20250730-013307.json,2025-07-30T01:33:07+08:00,CN,7.504265760943062e-05,0.036920987543839864,yolo11m.pt,18,5,65W
yolo11m_b19_e10_run1_20250727-213552.json,2025-07-27T21:35:52+08:00,CN,0.0001776257838394461,0.08739188564900748,yolo11m.pt,19,10,115W
yolo11m_b19_e10_run1_20250730-020413.json,2025-07-30T02:04:13+08:00,CN,0.0001569255985564963,0.07720739448979619,yolo11m.pt,19,10,65W
yolo11m_b19_e1_run1_20250727-205302.json,2025-07-27T20:53:02+08:00,CN,1.2710218967762002e-05,0.006253427732138905,yolo11m.pt,19,1,115W
yolo11m_b19_e1_run1_20250730-011233.json,2025-07-30T01:12:33+08:00,CN,1.2358132863750876e-05,0.006080201368965431,yolo11m.pt,19,1,65W
yolo11m_b19_e20_run1_20250727-221549.json,2025-07-27T22:15:49+08:00,CN,0.0004170702329836267,0.20519855462794434,yolo11m.pt,19,20,115W
yolo11m_b19_e20_run1_20250730-025215.json,2025-07-30T02:52:15+08:00,CN,0.00035660175669160554,0.17544806429226992,yolo11m.pt,19,20,65W
yolo11m_b19_e5_run1_20250727-211014.json,2025-07-27T21:10:14+08:00,CN,8.090608213464419e-05,0.03980579241024494,yolo11m.pt,19,5,115W
yolo11m_b19_e5_run1_20250730-013358.json,2025-07-30T01:33:58+08:00,CN,7.490625776874591e-05,0.03685387882222299,yolo11m.pt,19,5,65W
yolo11m_b1_e10_run1_20250726-153338.json,2025-07-26T15:33:38+08:00,CN,0.0006875304305490753,0.3382649718301451,yolo11m.pt,1,10,115W
yolo11m_b1_e10_run1_20250726-164935.json,2025-07-26T16:49:35+08:00,CN,0.0006704440702626792,0.32985848256923817,yolo11m.pt,1,10,65W
yolo11m_b1_e10_run1_20250727-122710.json,2025-07-27T12:27:10+08:00,CN,0.0006423470674193925,0.3160347571703411,yolo11m.pt,1,10,115W
yolo11m_b1_e10_run1_20250727-141931.json,2025-07-27T14:19:31+08:00,CN,0.0006658562987097527,0.32760129896519835,yolo11m.pt,1,10,65W
yolo11m_b1_e10_run2_20250726-153602.json,2025-07-26T15:36:02+08:00,CN,0.0006636711363301199,0.326526199074419,yolo11m.pt,1,10,115W
yolo11m_b1_e10_run2_20250726-165209.json,2025-07-26T16:52:09+08:00,CN,0.0006747786029201265,0.33199107263670224,yolo11m.pt,1,10,65W
yolo11m_b1_e10_run2_20250727-122925.json,2025-07-27T12:29:25+08:00,CN,0.0006670824028849506,0.3282045422193957,yolo11m.pt,1,10,115W
yolo11m_b1_e10_run2_20250727-142202.json,2025-07-27T14:22:02+08:00,CN,0.0006839573617714206,0.3365070219915389,yolo11m.pt,1,10,65W
yolo11m_b1_e1_run1_20250726-152804.json,2025-07-26T15:28:04+08:00,CN,5.888319326493612e-05,0.028970531086348568,yolo11m.pt,1,1,115W
yolo11m_b1_e1_run1_20250726-164319.json,2025-07-26T16:43:19+08:00,CN,5.733986999109714e-05,0.028211216035619793,yolo11m.pt,1,1,65W
yolo11m_b1_e1_run1_20250727-121431.json,2025-07-27T12:14:31+08:00,CN,5.8706208525034686e-05,0.028883454594317067,yolo11m.pt,1,1,115W
yolo11m_b1_e1_run1_20250727-140611.json,2025-07-27T14:06:11+08:00,CN,5.9594057258435934e-05,0.02932027617115048,yolo11m.pt,1,1,65W
yolo11m_b1_e1_run2_20250726-152836.json,2025-07-26T15:28:36+08:00,CN,5.704277265227864e-05,0.02806504414492109,yolo11m.pt,1,1,115W
yolo11m_b1_e1_run2_20250726-164355.json,2025-07-26T16:43:55+08:00,CN,5.7584820803830295e-05,0.028331731835484507,yolo11m.pt,1,1,65W
yolo11m_b1_e1_run2_20250727-121503.json,2025-07-27T12:15:03+08:00,CN,5.6875029706913755e-05,0.027982514615801566,yolo11m.pt,1,1,115W
yolo11m_b1_e1_run2_20250727-140646.json,2025-07-27T14:06:46+08:00,CN,5.73804184537647e-05,0.028231165879252233,yolo11m.pt,1,1,65W
yolo11m_b1_e20_run1_20250727-124018.json,2025-07-27T12:40:18+08:00,CN,0.0013488270871779755,0.663622926891564,yolo11m.pt,1,20,115W
yolo11m_b1_e20_run1_20250727-143323.json,2025-07-27T14:33:23+08:00,CN,0.0013978628455220531,0.6877485199968502,yolo11m.pt,1,20,65W
yolo11m_b1_e20_run2_20250727-124428.json,2025-07-27T12:44:28+08:00,CN,0.001353095930862598,0.6657231979843983,yolo11m.pt,1,20,115W
yolo11m_b1_e20_run2_20250727-143801.json,2025-07-27T14:38:01+08:00,CN,0.001413854776713659,0.6956165501431203,yolo11m.pt,1,20,65W
yolo11m_b1_e5_run1_20250727-121906.json,2025-07-27T12:19:06+08:00,CN,0.00031050334019169513,0.152767643374314,yolo11m.pt,1,5,115W
yolo11m_b1_e5_run1_20250727-141116.json,2025-07-27T14:11:16+08:00,CN,0.00033269745297439694,0.1636871468634033,yolo11m.pt,1,5,65W
yolo11m_b1_e5_run2_20250727-122023.json,2025-07-27T12:20:23+08:00,CN,0.00032717971691950356,0.16097242072439574,yolo11m.pt,1,5,115W
yolo11m_b1_e5_run2_20250727-141239.json,2025-07-27T14:12:39+08:00,CN,0.00033095865847983594,0.16283165997207927,yolo11m.pt,1,5,65W
yolo11m_b20_e10_run1_20250727-213653.json,2025-07-27T21:36:53+08:00,CN,0.0001785608036312956,0.08785191538659744,yolo11m.pt,20,10,115W
yolo11m_b20_e10_run1_20250730-020527.json,2025-07-30T02:05:27+08:00,CN,0.00015684335606433366,0.07716693118365216,yolo11m.pt,20,10,65W
yolo11m_b20_e1_run1_20250727-205331.json,2025-07-27T20:53:31+08:00,CN,1.2114617047165064e-05,0.005960391587205211,yolo11m.pt,20,1,115W
yolo11m_b20_e1_run1_20250730-011310.json,2025-07-30T01:13:10+08:00,CN,1.1760367474766453e-05,0.005786100797585095,yolo11m.pt,20,1,65W
yolo11m_b20_e20_run1_20250727-221725.json,2025-07-27T22:17:25+08:00,CN,0.0004067759852116904,0.20013378472415166,yolo11m.pt,20,20,115W
yolo11m_b20_e20_run1_20250730-025407.json,2025-07-30T02:54:07+08:00,CN,0.0003562055896909381,0.17525315012794157,yolo11m.pt,20,20,65W
yolo11m_b20_e5_run1_20250727-211055.json,2025-07-27T21:10:55+08:00,CN,8.448360786030472e-05,0.041565935067269924,yolo11m.pt,20,5,115W
yolo11m_b20_e5_run1_20250730-013448.json,2025-07-30T01:34:48+08:00,CN,7.363787132049369e-05,0.0362298326896829,yolo11m.pt,20,5,65W
yolo11m_b21_e10_run1_20250727-213757.json,2025-07-27T21:37:57+08:00,CN,0.00017772814086843174,0.08744224530726842,yolo11m.pt,21,10,115W
yolo11m_b21_e10_run1_20250730-020641.json,2025-07-30T02:06:41+08:00,CN,0.0001612899573068029,0.07935465899494702,yolo11m.pt,21,10,65W
yolo11m_b21_e1_run1_20250727-205400.json,2025-07-27T20:54:00+08:00,CN,1.2446233534471552e-05,0.006123546898960003,yolo11m.pt,21,1,115W
yolo11m_b21_e1_run1_20250730-011347.json,2025-07-30T01:13:47+08:00,CN,1.2579942852978586e-05,0.006189331883665465,yolo11m.pt,21,1,65W
yolo11m_b21_e20_run1_20250727-221859.json,2025-07-27T22:18:59+08:00,CN,0.00042442079218094514,0.20881502975302502,yolo11m.pt,21,20,115W
yolo11m_b21_e20_run1_20250730-025605.json,2025-07-30T02:56:05+08:00,CN,0.00035608180132579484,0.17519224625229107,yolo11m.pt,21,20,65W
yolo11m_b21_e5_run1_20250727-211136.json,2025-07-27T21:11:36+08:00,CN,8.717000889327252e-05,0.04288764437549008,yolo11m.pt,21,5,115W
yolo11m_b21_e5_run1_20250730-013539.json,2025-07-30T01:35:39+08:00,CN,7.646562876216265e-05,0.03762108935098402,yolo11m.pt,21,5,65W
yolo11m_b22_e10_run1_20250727-213859.json,2025-07-27T21:38:59+08:00,CN,0.00017640181961058938,0.08678969524840997,yolo11m.pt,22,10,115W
yolo11m_b22_e10_run1_20250730-020754.json,2025-07-30T02:07:54+08:00,CN,0.0001518484935897858,0.07470945884617461,yolo11m.pt,22,10,65W
yolo11m_b22_e1_run1_20250727-205430.json,2025-07-27T20:54:30+08:00,CN,1.1789490150074237e-05,0.005800429153836524,yolo11m.pt,22,1,115W
yolo11m_b22_e1_run1_20250730-011426.json,2025-07-30T01:14:26+08:00,CN,1.1627852278823805e-05,0.005720903321181312,yolo11m.pt,22,1,65W
yolo11m_b22_e20_run1_20250727-222030.json,2025-07-27T22:20:30+08:00,CN,0.00040601184826143203,0.19975782934462455,yolo11m.pt,22,20,115W
yolo11m_b22_e20_run1_20250730-025755.json,2025-07-30T02:57:55+08:00,CN,0.00034469959357897266,0.16959220004085454,yolo11m.pt,22,20,65W
yolo11m_b22_e5_run1_20250727-211217.json,2025-07-27T21:12:17+08:00,CN,7.961901368261221e-05,0.03917255473184521,yolo11m.pt,22,5,115W
yolo11m_b22_e5_run1_20250730-013628.json,2025-07-30T01:36:28+08:00,CN,7.218582113617746e-05,0.03551542399899931,yolo11m.pt,22,5,65W
yolo11m_b23_e10_run1_20250727-214001.json,2025-07-27T21:40:01+08:00,CN,0.0001837303407395473,0.09039532764385728,yolo11m.pt,23,10,115W
yolo11m_b23_e10_run1_20250730-020910.json,2025-07-30T02:09:10+08:00,CN,0.00015206380695865357,0.07481539302365756,yolo11m.pt,23,10,65W
yolo11m_b23_e1_run1_20250727-205459.json,2025-07-27T20:54:59+08:00,CN,1.2335208855115656e-05,0.006068922756716903,yolo11m.pt,23,1,115W
yolo11m_b23_e1_run1_20250730-011502.json,2025-07-30T01:15:02+08:00,CN,1.2075243475837516e-05,0.005941019790112058,yolo11m.pt,23,1,65W
yolo11m_b23_e20_run1_20250727-222201.json,2025-07-27T22:22:01+08:00,CN,0.0004114822721372625,0.20244927789153316,yolo11m.pt,23,20,115W
yolo11m_b23_e20_run1_20250730-025947.json,2025-07-30T02:59:47+08:00,CN,0.0003487582431221873,0.17158905561611618,yolo11m.pt,23,20,65W
yolo11m_b23_e5_run1_20250727-211258.json,2025-07-27T21:12:58+08:00,CN,8.487173926465602e-05,0.041756895718210764,yolo11m.pt,23,5,115W
yolo11m_b23_e5_run1_20250730-013719.json,2025-07-30T01:37:19+08:00,CN,7.172122068474543e-05,0.035286840576894754,yolo11m.pt,23,5,65W
yolo11m_b24_e10_run1_20250727-214103.json,2025-07-27T21:41:03+08:00,CN,0.00017980826505466078,0.0884656664068931,yolo11m.pt,24,10,115W
yolo11m_b24_e10_run1_20250730-021035.json,2025-07-30T02:10:35+08:00,CN,0.0001431083707128768,0.07040931839073539,yolo11m.pt,24,10,65W
yolo11m_b24_e1_run1_20250727-205529.json,2025-07-27T20:55:29+08:00,CN,1.2268590285216694e-05,0.006036146420326613,yolo11m.pt,24,1,115W
yolo11m_b24_e1_run1_20250730-011539.json,2025-07-30T01:15:39+08:00,CN,1.2021989624829723e-05,0.0059148188954162234,yolo11m.pt,24,1,65W
yolo11m_b24_e20_run1_20250727-222334.json,2025-07-27T22:23:34+08:00,CN,0.00041929009484548233,0.2062907266639773,yolo11m.pt,24,20,115W
yolo11m_b24_e20_run1_20250730-030139.json,2025-07-30T03:01:39+08:00,CN,0.00035296984880401255,0.1736611656115742,yolo11m.pt,24,20,65W
yolo11m_b24_e5_run1_20250727-211338.json,2025-07-27T21:13:38+08:00,CN,8.401824997463051e-05,0.04133697898751821,yolo11m.pt,24,5,115W
yolo11m_b24_e5_run1_20250730-013809.json,2025-07-30T01:38:09+08:00,CN,7.328435484659781e-05,0.03605590258452612,yolo11m.pt,24,5,65W
yolo11m_b25_e10_run1_20250727-214205.json,2025-07-27T21:42:05+08:00,CN,0.00018790837166808214,0.09245091886069641,yolo11m.pt,25,10,115W
yolo11m_b25_e10_run1_20250730-021149.json,2025-07-30T02:11:49+08:00,CN,0.00016269596110799557,0.08004641286513382,yolo11m.pt,25,10,65W
yolo11m_b25_e1_run1_20250727-205559.json,2025-07-27T20:55:59+08:00,CN,1.2599920658751801e-05,0.006199160964105887,yolo11m.pt,25,1,115W
yolo11m_b25_e1_run1_20250730-011617.json,2025-07-30T01:16:17+08:00,CN,1.2018573915175352e-05,0.0059131383662662735,yolo11m.pt,25,1,65W
yolo11m_b25_e20_run1_20250727-222507.json,2025-07-27T22:25:07+08:00,CN,0.0004231187829835786,0.20817444122792067,yolo11m.pt,25,20,115W
yolo11m_b25_e20_run1_20250730-030335.json,2025-07-30T03:03:35+08:00,CN,0.0003534305218597261,0.17388781675498524,yolo11m.pt,25,20,65W
yolo11m_b25_e5_run1_20250727-211420.json,2025-07-27T21:14:20+08:00,CN,8.612945168929832e-05,0.04237569023113478,yolo11m.pt,25,5,115W
yolo11m_b25_e5_run1_20250730-013859.json,2025-07-30T01:38:59+08:00,CN,7.40820229285654e-05,0.03644835528085418,yolo11m.pt,25,5,65W
yolo11m_b26_e10_run1_20250727-214306.json,2025-07-27T21:43:06+08:00,CN,0.00017417284523480315,0.08569303985552315,yolo11m.pt,26,10,115W
yolo11m_b26_e10_run1_20250730-021302.json,2025-07-30T02:13:02+08:00,CN,0.00015068699306580773,0.0741380005883774,yolo11m.pt,26,10,65W
yolo11m_b26_e1_run1_20250727-205628.json,2025-07-27T20:56:28+08:00,CN,1.1360426914116662e-05,0.005589330041745398,yolo11m.pt,26,1,115W
yolo11m_b26_e1_run1_20250730-011655.json,2025-07-30T01:16:55+08:00,CN,1.0896429674798286e-05,0.005361043400000757,yolo11m.pt,26,1,65W
yolo11m_b26_e20_run1_20250727-222639.json,2025-07-27T22:26:39+08:00,CN,0.00040399337757994507,0.19876474176933298,yolo11m.pt,26,20,115W
yolo11m_b26_e20_run1_20250730-030527.json,2025-07-30T03:05:27+08:00,CN,0.0003405970858408689,0.1675737662337075,yolo11m.pt,26,20,65W
yolo11m_b26_e5_run1_20250727-211501.json,2025-07-27T21:15:01+08:00,CN,7.88615577206572e-05,0.03879988639856334,yolo11m.pt,26,5,115W
yolo11m_b26_e5_run1_20250730-013948.json,2025-07-30T01:39:48+08:00,CN,6.880393734661629e-05,0.033851537174535214,yolo11m.pt,26,5,65W
yolo11m_b27_e10_run1_20250727-214408.json,2025-07-27T21:44:08+08:00,CN,0.00017907917497754616,0.08810695408895271,yolo11m.pt,27,10,115W
yolo11m_b27_e10_run1_20250730-021415.json,2025-07-30T02:14:15+08:00,CN,0.00015232460314967136,0.07494370474963831,yolo11m.pt,27,10,65W
yolo11m_b27_e1_run1_20250727-205658.json,2025-07-27T20:56:58+08:00,CN,1.1364841634434732e-05,0.005591502084141888,yolo11m.pt,27,1,115W
yolo11m_b27_e1_run1_20250730-011732.json,2025-07-30T01:17:32+08:00,CN,1.0847536200386453e-05,0.005336987810590135,yolo11m.pt,27,1,65W
yolo11m_b27_e20_run1_20250727-222812.json,2025-07-27T22:28:12+08:00,CN,0.0004023171186482921,0.19794002237495972,yolo11m.pt,27,20,115W
yolo11m_b27_e20_run1_20250730-030718.json,2025-07-30T03:07:18+08:00,CN,0.0003523603705347449,0.1733613023030945,yolo11m.pt,27,20,65W
yolo11m_b27_e5_run1_20250727-211542.json,2025-07-27T21:15:42+08:00,CN,7.998401894721528e-05,0.03935213732202992,yolo11m.pt,27,5,115W
yolo11m_b27_e5_run1_20250730-014038.json,2025-07-30T01:40:38+08:00,CN,6.893205523689923e-05,0.03391457117655442,yolo11m.pt,27,5,65W
yolo11m_b28_e10_run1_20250727-214510.json,2025-07-27T21:45:10+08:00,CN,0.00017546557002581187,0.08632906045269945,yolo11m.pt,28,10,115W
yolo11m_b28_e10_run1_20250730-021529.json,2025-07-30T02:15:29+08:00,CN,0.00015115094465380905,0.07436626476967405,yolo11m.pt,28,10,65W
yolo11m_b28_e1_run1_20250727-205728.json,2025-07-27T20:57:28+08:00,CN,1.1255032789761506e-05,0.005537476132562661,yolo11m.pt,28,1,115W
yolo11m_b28_e1_run1_20250730-011809.json,2025-07-30T01:18:09+08:00,CN,1.0800674888250035e-05,0.0053139320450190175,yolo11m.pt,28,1,65W
yolo11m_b28_e20_run1_20250727-222945.json,2025-07-27T22:29:45+08:00,CN,0.00040574784806168775,0.19962794124635036,yolo11m.pt,28,20,115W
yolo11m_b28_e20_run1_20250730-030911.json,2025-07-30T03:09:11+08:00,CN,0.00034311484873215275,0.16881250557621916,yolo11m.pt,28,20,65W
yolo11m_b28_e5_run1_20250727-211622.json,2025-07-27T21:16:22+08:00,CN,7.82953525966226e-05,0.03852131347753832,yolo11m.pt,28,5,115W
yolo11m_b28_e5_run1_20250730-014128.json,2025-07-30T01:41:28+08:00,CN,7.088512518220118e-05,0.03487548158964298,yolo11m.pt,28,5,65W
yolo11m_b29_e10_run1_20250727-214615.json,2025-07-27T21:46:15+08:00,CN,0.00016878173103076984,0.08304061166713876,yolo11m.pt,29,10,115W
yolo11m_b29_e10_run1_20250730-021642.json,2025-07-30T02:16:42+08:00,CN,0.00015451632737774234,0.07602203306984923,yolo11m.pt,29,10,65W
yolo11m_b29_e1_run1_20250727-205757.json,2025-07-27T20:57:57+08:00,CN,1.1700794656772891e-05,0.005756790971132263,yolo11m.pt,29,1,115W
yolo11m_b29_e1_run1_20250730-011846.json,2025-07-30T01:18:46+08:00,CN,1.1320050658181819e-05,0.005569464923825455,yolo11m.pt,29,1,65W
yolo11m_b29_e20_run1_20250727-223119.json,2025-07-27T22:31:19+08:00,CN,0.0004095639287912729,0.20150545296530625,yolo11m.pt,29,20,115W
yolo11m_b29_e20_run1_20250730-031104.json,2025-07-30T03:11:04+08:00,CN,0.0003504193599181939,0.1724063250797514,yolo11m.pt,29,20,65W
yolo11m_b29_e5_run1_20250727-211703.json,2025-07-27T21:17:03+08:00,CN,8.114108914575033e-05,0.03992141585970916,yolo11m.pt,29,5,115W
yolo11m_b29_e5_run1_20250730-014218.json,2025-07-30T01:42:18+08:00,CN,7.008220233931048e-05,0.03448044355094076,yolo11m.pt,29,5,65W
yolo11m_b2_e10_run1_20250727-211958.json,2025-07-27T21:19:58+08:00,CN,0.00044345771816198346,0.21818119733569585,yolo11m.pt,2,10,115W
yolo11m_b2_e10_run1_20250730-014546.json,2025-07-30T01:45:46+08:00,CN,0.0004379383892180008,0.21546568749525638,yolo11m.pt,2,10,65W
yolo11m_b2_e1_run1_20250727-204537.json,2025-07-27T20:45:37+08:00,CN,3.0124624372903784e-05,0.014821315191468662,yolo11m.pt,2,1,115W
yolo11m_b2_e1_run1_20250730-010311.json,2025-07-30T01:03:11+08:00,CN,3.603252297505966e-05,0.01772800130372935,yolo11m.pt,2,1,65W
yolo11m_b2_e20_run1_20250727-215059.json,2025-07-27T21:50:59+08:00,CN,0.000983637543877394,0.4839496715876778,yolo11m.pt,2,20,115W
yolo11m_b2_e20_run1_20250730-022220.json,2025-07-30T02:22:20+08:00,CN,0.0009543003229300052,0.46951575888156255,yolo11m.pt,2,20,65W
yolo11m_b2_e5_run1_20250727-205951.json,2025-07-27T20:59:51+08:00,CN,0.00019849544988741972,0.0976597613446105,yolo11m.pt,2,5,115W
yolo11m_b2_e5_run1_20250730-012108.json,2025-07-30T01:21:08+08:00,CN,0.0002010362061326778,0.09890981341727748,yolo11m.pt,2,5,65W
yolo11m_b30_e10_run1_20250727-214716.json,2025-07-27T21:47:16+08:00,CN,0.00018059770511380405,0.0888540709159916,yolo11m.pt,30,10,115W
yolo11m_b30_e10_run1_20250730-021757.json,2025-07-30T02:17:57+08:00,CN,0.00015584437811986965,0.07667543403497587,yolo11m.pt,30,10,65W
yolo11m_b30_e1_run1_20250727-205826.json,2025-07-27T20:58:26+08:00,CN,1.1712760244532689e-05,0.005762678040310083,yolo11m.pt,30,1,115W
yolo11m_b30_e1_run1_20250730-011923.json,2025-07-30T01:19:23+08:00,CN,1.1216550239144232e-05,0.005518542717658962,yolo11m.pt,30,1,65W
yolo11m_b30_e20_run1_20250727-223252.json,2025-07-27T22:32:52+08:00,CN,0.00041354446554141,0.20346387704637373,yolo11m.pt,30,20,115W
yolo11m_b30_e20_run1_20250730-031255.json,2025-07-30T03:12:55+08:00,CN,0.0003523758597652167,0.1733689230044866,yolo11m.pt,30,20,65W
yolo11m_b30_e5_run1_20250727-211745.json,2025-07-27T21:17:45+08:00,CN,7.851597116659299e-05,0.03862985781396375,yolo11m.pt,30,5,115W
yolo11m_b30_e5_run1_20250730-014307.json,2025-07-30T01:43:07+08:00,CN,7.02216840954856e-05,0.034549068574978914,yolo11m.pt,30,5,65W
yolo11m_b31_e10_run1_20250727-214819.json,2025-07-27T21:48:19+08:00,CN,0.00018470325096568642,0.09087399947511772,yolo11m.pt,31,10,115W
yolo11m_b31_e10_run1_20250730-021917.json,2025-07-30T02:19:17+08:00,CN,0.00016626265867157372,0.08180122806641427,yolo11m.pt,31,10,65W
yolo11m_b31_e1_run1_20250727-205856.json,2025-07-27T20:58:56+08:00,CN,1.1630066755395576e-05,0.005721992843654623,yolo11m.pt,31,1,115W
yolo11m_b31_e1_run1_20250730-012000.json,2025-07-30T01:20:00+08:00,CN,1.1475418431593827e-05,0.005645905868344163,yolo11m.pt,31,1,65W
yolo11m_b31_e20_run1_20250727-223425.json,2025-07-27T22:34:25+08:00,CN,0.000411983072045281,0.20269567144627826,yolo11m.pt,31,20,115W
yolo11m_b31_e20_run1_20250730-031449.json,2025-07-30T03:14:49+08:00,CN,0.00036028987129164237,0.17726261667548804,yolo11m.pt,31,20,65W
yolo11m_b31_e5_run1_20250727-211825.json,2025-07-27T21:18:25+08:00,CN,8.137938685460734e-05,0.040038658332466816,yolo11m.pt,31,5,115W
yolo11m_b31_e5_run1_20250730-014358.json,2025-07-30T01:43:58+08:00,CN,7.515953386033677e-05,0.03697849065928569,yolo11m.pt,31,5,65W
yolo11m_b32_e10_run1_20250726-153942.json,2025-07-26T15:39:42+08:00,CN,0.0002070333554026729,0.10186041085811506,yolo11m.pt,32,10,115W
yolo11m_b32_e10_run1_20250726-161104.json,2025-07-26T16:11:04+08:00,CN,0.00017536033685536877,0.08627728573284144,yolo11m.pt,32,10,115W
yolo11m_b32_e10_run1_20250726-165744.json,2025-07-26T16:57:44+08:00,CN,0.0001566779652462298,0.07708555890114506,yolo11m.pt,32,10,65W
yolo11m_b32_e10_run1_20250727-123419.json,2025-07-27T12:34:19+08:00,CN,0.00021771182695081348,0.10711421885980023,yolo11m.pt,32,10,115W
yolo11m_b32_e10_run1_20250727-142735.json,2025-07-27T14:27:35+08:00,CN,0.00015759903197868114,0.07753872373351112,yolo11m.pt,32,10,65W
yolo11m_b32_e10_run2_20250726-161245.json,2025-07-26T16:12:45+08:00,CN,0.000586356650680905,0.28848747213500525,yolo11m.pt,32,10,115W
yolo11m_b32_e10_run2_20250726-165926.json,2025-07-26T16:59:26+08:00,CN,0.0004937088282677126,0.2429047435077146,yolo11m.pt,32,10,65W
yolo11m_b32_e10_run2_20250727-123601.json,2025-07-27T12:36:01+08:00,CN,0.0006075201746632567,0.2988999259343223,yolo11m.pt,32,10,115W
yolo11m_b32_e10_run2_20250727-142838.json,2025-07-27T14:28:38+08:00,CN,0.00015966398859906716,0.07855468239074104,yolo11m.pt,32,10,65W
yolo11m_b32_e1_run1_20250726-153052.json,2025-07-26T15:30:52+08:00,CN,1.135101742787604e-05,0.005584700574515012,yolo11m.pt,32,1,115W
yolo11m_b32_e1_run1_20250726-164632.json,2025-07-26T16:46:32+08:00,CN,1.1308971167619801e-05,0.005564013814468942,yolo11m.pt,32,1,65W
yolo11m_b32_e1_run1_20250727-121720.json,2025-07-27T12:17:20+08:00,CN,1.0213455221472446e-05,0.005025019968964444,yolo11m.pt,32,1,115W
yolo11m_b32_e1_run1_20250727-140920.json,2025-07-27T14:09:20+08:00,CN,1.1192814191737973e-05,0.005506864582335083,yolo11m.pt,32,1,65W
yolo11m_b32_e1_run2_20250726-153114.json,2025-07-26T15:31:14+08:00,CN,1.0680743651779082e-05,0.0052549258766753084,yolo11m.pt,32,1,115W
yolo11m_b32_e1_run2_20250726-164657.json,2025-07-26T16:46:57+08:00,CN,1.0267266434019195e-05,0.005051495085537444,yolo11m.pt,32,1,65W
yolo11m_b32_e1_run2_20250727-121742.json,2025-07-27T12:17:42+08:00,CN,1.0403499922372788e-05,0.0051185219618074115,yolo11m.pt,32,1,115W
yolo11m_b32_e1_run2_20250727-140945.json,2025-07-27T14:09:45+08:00,CN,1.0156115441513178e-05,0.004996808797224484,yolo11m.pt,32,1,65W
yolo11m_b32_e20_run1_20250727-125201.json,2025-07-27T12:52:01+08:00,CN,0.00041106147174340763,0.20224224409775654,yolo11m.pt,32,20,115W
yolo11m_b32_e20_run1_20250727-144641.json,2025-07-27T14:46:41+08:00,CN,0.00035902164296214604,0.17663864833737586,yolo11m.pt,32,20,65W
yolo11m_b32_e20_run2_20250727-125356.json,2025-07-27T12:53:56+08:00,CN,0.0006857682963450746,0.3373980018017767,yolo11m.pt,32,20,115W
yolo11m_b32_e20_run2_20250727-144820.json,2025-07-27T14:48:20+08:00,CN,0.000362957894718319,0.17857528420141294,yolo11m.pt,32,20,65W
yolo11m_b32_e5_run1_20250727-122344.json,2025-07-27T12:23:44+08:00,CN,0.00010386238928487158,0.051100295528156814,yolo11m.pt,32,5,115W
yolo11m_b32_e5_run1_20250727-141616.json,2025-07-27T14:16:16+08:00,CN,7.06554185996768e-05,0.03476246595104099,yolo11m.pt,32,5,65W
yolo11m_b32_e5_run2_20250727-122442.json,2025-07-27T12:24:42+08:00,CN,0.0002781674206860278,0.13685837097752568,yolo11m.pt,32,5,115W
yolo11m_b32_e5_run2_20250727-141654.json,2025-07-27T14:16:54+08:00,CN,7.248970445639882e-05,0.03566493459254822,yolo11m.pt,32,5,65W
yolo11m_b3_e10_run1_20250727-212117.json,2025-07-27T21:21:17+08:00,CN,0.00032318917373101713,0.15900907347566043,yolo11m.pt,3,10,115W
yolo11m_b3_e10_run1_20250730-014718.json,2025-07-30T01:47:18+08:00,CN,0.00029483318494757135,0.1450579269942051,yolo11m.pt,3,10,65W
yolo11m_b3_e1_run1_20250727-204608.json,2025-07-27T20:46:08+08:00,CN,2.151287932210318e-05,0.010584336626474764,yolo11m.pt,3,1,115W
yolo11m_b3_e1_run1_20250730-010350.json,2025-07-30T01:03:50+08:00,CN,2.2904293062881654e-05,0.011268912186937773,yolo11m.pt,3,1,65W
yolo11m_b3_e20_run1_20250727-215307.json,2025-07-27T21:53:07+08:00,CN,0.0007403539485013835,0.3642541426626807,yolo11m.pt,3,20,115W
yolo11m_b3_e20_run1_20250730-022447.json,2025-07-30T02:24:47+08:00,CN,0.0006702213427806385,0.32974890064807416,yolo11m.pt,3,20,65W
yolo11m_b3_e5_run1_20250727-210039.json,2025-07-27T21:00:39+08:00,CN,0.0001422069252306871,0.06996580721349806,yolo11m.pt,3,5,115W
yolo11m_b3_e5_run1_20250730-012206.json,2025-07-30T01:22:06+08:00,CN,0.00014216340276416387,0.06994439415996863,yolo11m.pt,3,5,65W
yolo11m_b4_e10_run1_20250727-212226.json,2025-07-27T21:22:26+08:00,CN,0.00026678792695637184,0.13125966006253495,yolo11m.pt,4,10,115W
yolo11m_b4_e10_run1_20250730-014840.json,2025-07-30T01:48:40+08:00,CN,0.00023666645195008772,0.11643989435944316,yolo11m.pt,4,10,65W
yolo11m_b4_e1_run1_20250727-204638.json,2025-07-27T20:46:38+08:00,CN,1.7213738422047652e-05,0.008469159303647444,yolo11m.pt,4,1,115W
yolo11m_b4_e1_run1_20250730-010427.json,2025-07-30T01:04:27+08:00,CN,1.7747336467322467e-05,0.008731689541922653,yolo11m.pt,4,1,65W
yolo11m_b4_e20_run1_20250727-215504.json,2025-07-27T21:55:04+08:00,CN,0.0006351980008856366,0.3125174164357332,yolo11m.pt,4,20,115W
yolo11m_b4_e20_run1_20250730-022700.json,2025-07-30T02:27:00+08:00,CN,0.0005456565871575031,0.26846304088149153,yolo11m.pt,4,20,65W
yolo11m_b4_e5_run1_20250727-210122.json,2025-07-27T21:01:22+08:00,CN,0.00011583922765531585,0.056992900006415395,yolo11m.pt,4,5,115W
yolo11m_b4_e5_run1_20250730-012301.json,2025-07-30T01:23:01+08:00,CN,0.00010792632963057315,0.05309975417824199,yolo11m.pt,4,5,65W
yolo11m_b5_e10_run1_20250727-212336.json,2025-07-27T21:23:36+08:00,CN,0.00023927102736276737,0.11772134546248154,yolo11m.pt,5,10,115W
yolo11m_b5_e10_run1_20250730-014959.json,2025-07-30T01:49:59+08:00,CN,0.00020526605148982614,0.10099089733299446,yolo11m.pt,5,10,65W
yolo11m_b5_e1_run1_20250727-204708.json,2025-07-27T20:47:08+08:00,CN,1.7326739443472564e-05,0.008524755806188502,yolo11m.pt,5,1,115W
yolo11m_b5_e1_run1_20250730-010506.json,2025-07-30T01:05:06+08:00,CN,1.779542917595616e-05,0.00875535115457043,yolo11m.pt,5,1,65W
yolo11m_b5_e20_run1_20250727-215651.json,2025-07-27T21:56:51+08:00,CN,0.0005724264929229766,0.28163383451810453,yolo11m.pt,5,20,115W
yolo11m_b5_e20_run1_20250730-022903.json,2025-07-30T02:29:03+08:00,CN,0.000472386026097543,0.23241392483999115,yolo11m.pt,5,20,65W
yolo11m_b5_e5_run1_20250727-210204.json,2025-07-27T21:02:04+08:00,CN,0.00010337750974895062,0.050861734796483704,yolo11m.pt,5,5,115W
yolo11m_b5_e5_run1_20250730-012353.json,2025-07-30T01:23:53+08:00,CN,9.344215185387684e-05,0.0459735387121074,yolo11m.pt,5,5,65W
yolo11m_b6_e10_run1_20250727-212440.json,2025-07-27T21:24:40+08:00,CN,0.00021619436242512082,0.10636762631315945,yolo11m.pt,6,10,115W
yolo11m_b6_e10_run1_20250730-015115.json,2025-07-30T01:51:15+08:00,CN,0.00019286288494871102,0.09488853939476583,yolo11m.pt,6,10,65W
yolo11m_b6_e1_run1_20250727-204738.json,2025-07-27T20:47:38+08:00,CN,1.5152961969380247e-05,0.0074552572889350814,yolo11m.pt,6,1,115W
yolo11m_b6_e1_run1_20250730-010545.json,2025-07-30T01:05:45+08:00,CN,1.6312025935810586e-05,0.008025516760418808,yolo11m.pt,6,1,65W
yolo11m_b6_e20_run1_20250727-215832.json,2025-07-27T21:58:32+08:00,CN,0.0005139113374355381,0.25284437801828474,yolo11m.pt,6,20,115W
yolo11m_b6_e20_run1_20250730-023103.json,2025-07-30T02:31:03+08:00,CN,0.00043702496650212334,0.21501628351904467,yolo11m.pt,6,20,65W
yolo11m_b6_e5_run1_20250727-210247.json,2025-07-27T21:02:47+08:00,CN,0.0001011440227532628,0.0497628591946053,yolo11m.pt,6,5,115W
yolo11m_b6_e5_run1_20250730-012444.json,2025-07-30T01:24:44+08:00,CN,8.760741075071247e-05,0.043102846089350534,yolo11m.pt,6,5,65W
yolo11m_b7_e10_run1_20250727-212542.json,2025-07-27T21:25:42+08:00,CN,0.00020552156712233562,0.10111661102418913,yolo11m.pt,7,10,115W
yolo11m_b7_e10_run1_20250730-015231.json,2025-07-30T01:52:31+08:00,CN,0.00018391197784116224,0.09048469309785183,yolo11m.pt,7,10,65W
yolo11m_b7_e1_run1_20250727-204808.json,2025-07-27T20:48:08+08:00,CN,1.4514426904213249e-05,0.007141098036872918,yolo11m.pt,7,1,115W
yolo11m_b7_e1_run1_20250730-010622.json,2025-07-30T01:06:22+08:00,CN,1.5937378686273423e-05,0.007841190313646525,yolo11m.pt,7,1,65W
yolo11m_b7_e20_run1_20250727-220013.json,2025-07-27T22:00:13+08:00,CN,0.0004970368990234376,0.2445421543195313,yolo11m.pt,7,20,115W
yolo11m_b7_e20_run1_20250730-023335.json,2025-07-30T02:33:35+08:00,CN,0.0003630493043115386,0.178620257721277,yolo11m.pt,7,20,65W
yolo11m_b7_e5_run1_20250727-210329.json,2025-07-27T21:03:29+08:00,CN,9.441984341345077e-05,0.04645456295941778,yolo11m.pt,7,5,115W
yolo11m_b7_e5_run1_20250730-012534.json,2025-07-30T01:25:34+08:00,CN,8.7388586016141e-05,0.04299518431994138,yolo11m.pt,7,5,65W
yolo11m_b8_e10_run1_20250726-160712.json,2025-07-26T16:07:12+08:00,CN,0.00018711130614391586,0.0920587626228066,yolo11m.pt,8,10,115W
yolo11m_b8_e10_run1_20250726-165319.json,2025-07-26T16:53:19+08:00,CN,0.0001779668542019844,0.08755969226737632,yolo11m.pt,8,10,65W
yolo11m_b8_e10_run1_20250727-123026.json,2025-07-27T12:30:26+08:00,CN,0.0001951474642515854,0.09601255241178001,yolo11m.pt,8,10,115W
yolo11m_b8_e10_run1_20250727-142312.json,2025-07-27T14:23:12+08:00,CN,0.00017216995638237343,0.08470761854012773,yolo11m.pt,8,10,65W
yolo11m_b8_e10_run2_20250726-160805.json,2025-07-26T16:08:05+08:00,CN,0.00019761032860290628,0.09722428167262989,yolo11m.pt,8,10,115W
yolo11m_b8_e10_run2_20250726-165422.json,2025-07-26T16:54:22+08:00,CN,0.00017518082013097142,0.08618896350443794,yolo11m.pt,8,10,65W
yolo11m_b8_e10_run2_20250727-123120.json,2025-07-27T12:31:20+08:00,CN,0.0001949939616704755,0.09593702914187395,yolo11m.pt,8,10,115W
yolo11m_b8_e10_run2_20250727-142413.json,2025-07-27T14:24:13+08:00,CN,0.00017897257719690058,0.08805450798087508,yolo11m.pt,8,10,65W
yolo11m_b8_e1_run1_20250726-152907.json,2025-07-26T15:29:07+08:00,CN,1.4464917181949829e-05,0.007116739253519315,yolo11m.pt,8,1,115W
yolo11m_b8_e1_run1_20250726-164430.json,2025-07-26T16:44:30+08:00,CN,1.471787810188597e-05,0.007241196026127897,yolo11m.pt,8,1,65W
yolo11m_b8_e1_run1_20250727-121534.json,2025-07-27T12:15:34+08:00,CN,1.3984718976608372e-05,0.006880481736491319,yolo11m.pt,8,1,115W
yolo11m_b8_e1_run1_20250727-140721.json,2025-07-27T14:07:21+08:00,CN,1.4503285174104584e-05,0.007135616305659455,yolo11m.pt,8,1,65W
yolo11m_b8_e1_run2_20250726-152930.json,2025-07-26T15:29:30+08:00,CN,1.3046037383679482e-05,0.0064186503927703056,yolo11m.pt,8,1,115W
yolo11m_b8_e1_run2_20250726-164456.json,2025-07-26T16:44:56+08:00,CN,1.3119350798480814e-05,0.00645472059285256,yolo11m.pt,8,1,65W
yolo11m_b8_e1_run2_20250727-121558.json,2025-07-27T12:15:58+08:00,CN,1.2569459254613234e-05,0.006184173953269711,yolo11m.pt,8,1,115W
yolo11m_b8_e1_run2_20250727-140747.json,2025-07-27T14:07:47+08:00,CN,1.352853735353608e-05,0.006656040377939752,yolo11m.pt,8,1,65W
yolo11m_b8_e20_run1_20250727-124602.json,2025-07-27T12:46:02+08:00,CN,0.0004538058088148306,0.22327245793689665,yolo11m.pt,8,20,115W
yolo11m_b8_e20_run1_20250727-143948.json,2025-07-27T14:39:48+08:00,CN,0.00038801798816744825,0.19090485017838454,yolo11m.pt,8,20,65W
yolo11m_b8_e20_run2_20250727-124731.json,2025-07-27T12:47:31+08:00,CN,0.0004554617112786788,0.22408716194910996,yolo11m.pt,8,20,115W
yolo11m_b8_e20_run2_20250727-144128.json,2025-07-27T14:41:28+08:00,CN,0.0003988229828858498,0.19622090757983812,yolo11m.pt,8,20,65W
yolo11m_b8_e5_run1_20250727-122106.json,2025-07-27T12:21:06+08:00,CN,8.999959628779333e-05,0.044279801373594316,yolo11m.pt,8,5,115W
yolo11m_b8_e5_run1_20250727-141326.json,2025-07-27T14:13:26+08:00,CN,8.199583511526752e-05,0.04034195087671162,yolo11m.pt,8,5,65W
yolo11m_b8_e5_run2_20250727-122141.json,2025-07-27T12:21:41+08:00,CN,9.267811091883622e-05,0.04559763057206742,yolo11m.pt,8,5,115W
yolo11m_b8_e5_run2_20250727-141405.json,2025-07-27T14:14:05+08:00,CN,8.334251059990524e-05,0.04100451521515338,yolo11m.pt,8,5,65W
yolo11m_b9_e10_run1_20250727-212644.json,2025-07-27T21:26:44+08:00,CN,0.0002012036431519312,0.09899219243075015,yolo11m.pt,9,10,115W
yolo11m_b9_e10_run1_20250730-015348.json,2025-07-30T01:53:48+08:00,CN,0.00017951428444315894,0.0883210279460342,yolo11m.pt,9,10,65W
yolo11m_b9_e1_run1_20250727-204837.json,2025-07-27T20:48:37+08:00,CN,1.3884480287841066e-05,0.006831164301617804,yolo11m.pt,9,1,115W
yolo11m_b9_e1_run1_20250730-010700.json,2025-07-30T01:07:00+08:00,CN,1.4476127081959917e-05,0.007122254524324279,yolo11m.pt,9,1,65W
yolo11m_b9_e20_run1_20250727-220149.json,2025-07-27T22:01:49+08:00,CN,0.00046474049632575166,0.2286523241922698,yolo11m.pt,9,20,115W
yolo11m_b9_e20_run1_20250730-023531.json,2025-07-30T02:35:31+08:00,CN,0.00038569064077985875,0.1897597952636905,yolo11m.pt,9,20,65W
yolo11m_b9_e5_run1_20250727-210410.json,2025-07-27T21:04:10+08:00,CN,9.094921403233425e-05,0.044747013303908456,yolo11m.pt,9,5,115W
yolo11m_b9_e5_run1_20250730-012625.json,2025-07-30T01:26:25+08:00,CN,8.195316928848146e-05,0.04032095928993288,yolo11m.pt,9,5,65W
yolo11n_b10_e10_run1_20250727-230900.json,2025-07-27T23:09:00+08:00,CN,6.792813634070879e-05,0.03342064307962872,yolo11n.pt,10,10,115W
yolo11n_b10_e10_run1_20250730-035629.json,2025-07-30T03:56:29+08:00,CN,6.231456902730569e-05,0.0306587679614344,yolo11n.pt,10,10,65W
yolo11n_b10_e1_run1_20250727-223719.json,2025-07-27T22:37:19+08:00,CN,6.965508674794199e-06,0.0034270302679987458,yolo11n.pt,10,1,115W
yolo11n_b10_e1_run1_20250730-031818.json,2025-07-30T03:18:18+08:00,CN,7.551129235605659e-06,0.003715155583917984,yolo11n.pt,10,1,65W
yolo11n_b10_e20_run1_20250727-233401.json,2025-07-27T23:34:01+08:00,CN,0.0001593668617489318,0.07840849598047445,yolo11n.pt,10,20,115W
yolo11n_b10_e20_run1_20250730-053406.json,2025-07-30T05:34:06+08:00,CN,0.000137349608915056,0.06757600758620756,yolo11n.pt,10,20,65W
yolo11n_b10_e5_run1_20250727-225123.json,2025-07-27T22:51:23+08:00,CN,3.445711910680538e-05,0.016952902600548245,yolo11n.pt,10,5,115W
yolo11n_b10_e5_run1_20250730-033519.json,2025-07-30T03:35:19+08:00,CN,3.125713645380676e-05,0.015378511135272926,yolo11n.pt,10,5,65W
yolo11n_b11_e10_run1_20250727-230944.json,2025-07-27T23:09:44+08:00,CN,6.416707267202562e-05,0.0315701997546366,yolo11n.pt,11,10,115W
yolo11n_b11_e10_run1_20250730-035721.json,2025-07-30T03:57:21+08:00,CN,5.784356013847676e-05,0.028459031588130568,yolo11n.pt,11,10,65W
yolo11n_b11_e1_run1_20250727-223747.json,2025-07-27T22:37:47+08:00,CN,6.675958178157834e-06,0.0032845714236536543,yolo11n.pt,11,1,115W
yolo11n_b11_e1_run1_20250730-031852.json,2025-07-30T03:18:52+08:00,CN,7.148639214640986e-06,0.003517130493603365,yolo11n.pt,11,1,65W
yolo11n_b11_e20_run1_20250727-233503.json,2025-07-27T23:35:03+08:00,CN,0.00015265088636909043,0.07510423609359249,yolo11n.pt,11,20,115W
yolo11n_b11_e20_run1_20250730-053518.json,2025-07-30T05:35:18+08:00,CN,0.00013116523388458123,0.06453329507121397,yolo11n.pt,11,20,65W
yolo11n_b11_e5_run1_20250727-225154.json,2025-07-27T22:51:54+08:00,CN,3.051552666879704e-05,0.015013639121048144,yolo11n.pt,11,5,115W
yolo11n_b11_e5_run1_20250730-033557.json,2025-07-30T03:35:57+08:00,CN,2.9600051304627174e-05,0.01456322524187657,yolo11n.pt,11,5,65W
yolo11n_b12_e10_run1_20250727-231027.json,2025-07-27T23:10:27+08:00,CN,5.878811938242079e-05,0.02892375473615103,yolo11n.pt,12,10,115W
yolo11n_b12_e10_run1_20250730-035814.json,2025-07-30T03:58:14+08:00,CN,5.649720070987637e-05,0.027796622749259176,yolo11n.pt,12,10,65W
yolo11n_b12_e1_run1_20250727-223814.json,2025-07-27T22:38:14+08:00,CN,6.516779427684308e-06,0.0032062554784206792,yolo11n.pt,12,1,115W
yolo11n_b12_e1_run1_20250730-031926.json,2025-07-30T03:19:26+08:00,CN,6.800928920991441e-06,0.003346057029127789,yolo11n.pt,12,1,65W
yolo11n_b12_e20_run1_20250727-233604.json,2025-07-27T23:36:04+08:00,CN,0.0001456789209702436,0.07167402911735986,yolo11n.pt,12,20,115W
yolo11n_b12_e20_run1_20250730-053629.json,2025-07-30T05:36:29+08:00,CN,0.00012524296438716053,0.061619538478482984,yolo11n.pt,12,20,65W
yolo11n_b12_e5_run1_20250727-225226.json,2025-07-27T22:52:26+08:00,CN,2.9407364671158577e-05,0.01446842341821002,yolo11n.pt,12,5,115W
yolo11n_b12_e5_run1_20250730-033635.json,2025-07-30T03:36:35+08:00,CN,2.8455145624053954e-05,0.013999931647034546,yolo11n.pt,12,5,65W
yolo11n_b13_e10_run1_20250727-231110.json,2025-07-27T23:11:10+08:00,CN,5.897571422234763e-05,0.029016051397395035,yolo11n.pt,13,10,115W
yolo11n_b13_e10_run1_20250730-035905.json,2025-07-30T03:59:05+08:00,CN,5.239163827622677e-05,0.02577668603190357,yolo11n.pt,13,10,65W
yolo11n_b13_e1_run1_20250727-223843.json,2025-07-27T22:38:43+08:00,CN,6.53663924079624e-06,0.0032160265064717503,yolo11n.pt,13,1,115W
yolo11n_b13_e1_run1_20250730-031959.json,2025-07-30T03:19:59+08:00,CN,6.256646395291664e-06,0.0030782700264834987,yolo11n.pt,13,1,65W
yolo11n_b13_e20_run1_20250727-233704.json,2025-07-27T23:37:04+08:00,CN,0.0001350367764343657,0.06643809400570792,yolo11n.pt,13,20,115W
yolo11n_b13_e20_run1_20250730-053740.json,2025-07-30T05:37:40+08:00,CN,0.00011901435168542631,0.05855506102922975,yolo11n.pt,13,20,65W
yolo11n_b13_e5_run1_20250727-225257.json,2025-07-27T22:52:57+08:00,CN,2.764706658116671e-05,0.01360235675793402,yolo11n.pt,13,5,115W
yolo11n_b13_e5_run1_20250730-033714.json,2025-07-30T03:37:14+08:00,CN,2.632993186043313e-05,0.0129543264753331,yolo11n.pt,13,5,65W
yolo11n_b14_e10_run1_20250727-231154.json,2025-07-27T23:11:54+08:00,CN,5.9337268211548285e-05,0.029193935960081758,yolo11n.pt,14,10,115W
yolo11n_b14_e10_run1_20250730-035959.json,2025-07-30T03:59:59+08:00,CN,5.42078514260976e-05,0.02667026290164002,yolo11n.pt,14,10,65W
yolo11n_b14_e1_run1_20250727-223910.json,2025-07-27T22:39:10+08:00,CN,6.4429083456355244e-06,0.003169910906052678,yolo11n.pt,14,1,115W
yolo11n_b14_e1_run1_20250730-032033.json,2025-07-30T03:20:33+08:00,CN,6.189959561945714e-06,0.0030454601044772912,yolo11n.pt,14,1,65W
yolo11n_b14_e20_run1_20250727-233802.json,2025-07-27T23:38:02+08:00,CN,0.00013779097583389906,0.06779316011027833,yolo11n.pt,14,20,115W
yolo11n_b14_e20_run1_20250730-053848.json,2025-07-30T05:38:48+08:00,CN,0.000121894008243959,0.05997185205602783,yolo11n.pt,14,20,65W
yolo11n_b14_e5_run1_20250727-225329.json,2025-07-27T22:53:29+08:00,CN,2.8950283056823917e-05,0.014243539263957368,yolo11n.pt,14,5,115W
yolo11n_b14_e5_run1_20250730-033752.json,2025-07-30T03:37:52+08:00,CN,2.739435835363689e-05,0.01347802430998935,yolo11n.pt,14,5,65W
yolo11n_b15_e10_run1_20250727-231236.json,2025-07-27T23:12:36+08:00,CN,5.5152447745516055e-05,0.0271350042907939,yolo11n.pt,15,10,115W
yolo11n_b15_e10_run1_20250730-040050.json,2025-07-30T04:00:50+08:00,CN,4.9704170677398156e-05,0.024454451973279893,yolo11n.pt,15,10,65W
yolo11n_b15_e1_run1_20250727-223937.json,2025-07-27T22:39:37+08:00,CN,6.265461895344241e-06,0.0030826072525093665,yolo11n.pt,15,1,115W
yolo11n_b15_e1_run1_20250730-032106.json,2025-07-30T03:21:06+08:00,CN,5.778384144156299e-06,0.0028429649989248993,yolo11n.pt,15,1,65W
yolo11n_b15_e20_run1_20250727-233902.json,2025-07-27T23:39:02+08:00,CN,0.00013258564589389819,0.0652321377797979,yolo11n.pt,15,20,115W
yolo11n_b15_e20_run1_20250730-053956.json,2025-07-30T05:39:56+08:00,CN,0.00011313086353254524,0.05566038485801226,yolo11n.pt,15,20,65W
yolo11n_b15_e5_run1_20250727-225400.json,2025-07-27T22:54:00+08:00,CN,2.6351677379070697e-05,0.012965025270502783,yolo11n.pt,15,5,115W
yolo11n_b15_e5_run1_20250730-033830.json,2025-07-30T03:38:30+08:00,CN,2.5449052564855724e-05,0.012520933861909016,yolo11n.pt,15,5,65W
yolo11n_b16_e10_run1_20250726-151305.json,2025-07-26T15:13:05+08:00,CN,5.2454779618370366e-05,0.02580775157223822,yolo11n.pt,16,10,115W
yolo11n_b16_e10_run1_20250726-162611.json,2025-07-26T16:26:11+08:00,CN,4.94463929023774e-05,0.024327625307969683,yolo11n.pt,16,10,65W
yolo11n_b16_e10_run1_20250727-112831.json,2025-07-27T11:28:31+08:00,CN,4.955742057720988e-05,0.02438225092398726,yolo11n.pt,16,10,115W
yolo11n_b16_e10_run1_20250727-131444.json,2025-07-27T13:14:44+08:00,CN,4.812877880460312e-05,0.023679359171864735,yolo11n.pt,16,10,65W
yolo11n_b16_e10_run2_20250726-151340.json,2025-07-26T15:13:40+08:00,CN,5.0557856764990155e-05,0.024874465528375155,yolo11n.pt,16,10,115W
yolo11n_b16_e10_run2_20250726-162650.json,2025-07-26T16:26:50+08:00,CN,5.029501946084105e-05,0.024745149574733796,yolo11n.pt,16,10,65W
yolo11n_b16_e10_run2_20250727-112906.json,2025-07-27T11:29:06+08:00,CN,5.341113144859802e-05,0.026278276672710224,yolo11n.pt,16,10,115W
yolo11n_b16_e10_run2_20250727-131523.json,2025-07-27T13:15:23+08:00,CN,4.7942493357763154e-05,0.023587706732019473,yolo11n.pt,16,10,65W
yolo11n_b16_e1_run1_20250726-100441.json,2025-07-26T10:04:41+08:00,CN,5.381130100290439e-06,0.0026475160093428957,yolo11n.pt,16,1,115W
yolo11n_b16_e1_run1_20250726-100956.json,2025-07-26T10:09:56+08:00,CN,5.256099460057866e-06,0.00258600093434847,yolo11n.pt,16,1,65W
yolo11n_b16_e1_run1_20250726-150555.json,2025-07-26T15:05:55+08:00,CN,5.303707917157385e-06,0.0026094242952414332,yolo11n.pt,16,1,115W
yolo11n_b16_e1_run1_20250726-161806.json,2025-07-26T16:18:06+08:00,CN,5.3161226102667886e-06,0.00261553232425126,yolo11n.pt,16,1,65W
yolo11n_b16_e1_run1_20250727-111611.json,2025-07-27T11:16:11+08:00,CN,5.270081674194338e-06,0.0025928801837036145,yolo11n.pt,16,1,115W
yolo11n_b16_e1_run1_20250727-130135.json,2025-07-27T13:01:35+08:00,CN,5.2682886608859736e-06,0.002591998021155899,yolo11n.pt,16,1,65W
yolo11n_b16_e1_run1_20250731-193944.json,2025-07-31T19:39:44+08:00,CN,5.132407322733749e-06,0.0025251444027850046,yolo11n.pt,16,1,115W
yolo11n_b16_e1_run2_20250726-150615.json,2025-07-26T15:06:15+08:00,CN,4.015026637826005e-06,0.0019753931058103945,yolo11n.pt,16,1,115W
yolo11n_b16_e1_run2_20250726-161829.json,2025-07-26T16:18:29+08:00,CN,4.486019673560353e-06,0.0022071216793916938,yolo11n.pt,16,1,65W
yolo11n_b16_e1_run2_20250727-111631.json,2025-07-27T11:16:31+08:00,CN,4.2477049044507876e-06,0.0020898708129897877,yolo11n.pt,16,1,115W
yolo11n_b16_e1_run2_20250727-130158.json,2025-07-27T13:01:58+08:00,CN,4.291422677880516e-06,0.002111379957517214,yolo11n.pt,16,1,65W
yolo11n_b16_e1_run2_20250731-194005.json,2025-07-31T19:40:05+08:00,CN,4.041509023787873e-06,0.0019884224397036334,yolo11n.pt,16,1,115W
yolo11n_b16_e20_run1_20250727-114026.json,2025-07-27T11:40:26+08:00,CN,0.00011968795045197177,0.05888647162237011,yolo11n.pt,16,20,115W
yolo11n_b16_e20_run1_20250727-132801.json,2025-07-27T13:28:01+08:00,CN,0.0001178143698315863,0.05796466995714046,yolo11n.pt,16,20,65W
yolo11n_b16_e20_run2_20250727-114117.json,2025-07-27T11:41:17+08:00,CN,0.00012711219475663028,0.0625391998202621,yolo11n.pt,16,20,115W
yolo11n_b16_e20_run2_20250727-132858.json,2025-07-27T13:28:58+08:00,CN,0.00011988687637344767,0.058984343175736254,yolo11n.pt,16,20,65W
yolo11n_b16_e5_run1_20250727-112107.json,2025-07-27T11:21:07+08:00,CN,2.5076328011960823e-05,0.012337553381884725,yolo11n.pt,16,5,115W
yolo11n_b16_e5_run1_20250727-130637.json,2025-07-27T13:06:37+08:00,CN,2.4372385978784795e-05,0.011991213901562119,yolo11n.pt,16,5,65W
yolo11n_b16_e5_run2_20250727-112131.json,2025-07-27T11:21:31+08:00,CN,2.4206941260159992e-05,0.011909815099998717,yolo11n.pt,16,5,115W
yolo11n_b16_e5_run2_20250727-130705.json,2025-07-27T13:07:05+08:00,CN,2.3843625058791623e-05,0.011731063528925478,yolo11n.pt,16,5,65W
yolo11n_b17_e10_run1_20250727-231318.json,2025-07-27T23:13:18+08:00,CN,5.213945392200442e-05,0.025652611329626172,yolo11n.pt,17,10,115W
yolo11n_b17_e10_run1_20250730-040140.json,2025-07-30T04:01:40+08:00,CN,4.688468850712178e-05,0.023067266745503915,yolo11n.pt,17,10,65W
yolo11n_b17_e1_run1_20250727-224004.json,2025-07-27T22:40:04+08:00,CN,5.899309907147536e-06,0.0029024604743165877,yolo11n.pt,17,1,115W
yolo11n_b17_e1_run1_20250730-032139.json,2025-07-30T03:21:39+08:00,CN,5.689145868142141e-06,0.002799059767125933,yolo11n.pt,17,1,65W
yolo11n_b17_e20_run1_20250727-234000.json,2025-07-27T23:40:00+08:00,CN,0.0001258778105471023,0.06193188278917433,yolo11n.pt,17,20,115W
yolo11n_b17_e20_run1_20250730-054103.json,2025-07-30T05:41:03+08:00,CN,0.00011164645632870333,0.05493005651372204,yolo11n.pt,17,20,65W
yolo11n_b17_e5_run1_20250727-225431.json,2025-07-27T22:54:31+08:00,CN,2.6165800831356288e-05,0.012873574009027293,yolo11n.pt,17,5,115W
yolo11n_b17_e5_run1_20250730-033907.json,2025-07-30T03:39:07+08:00,CN,2.374006073070017e-05,0.011680109879504482,yolo11n.pt,17,5,65W
yolo11n_b18_e10_run1_20250727-231400.json,2025-07-27T23:14:00+08:00,CN,5.4088920754099e-05,0.026611749011016705,yolo11n.pt,18,10,115W
yolo11n_b18_e10_run1_20250730-040231.json,2025-07-30T04:02:31+08:00,CN,4.66602442206245e-05,0.022956840156547254,yolo11n.pt,18,10,65W
yolo11n_b18_e1_run1_20250727-224032.json,2025-07-27T22:40:32+08:00,CN,5.831747718197342e-06,0.002869219877353092,yolo11n.pt,18,1,115W
yolo11n_b18_e1_run1_20250730-032212.json,2025-07-30T03:22:12+08:00,CN,5.915154078579221e-06,0.0029102558066609768,yolo11n.pt,18,1,65W
yolo11n_b18_e20_run1_20250727-234057.json,2025-07-27T23:40:57+08:00,CN,0.00012585409603718843,0.06192021525029671,yolo11n.pt,18,20,115W
yolo11n_b18_e20_run1_20250730-054211.json,2025-07-30T05:42:11+08:00,CN,0.00011458844092920151,0.05637751293716714,yolo11n.pt,18,20,65W
yolo11n_b18_e5_run1_20250727-225502.json,2025-07-27T22:55:02+08:00,CN,2.6993624538295355e-05,0.013280863272841314,yolo11n.pt,18,5,115W
yolo11n_b18_e5_run1_20250730-033944.json,2025-07-30T03:39:44+08:00,CN,2.3250443500210087e-05,0.011439218202103363,yolo11n.pt,18,5,65W
yolo11n_b19_e10_run1_20250727-231443.json,2025-07-27T23:14:43+08:00,CN,5.133345838913174e-05,0.025256061527452814,yolo11n.pt,19,10,115W
yolo11n_b19_e10_run1_20250730-040321.json,2025-07-30T04:03:21+08:00,CN,4.5514492790572574e-05,0.022393130452961707,yolo11n.pt,19,10,65W
yolo11n_b19_e1_run1_20250727-224059.json,2025-07-27T22:40:59+08:00,CN,5.621267683463297e-06,0.002765663700263942,yolo11n.pt,19,1,115W
yolo11n_b19_e1_run1_20250730-032245.json,2025-07-30T03:22:45+08:00,CN,5.274753458275105e-06,0.0025951787014713516,yolo11n.pt,19,1,65W
yolo11n_b19_e20_run1_20250727-234155.json,2025-07-27T23:41:55+08:00,CN,0.00011719601687183654,0.057660440300943576,yolo11n.pt,19,20,115W
yolo11n_b19_e20_run1_20250730-054316.json,2025-07-30T05:43:16+08:00,CN,0.00010349693611586926,0.05092049256900767,yolo11n.pt,19,20,65W
yolo11n_b19_e5_run1_20250727-225532.json,2025-07-27T22:55:32+08:00,CN,2.4354170410995713e-05,0.011982251842209891,yolo11n.pt,19,5,115W
yolo11n_b19_e5_run1_20250730-034022.json,2025-07-30T03:40:22+08:00,CN,2.283062710712791e-05,0.011232668536706932,yolo11n.pt,19,5,65W
yolo11n_b1_e10_run1_20250726-150900.json,2025-07-26T15:09:00+08:00,CN,0.00035377881207593375,0.1740591755413594,yolo11n.pt,1,10,115W
yolo11n_b1_e10_run1_20250726-162137.json,2025-07-26T16:21:37+08:00,CN,0.00041790062449185435,0.20560710724999234,yolo11n.pt,1,10,65W
yolo11n_b1_e10_run1_20250727-112425.json,2025-07-27T11:24:25+08:00,CN,0.0003579854977011737,0.17612886486897744,yolo11n.pt,1,10,115W
yolo11n_b1_e10_run1_20250727-131018.json,2025-07-27T13:10:18+08:00,CN,0.000413271708373499,0.20332968051976152,yolo11n.pt,1,10,65W
yolo11n_b1_e10_run2_20250726-151055.json,2025-07-26T15:10:55+08:00,CN,0.0003691029436624351,0.18159864828191807,yolo11n.pt,1,10,115W
yolo11n_b1_e10_run2_20250726-162347.json,2025-07-26T16:23:47+08:00,CN,0.0004390774268191053,0.2160260939949998,yolo11n.pt,1,10,65W
yolo11n_b1_e10_run2_20250727-112624.json,2025-07-27T11:26:24+08:00,CN,0.000382029297567118,0.18795841440302205,yolo11n.pt,1,10,115W
yolo11n_b1_e10_run2_20250727-131221.json,2025-07-27T13:12:21+08:00,CN,0.00041054343071896703,0.20198736791373179,yolo11n.pt,1,10,65W
yolo11n_b1_e1_run1_20250726-100254.json,2025-07-26T10:02:54+08:00,CN,3.387713350191676e-05,0.016667549682943046,yolo11n.pt,1,1,115W
yolo11n_b1_e1_run1_20250726-100755.json,2025-07-26T10:07:55+08:00,CN,3.274352201479397e-05,0.016109812831278634,yolo11n.pt,1,1,65W
yolo11n_b1_e1_run1_20250726-150412.json,2025-07-26T15:04:12+08:00,CN,3.4511557643522574e-05,0.016979686360613106,yolo11n.pt,1,1,115W
yolo11n_b1_e1_run1_20250726-161610.json,2025-07-26T16:16:10+08:00,CN,3.610012440899618e-05,0.017761261209226123,yolo11n.pt,1,1,65W
yolo11n_b1_e1_run1_20250727-111427.json,2025-07-27T11:14:27+08:00,CN,3.43497625336837e-05,0.016900083166572377,yolo11n.pt,1,1,115W
yolo11n_b1_e1_run1_20250727-125939.json,2025-07-27T12:59:39+08:00,CN,3.2594063618103285e-05,0.016036279300106815,yolo11n.pt,1,1,65W
yolo11n_b1_e1_run1_20250731-193756.json,2025-07-31T19:37:56+08:00,CN,3.315859565701785e-05,0.016314029063252782,yolo11n.pt,1,1,115W
yolo11n_b1_e1_run2_20250726-150439.json,2025-07-26T15:04:39+08:00,CN,3.221991630082672e-05,0.015852198820006748,yolo11n.pt,1,1,115W
yolo11n_b1_e1_run2_20250726-161640.json,2025-07-26T16:16:40+08:00,CN,3.366135022690686e-05,0.016561384311638176,yolo11n.pt,1,1,65W
yolo11n_b1_e1_run2_20250727-111455.json,2025-07-27T11:14:55+08:00,CN,3.153004879115296e-05,0.015512784005247256,yolo11n.pt,1,1,115W
yolo11n_b1_e1_run2_20250727-130010.json,2025-07-27T13:00:10+08:00,CN,3.2945175079902e-05,0.016209026139311786,yolo11n.pt,1,1,65W
yolo11n_b1_e1_run2_20250731-193825.json,2025-07-31T19:38:25+08:00,CN,3.430031496120632e-05,0.016875754960913508,yolo11n.pt,1,1,115W
yolo11n_b1_e20_run1_20250727-113357.json,2025-07-27T11:33:57+08:00,CN,0.0007418952829128466,0.3650124791931205,yolo11n.pt,1,20,115W
yolo11n_b1_e20_run1_20250727-132045.json,2025-07-27T13:20:45+08:00,CN,0.0008835641930592537,0.43471358298515284,yolo11n.pt,1,20,65W
yolo11n_b1_e20_run2_20250727-113724.json,2025-07-27T11:37:24+08:00,CN,0.000741148530351745,0.36464507693305853,yolo11n.pt,1,20,115W
yolo11n_b1_e20_run2_20250727-132433.json,2025-07-27T13:24:33+08:00,CN,0.0008932736437672526,0.43949063273348826,yolo11n.pt,1,20,65W
yolo11n_b1_e5_run1_20250727-111829.json,2025-07-27T11:18:29+08:00,CN,0.00017722523012031623,0.08719481321919559,yolo11n.pt,1,5,115W
yolo11n_b1_e5_run1_20250727-130344.json,2025-07-27T13:03:44+08:00,CN,0.00018415726919358336,0.09060537644324301,yolo11n.pt,1,5,65W
yolo11n_b1_e5_run1_20250731-194205.json,2025-07-31T19:42:05+08:00,CN,0.00017120362608891924,0.08423218403574827,yolo11n.pt,1,5,115W
yolo11n_b1_e5_run2_20250727-111933.json,2025-07-27T11:19:33+08:00,CN,0.00018060520533083743,0.08885776102277201,yolo11n.pt,1,5,115W
yolo11n_b1_e5_run2_20250727-130455.json,2025-07-27T13:04:55+08:00,CN,0.00019538844380855122,0.0961311143538072,yolo11n.pt,1,5,65W
yolo11n_b1_e5_run2_20250731-194308.json,2025-07-31T19:43:08+08:00,CN,0.00017563096558825258,0.08641043506942027,yolo11n.pt,1,5,115W
yolo11n_b20_e10_run1_20250727-231525.json,2025-07-27T23:15:25+08:00,CN,5.136689449463279e-05,0.025272512091359334,yolo11n.pt,20,10,115W
yolo11n_b20_e10_run1_20250730-040412.json,2025-07-30T04:04:12+08:00,CN,4.481387226628391e-05,0.022048425155011684,yolo11n.pt,20,10,65W
yolo11n_b20_e1_run1_20250727-224126.json,2025-07-27T22:41:26+08:00,CN,5.483768556174241e-06,0.0026980141296377266,yolo11n.pt,20,1,115W
yolo11n_b20_e1_run1_20250730-032317.json,2025-07-30T03:23:17+08:00,CN,5.114580883272969e-06,0.0025163737945703007,yolo11n.pt,20,1,65W
yolo11n_b20_e20_run1_20250727-234252.json,2025-07-27T23:42:52+08:00,CN,0.00012238982582218067,0.06021579430451289,yolo11n.pt,20,20,115W
yolo11n_b20_e20_run1_20250730-054422.json,2025-07-30T05:44:22+08:00,CN,0.00010648071082965677,0.05238850972819113,yolo11n.pt,20,20,65W
yolo11n_b20_e5_run1_20250727-225603.json,2025-07-27T22:56:03+08:00,CN,2.443965371553006e-05,0.01202430962804079,yolo11n.pt,20,5,115W
yolo11n_b20_e5_run1_20250730-034059.json,2025-07-30T03:40:59+08:00,CN,2.2009331159070213e-05,0.010828590930262545,yolo11n.pt,20,5,65W
yolo11n_b21_e10_run1_20250727-231607.json,2025-07-27T23:16:07+08:00,CN,5.1514627139122075e-05,0.02534519655244806,yolo11n.pt,21,10,115W
yolo11n_b21_e10_run1_20250730-040503.json,2025-07-30T04:05:03+08:00,CN,4.409515181641324e-05,0.021694814693675315,yolo11n.pt,21,10,65W
yolo11n_b21_e1_run1_20250727-224153.json,2025-07-27T22:41:53+08:00,CN,5.558880772420267e-06,0.002734969340030771,yolo11n.pt,21,1,115W
yolo11n_b21_e1_run1_20250730-032351.json,2025-07-30T03:23:51+08:00,CN,5.236096417651131e-06,0.002576159437484356,yolo11n.pt,21,1,65W
yolo11n_b21_e20_run1_20250727-234349.json,2025-07-27T23:43:49+08:00,CN,0.0001223963690269829,0.06021901356127558,yolo11n.pt,21,20,115W
yolo11n_b21_e20_run1_20250731-215603.json,2025-07-31T21:56:03+08:00,CN,0.00010564627656087259,0.05197796806794931,yolo11n.pt,21,20,65W
yolo11n_b21_e5_run1_20250727-225634.json,2025-07-27T22:56:34+08:00,CN,2.4860571053513503e-05,0.012231400958328644,yolo11n.pt,21,5,115W
yolo11n_b21_e5_run1_20250730-034137.json,2025-07-30T03:41:37+08:00,CN,2.369560072047755e-05,0.011658235554474953,yolo11n.pt,21,5,65W
yolo11n_b22_e10_run1_20250727-231648.json,2025-07-27T23:16:48+08:00,CN,4.894847648171366e-05,0.024082650429003122,yolo11n.pt,22,10,115W
yolo11n_b22_e10_run1_20250730-040552.json,2025-07-30T04:05:52+08:00,CN,4.2061157119023815e-05,0.020694089302559716,yolo11n.pt,22,10,65W
yolo11n_b22_e1_run1_20250727-224220.json,2025-07-27T22:42:20+08:00,CN,5.042349531435803e-06,0.002480835969466415,yolo11n.pt,22,1,115W
yolo11n_b22_e1_run1_20250730-032424.json,2025-07-30T03:24:24+08:00,CN,4.953159284350382e-06,0.002436954367900388,yolo11n.pt,22,1,65W
yolo11n_b22_e20_run1_20250727-234445.json,2025-07-27T23:44:45+08:00,CN,0.00011261945829419895,0.05540877348074588,yolo11n.pt,22,20,115W
yolo11n_b22_e20_run1_20250730-054555.json,2025-07-30T05:45:55+08:00,CN,0.00010140293209500089,0.04989024259074044,yolo11n.pt,22,20,65W
yolo11n_b22_e5_run1_20250727-225704.json,2025-07-27T22:57:04+08:00,CN,2.2881171787437404e-05,0.011257536519419202,yolo11n.pt,22,5,115W
yolo11n_b22_e5_run1_20250730-034214.json,2025-07-30T03:42:14+08:00,CN,2.173181574280162e-05,0.010692053345458398,yolo11n.pt,22,5,65W
yolo11n_b23_e10_run1_20250727-231730.json,2025-07-27T23:17:30+08:00,CN,4.8989967496918045e-05,0.02410306400848368,yolo11n.pt,23,10,115W
yolo11n_b23_e10_run1_20250730-040642.json,2025-07-30T04:06:42+08:00,CN,4.240998764207995e-05,0.020865713919903335,yolo11n.pt,23,10,65W
yolo11n_b23_e1_run1_20250727-224247.json,2025-07-27T22:42:47+08:00,CN,5.40519016528225e-06,0.002659353561318867,yolo11n.pt,23,1,115W
yolo11n_b23_e1_run1_20250730-032457.json,2025-07-30T03:24:57+08:00,CN,5.090921799088141e-06,0.0025047335251513654,yolo11n.pt,23,1,65W
yolo11n_b23_e20_run1_20250727-234541.json,2025-07-27T23:45:41+08:00,CN,0.00011361278453111848,0.05589748998931029,yolo11n.pt,23,20,115W
yolo11n_b23_e20_run1_20250730-054701.json,2025-07-30T05:47:01+08:00,CN,9.99509325198397e-05,0.04917585879976113,yolo11n.pt,23,20,65W
yolo11n_b23_e5_run1_20250727-225735.json,2025-07-27T22:57:35+08:00,CN,2.343267817693802e-05,0.011528877663053506,yolo11n.pt,23,5,115W
yolo11n_b23_e5_run1_20250730-034251.json,2025-07-30T03:42:51+08:00,CN,2.1592646443611358e-05,0.010623582050256788,yolo11n.pt,23,5,65W
yolo11n_b24_e10_run1_20250727-231812.json,2025-07-27T23:18:12+08:00,CN,5.0164491399336976e-05,0.024680929768473792,yolo11n.pt,24,10,115W
yolo11n_b24_e10_run1_20250730-040731.json,2025-07-30T04:07:31+08:00,CN,4.2948124680494745e-05,0.021130477342803416,yolo11n.pt,24,10,65W
yolo11n_b24_e1_run1_20250727-224314.json,2025-07-27T22:43:14+08:00,CN,5.27686849463671e-06,0.0025962192993612613,yolo11n.pt,24,1,115W
yolo11n_b24_e1_run1_20250730-032530.json,2025-07-30T03:25:30+08:00,CN,4.93451432134536e-06,0.002427781046101917,yolo11n.pt,24,1,65W
yolo11n_b24_e20_run1_20250727-234638.json,2025-07-27T23:46:38+08:00,CN,0.00011674898207215746,0.05744049917950147,yolo11n.pt,24,20,115W
yolo11n_b24_e20_run1_20250730-054805.json,2025-07-30T05:48:05+08:00,CN,0.00010177436040135884,0.05007298531746855,yolo11n.pt,24,20,65W
yolo11n_b24_e5_run1_20250727-225806.json,2025-07-27T22:58:06+08:00,CN,2.4259714771893833e-05,0.011935779667771765,yolo11n.pt,24,5,115W
yolo11n_b24_e5_run1_20250730-034328.json,2025-07-30T03:43:28+08:00,CN,2.1684973060852154e-05,0.01066900674593926,yolo11n.pt,24,5,65W
yolo11n_b25_e10_run1_20250727-231855.json,2025-07-27T23:18:55+08:00,CN,5.1831074577109935e-05,0.02550088869193809,yolo11n.pt,25,10,115W
yolo11n_b25_e10_run1_20250730-040821.json,2025-07-30T04:08:21+08:00,CN,4.6861406062425306e-05,0.02305581178271325,yolo11n.pt,25,10,65W
yolo11n_b25_e1_run1_20250727-224342.json,2025-07-27T22:43:42+08:00,CN,5.505701574515985e-06,0.0027088051746618647,yolo11n.pt,25,1,115W
yolo11n_b25_e1_run1_20250730-032603.json,2025-07-30T03:26:03+08:00,CN,5.2704625030363485e-06,0.0025930675514938837,yolo11n.pt,25,1,65W
yolo11n_b25_e20_run1_20250727-234735.json,2025-07-27T23:47:35+08:00,CN,0.00011973643006149542,0.05891032359025575,yolo11n.pt,25,20,115W
yolo11n_b25_e20_run1_20250730-054911.json,2025-07-30T05:49:11+08:00,CN,0.0001040649583693303,0.05119995951771051,yolo11n.pt,25,20,65W
yolo11n_b25_e5_run1_20250727-225837.json,2025-07-27T22:58:37+08:00,CN,2.4898780980026954e-05,0.012250200242173262,yolo11n.pt,25,5,115W
yolo11n_b25_e5_run1_20250730-034405.json,2025-07-30T03:44:05+08:00,CN,2.2124177981795423e-05,0.010885095567043347,yolo11n.pt,25,5,65W
yolo11n_b26_e10_run1_20250727-231936.json,2025-07-27T23:19:36+08:00,CN,4.6367880284190225e-05,0.02281299709982159,yolo11n.pt,26,10,115W
yolo11n_b26_e10_run1_20250730-040911.json,2025-07-30T04:09:11+08:00,CN,3.883567608329648e-05,0.019107152632981867,yolo11n.pt,26,10,65W
yolo11n_b26_e1_run1_20250727-224409.json,2025-07-27T22:44:09+08:00,CN,4.963732203599997e-06,0.0024421562441711985,yolo11n.pt,26,1,115W
yolo11n_b26_e1_run1_20250730-032636.json,2025-07-30T03:26:36+08:00,CN,4.601323757445353e-06,0.0022638512886631137,yolo11n.pt,26,1,65W
yolo11n_b26_e20_run1_20250727-234831.json,2025-07-27T23:48:31+08:00,CN,0.00011011241455420709,0.05417530796066989,yolo11n.pt,26,20,115W
yolo11n_b26_e20_run1_20250730-055016.json,2025-07-30T05:50:16+08:00,CN,9.835634210571835e-05,0.04839132031601343,yolo11n.pt,26,20,65W
yolo11n_b26_e5_run1_20250727-225908.json,2025-07-27T22:59:08+08:00,CN,2.3287190685438647e-05,0.011457297817235814,yolo11n.pt,26,5,115W
yolo11n_b26_e5_run1_20250730-034442.json,2025-07-30T03:44:42+08:00,CN,2.0410812828477732e-05,0.010042119911611044,yolo11n.pt,26,5,65W
yolo11n_b27_e10_run1_20250727-232017.json,2025-07-27T23:20:17+08:00,CN,4.6424460960522866e-05,0.02284083479257725,yolo11n.pt,27,10,115W
yolo11n_b27_e10_run1_20250730-041001.json,2025-07-30T04:10:01+08:00,CN,4.1094175299712846e-05,0.02021833424745872,yolo11n.pt,27,10,65W
yolo11n_b27_e1_run1_20250727-224437.json,2025-07-27T22:44:37+08:00,CN,5.215453569451955e-06,0.0025660031561703617,yolo11n.pt,27,1,115W
yolo11n_b27_e1_run1_20250730-032710.json,2025-07-30T03:27:10+08:00,CN,4.721395341361815e-06,0.002322926507950013,yolo11n.pt,27,1,65W
yolo11n_b27_e20_run1_20250730-055121.json,2025-07-30T05:51:21+08:00,CN,9.712821962722638e-05,0.04778708405659538,yolo11n.pt,27,20,65W
yolo11n_b27_e20_run1_20250731-203935.json,2025-07-31T20:39:35+08:00,CN,0.00010163068097353262,0.05000229503897805,yolo11n.pt,27,20,115W
yolo11n_b27_e5_run1_20250727-225939.json,2025-07-27T22:59:39+08:00,CN,2.3218643302161812e-05,0.011423572504663611,yolo11n.pt,27,5,115W
yolo11n_b27_e5_run1_20250730-034519.json,2025-07-30T03:45:19+08:00,CN,2.026370225660062e-05,0.009969741510247506,yolo11n.pt,27,5,65W
yolo11n_b28_e10_run1_20250727-232058.json,2025-07-27T23:20:58+08:00,CN,4.713996197476083e-05,0.02319286129158233,yolo11n.pt,28,10,115W
yolo11n_b28_e10_run1_20250730-041050.json,2025-07-30T04:10:50+08:00,CN,3.962773039541789e-05,0.019496843354545604,yolo11n.pt,28,10,65W
yolo11n_b28_e1_run1_20250727-224504.json,2025-07-27T22:45:04+08:00,CN,4.870671311184937e-06,0.002396370285102989,yolo11n.pt,28,1,115W
yolo11n_b28_e1_run1_20250730-032742.json,2025-07-30T03:27:42+08:00,CN,4.631569312101972e-06,0.0022787321015541703,yolo11n.pt,28,1,65W
yolo11n_b28_e20_run1_20250727-234937.json,2025-07-27T23:49:37+08:00,CN,0.00010745153001302514,0.05286615276640837,yolo11n.pt,28,20,115W
yolo11n_b28_e20_run1_20250730-055226.json,2025-07-30T05:52:26+08:00,CN,9.635817595191375e-05,0.04740822256834157,yolo11n.pt,28,20,65W
yolo11n_b28_e5_run1_20250727-230010.json,2025-07-27T23:00:10+08:00,CN,2.2495890667050584e-05,0.011067978208188887,yolo11n.pt,28,5,115W
yolo11n_b28_e5_run1_20250730-034556.json,2025-07-30T03:45:56+08:00,CN,1.957595607611595e-05,0.009631370389449048,yolo11n.pt,28,5,65W
yolo11n_b29_e10_run1_20250727-232139.json,2025-07-27T23:21:39+08:00,CN,4.696046361177241e-05,0.023104548096992025,yolo11n.pt,29,10,115W
yolo11n_b29_e10_run1_20250731-215404.json,2025-07-31T21:54:04+08:00,CN,4.298246659515936e-05,0.021147373564818408,yolo11n.pt,29,10,65W
yolo11n_b29_e1_run1_20250727-224531.json,2025-07-27T22:45:31+08:00,CN,4.899175959454796e-06,0.0024103945720517594,yolo11n.pt,29,1,115W
yolo11n_b29_e1_run1_20250730-032815.json,2025-07-30T03:28:15+08:00,CN,4.792674795912844e-06,0.0023579959995891193,yolo11n.pt,29,1,65W
yolo11n_b29_e20_run1_20250727-235033.json,2025-07-27T23:50:33+08:00,CN,0.0001116712070450036,0.05494223386614177,yolo11n.pt,29,20,115W
yolo11n_b29_e20_run1_20250730-055331.json,2025-07-30T05:53:31+08:00,CN,9.888385282420073e-05,0.048650855589506756,yolo11n.pt,29,20,65W
yolo11n_b29_e5_run1_20250727-230041.json,2025-07-27T23:00:41+08:00,CN,2.3193525606393105e-05,0.011411214598345407,yolo11n.pt,29,5,115W
yolo11n_b29_e5_run1_20250730-034634.json,2025-07-30T03:46:34+08:00,CN,2.0157830847872995e-05,0.009917652777153514,yolo11n.pt,29,5,65W
yolo11n_b2_e10_run1_20250727-230258.json,2025-07-27T23:02:58+08:00,CN,0.00019246754053171188,0.09469402994160224,yolo11n.pt,2,10,115W
yolo11n_b2_e10_run1_20250730-034918.json,2025-07-30T03:49:18+08:00,CN,0.0001878610996289323,0.09242766101743469,yolo11n.pt,2,10,65W
yolo11n_b2_e1_run1_20250726-100323.json,2025-07-26T10:03:23+08:00,CN,1.886578245927906e-05,0.009281964969965298,yolo11n.pt,2,1,115W
yolo11n_b2_e1_run1_20250726-100828.json,2025-07-26T10:08:28+08:00,CN,1.903002563768762e-05,0.009362772613742309,yolo11n.pt,2,1,65W
yolo11n_b2_e20_run1_20250727-232507.json,2025-07-27T23:25:07+08:00,CN,0.0003885232521631341,0.191153440064262,yolo11n.pt,2,20,115W
yolo11n_b2_e20_run1_20250730-041503.json,2025-07-30T04:15:03+08:00,CN,0.0004096516678865666,0.20154862060019077,yolo11n.pt,2,20,65W
yolo11n_b2_e5_run1_20250727-224713.json,2025-07-27T22:47:13+08:00,CN,8.980515875302559e-05,0.04418413810648859,yolo11n.pt,2,5,115W
yolo11n_b2_e5_run1_20250730-033016.json,2025-07-30T03:30:16+08:00,CN,8.993613022141557e-05,0.044248576068936465,yolo11n.pt,2,5,65W
yolo11n_b30_e10_run1_20250727-232221.json,2025-07-27T23:22:21+08:00,CN,4.943348430361678e-05,0.024321274277379457,yolo11n.pt,30,10,115W
yolo11n_b30_e10_run1_20250730-041207.json,2025-07-30T04:12:07+08:00,CN,4.0761375644954383e-05,0.02005459681731756,yolo11n.pt,30,10,65W
yolo11n_b30_e1_run1_20250727-224558.json,2025-07-27T22:45:58+08:00,CN,5.019278332057274e-06,0.0024694849393721787,yolo11n.pt,30,1,115W
yolo11n_b30_e1_run1_20250730-032848.json,2025-07-30T03:28:48+08:00,CN,4.7949596822486956e-06,0.0023591201636663584,yolo11n.pt,30,1,65W
yolo11n_b30_e20_run1_20250727-235130.json,2025-07-27T23:51:30+08:00,CN,0.00011580655231418837,0.05697682373858068,yolo11n.pt,30,20,115W
yolo11n_b30_e20_run1_20250730-055437.json,2025-07-30T05:54:37+08:00,CN,0.00010257088037748856,0.05046487314572437,yolo11n.pt,30,20,65W
yolo11n_b30_e5_run1_20250727-230111.json,2025-07-27T23:01:11+08:00,CN,2.271291751184893e-05,0.011174755415829673,yolo11n.pt,30,5,115W
yolo11n_b30_e5_run1_20250730-034710.json,2025-07-30T03:47:10+08:00,CN,2.1309278091440882e-05,0.010484164820988915,yolo11n.pt,30,5,65W
yolo11n_b31_e10_run1_20250727-232303.json,2025-07-27T23:23:03+08:00,CN,4.925889670967306e-05,0.024235377181159146,yolo11n.pt,31,10,115W
yolo11n_b31_e10_run1_20250731-215456.json,2025-07-31T21:54:56+08:00,CN,4.5986544986269766e-05,0.022625380133244725,yolo11n.pt,31,10,65W
yolo11n_b31_e1_run1_20250727-224625.json,2025-07-27T22:46:25+08:00,CN,5.249016102183608e-06,0.002582515922274335,yolo11n.pt,31,1,115W
yolo11n_b31_e1_run1_20250730-032921.json,2025-07-30T03:29:21+08:00,CN,4.699779173810074e-06,0.0023122913535145568,yolo11n.pt,31,1,65W
yolo11n_b31_e20_run1_20250727-235226.json,2025-07-27T23:52:26+08:00,CN,0.00011531873533493569,0.05673681778478836,yolo11n.pt,31,20,115W
yolo11n_b31_e20_run1_20250730-055543.json,2025-07-30T05:55:43+08:00,CN,0.00010480010911993505,0.05156165368700805,yolo11n.pt,31,20,65W
yolo11n_b31_e5_run1_20250727-230141.json,2025-07-27T23:01:41+08:00,CN,2.3292120914467868e-05,0.011459723489918191,yolo11n.pt,31,5,115W
yolo11n_b31_e5_run1_20250730-034747.json,2025-07-30T03:47:47+08:00,CN,2.125597924059011e-05,0.010457941786370334,yolo11n.pt,31,5,65W
yolo11n_b32_e10_run1_20250726-151421.json,2025-07-26T15:14:21+08:00,CN,4.3182773889364966e-05,0.021245924753567562,yolo11n.pt,32,10,115W
yolo11n_b32_e10_run1_20250726-162737.json,2025-07-26T16:27:37+08:00,CN,4.299395789087697e-05,0.02115302728231147,yolo11n.pt,32,10,65W
yolo11n_b32_e10_run1_20250727-112948.json,2025-07-27T11:29:48+08:00,CN,4.345043898746222e-05,0.02137761598183141,yolo11n.pt,32,10,115W
yolo11n_b32_e10_run1_20250727-131609.json,2025-07-27T13:16:09+08:00,CN,4.2361971920084415e-05,0.02084209018468153,yolo11n.pt,32,10,65W
yolo11n_b32_e10_run2_20250726-151455.json,2025-07-26T15:14:55+08:00,CN,4.3685339619209206e-05,0.02149318709265093,yolo11n.pt,32,10,115W
yolo11n_b32_e10_run2_20250726-162815.json,2025-07-26T16:28:15+08:00,CN,4.197427694545389e-05,0.020651344257163314,yolo11n.pt,32,10,65W
yolo11n_b32_e10_run2_20250727-113021.json,2025-07-27T11:30:21+08:00,CN,4.339761763273744e-05,0.02135162787530682,yolo11n.pt,32,10,115W
yolo11n_b32_e10_run2_20250727-131648.json,2025-07-27T13:16:48+08:00,CN,4.245038329194141e-05,0.020885588579635173,yolo11n.pt,32,10,65W
yolo11n_b32_e1_run1_20250726-150642.json,2025-07-26T15:06:42+08:00,CN,4.222146899573545e-06,0.002077296274590184,yolo11n.pt,32,1,115W
yolo11n_b32_e1_run1_20250726-161859.json,2025-07-26T16:18:59+08:00,CN,4.451194340139024e-06,0.0021899876153484,yolo11n.pt,32,1,65W
yolo11n_b32_e1_run1_20250727-111657.json,2025-07-27T11:16:57+08:00,CN,4.173341919527298e-06,0.0020532842244074304,yolo11n.pt,32,1,115W
yolo11n_b32_e1_run1_20250731-194034.json,2025-07-31T19:40:34+08:00,CN,4.645180948324079e-06,0.002285429026575447,yolo11n.pt,32,1,115W
yolo11n_b32_e1_run2_20250726-150701.json,2025-07-26T15:07:01+08:00,CN,3.2068393887553667e-06,0.0015777649792676404,yolo11n.pt,32,1,115W
yolo11n_b32_e1_run2_20250726-161921.json,2025-07-26T16:19:21+08:00,CN,3.2817507823330373e-06,0.0016146213849078544,yolo11n.pt,32,1,65W
yolo11n_b32_e1_run2_20250727-111717.json,2025-07-27T11:17:17+08:00,CN,3.0540363030610757e-06,0.0015025858611060492,yolo11n.pt,32,1,115W
yolo11n_b32_e1_run2_20250731-194055.json,2025-07-31T19:40:55+08:00,CN,3.1076065767229352e-06,0.0015289424357476842,yolo11n.pt,32,1,115W
yolo11n_b32_e20_run1_20250727-114211.json,2025-07-27T11:42:11+08:00,CN,0.00010421037263946688,0.051271503338617706,yolo11n.pt,32,20,115W
yolo11n_b32_e20_run1_20250727-133000.json,2025-07-27T13:30:00+08:00,CN,9.767429061690275e-05,0.04805575098351615,yolo11n.pt,32,20,65W
yolo11n_b32_e20_run2_20250727-114259.json,2025-07-27T11:42:59+08:00,CN,0.00010409515100197115,0.051214814292969806,yolo11n.pt,32,20,115W
yolo11n_b32_e20_run2_20250727-133053.json,2025-07-27T13:30:53+08:00,CN,9.953467938774043e-05,0.04897106225876829,yolo11n.pt,32,20,65W
yolo11n_b32_e5_run1_20250727-112201.json,2025-07-27T11:22:01+08:00,CN,2.022010303518548e-05,0.009948290693311256,yolo11n.pt,32,5,115W
yolo11n_b32_e5_run1_20250727-130739.json,2025-07-27T13:07:39+08:00,CN,1.9650939599932117e-05,0.009668262283166602,yolo11n.pt,32,5,65W
yolo11n_b32_e5_run2_20250727-112224.json,2025-07-27T11:22:24+08:00,CN,1.9006559995578816e-05,0.009351227517824778,yolo11n.pt,32,5,115W
yolo11n_b32_e5_run2_20250727-130804.json,2025-07-27T13:08:04+08:00,CN,1.8270835232799674e-05,0.00898925093453744,yolo11n.pt,32,5,65W
yolo11n_b3_e10_run1_20250727-230401.json,2025-07-27T23:04:01+08:00,CN,0.00014085894742916854,0.06930260213515092,yolo11n.pt,3,10,115W
yolo11n_b3_e10_run1_20250730-035035.json,2025-07-30T03:50:35+08:00,CN,0.00013846683587864024,0.068125683252291,yolo11n.pt,3,10,65W
yolo11n_b3_e1_run1_20250727-223456.json,2025-07-27T22:34:56+08:00,CN,1.5691165111366307e-05,0.007720053234792223,yolo11n.pt,3,1,115W
yolo11n_b3_e1_run1_20250730-031526.json,2025-07-30T03:15:26+08:00,CN,1.635836873969774e-05,0.008048317419931289,yolo11n.pt,3,1,65W
yolo11n_b3_e20_run1_20250727-232646.json,2025-07-27T23:26:46+08:00,CN,0.0002996081651163154,0.1474072172372272,yolo11n.pt,3,20,115W
yolo11n_b3_e20_run1_20250730-041659.json,2025-07-30T04:16:59+08:00,CN,0.00028507038850585206,0.1402546311448792,yolo11n.pt,3,20,65W
yolo11n_b3_e5_run1_20250727-224755.json,2025-07-27T22:47:55+08:00,CN,6.700751821893192e-05,0.03296769896371451,yolo11n.pt,3,5,115W
yolo11n_b3_e5_run1_20250730-033107.json,2025-07-30T03:31:07+08:00,CN,6.72696805169075e-05,0.03309668281431849,yolo11n.pt,3,5,65W
yolo11n_b4_e10_run1_20250727-230457.json,2025-07-27T23:04:57+08:00,CN,0.00011753190841237229,0.057825698938887164,yolo11n.pt,4,10,115W
yolo11n_b4_e10_run1_20250730-035142.json,2025-07-30T03:51:42+08:00,CN,0.0001035781094908222,0.05096042986948452,yolo11n.pt,4,10,65W
yolo11n_b4_e1_run1_20250726-100350.json,2025-07-26T10:03:50+08:00,CN,1.090656183801798e-05,0.005366028424304847,yolo11n.pt,4,1,115W
yolo11n_b4_e1_run1_20250726-100858.json,2025-07-26T10:08:58+08:00,CN,1.046110148996604e-05,0.0051468619330632915,yolo11n.pt,4,1,65W
yolo11n_b4_e20_run1_20250727-232812.json,2025-07-27T23:28:12+08:00,CN,0.0002476337986249608,0.12183582892348072,yolo11n.pt,4,20,115W
yolo11n_b4_e20_run1_20250730-041840.json,2025-07-30T04:18:40+08:00,CN,0.0002256935817446302,0.11104124221835807,yolo11n.pt,4,20,65W
yolo11n_b4_e5_run1_20250727-224832.json,2025-07-27T22:48:32+08:00,CN,5.411567014835111e-05,0.026624909712988747,yolo11n.pt,4,5,115W
yolo11n_b4_e5_run1_20250730-033152.json,2025-07-30T03:31:52+08:00,CN,4.943340277459011e-05,0.02432123416509833,yolo11n.pt,4,5,65W
yolo11n_b5_e10_run1_20250727-230549.json,2025-07-27T23:05:49+08:00,CN,0.00010606833055085375,0.052185618631020045,yolo11n.pt,5,10,115W
yolo11n_b5_e10_run1_20250730-035243.json,2025-07-30T03:52:43+08:00,CN,9.286222591188714e-05,0.04568821514864847,yolo11n.pt,5,10,65W
yolo11n_b5_e1_run1_20250727-223525.json,2025-07-27T22:35:25+08:00,CN,1.0740216077553139e-05,0.0052841863101561444,yolo11n.pt,5,1,115W
yolo11n_b5_e1_run1_20250730-031601.json,2025-07-30T03:16:01+08:00,CN,1.0766237380714345e-05,0.005296988791311458,yolo11n.pt,5,1,65W
yolo11n_b5_e20_run1_20250727-232929.json,2025-07-27T23:29:29+08:00,CN,0.00024402849379041007,0.12006201894488175,yolo11n.pt,5,20,115W
yolo11n_b5_e20_run1_20250730-052856.json,2025-07-30T05:28:56+08:00,CN,0.023663590435777156,11.64248649440236,yolo11n.pt,5,20,65W
yolo11n_b5_e5_run1_20250727-224908.json,2025-07-27T22:49:08+08:00,CN,4.9339487369208314e-05,0.02427502778565049,yolo11n.pt,5,5,115W
yolo11n_b5_e5_run1_20250730-033236.json,2025-07-30T03:32:36+08:00,CN,4.3991339203578406e-05,0.021643738888160576,yolo11n.pt,5,5,65W
yolo11n_b6_e10_run1_20250727-230640.json,2025-07-27T23:06:40+08:00,CN,9.809621296162237e-05,0.04826333677711821,yolo11n.pt,6,10,115W
yolo11n_b6_e10_run1_20250730-035343.json,2025-07-30T03:53:43+08:00,CN,8.586784334372525e-05,0.042246978925112824,yolo11n.pt,6,10,65W
yolo11n_b6_e1_run1_20250727-223554.json,2025-07-27T22:35:54+08:00,CN,9.608955430056562e-06,0.004727606071587828,yolo11n.pt,6,1,115W
yolo11n_b6_e1_run1_20250730-031635.json,2025-07-30T03:16:35+08:00,CN,9.970786382357101e-06,0.004905626900119694,yolo11n.pt,6,1,65W
yolo11n_b6_e20_run1_20250727-233043.json,2025-07-27T23:30:43+08:00,CN,0.00022277055124993368,0.10960311121496737,yolo11n.pt,6,20,115W
yolo11n_b6_e20_run1_20250730-053010.json,2025-07-30T05:30:10+08:00,CN,0.0001737910841433773,0.08550521339854163,yolo11n.pt,6,20,65W
yolo11n_b6_e5_run1_20250727-224942.json,2025-07-27T22:49:42+08:00,CN,4.432086231718339e-05,0.021805864260054226,yolo11n.pt,6,5,115W
yolo11n_b6_e5_run1_20250730-033319.json,2025-07-30T03:33:19+08:00,CN,4.152866036685523e-05,0.020432100900492776,yolo11n.pt,6,5,65W
yolo11n_b7_e10_run1_20250727-230729.json,2025-07-27T23:07:29+08:00,CN,9.167014125465837e-05,0.04510170949729192,yolo11n.pt,7,10,115W
yolo11n_b7_e10_run1_20250730-035441.json,2025-07-30T03:54:41+08:00,CN,8.379360372056909e-05,0.04122645303051999,yolo11n.pt,7,10,65W
yolo11n_b7_e1_run1_20250727-223622.json,2025-07-27T22:36:22+08:00,CN,8.420406339922712e-06,0.004142839919241974,yolo11n.pt,7,1,115W
yolo11n_b7_e1_run1_20250730-031710.json,2025-07-30T03:17:10+08:00,CN,9.421222973367675e-06,0.004635241702896896,yolo11n.pt,7,1,65W
yolo11n_b7_e20_run1_20250727-233153.json,2025-07-27T23:31:53+08:00,CN,0.00020621721914473024,0.10145887181920728,yolo11n.pt,7,20,115W
yolo11n_b7_e20_run1_20250730-053136.json,2025-07-30T05:31:36+08:00,CN,0.00017442459360704924,0.08581690005466823,yolo11n.pt,7,20,65W
yolo11n_b7_e5_run1_20250727-225016.json,2025-07-27T22:50:16+08:00,CN,4.1420709297433965e-05,0.02037898897433751,yolo11n.pt,7,5,115W
yolo11n_b7_e5_run1_20250730-033400.json,2025-07-30T03:34:00+08:00,CN,4.061230239803308e-05,0.019981252779832273,yolo11n.pt,7,5,65W
yolo11n_b8_e10_run1_20250726-151143.json,2025-07-26T15:11:43+08:00,CN,7.530748296305384e-05,0.03705128161782249,yolo11n.pt,8,10,115W
yolo11n_b8_e10_run1_20250726-162439.json,2025-07-26T16:24:39+08:00,CN,7.844949725531611e-05,0.03859715264961553,yolo11n.pt,8,10,65W
yolo11n_b8_e10_run1_20250727-112711.json,2025-07-27T11:27:11+08:00,CN,7.69659514236752e-05,0.0378672481004482,yolo11n.pt,8,10,115W
yolo11n_b8_e10_run1_20250727-131314.json,2025-07-27T13:13:14+08:00,CN,7.808949149922e-05,0.03842002981761624,yolo11n.pt,8,10,65W
yolo11n_b8_e10_run2_20250726-151222.json,2025-07-26T15:12:22+08:00,CN,7.850563601125237e-05,0.03862477291753617,yolo11n.pt,8,10,115W
yolo11n_b8_e10_run2_20250726-162523.json,2025-07-26T16:25:23+08:00,CN,8.047312561854696e-05,0.03959277780432511,yolo11n.pt,8,10,65W
yolo11n_b8_e10_run2_20250727-112749.json,2025-07-27T11:27:49+08:00,CN,7.563246436386587e-05,0.037211172467022005,yolo11n.pt,8,10,115W
yolo11n_b8_e10_run2_20250727-131357.json,2025-07-27T13:13:57+08:00,CN,7.743679735916298e-05,0.03809890430070819,yolo11n.pt,8,10,65W
yolo11n_b8_e1_run1_20250726-100416.json,2025-07-26T10:04:16+08:00,CN,7.276533793547204e-06,0.0035800546264252247,yolo11n.pt,8,1,115W
yolo11n_b8_e1_run1_20250726-100927.json,2025-07-26T10:09:27+08:00,CN,7.10891843276236e-06,0.003497587868919081,yolo11n.pt,8,1,65W
yolo11n_b8_e1_run1_20250726-150507.json,2025-07-26T15:05:07+08:00,CN,7.313015576391947e-06,0.0035980036635848383,yolo11n.pt,8,1,115W
yolo11n_b8_e1_run1_20250726-161712.json,2025-07-26T16:17:12+08:00,CN,7.873129208462677e-06,0.0038735795705636374,yolo11n.pt,8,1,65W
yolo11n_b8_e1_run1_20250727-111523.json,2025-07-27T11:15:23+08:00,CN,6.8813953666761544e-06,0.003385646520404668,yolo11n.pt,8,1,115W
yolo11n_b8_e1_run1_20250727-130041.json,2025-07-27T13:00:41+08:00,CN,7.231635427499369e-06,0.0035579646303296898,yolo11n.pt,8,1,65W
yolo11n_b8_e1_run1_20250731-193854.json,2025-07-31T19:38:54+08:00,CN,7.343803253748359e-06,0.0036131512008441926,yolo11n.pt,8,1,115W
yolo11n_b8_e1_run2_20250726-150528.json,2025-07-26T15:05:28+08:00,CN,6.003213254331973e-06,0.002953580921131331,yolo11n.pt,8,1,115W
yolo11n_b8_e1_run2_20250726-161735.json,2025-07-26T16:17:35+08:00,CN,6.449654213741647e-06,0.0031732298731608904,yolo11n.pt,8,1,65W
yolo11n_b8_e1_run2_20250727-111543.json,2025-07-27T11:15:43+08:00,CN,5.840676539556569e-06,0.002873612857461832,yolo11n.pt,8,1,115W
yolo11n_b8_e1_run2_20250727-130104.json,2025-07-27T13:01:04+08:00,CN,6.527891670670009e-06,0.0032117227019696445,yolo11n.pt,8,1,65W
yolo11n_b8_e1_run2_20250731-193916.json,2025-07-31T19:39:16+08:00,CN,6.468480244145126e-06,0.003182492280119402,yolo11n.pt,8,1,115W
yolo11n_b8_e20_run1_20250727-113831.json,2025-07-27T11:38:31+08:00,CN,0.00017722458997810616,0.08719449826922823,yolo11n.pt,8,20,115W
yolo11n_b8_e20_run1_20250727-132548.json,2025-07-27T13:25:48+08:00,CN,0.0001908937872893628,0.0939197433463665,yolo11n.pt,8,20,65W
yolo11n_b8_e20_run2_20250727-113929.json,2025-07-27T11:39:29+08:00,CN,0.00018146462308366298,0.08928059455716218,yolo11n.pt,8,20,115W
yolo11n_b8_e20_run2_20250727-132657.json,2025-07-27T13:26:57+08:00,CN,0.00019553977062819776,0.0962055671490733,yolo11n.pt,8,20,65W
yolo11n_b8_e5_run1_20250727-112007.json,2025-07-27T11:20:07+08:00,CN,3.706222543407287e-05,0.018234614913563853,yolo11n.pt,8,5,115W
yolo11n_b8_e5_run1_20250727-130533.json,2025-07-27T13:05:33+08:00,CN,3.6304698029671326e-05,0.017861911430598294,yolo11n.pt,8,5,65W
yolo11n_b8_e5_run2_20250727-112035.json,2025-07-27T11:20:35+08:00,CN,3.907188164812177e-05,0.01922336577087591,yolo11n.pt,8,5,115W
yolo11n_b8_e5_run2_20250727-130602.json,2025-07-27T13:06:02+08:00,CN,3.430222614267715e-05,0.01687669526219716,yolo11n.pt,8,5,65W
yolo11n_b9_e10_run1_20250727-230815.json,2025-07-27T23:08:15+08:00,CN,7.38030413198829e-05,0.036311096329382384,yolo11n.pt,9,10,115W
yolo11n_b9_e10_run1_20250730-035535.json,2025-07-30T03:55:35+08:00,CN,6.772785461472535e-05,0.033322104470444876,yolo11n.pt,9,10,65W
yolo11n_b9_e1_run1_20250727-223651.json,2025-07-27T22:36:51+08:00,CN,8.342208851694737e-06,0.0041043667550338106,yolo11n.pt,9,1,115W
yolo11n_b9_e1_run1_20250730-031744.json,2025-07-30T03:17:44+08:00,CN,8.296387650605336e-06,0.004081822724097826,yolo11n.pt,9,1,65W
yolo11n_b9_e20_run1_20250727-233259.json,2025-07-27T23:32:59+08:00,CN,0.00017488527808653048,0.086043556818573,yolo11n.pt,9,20,115W
yolo11n_b9_e20_run1_20250730-053253.json,2025-07-30T05:32:53+08:00,CN,0.00015451262572094008,0.07602021185470252,yolo11n.pt,9,20,65W
yolo11n_b9_e5_run1_20250727-225050.json,2025-07-27T22:50:50+08:00,CN,3.630313905053427e-05,0.01786114441286286,yolo11n.pt,9,5,115W
yolo11n_b9_e5_run1_20250730-033439.json,2025-07-30T03:34:39+08:00,CN,3.370185963595409e-05,0.01658131494088941,yolo11n.pt,9,5,65W
yolo11s_b10_e10_run1_20250728-002954.json,2025-07-28T00:29:54+08:00,CN,9.129517948127849e-05,0.04491722830478902,yolo11s.pt,10,10,115W
yolo11s_b10_e10_run1_20250730-064114.json,2025-07-30T06:41:14+08:00,CN,7.52965835243584e-05,0.03704591909398433,yolo11s.pt,10,10,65W
yolo11s_b10_e1_run1_20250727-235621.json,2025-07-27T23:56:21+08:00,CN,7.830835850853981e-06,0.003852771238620159,yolo11s.pt,10,1,115W
yolo11s_b10_e1_run1_20250730-060029.json,2025-07-30T06:00:29+08:00,CN,8.045770563980564e-06,0.003958519117478437,yolo11s.pt,10,1,65W
yolo11s_b10_e20_run1_20250728-005722.json,2025-07-28T00:57:22+08:00,CN,0.00021322328530874504,0.10490585637190256,yolo11s.pt,10,20,115W
yolo11s_b10_e20_run1_20250730-071330.json,2025-07-30T07:13:30+08:00,CN,0.00017701616802661319,0.08709195466909368,yolo11s.pt,10,20,65W
yolo11s_b10_e5_run1_20250728-001049.json,2025-07-28T00:10:49+08:00,CN,4.351271140822701e-05,0.02140825401284769,yolo11s.pt,10,5,115W
yolo11s_b10_e5_run1_20250730-061810.json,2025-07-30T06:18:10+08:00,CN,3.982098306421894e-05,0.01959192366759572,yolo11s.pt,10,5,65W
yolo11s_b11_e10_run1_20250728-003043.json,2025-07-28T00:30:43+08:00,CN,9.050182042490621e-05,0.044526895649053856,yolo11s.pt,11,10,115W
yolo11s_b11_e10_run1_20250730-064210.json,2025-07-30T06:42:10+08:00,CN,7.237816762078545e-05,0.03561005846942644,yolo11s.pt,11,10,65W
yolo11s_b11_e1_run1_20250727-235649.json,2025-07-27T23:56:49+08:00,CN,7.980452496577385e-06,0.003926382628316074,yolo11s.pt,11,1,115W
yolo11s_b11_e1_run1_20250730-060104.json,2025-07-30T06:01:04+08:00,CN,8.169933597240053e-06,0.004019607329842106,yolo11s.pt,11,1,65W
yolo11s_b11_e20_run1_20250728-005830.json,2025-07-28T00:58:30+08:00,CN,0.00020372041919622987,0.1002304462445451,yolo11s.pt,11,20,115W
yolo11s_b11_e20_run1_20250730-071448.json,2025-07-30T07:14:48+08:00,CN,0.00016699180569001803,0.08215996839948887,yolo11s.pt,11,20,65W
yolo11s_b11_e5_run1_20250728-001124.json,2025-07-28T00:11:24+08:00,CN,4.2155315982358726e-05,0.020740415463320495,yolo11s.pt,11,5,115W
yolo11s_b11_e5_run1_20250730-061851.json,2025-07-30T06:18:51+08:00,CN,3.7923751953068086e-05,0.018658485960909497,yolo11s.pt,11,5,65W
yolo11s_b12_e10_run1_20250728-003131.json,2025-07-28T00:31:31+08:00,CN,8.638521414594511e-05,0.042501525359805,yolo11s.pt,12,10,115W
yolo11s_b12_e10_run1_20250730-064306.json,2025-07-30T06:43:06+08:00,CN,7.220370432129092e-05,0.03552422252607513,yolo11s.pt,12,10,65W
yolo11s_b12_e1_run1_20250727-235717.json,2025-07-27T23:57:17+08:00,CN,7.4790620463520395e-06,0.0036796985268052035,yolo11s.pt,12,1,115W
yolo11s_b12_e1_run1_20250730-060138.json,2025-07-30T06:01:38+08:00,CN,7.5433263327205706e-06,0.0037113165556985207,yolo11s.pt,12,1,65W
yolo11s_b12_e20_run1_20250728-005939.json,2025-07-28T00:59:39+08:00,CN,0.00020011016674149532,0.0984542020368157,yolo11s.pt,12,20,115W
yolo11s_b12_e20_run1_20250731-215721.json,2025-07-31T21:57:21+08:00,CN,0.00016680285517467038,0.08206700474593782,yolo11s.pt,12,20,65W
yolo11s_b12_e5_run1_20250728-001158.json,2025-07-28T00:11:58+08:00,CN,3.931291717378401e-05,0.019341955249501733,yolo11s.pt,12,5,115W
yolo11s_b12_e5_run1_20250730-061932.json,2025-07-30T06:19:32+08:00,CN,3.707166310489366e-05,0.01823925824760768,yolo11s.pt,12,5,65W
yolo11s_b13_e10_run1_20250728-003218.json,2025-07-28T00:32:18+08:00,CN,8.43552292626017e-05,0.041502772797200035,yolo11s.pt,13,10,115W
yolo11s_b13_e10_run1_20250730-064406.json,2025-07-30T06:44:06+08:00,CN,6.939336731179835e-05,0.03414153671740479,yolo11s.pt,13,10,65W
yolo11s_b13_e1_run1_20250727-235745.json,2025-07-27T23:57:45+08:00,CN,7.566572861254025e-06,0.0037227538477369805,yolo11s.pt,13,1,115W
yolo11s_b13_e1_run1_20250730-060213.json,2025-07-30T06:02:13+08:00,CN,7.668487580609366e-06,0.003772895889659808,yolo11s.pt,13,1,65W
yolo11s_b13_e20_run1_20250728-010045.json,2025-07-28T01:00:45+08:00,CN,0.0001939776944350842,0.09543702566206141,yolo11s.pt,13,20,115W
yolo11s_b13_e20_run1_20250730-071634.json,2025-07-30T07:16:34+08:00,CN,0.00016037651290249955,0.07890524434802978,yolo11s.pt,13,20,65W
yolo11s_b13_e5_run1_20250728-001232.json,2025-07-28T00:12:32+08:00,CN,3.801374302678421e-05,0.01870276156917783,yolo11s.pt,13,5,115W
yolo11s_b13_e5_run1_20250730-062013.json,2025-07-30T06:20:13+08:00,CN,3.620372423964387e-05,0.017812232325904783,yolo11s.pt,13,5,65W
yolo11s_b14_e10_run1_20250728-003306.json,2025-07-28T00:33:06+08:00,CN,8.568921450082688e-05,0.042159093534406826,yolo11s.pt,14,10,115W
yolo11s_b14_e10_run1_20250730-064502.json,2025-07-30T06:45:02+08:00,CN,7.014540279008654e-05,0.034511538172722574,yolo11s.pt,14,10,65W
yolo11s_b14_e1_run1_20250727-235813.json,2025-07-27T23:58:13+08:00,CN,7.670019871658599e-06,0.0037736497768560305,yolo11s.pt,14,1,115W
yolo11s_b14_e1_run1_20250730-060247.json,2025-07-30T06:02:47+08:00,CN,7.653291090085585e-06,0.0037654192163221077,yolo11s.pt,14,1,65W
yolo11s_b14_e20_run1_20250728-010152.json,2025-07-28T01:01:52+08:00,CN,0.00019782928416335906,0.09733200780837266,yolo11s.pt,14,20,115W
yolo11s_b14_e20_run1_20250730-071750.json,2025-07-30T07:17:50+08:00,CN,0.00016162862141488104,0.07952128173612147,yolo11s.pt,14,20,65W
yolo11s_b14_e5_run1_20250728-001306.json,2025-07-28T00:13:06+08:00,CN,4.009737122550177e-05,0.01972790664294687,yolo11s.pt,14,5,115W
yolo11s_b14_e5_run1_20250730-062054.json,2025-07-30T06:20:54+08:00,CN,3.7613669095144084e-05,0.01850592519481089,yolo11s.pt,14,5,65W
yolo11s_b15_e10_run1_20250728-003353.json,2025-07-28T00:33:53+08:00,CN,8.01430317013036e-05,0.03943037159704137,yolo11s.pt,15,10,115W
yolo11s_b15_e10_run1_20250730-064558.json,2025-07-30T06:45:58+08:00,CN,6.807281705958197e-05,0.03349182599331433,yolo11s.pt,15,10,65W
yolo11s_b15_e1_run1_20250727-235841.json,2025-07-27T23:58:41+08:00,CN,7.71468742435736e-06,0.0037956262127838217,yolo11s.pt,15,1,115W
yolo11s_b15_e1_run1_20250730-060323.json,2025-07-30T06:03:23+08:00,CN,7.4561946690910915e-06,0.003668447777192817,yolo11s.pt,15,1,65W
yolo11s_b15_e20_run1_20250728-010300.json,2025-07-28T01:03:00+08:00,CN,0.00019357765103640218,0.09524020430990987,yolo11s.pt,15,20,115W
yolo11s_b15_e20_run1_20250730-071906.json,2025-07-30T07:19:06+08:00,CN,0.00015569149739010218,0.07660021671593027,yolo11s.pt,15,20,65W
yolo11s_b15_e5_run1_20250728-001340.json,2025-07-28T00:13:40+08:00,CN,3.87503007019435e-05,0.019065147945356204,yolo11s.pt,15,5,115W
yolo11s_b15_e5_run1_20250730-062135.json,2025-07-30T06:21:35+08:00,CN,3.5409950794039095e-05,0.017421695790667234,yolo11s.pt,15,5,65W
yolo11s_b16_e10_run1_20250726-152500.json,2025-07-26T15:25:00+08:00,CN,7.800839286109476e-05,0.038380129287658625,yolo11s.pt,16,10,115W
yolo11s_b16_e10_run1_20250726-163941.json,2025-07-26T16:39:41+08:00,CN,6.648617533399243e-05,0.032711198264324275,yolo11s.pt,16,10,65W
yolo11s_b16_e10_run1_20250727-115806.json,2025-07-27T11:58:06+08:00,CN,7.971925743340218e-05,0.03922187465723387,yolo11s.pt,16,10,115W
yolo11s_b16_e10_run1_20250727-134748.json,2025-07-27T13:47:48+08:00,CN,7.290288795421726e-05,0.035868220873474896,yolo11s.pt,16,10,65W
yolo11s_b16_e10_run2_20250726-152541.json,2025-07-26T15:25:41+08:00,CN,7.885037375205217e-05,0.03879438388600966,yolo11s.pt,16,10,115W
yolo11s_b16_e10_run2_20250726-164033.json,2025-07-26T16:40:33+08:00,CN,7.171410431451457e-05,0.03528333932274117,yolo11s.pt,16,10,65W
yolo11s_b16_e10_run2_20250727-115844.json,2025-07-27T11:58:44+08:00,CN,7.828198960300287e-05,0.038514738884677414,yolo11s.pt,16,10,115W
yolo11s_b16_e10_run2_20250727-134833.json,2025-07-27T13:48:33+08:00,CN,7.420694182674226e-05,0.03650981537875719,yolo11s.pt,16,10,65W
yolo11s_b16_e1_run1_20250726-151723.json,2025-07-26T15:17:23+08:00,CN,6.778008975017801e-06,0.003334780415708758,yolo11s.pt,16,1,115W
yolo11s_b16_e1_run1_20250726-163055.json,2025-07-26T16:30:55+08:00,CN,7.144037049988907e-06,0.0035148662285945423,yolo11s.pt,16,1,65W
yolo11s_b16_e1_run1_20250727-114522.json,2025-07-27T11:45:22+08:00,CN,6.854639243547631e-06,0.0033724825078254345,yolo11s.pt,16,1,115W
yolo11s_b16_e1_run1_20250727-133335.json,2025-07-27T13:33:35+08:00,CN,7.188015163955493e-06,0.0035365034606661024,yolo11s.pt,16,1,65W
yolo11s_b16_e1_run2_20250726-151744.json,2025-07-26T15:17:44+08:00,CN,5.469223438889589e-06,0.002690857931933678,yolo11s.pt,16,1,115W
yolo11s_b16_e1_run2_20250726-163119.json,2025-07-26T16:31:19+08:00,CN,5.899971182559396e-06,0.0029027858218192227,yolo11s.pt,16,1,65W
yolo11s_b16_e1_run2_20250727-114543.json,2025-07-27T11:45:43+08:00,CN,5.504823359543178e-06,0.002708373092895243,yolo11s.pt,16,1,115W
yolo11s_b16_e1_run2_20250727-133358.json,2025-07-27T13:33:58+08:00,CN,5.623424676411285e-06,0.002766724940794352,yolo11s.pt,16,1,65W
yolo11s_b16_e20_run1_20250727-121043.json,2025-07-27T12:10:43+08:00,CN,0.0001869033466216419,0.09195644653784782,yolo11s.pt,16,20,115W
yolo11s_b16_e20_run1_20250727-140157.json,2025-07-27T14:01:57+08:00,CN,0.00016266320969280968,0.08003029916886237,yolo11s.pt,16,20,65W
yolo11s_b16_e20_run2_20250727-121141.json,2025-07-27T12:11:41+08:00,CN,0.00018770859132699144,0.0923526269328798,yolo11s.pt,16,20,115W
yolo11s_b16_e20_run2_20250727-140302.json,2025-07-27T14:03:02+08:00,CN,0.00016745789911344391,0.0823892863638144,yolo11s.pt,16,20,65W
yolo11s_b16_e5_run1_20250727-115022.json,2025-07-27T11:50:22+08:00,CN,3.65367086102546e-05,0.017976060636245263,yolo11s.pt,16,5,115W
yolo11s_b16_e5_run1_20250727-133911.json,2025-07-27T13:39:11+08:00,CN,3.625699427690936e-05,0.017838441184239405,yolo11s.pt,16,5,65W
yolo11s_b16_e5_run2_20250727-115048.json,2025-07-27T11:50:48+08:00,CN,3.590114335395679e-05,0.01766336253014674,yolo11s.pt,16,5,115W
yolo11s_b16_e5_run2_20250727-133940.json,2025-07-27T13:39:40+08:00,CN,3.446116677399897e-05,0.016954894052807493,yolo11s.pt,16,5,65W
yolo11s_b17_e10_run1_20250728-003440.json,2025-07-28T00:34:40+08:00,CN,8.151521324573892e-05,0.04010548491690355,yolo11s.pt,17,10,115W
yolo11s_b17_e10_run1_20250730-064654.json,2025-07-30T06:46:54+08:00,CN,6.651004353222883e-05,0.03272294141785659,yolo11s.pt,17,10,65W
yolo11s_b17_e1_run1_20250727-235909.json,2025-07-27T23:59:09+08:00,CN,7.1025204586818375e-06,0.003494440065671464,yolo11s.pt,17,1,115W
yolo11s_b17_e1_run1_20250730-060357.json,2025-07-30T06:03:57+08:00,CN,7.017330639618955e-06,0.003452526674692526,yolo11s.pt,17,1,65W
yolo11s_b17_e20_run1_20250728-010405.json,2025-07-28T01:04:05+08:00,CN,0.00018995128310318366,0.09345603128676636,yolo11s.pt,17,20,115W
yolo11s_b17_e20_run1_20250730-072022.json,2025-07-30T07:20:22+08:00,CN,0.00015414659351196624,0.0758401240078874,yolo11s.pt,17,20,65W
yolo11s_b17_e5_run1_20250728-001413.json,2025-07-28T00:14:13+08:00,CN,3.8137006789822804e-05,0.01876340734059282,yolo11s.pt,17,5,115W
yolo11s_b17_e5_run1_20250730-062216.json,2025-07-30T06:22:16+08:00,CN,3.439470989091245e-05,0.016922197266328924,yolo11s.pt,17,5,65W
yolo11s_b18_e10_run1_20250728-003528.json,2025-07-28T00:35:28+08:00,CN,8.302337147304173e-05,0.040847498764736534,yolo11s.pt,18,10,115W
yolo11s_b18_e10_run1_20250730-064750.json,2025-07-30T06:47:50+08:00,CN,7.014054541292204e-05,0.034509148343157645,yolo11s.pt,18,10,65W
yolo11s_b18_e1_run1_20250727-235938.json,2025-07-27T23:59:38+08:00,CN,7.402477788988025e-06,0.003642019072182108,yolo11s.pt,18,1,115W
yolo11s_b18_e1_run1_20250730-060432.json,2025-07-30T06:04:32+08:00,CN,7.023856292274397e-06,0.0034557372957990033,yolo11s.pt,18,1,65W
yolo11s_b18_e20_run1_20250728-010511.json,2025-07-28T01:05:11+08:00,CN,0.00019144915615842438,0.0941929848299448,yolo11s.pt,18,20,115W
yolo11s_b18_e20_run1_20250730-072139.json,2025-07-30T07:21:39+08:00,CN,0.00015805159687038911,0.07776138566023144,yolo11s.pt,18,20,65W
yolo11s_b18_e5_run1_20250728-001447.json,2025-07-28T00:14:47+08:00,CN,3.982612854049281e-05,0.019594455241922465,yolo11s.pt,18,5,115W
yolo11s_b18_e5_run1_20250730-062257.json,2025-07-30T06:22:57+08:00,CN,3.4819790545350414e-05,0.017131336948312405,yolo11s.pt,18,5,65W
yolo11s_b19_e10_run1_20250728-003615.json,2025-07-28T00:36:15+08:00,CN,7.877880589132006e-05,0.03875917249852947,yolo11s.pt,19,10,115W
yolo11s_b19_e10_run1_20250730-064846.json,2025-07-30T06:48:46+08:00,CN,6.425777440257911e-05,0.03161482500606892,yolo11s.pt,19,10,65W
yolo11s_b19_e1_run1_20250728-000006.json,2025-07-28T00:00:06+08:00,CN,6.6747131075612415e-06,0.003283958848920131,yolo11s.pt,19,1,115W
yolo11s_b19_e1_run1_20250730-060506.json,2025-07-30T06:05:06+08:00,CN,6.641886620954092e-06,0.0032678082175094133,yolo11s.pt,19,1,65W
yolo11s_b19_e20_run1_20250728-010617.json,2025-07-28T01:06:17+08:00,CN,0.00018357536983846915,0.09031908196052682,yolo11s.pt,19,20,115W
yolo11s_b19_e20_run1_20250730-072258.json,2025-07-30T07:22:58+08:00,CN,0.00015178839107221525,0.0746798884075299,yolo11s.pt,19,20,65W
yolo11s_b19_e5_run1_20250728-001521.json,2025-07-28T00:15:21+08:00,CN,3.738574093082784e-05,0.0183937845379673,yolo11s.pt,19,5,115W
yolo11s_b19_e5_run1_20250730-062337.json,2025-07-30T06:23:37+08:00,CN,3.382132370496105e-05,0.016640091262840835,yolo11s.pt,19,5,65W
yolo11s_b1_e10_run1_20250726-152038.json,2025-07-26T15:20:38+08:00,CN,0.0004054932420806231,0.19950267510366657,yolo11s.pt,1,10,115W
yolo11s_b1_e10_run1_20250726-163432.json,2025-07-26T16:34:32+08:00,CN,0.0004723783549643605,0.23241015064246537,yolo11s.pt,1,10,65W
yolo11s_b1_e10_run1_20250727-115352.json,2025-07-27T11:53:52+08:00,CN,0.0003998070741458544,0.19670508047976037,yolo11s.pt,1,10,115W
yolo11s_b1_e10_run1_20250727-134303.json,2025-07-27T13:43:03+08:00,CN,0.00045923607839864773,0.22594415057213468,yolo11s.pt,1,10,65W
yolo11s_b1_e10_run2_20250726-152236.json,2025-07-26T15:22:36+08:00,CN,0.00040534341275564185,0.1994289590757758,yolo11s.pt,1,10,115W
yolo11s_b1_e10_run2_20250726-163643.json,2025-07-26T16:36:43+08:00,CN,0.00048026161820745013,0.23628871615806546,yolo11s.pt,1,10,65W
yolo11s_b1_e10_run2_20250727-115544.json,2025-07-27T11:55:44+08:00,CN,0.000385172228302827,0.18950473632499087,yolo11s.pt,1,10,115W
yolo11s_b1_e10_run2_20250727-134512.json,2025-07-27T13:45:12+08:00,CN,0.00047440339984543837,0.23340647272395568,yolo11s.pt,1,10,65W
yolo11s_b1_e1_run1_20250726-151536.json,2025-07-26T15:15:36+08:00,CN,3.865084040499612e-05,0.019016213479258092,yolo11s.pt,1,1,115W
yolo11s_b1_e1_run1_20250726-162856.json,2025-07-26T16:28:56+08:00,CN,4.204623806101868e-05,0.02068674912602119,yolo11s.pt,1,1,65W
yolo11s_b1_e1_run1_20250727-114335.json,2025-07-27T11:43:35+08:00,CN,3.689651091596664e-05,0.018153083370655586,yolo11s.pt,1,1,115W
yolo11s_b1_e1_run1_20250727-133134.json,2025-07-27T13:31:34+08:00,CN,4.1586200484892506e-05,0.020460410638567114,yolo11s.pt,1,1,65W
yolo11s_b1_e1_run2_20250726-151605.json,2025-07-26T15:16:05+08:00,CN,3.58348844578905e-05,0.017630763153282127,yolo11s.pt,1,1,115W
yolo11s_b1_e1_run2_20250726-162928.json,2025-07-26T16:29:28+08:00,CN,4.1586516688302953e-05,0.020460566210645053,yolo11s.pt,1,1,65W
yolo11s_b1_e1_run2_20250727-114403.json,2025-07-27T11:44:03+08:00,CN,3.516965868484091e-05,0.01730347207294173,yolo11s.pt,1,1,115W
yolo11s_b1_e1_run2_20250727-133206.json,2025-07-27T13:32:06+08:00,CN,4.050871428760633e-05,0.019930287429502314,yolo11s.pt,1,1,65W
yolo11s_b1_e20_run1_20250727-120351.json,2025-07-27T12:03:51+08:00,CN,0.0008238068702832413,0.4053129801793547,yolo11s.pt,1,20,115W
yolo11s_b1_e20_run1_20250727-135414.json,2025-07-27T13:54:14+08:00,CN,0.000971278086987687,0.477868818797942,yolo11s.pt,1,20,65W
yolo11s_b1_e20_run2_20250727-120720.json,2025-07-27T12:07:20+08:00,CN,0.000813759158380031,0.40036950592297527,yolo11s.pt,1,20,115W
yolo11s_b1_e20_run2_20250727-135810.json,2025-07-27T13:58:10+08:00,CN,0.0009978443980891867,0.49093944385987986,yolo11s.pt,1,20,65W
yolo11s_b1_e5_run1_20250727-114742.json,2025-07-27T11:47:42+08:00,CN,0.0001915926146551816,0.09426356641034934,yolo11s.pt,1,5,115W
yolo11s_b1_e5_run1_20250727-133610.json,2025-07-27T13:36:10+08:00,CN,0.00021593869016676336,0.10624183556204757,yolo11s.pt,1,5,65W
yolo11s_b1_e5_run2_20250727-114845.json,2025-07-27T11:48:45+08:00,CN,0.00019240942334393052,0.09466543628521382,yolo11s.pt,1,5,115W
yolo11s_b1_e5_run2_20250727-133723.json,2025-07-27T13:37:23+08:00,CN,0.00023243632407998828,0.11435867144735423,yolo11s.pt,1,5,65W
yolo11s_b20_e10_run1_20250728-003701.json,2025-07-28T00:37:01+08:00,CN,7.808972433275882e-05,0.038420144371717334,yolo11s.pt,20,10,115W
yolo11s_b20_e10_run1_20250730-064941.json,2025-07-30T06:49:41+08:00,CN,6.656226067568909e-05,0.03274863225243903,yolo11s.pt,20,10,65W
yolo11s_b20_e1_run1_20250728-000033.json,2025-07-28T00:00:33+08:00,CN,6.899547302615978e-06,0.0033945772728870612,yolo11s.pt,20,1,115W
yolo11s_b20_e1_run1_20250730-060540.json,2025-07-30T06:05:40+08:00,CN,6.83371703503088e-06,0.0033621887812351928,yolo11s.pt,20,1,65W
yolo11s_b20_e20_run1_20250728-010722.json,2025-07-28T01:07:22+08:00,CN,0.0001848006775173799,0.0909219333385509,yolo11s.pt,20,20,115W
yolo11s_b20_e20_run1_20250730-072414.json,2025-07-30T07:24:14+08:00,CN,0.00015158156656435668,0.07457813074966349,yolo11s.pt,20,20,65W
yolo11s_b20_e5_run1_20250728-001554.json,2025-07-28T00:15:54+08:00,CN,3.8007162912153566e-05,0.018699524152779555,yolo11s.pt,20,5,115W
yolo11s_b20_e5_run1_20250730-062418.json,2025-07-30T06:24:18+08:00,CN,3.42487768465255e-05,0.016850398208490543,yolo11s.pt,20,5,65W
yolo11s_b21_e10_run1_20250728-003748.json,2025-07-28T00:37:48+08:00,CN,8.144278172601332e-05,0.04006984860919855,yolo11s.pt,21,10,115W
yolo11s_b21_e10_run1_20250730-065037.json,2025-07-30T06:50:37+08:00,CN,6.789738447002375e-05,0.033405513159251686,yolo11s.pt,21,10,65W
yolo11s_b21_e1_run1_20250728-000101.json,2025-07-28T00:01:01+08:00,CN,7.260988583413935e-06,0.003572406383039656,yolo11s.pt,21,1,115W
yolo11s_b21_e1_run1_20250730-060615.json,2025-07-30T06:06:15+08:00,CN,7.051815016752348e-06,0.003469492988242155,yolo11s.pt,21,1,65W
yolo11s_b21_e20_run1_20250728-010829.json,2025-07-28T01:08:29+08:00,CN,0.000190522245734651,0.09373694490144828,yolo11s.pt,21,20,115W
yolo11s_b21_e20_run1_20250730-072530.json,2025-07-30T07:25:30+08:00,CN,0.00015852056340022824,0.0779921171929123,yolo11s.pt,21,20,65W
yolo11s_b21_e5_run1_20250728-001628.json,2025-07-28T00:16:28+08:00,CN,3.866083163804303e-05,0.01902112916591717,yolo11s.pt,21,5,115W
yolo11s_b21_e5_run1_20250730-062459.json,2025-07-30T06:24:59+08:00,CN,3.418905876777285e-05,0.01682101691374424,yolo11s.pt,21,5,65W
yolo11s_b22_e10_run1_20250728-003835.json,2025-07-28T00:38:35+08:00,CN,7.577864229941068e-05,0.037283092011310054,yolo11s.pt,22,10,115W
yolo11s_b22_e10_run1_20250730-065132.json,2025-07-30T06:51:32+08:00,CN,6.290792733615219e-05,0.030950700249386877,yolo11s.pt,22,10,65W
yolo11s_b22_e1_run1_20250728-000129.json,2025-07-28T00:01:29+08:00,CN,6.303318042735391e-06,0.0031012324770258123,yolo11s.pt,22,1,115W
yolo11s_b22_e1_run1_20250730-060649.json,2025-07-30T06:06:49+08:00,CN,6.512672289315511e-06,0.0032042347663432317,yolo11s.pt,22,1,65W
yolo11s_b22_e20_run1_20250728-010934.json,2025-07-28T01:09:34+08:00,CN,0.0001773616182692692,0.08726191618848045,yolo11s.pt,22,20,115W
yolo11s_b22_e20_run1_20250730-072646.json,2025-07-30T07:26:46+08:00,CN,0.0001467824523948896,0.07221696657828568,yolo11s.pt,22,20,65W
yolo11s_b22_e5_run1_20250728-001701.json,2025-07-28T00:17:01+08:00,CN,3.568389452004742e-05,0.017556476103863333,yolo11s.pt,22,5,115W
yolo11s_b22_e5_run1_20250730-062539.json,2025-07-30T06:25:39+08:00,CN,3.309392958172298e-05,0.016282213354207705,yolo11s.pt,22,5,65W
yolo11s_b23_e10_run1_20250728-003921.json,2025-07-28T00:39:21+08:00,CN,7.771211621867828e-05,0.03823436117958971,yolo11s.pt,23,10,115W
yolo11s_b23_e10_run1_20250730-065227.json,2025-07-30T06:52:27+08:00,CN,6.412550329346669e-05,0.031549747620385614,yolo11s.pt,23,10,65W
yolo11s_b23_e1_run1_20250728-000157.json,2025-07-28T00:01:57+08:00,CN,6.763821446419211e-06,0.0033278001516382516,yolo11s.pt,23,1,115W
yolo11s_b23_e1_run1_20250730-060723.json,2025-07-30T06:07:23+08:00,CN,6.660777507476964e-06,0.0032771025336786664,yolo11s.pt,23,1,65W
yolo11s_b23_e20_run1_20250728-011040.json,2025-07-28T01:10:40+08:00,CN,0.00018270201964293165,0.08988939366432237,yolo11s.pt,23,20,115W
yolo11s_b23_e20_run1_20250730-072802.json,2025-07-30T07:28:02+08:00,CN,0.0001490093272904998,0.0733125890269259,yolo11s.pt,23,20,65W
yolo11s_b23_e5_run1_20250728-001736.json,2025-07-28T00:17:36+08:00,CN,3.6147473767536695e-05,0.017784557093628053,yolo11s.pt,23,5,115W
yolo11s_b23_e5_run1_20250730-062620.json,2025-07-30T06:26:20+08:00,CN,3.3365973168414265e-05,0.01641605879885982,yolo11s.pt,23,5,65W
yolo11s_b24_e10_run1_20250728-004008.json,2025-07-28T00:40:08+08:00,CN,7.760698243420605e-05,0.03818263535762938,yolo11s.pt,24,10,115W
yolo11s_b24_e10_run1_20250730-065321.json,2025-07-30T06:53:21+08:00,CN,6.425130290514043e-05,0.03161164102932909,yolo11s.pt,24,10,65W
yolo11s_b24_e1_run1_20250728-000225.json,2025-07-28T00:02:25+08:00,CN,6.609936844329437e-06,0.003252088927410083,yolo11s.pt,24,1,115W
yolo11s_b24_e1_run1_20250730-060757.json,2025-07-30T06:07:57+08:00,CN,6.580477476429596e-06,0.003237594918403361,yolo11s.pt,24,1,65W
yolo11s_b24_e20_run1_20250728-011146.json,2025-07-28T01:11:46+08:00,CN,0.00018403022164414768,0.09054286904892066,yolo11s.pt,24,20,115W
yolo11s_b24_e20_run1_20250730-072917.json,2025-07-30T07:29:17+08:00,CN,0.00014804049803453353,0.0728359250329905,yolo11s.pt,24,20,65W
yolo11s_b24_e5_run1_20250728-001809.json,2025-07-28T00:18:09+08:00,CN,3.6879899075357373e-05,0.01814491034507583,yolo11s.pt,24,5,115W
yolo11s_b24_e5_run1_20250730-062701.json,2025-07-30T06:27:01+08:00,CN,3.2285339381023596e-05,0.01588438697546361,yolo11s.pt,24,5,65W
yolo11s_b25_e10_run1_20250728-004054.json,2025-07-28T00:40:54+08:00,CN,8.04610875236624e-05,0.039586855061641904,yolo11s.pt,25,10,115W
yolo11s_b25_e10_run1_20250730-065417.json,2025-07-30T06:54:17+08:00,CN,6.80453846895987e-05,0.03347832926728256,yolo11s.pt,25,10,65W
yolo11s_b25_e1_run1_20250728-000253.json,2025-07-28T00:02:53+08:00,CN,6.862756491375487e-06,0.0033764761937567396,yolo11s.pt,25,1,115W
yolo11s_b25_e1_run1_20250730-060832.json,2025-07-30T06:08:32+08:00,CN,6.520593616084348e-06,0.003208132059113499,yolo11s.pt,25,1,65W
yolo11s_b25_e20_run1_20250728-011252.json,2025-07-28T01:12:52+08:00,CN,0.00019152690773185149,0.09423123860407093,yolo11s.pt,25,20,115W
yolo11s_b25_e20_run1_20250730-073033.json,2025-07-30T07:30:33+08:00,CN,0.00015193427556313798,0.07475166357706389,yolo11s.pt,25,20,65W
yolo11s_b25_e5_run1_20250728-001843.json,2025-07-28T00:18:43+08:00,CN,3.8879037739394134e-05,0.019128486567781915,yolo11s.pt,25,5,115W
yolo11s_b25_e5_run1_20250730-062741.json,2025-07-30T06:27:41+08:00,CN,3.379488275775493e-05,0.016627082316815426,yolo11s.pt,25,5,65W
yolo11s_b26_e10_run1_20250728-004141.json,2025-07-28T00:41:41+08:00,CN,7.413788499227517e-05,0.03647583941619938,yolo11s.pt,26,10,115W
yolo11s_b26_e10_run1_20250730-065512.json,2025-07-30T06:55:12+08:00,CN,6.293270784543494e-05,0.030962892259953988,yolo11s.pt,26,10,65W
yolo11s_b26_e1_run1_20250728-000321.json,2025-07-28T00:03:21+08:00,CN,6.190578785375821e-06,0.003045764762404904,yolo11s.pt,26,1,115W
yolo11s_b26_e1_run1_20250730-060906.json,2025-07-30T06:09:06+08:00,CN,6.064527213143389e-06,0.002983747388866547,yolo11s.pt,26,1,65W
yolo11s_b26_e20_run1_20250728-011356.json,2025-07-28T01:13:56+08:00,CN,0.00017868675232590012,0.08791388214434286,yolo11s.pt,26,20,115W
yolo11s_b26_e20_run1_20250730-073149.json,2025-07-30T07:31:49+08:00,CN,0.00014605060839341792,0.07185689932956162,yolo11s.pt,26,20,65W
yolo11s_b26_e5_run1_20250728-001917.json,2025-07-28T00:19:17+08:00,CN,3.6092307346130574e-05,0.017757415214296243,yolo11s.pt,26,5,115W
yolo11s_b26_e5_run1_20250730-062821.json,2025-07-30T06:28:21+08:00,CN,3.16680065297977e-05,0.01558065921266047,yolo11s.pt,26,5,65W
yolo11s_b27_e10_run1_20250728-004227.json,2025-07-28T00:42:27+08:00,CN,7.615931811719154e-05,0.037470384513658236,yolo11s.pt,27,10,115W
yolo11s_b27_e10_run1_20250730-065617.json,2025-07-30T06:56:17+08:00,CN,5.777233747930601e-05,0.028423990039818558,yolo11s.pt,27,10,65W
yolo11s_b27_e1_run1_20250728-000348.json,2025-07-28T00:03:48+08:00,CN,6.461540224594576e-06,0.003179077790500531,yolo11s.pt,27,1,115W
yolo11s_b27_e1_run1_20250730-060940.json,2025-07-30T06:09:40+08:00,CN,6.290692573383563e-06,0.0030950207461047127,yolo11s.pt,27,1,65W
yolo11s_b27_e20_run1_20250728-011502.json,2025-07-28T01:15:02+08:00,CN,0.00017911490835912478,0.08812453491268939,yolo11s.pt,27,20,115W
yolo11s_b27_e20_run1_20250730-080228.json,2025-07-30T08:02:28+08:00,CN,0.012492494584574129,6.146307335610471,yolo11s.pt,27,20,65W
yolo11s_b27_e5_run1_20250728-001950.json,2025-07-28T00:19:50+08:00,CN,3.564196642139225e-05,0.01753584747932499,yolo11s.pt,27,5,115W
yolo11s_b27_e5_run1_20250730-062902.json,2025-07-30T06:29:02+08:00,CN,3.0484707480192992e-05,0.014998476080254952,yolo11s.pt,27,5,65W
yolo11s_b28_e10_run1_20250728-004314.json,2025-07-28T00:43:14+08:00,CN,7.615213128514859e-05,0.03746684859229311,yolo11s.pt,28,10,115W
yolo11s_b28_e10_run1_20250730-065720.json,2025-07-30T06:57:20+08:00,CN,5.8762719109836325e-05,0.028911257802039472,yolo11s.pt,28,10,65W
yolo11s_b28_e1_run1_20250728-000416.json,2025-07-28T00:04:16+08:00,CN,6.2538852035002765e-06,0.003076911520122136,yolo11s.pt,28,1,115W
yolo11s_b28_e1_run1_20250730-061015.json,2025-07-30T06:10:15+08:00,CN,6.126094078917787e-06,0.003014038286827551,yolo11s.pt,28,1,65W
yolo11s_b28_e20_run1_20250728-011607.json,2025-07-28T01:16:07+08:00,CN,0.0001787547257801396,0.08794732508382867,yolo11s.pt,28,20,115W
yolo11s_b28_e20_run1_20250730-080340.json,2025-07-30T08:03:40+08:00,CN,0.00013287838633709996,0.06537616607785318,yolo11s.pt,28,20,65W
yolo11s_b28_e5_run1_20250728-002024.json,2025-07-28T00:20:24+08:00,CN,3.496720235906152e-05,0.01720386356065827,yolo11s.pt,28,5,115W
yolo11s_b28_e5_run1_20250730-062943.json,2025-07-30T06:29:43+08:00,CN,3.271348550081467e-05,0.016095034866400817,yolo11s.pt,28,5,65W
yolo11s_b29_e10_run1_20250728-004401.json,2025-07-28T00:44:01+08:00,CN,7.825746537585529e-05,0.038502672964920805,yolo11s.pt,29,10,115W
yolo11s_b29_e10_run1_20250730-065817.json,2025-07-30T06:58:17+08:00,CN,6.618290229120968e-05,0.03256198792727516,yolo11s.pt,29,10,65W
yolo11s_b29_e1_run1_20250728-000444.json,2025-07-28T00:04:44+08:00,CN,6.528416309429878e-06,0.0032119808242395,yolo11s.pt,29,1,115W
yolo11s_b29_e1_run1_20250730-061049.json,2025-07-30T06:10:49+08:00,CN,6.2545068850203376e-06,0.003077217387430006,yolo11s.pt,29,1,65W
yolo11s_b29_e20_run1_20250728-011715.json,2025-07-28T01:17:15+08:00,CN,0.00018668594335146782,0.09184948412892216,yolo11s.pt,29,20,115W
yolo11s_b29_e20_run1_20250730-080500.json,2025-07-30T08:05:00+08:00,CN,0.00014370008527186232,0.07070044195375626,yolo11s.pt,29,20,65W
yolo11s_b29_e5_run1_20250728-002059.json,2025-07-28T00:20:59+08:00,CN,3.721549894770646e-05,0.01831002548227158,yolo11s.pt,29,5,115W
yolo11s_b29_e5_run1_20250730-063024.json,2025-07-30T06:30:24+08:00,CN,3.330795559292919e-05,0.016387514151721162,yolo11s.pt,29,5,65W
yolo11s_b2_e10_run1_20250728-002329.json,2025-07-28T00:23:29+08:00,CN,0.00024447818650107724,0.12028326775853,yolo11s.pt,2,10,115W
yolo11s_b2_e10_run1_20250730-063344.json,2025-07-30T06:33:44+08:00,CN,0.00022680267797669734,0.11158691756453509,yolo11s.pt,2,10,65W
yolo11s_b2_e1_run1_20250727-235258.json,2025-07-27T23:52:58+08:00,CN,2.1047798144096262e-05,0.01035551668689536,yolo11s.pt,2,1,115W
yolo11s_b2_e1_run1_20250730-055621.json,2025-07-30T05:56:21+08:00,CN,2.194849033463367e-05,0.010798657244639765,yolo11s.pt,2,1,65W
yolo11s_b2_e20_run1_20250728-004749.json,2025-07-28T00:47:49+08:00,CN,0.0005247143538523641,0.2581594620953631,yolo11s.pt,2,20,115W
yolo11s_b2_e20_run1_20250730-070241.json,2025-07-30T07:02:41+08:00,CN,0.0004823958934472206,0.23733877957603253,yolo11s.pt,2,20,65W
yolo11s_b2_e5_run1_20250728-000630.json,2025-07-28T00:06:30+08:00,CN,0.0001147499821957252,0.0564569912402968,yolo11s.pt,2,5,115W
yolo11s_b2_e5_run1_20250730-061256.json,2025-07-30T06:12:56+08:00,CN,0.00011435272619333593,0.056261541287121276,yolo11s.pt,2,5,65W
yolo11s_b30_e10_run1_20250728-004450.json,2025-07-28T00:44:50+08:00,CN,7.993207532538748e-05,0.03932658106009064,yolo11s.pt,30,10,115W
yolo11s_b30_e10_run1_20250730-065914.json,2025-07-30T06:59:14+08:00,CN,6.746368309464196e-05,0.033192132082563844,yolo11s.pt,30,10,65W
yolo11s_b30_e1_run1_20250728-000512.json,2025-07-28T00:05:12+08:00,CN,6.520786632943441e-06,0.0032082270234081727,yolo11s.pt,30,1,115W
yolo11s_b30_e1_run1_20250730-061123.json,2025-07-30T06:11:23+08:00,CN,6.458416617983399e-06,0.0031775409760478324,yolo11s.pt,30,1,65W
yolo11s_b30_e20_run1_20250728-011824.json,2025-07-28T01:18:24+08:00,CN,0.00018376065524999238,0.09041024238299625,yolo11s.pt,30,20,115W
yolo11s_b30_e20_run1_20250730-080621.json,2025-07-30T08:06:21+08:00,CN,0.00014489270512268055,0.07128721092035883,yolo11s.pt,30,20,65W
yolo11s_b30_e5_run1_20250728-002133.json,2025-07-28T00:21:33+08:00,CN,3.659095944364058e-05,0.018002752046271164,yolo11s.pt,30,5,115W
yolo11s_b30_e5_run1_20250730-063105.json,2025-07-30T06:31:05+08:00,CN,3.290097544067677e-05,0.01618727991681297,yolo11s.pt,30,5,65W
yolo11s_b31_e10_run1_20250728-004537.json,2025-07-28T00:45:37+08:00,CN,8.047405129180283e-05,0.03959323323556699,yolo11s.pt,31,10,115W
yolo11s_b31_e10_run1_20250730-070011.json,2025-07-30T07:00:11+08:00,CN,6.842366174503433e-05,0.03366444157855689,yolo11s.pt,31,10,65W
yolo11s_b31_e1_run1_20250728-000540.json,2025-07-28T00:05:40+08:00,CN,6.620955712214169e-06,0.0032575102104093713,yolo11s.pt,31,1,115W
yolo11s_b31_e1_run1_20250730-061157.json,2025-07-30T06:11:57+08:00,CN,6.57197395003623e-06,0.003233411183417825,yolo11s.pt,31,1,65W
yolo11s_b31_e20_run1_20250728-011933.json,2025-07-28T01:19:33+08:00,CN,0.00019045636265289733,0.09370453042522549,yolo11s.pt,31,20,115W
yolo11s_b31_e20_run1_20250730-080742.json,2025-07-30T08:07:42+08:00,CN,0.00015580115442816357,0.07665416797865647,yolo11s.pt,31,20,65W
yolo11s_b31_e5_run1_20250728-002207.json,2025-07-28T00:22:07+08:00,CN,3.755796658092409e-05,0.018478519557814654,yolo11s.pt,31,5,115W
yolo11s_b31_e5_run1_20250730-063211.json,2025-07-30T06:32:11+08:00,CN,2.8812839145093504e-05,0.014175916859386004,yolo11s.pt,31,5,65W
yolo11s_b32_e10_run1_20250726-152636.json,2025-07-26T15:26:36+08:00,CN,7.209217542778886e-05,0.03546935031047212,yolo11s.pt,32,10,115W
yolo11s_b32_e10_run1_20250726-164136.json,2025-07-26T16:41:36+08:00,CN,6.631513419815918e-05,0.032627046025494315,yolo11s.pt,32,10,65W
yolo11s_b32_e10_run1_20250727-115932.json,2025-07-27T11:59:32+08:00,CN,7.514905627554303e-05,0.03697333568756717,yolo11s.pt,32,10,115W
yolo11s_b32_e10_run1_20250727-134927.json,2025-07-27T13:49:27+08:00,CN,7.120844219394414e-05,0.03503455355942052,yolo11s.pt,32,10,65W
yolo11s_b32_e10_run2_20250726-152719.json,2025-07-26T15:27:19+08:00,CN,7.492415088375658e-05,0.036862682234808236,yolo11s.pt,32,10,115W
yolo11s_b32_e10_run2_20250726-164230.json,2025-07-26T16:42:30+08:00,CN,6.659490572193585e-05,0.032764693615192436,yolo11s.pt,32,10,65W
yolo11s_b32_e10_run2_20250727-120011.json,2025-07-27T12:00:11+08:00,CN,7.590965298492746e-05,0.03734754926858431,yolo11s.pt,32,10,115W
yolo11s_b32_e10_run2_20250727-135012.json,2025-07-27T13:50:12+08:00,CN,7.108507113648535e-05,0.03497385499915079,yolo11s.pt,32,10,65W
yolo11s_b32_e1_run1_20250726-151812.json,2025-07-26T15:18:12+08:00,CN,6.3217768153408686e-06,0.0031103141931477073,yolo11s.pt,32,1,115W
yolo11s_b32_e1_run1_20250726-163149.json,2025-07-26T16:31:49+08:00,CN,5.969939522986456e-06,0.002937210245309336,yolo11s.pt,32,1,65W
yolo11s_b32_e1_run1_20250727-114610.json,2025-07-27T11:46:10+08:00,CN,5.8768036609110936e-06,0.002891387401168258,yolo11s.pt,32,1,115W
yolo11s_b32_e1_run1_20250727-133429.json,2025-07-27T13:34:29+08:00,CN,5.45845205743584e-06,0.0026855584122584333,yolo11s.pt,32,1,65W
yolo11s_b32_e1_run2_20250726-151832.json,2025-07-26T15:18:32+08:00,CN,4.943907625482671e-06,0.002432402551737474,yolo11s.pt,32,1,115W
yolo11s_b32_e1_run2_20250726-163212.json,2025-07-26T16:32:12+08:00,CN,5.205626064215147e-06,0.002561168023593852,yolo11s.pt,32,1,65W
yolo11s_b32_e1_run2_20250727-114630.json,2025-07-27T11:46:30+08:00,CN,4.676545252922365e-06,0.0023008602644378037,yolo11s.pt,32,1,115W
yolo11s_b32_e1_run2_20250727-133452.json,2025-07-27T13:34:52+08:00,CN,4.868042774383263e-06,0.0023950770449965653,yolo11s.pt,32,1,65W
yolo11s_b32_e20_run1_20250727-121248.json,2025-07-27T12:12:48+08:00,CN,0.00018106112386627002,0.08908207294220485,yolo11s.pt,32,20,115W
yolo11s_b32_e20_run1_20250727-140418.json,2025-07-27T14:04:18+08:00,CN,0.0001583365203842415,0.07790156802904681,yolo11s.pt,32,20,65W
yolo11s_b32_e20_run2_20250727-121348.json,2025-07-27T12:13:48+08:00,CN,0.00018005158252708525,0.08858537860332594,yolo11s.pt,32,20,115W
yolo11s_b32_e20_run2_20250727-140527.json,2025-07-27T14:05:27+08:00,CN,0.00016663176174207663,0.0819828267771017,yolo11s.pt,32,20,65W
yolo11s_b32_e5_run1_20250727-115121.json,2025-07-27T11:51:21+08:00,CN,3.3981152290865315e-05,0.016718726927105736,yolo11s.pt,32,5,115W
yolo11s_b32_e5_run1_20250727-134018.json,2025-07-27T13:40:18+08:00,CN,3.2891982577650876e-05,0.016182855428204232,yolo11s.pt,32,5,65W
yolo11s_b32_e5_run2_20250727-115147.json,2025-07-27T11:51:47+08:00,CN,3.3240238272042444e-05,0.016354197229844884,yolo11s.pt,32,5,115W
yolo11s_b32_e5_run2_20250727-134048.json,2025-07-27T13:40:48+08:00,CN,3.244751044350051e-05,0.015964175138202252,yolo11s.pt,32,5,65W
yolo11s_b3_e10_run1_20250728-002434.json,2025-07-28T00:24:34+08:00,CN,0.00019808232523823796,0.09745650401721308,yolo11s.pt,3,10,115W
yolo11s_b3_e10_run1_20250730-063502.json,2025-07-30T06:35:02+08:00,CN,0.00018261765254514893,0.08984788505221328,yolo11s.pt,3,10,65W
yolo11s_b3_e1_run1_20250727-235329.json,2025-07-27T23:53:29+08:00,CN,1.6343201093966924e-05,0.008040854938231727,yolo11s.pt,3,1,115W
yolo11s_b3_e1_run1_20250730-055658.json,2025-07-30T05:56:58+08:00,CN,1.686404396580551e-05,0.008297109631176311,yolo11s.pt,3,1,65W
yolo11s_b3_e20_run1_20250728-004930.json,2025-07-28T00:49:30+08:00,CN,0.0004368193599999851,0.21491512511999267,yolo11s.pt,3,20,115W
yolo11s_b3_e20_run1_20250730-070441.json,2025-07-30T07:04:41+08:00,CN,0.00040169659549216675,0.19763472498214604,yolo11s.pt,3,20,65W
yolo11s_b3_e5_run1_20250728-000712.json,2025-07-28T00:07:12+08:00,CN,9.03019360178153e-05,0.04442855252076513,yolo11s.pt,3,5,115W
yolo11s_b3_e5_run1_20250730-061348.json,2025-07-30T06:13:48+08:00,CN,9.139668271167858e-05,0.04496716789414586,yolo11s.pt,3,5,65W
yolo11s_b4_e10_run1_20250728-002532.json,2025-07-28T00:25:32+08:00,CN,0.00015420926082166314,0.07587095632425826,yolo11s.pt,4,10,115W
yolo11s_b4_e10_run1_20250730-063612.json,2025-07-30T06:36:12+08:00,CN,0.0001466660918144324,0.07215971717270074,yolo11s.pt,4,10,65W
yolo11s_b4_e1_run1_20250727-235358.json,2025-07-27T23:53:58+08:00,CN,1.2155466921445184e-05,0.00598048972535103,yolo11s.pt,4,1,115W
yolo11s_b4_e1_run1_20250730-055734.json,2025-07-30T05:57:34+08:00,CN,1.2950430837464644e-05,0.006371611972032605,yolo11s.pt,4,1,65W
yolo11s_b4_e20_run1_20250728-005102.json,2025-07-28T00:51:02+08:00,CN,0.00036915500363131224,0.18162426178660562,yolo11s.pt,4,20,115W
yolo11s_b4_e20_run1_20250730-070623.json,2025-07-30T07:06:23+08:00,CN,0.0003474427250897673,0.1709418207441655,yolo11s.pt,4,20,65W
yolo11s_b4_e5_run1_20250728-000751.json,2025-07-28T00:07:51+08:00,CN,7.161358248704915e-05,0.03523388258362818,yolo11s.pt,4,5,115W
yolo11s_b4_e5_run1_20250730-061435.json,2025-07-30T06:14:35+08:00,CN,7.229252823386796e-05,0.03556792389106304,yolo11s.pt,4,5,65W
yolo11s_b5_e10_run1_20250728-002628.json,2025-07-28T00:26:28+08:00,CN,0.0001407348377403798,0.06924154016826686,yolo11s.pt,5,10,115W
yolo11s_b5_e10_run1_20250730-063716.json,2025-07-30T06:37:16+08:00,CN,0.000124367212137561,0.061188668371680015,yolo11s.pt,5,10,65W
yolo11s_b5_e1_run1_20250727-235427.json,2025-07-27T23:54:27+08:00,CN,1.1067837548941664e-05,0.005445376074079298,yolo11s.pt,5,1,115W
yolo11s_b5_e1_run1_20250730-055809.json,2025-07-30T05:58:09+08:00,CN,1.2206974541608293e-05,0.0060058314744712805,yolo11s.pt,5,1,65W
yolo11s_b5_e20_run1_20250728-005225.json,2025-07-28T00:52:25+08:00,CN,0.0003206593382122291,0.15776439440041673,yolo11s.pt,5,20,115W
yolo11s_b5_e20_run1_20250730-070757.json,2025-07-30T07:07:57+08:00,CN,0.0002785569241873708,0.13705000670018644,yolo11s.pt,5,20,65W
yolo11s_b5_e5_run1_20250728-000829.json,2025-07-28T00:08:29+08:00,CN,6.123338553471921e-05,0.03012682568308185,yolo11s.pt,5,5,115W
yolo11s_b5_e5_run1_20250730-061520.json,2025-07-30T06:15:20+08:00,CN,6.26540124344463e-05,0.030825774117747576,yolo11s.pt,5,5,65W
yolo11s_b6_e10_run1_20250728-002722.json,2025-07-28T00:27:22+08:00,CN,0.00012282063088610567,0.060427750395963986,yolo11s.pt,6,10,115W
yolo11s_b6_e10_run1_20250730-063818.json,2025-07-30T06:38:18+08:00,CN,0.00010931612981298512,0.053783535867988674,yolo11s.pt,6,10,65W
yolo11s_b6_e1_run1_20250727-235456.json,2025-07-27T23:54:56+08:00,CN,1.0977605274249754e-05,0.005400981794930879,yolo11s.pt,6,1,115W
yolo11s_b6_e1_run1_20250730-055844.json,2025-07-30T05:58:44+08:00,CN,1.0825020042770534e-05,0.0053259098610431025,yolo11s.pt,6,1,65W
yolo11s_b6_e20_run1_20250728-005344.json,2025-07-28T00:53:44+08:00,CN,0.0002819320855891457,0.1387105861098597,yolo11s.pt,6,20,115W
yolo11s_b6_e20_run1_20250730-070925.json,2025-07-30T07:09:25+08:00,CN,0.0002418124751289394,0.11897173776343818,yolo11s.pt,6,20,65W
yolo11s_b6_e5_run1_20250728-000905.json,2025-07-28T00:09:05+08:00,CN,5.379459082650106e-05,0.026466938686638523,yolo11s.pt,6,5,115W
yolo11s_b6_e5_run1_20250730-061604.json,2025-07-30T06:16:04+08:00,CN,5.100279097543755e-05,0.025093373159915274,yolo11s.pt,6,5,65W
yolo11s_b7_e10_run1_20250728-002814.json,2025-07-28T00:28:14+08:00,CN,0.0001130776033896159,0.05563418086769102,yolo11s.pt,7,10,115W
yolo11s_b7_e10_run1_20250730-063919.json,2025-07-30T06:39:19+08:00,CN,9.656731983862347e-05,0.047511121360602745,yolo11s.pt,7,10,65W
yolo11s_b7_e1_run1_20250727-235524.json,2025-07-27T23:55:24+08:00,CN,9.678477637315822e-06,0.004761810997559384,yolo11s.pt,7,1,115W
yolo11s_b7_e1_run1_20250730-055919.json,2025-07-30T05:59:19+08:00,CN,9.600712386101425e-06,0.004723550493961901,yolo11s.pt,7,1,65W
yolo11s_b7_e20_run1_20250728-005500.json,2025-07-28T00:55:00+08:00,CN,0.00026151982662942435,0.12866775470167677,yolo11s.pt,7,20,115W
yolo11s_b7_e20_run1_20250730-071050.json,2025-07-30T07:10:50+08:00,CN,0.00021890747490262204,0.10770247765209004,yolo11s.pt,7,20,65W
yolo11s_b7_e5_run1_20250728-000940.json,2025-07-28T00:09:40+08:00,CN,4.906800001706634e-05,0.024141456008396636,yolo11s.pt,7,5,115W
yolo11s_b7_e5_run1_20250730-061647.json,2025-07-30T06:16:47+08:00,CN,4.8147467462832154e-05,0.02368855399171342,yolo11s.pt,7,5,65W
yolo11s_b8_e10_run1_20250726-152328.json,2025-07-26T15:23:28+08:00,CN,9.734735021004602e-05,0.04789489630334264,yolo11s.pt,8,10,115W
yolo11s_b8_e10_run1_20250726-163742.json,2025-07-26T16:37:42+08:00,CN,8.768276416344851e-05,0.043139919968416665,yolo11s.pt,8,10,65W
yolo11s_b8_e10_run1_20250727-115636.json,2025-07-27T11:56:36+08:00,CN,9.981294090191125e-05,0.04910796692374033,yolo11s.pt,8,10,115W
yolo11s_b8_e10_run1_20250727-134608.json,2025-07-27T13:46:08+08:00,CN,9.308268347843375e-05,0.0457966802713894,yolo11s.pt,8,10,65W
yolo11s_b8_e10_run2_20250726-152411.json,2025-07-26T15:24:11+08:00,CN,0.00010025961586695858,0.04932773100654362,yolo11s.pt,8,10,115W
yolo11s_b8_e10_run2_20250726-163836.json,2025-07-26T16:38:36+08:00,CN,8.966151052705789e-05,0.04411346317931248,yolo11s.pt,8,10,65W
yolo11s_b8_e10_run2_20250727-115719.json,2025-07-27T11:57:19+08:00,CN,0.00010300181820878889,0.05067689455872413,yolo11s.pt,8,10,115W
yolo11s_b8_e10_run2_20250727-134655.json,2025-07-27T13:46:55+08:00,CN,9.234254803711538e-05,0.045432533634260766,yolo11s.pt,8,10,65W
yolo11s_b8_e1_run1_20250726-151633.json,2025-07-26T15:16:33+08:00,CN,8.12494414650946e-06,0.003997472520082654,yolo11s.pt,8,1,115W
yolo11s_b8_e1_run1_20250726-163000.json,2025-07-26T16:30:00+08:00,CN,8.94802916295224e-06,0.004402430348172502,yolo11s.pt,8,1,65W
yolo11s_b8_e1_run1_20250727-114433.json,2025-07-27T11:44:33+08:00,CN,8.286796074051836e-06,0.004077103668433503,yolo11s.pt,8,1,115W
yolo11s_b8_e1_run1_20250727-133238.json,2025-07-27T13:32:38+08:00,CN,8.99119182887998e-06,0.0044236663798089505,yolo11s.pt,8,1,65W
yolo11s_b8_e1_run2_20250726-151654.json,2025-07-26T15:16:54+08:00,CN,7.023219323971721e-06,0.003455423907394087,yolo11s.pt,8,1,115W
yolo11s_b8_e1_run2_20250726-163024.json,2025-07-26T16:30:24+08:00,CN,7.462616082286903e-06,0.003671607112485156,yolo11s.pt,8,1,65W
yolo11s_b8_e1_run2_20250727-114454.json,2025-07-27T11:44:54+08:00,CN,7.672688240626386e-06,0.003774962614388182,yolo11s.pt,8,1,115W
yolo11s_b8_e1_run2_20250727-133303.json,2025-07-27T13:33:03+08:00,CN,8.097498018900664e-06,0.003983969025299127,yolo11s.pt,8,1,65W
yolo11s_b8_e20_run1_20250727-120831.json,2025-07-27T12:08:31+08:00,CN,0.00022787466887608623,0.11211433708703443,yolo11s.pt,8,20,115W
yolo11s_b8_e20_run1_20250727-135932.json,2025-07-27T13:59:32+08:00,CN,0.00021121590311924492,0.1039182243346685,yolo11s.pt,8,20,65W
yolo11s_b8_e20_run2_20250727-120937.json,2025-07-27T12:09:37+08:00,CN,0.0002430963673135702,0.11960341271827654,yolo11s.pt,8,20,115W
yolo11s_b8_e20_run2_20250727-140044.json,2025-07-27T14:00:44+08:00,CN,0.0002129148852481796,0.10475412354210437,yolo11s.pt,8,20,65W
yolo11s_b8_e5_run1_20250727-114921.json,2025-07-27T11:49:21+08:00,CN,4.634479776531939e-05,0.02280164050053714,yolo11s.pt,8,5,115W
yolo11s_b8_e5_run1_20250727-133803.json,2025-07-27T13:38:03+08:00,CN,4.4227443996643584e-05,0.021759902446348643,yolo11s.pt,8,5,65W
yolo11s_b8_e5_run2_20250727-114948.json,2025-07-27T11:49:48+08:00,CN,4.6449227019335556e-05,0.022853019693513093,yolo11s.pt,8,5,115W
yolo11s_b8_e5_run2_20250727-133833.json,2025-07-27T13:38:33+08:00,CN,4.279203070560131e-05,0.021053679107155845,yolo11s.pt,8,5,65W
yolo11s_b9_e10_run1_20250728-002905.json,2025-07-28T00:29:05+08:00,CN,9.96661497968939e-05,0.0490357457000718,yolo11s.pt,9,10,115W
yolo11s_b9_e10_run1_20250730-064017.json,2025-07-30T06:40:17+08:00,CN,8.398939324723275e-05,0.041322781477638515,yolo11s.pt,9,10,65W
yolo11s_b9_e1_run1_20250727-235553.json,2025-07-27T23:55:53+08:00,CN,9.3259820685431e-06,0.004588383177723205,yolo11s.pt,9,1,115W
yolo11s_b9_e1_run1_20250730-055954.json,2025-07-30T05:59:54+08:00,CN,8.747427713003242e-06,0.004303734434797595,yolo11s.pt,9,1,65W
yolo11s_b9_e20_run1_20250728-005612.json,2025-07-28T00:56:12+08:00,CN,0.00023120216792157,0.11375146661741244,yolo11s.pt,9,20,115W
yolo11s_b9_e20_run1_20250730-071212.json,2025-07-30T07:12:12+08:00,CN,0.00019081841890707351,0.09388266210228016,yolo11s.pt,9,20,65W
yolo11s_b9_e5_run1_20250728-001015.json,2025-07-28T00:10:15+08:00,CN,4.5118994687746345e-05,0.022198545386371202,yolo11s.pt,9,5,115W
yolo11s_b9_e5_run1_20250730-061728.json,2025-07-30T06:17:28+08:00,CN,4.24015880568065e-05,0.0208615813239488,yolo11s.pt,9,5,65W
yolo11x_b10_e10_run1_20250728-032635.json,2025-07-28T03:26:35+08:00,CN,0.0004582944872667992,0.2254808877352652,yolo11x.pt,10,10,115W
yolo11x_b10_e10_run1_20250730-104128.json,2025-07-30T10:41:28+08:00,CN,0.00038710883599472185,0.19045754730940315,yolo11x.pt,10,10,65W
yolo11x_b10_e1_run1_20250728-012306.json,2025-07-28T01:23:06+08:00,CN,3.202823892587197e-05,0.015757893551529012,yolo11x.pt,10,1,115W
yolo11x_b10_e1_run1_20250730-081548.json,2025-07-30T08:15:48+08:00,CN,3.0204655706010604e-05,0.014860690607357218,yolo11x.pt,10,1,65W
yolo11x_b10_e20_run1_20250728-062346.json,2025-07-28T06:23:46+08:00,CN,0.0009557841746160063,0.4702458139110751,yolo11x.pt,10,20,115W
yolo11x_b10_e20_run1_20250731-220301.json,2025-07-31T22:03:01+08:00,CN,0.0008563381889338173,0.4213183889554381,yolo11x.pt,10,20,65W
yolo11x_b10_e5_run1_20250730-085609.json,2025-07-30T08:56:09+08:00,CN,0.00019229320371082613,0.09460825622572645,yolo11x.pt,10,5,65W
yolo11x_b10_e5_run1_20250731-204108.json,2025-07-31T20:41:08+08:00,CN,0.00021337000626551244,0.10497804308263212,yolo11x.pt,10,5,115W
yolo11x_b11_e10_run1_20250728-032814.json,2025-07-28T03:28:14+08:00,CN,0.0004519465460135084,0.22235770063864613,yolo11x.pt,11,10,115W
yolo11x_b11_e10_run1_20250730-104328.json,2025-07-30T10:43:28+08:00,CN,0.00038460772321440083,0.18922699982148522,yolo11x.pt,11,10,65W
yolo11x_b11_e1_run1_20250728-012341.json,2025-07-28T01:23:41+08:00,CN,3.043749819350528e-05,0.014975249111204597,yolo11x.pt,11,1,115W
yolo11x_b11_e1_run1_20250730-081633.json,2025-07-30T08:16:33+08:00,CN,3.0535033707654694e-05,0.01502323658416611,yolo11x.pt,11,1,65W
yolo11x_b11_e20_run1_20250728-062634.json,2025-07-28T06:26:34+08:00,CN,0.0009527265462572041,0.4687414607585444,yolo11x.pt,11,20,115W
yolo11x_b11_e20_run1_20250731-220607.json,2025-07-31T22:06:07+08:00,CN,0.0008699240881408012,0.4280026513652742,yolo11x.pt,11,20,65W
yolo11x_b11_e5_run1_20250728-015740.json,2025-07-28T01:57:40+08:00,CN,0.00020740148830572275,0.10204153224641559,yolo11x.pt,11,5,115W
yolo11x_b11_e5_run1_20250730-085723.json,2025-07-30T08:57:23+08:00,CN,0.0001922651987257541,0.094594477773071,yolo11x.pt,11,5,65W
yolo11x_b12_e10_run1_20250728-032953.json,2025-07-28T03:29:53+08:00,CN,0.0004543219097959612,0.2235263796196129,yolo11x.pt,12,10,115W
yolo11x_b12_e10_run1_20250730-104528.json,2025-07-30T10:45:28+08:00,CN,0.0003880033436398439,0.1908976450708032,yolo11x.pt,12,10,65W
yolo11x_b12_e1_run1_20250728-012416.json,2025-07-28T01:24:16+08:00,CN,2.9239079628141987e-05,0.014385627177045857,yolo11x.pt,12,1,115W
yolo11x_b12_e1_run1_20250730-081718.json,2025-07-30T08:17:18+08:00,CN,3.0156119359863733e-05,0.014836810725052956,yolo11x.pt,12,1,65W
yolo11x_b12_e20_run1_20250728-062924.json,2025-07-28T06:29:24+08:00,CN,0.0009515786528197538,0.46817669718731886,yolo11x.pt,12,20,115W
yolo11x_b12_e20_run1_20250731-220917.json,2025-07-31T22:09:17+08:00,CN,0.0008525193825128959,0.4194395361963448,yolo11x.pt,12,20,65W
yolo11x_b12_e5_run1_20250728-015842.json,2025-07-28T01:58:42+08:00,CN,0.0002060974503998946,0.10139994559674814,yolo11x.pt,12,5,115W
yolo11x_b12_e5_run1_20250730-085844.json,2025-07-30T08:58:44+08:00,CN,0.00017903517296698687,0.08808530509975754,yolo11x.pt,12,5,65W
yolo11x_b13_e10_run1_20250728-033132.json,2025-07-28T03:31:32+08:00,CN,0.00043993729405452926,0.2164491486748284,yolo11x.pt,13,10,115W
yolo11x_b13_e10_run1_20250730-104726.json,2025-07-30T10:47:26+08:00,CN,0.0003875639451887296,0.19068146103285497,yolo11x.pt,13,10,65W
yolo11x_b13_e1_run1_20250730-081802.json,2025-07-30T08:18:02+08:00,CN,2.8820711211421917e-05,0.014179789916019583,yolo11x.pt,13,1,65W
yolo11x_b13_e1_run1_20250731-204010.json,2025-07-31T20:40:10+08:00,CN,2.837978789984571e-05,0.013962855646724089,yolo11x.pt,13,1,115W
yolo11x_b13_e20_run1_20250728-063214.json,2025-07-28T06:32:14+08:00,CN,0.0009228036657047303,0.4540194035267273,yolo11x.pt,13,20,115W
yolo11x_b13_e20_run1_20250731-221233.json,2025-07-31T22:12:33+08:00,CN,0.000829851845265278,0.40828710787051675,yolo11x.pt,13,20,65W
yolo11x_b13_e5_run1_20250728-015945.json,2025-07-28T01:59:45+08:00,CN,0.00020705286166143485,0.10187000793742594,yolo11x.pt,13,5,115W
yolo11x_b13_e5_run1_20250730-085958.json,2025-07-30T08:59:58+08:00,CN,0.0001869858275022773,0.09199702713112044,yolo11x.pt,13,5,65W
yolo11x_b14_e10_run1_20250728-033313.json,2025-07-28T03:33:13+08:00,CN,0.00045809698641099657,0.2253837173142103,yolo11x.pt,14,10,115W
yolo11x_b14_e10_run1_20250730-104933.json,2025-07-30T10:49:33+08:00,CN,0.00039654226894861506,0.19509879632271862,yolo11x.pt,14,10,65W
yolo11x_b14_e1_run1_20250728-012501.json,2025-07-28T01:25:01+08:00,CN,3.0971844246597645e-05,0.01523814736932604,yolo11x.pt,14,1,115W
yolo11x_b14_e1_run1_20250730-081844.json,2025-07-30T08:18:44+08:00,CN,2.8615766790367058e-05,0.014078957260860593,yolo11x.pt,14,1,65W
yolo11x_b14_e20_run1_20250728-063500.json,2025-07-28T06:35:00+08:00,CN,0.0009752733761508478,0.4798345010662171,yolo11x.pt,14,20,115W
yolo11x_b14_e20_run1_20250731-221541.json,2025-07-31T22:15:41+08:00,CN,0.0008775332553463921,0.43174636163042496,yolo11x.pt,14,20,65W
yolo11x_b14_e5_run1_20250728-020047.json,2025-07-28T02:00:47+08:00,CN,0.000207056690684546,0.10187189181679662,yolo11x.pt,14,5,115W
yolo11x_b14_e5_run1_20250730-090114.json,2025-07-30T09:01:14+08:00,CN,0.0001851177016594306,0.09107790921643985,yolo11x.pt,14,5,65W
yolo11x_b15_e10_run1_20250728-033453.json,2025-07-28T03:34:53+08:00,CN,0.00044834157507273113,0.2205840549357837,yolo11x.pt,15,10,115W
yolo11x_b15_e10_run1_20250730-105132.json,2025-07-30T10:51:32+08:00,CN,0.0003945190982206927,0.19410339632458082,yolo11x.pt,15,10,65W
yolo11x_b15_e1_run1_20250728-012535.json,2025-07-28T01:25:35+08:00,CN,2.8722495334873206e-05,0.014131467704757617,yolo11x.pt,15,1,115W
yolo11x_b15_e1_run1_20250730-081927.json,2025-07-30T08:19:27+08:00,CN,2.7059802001470456e-05,0.013313422584723464,yolo11x.pt,15,1,65W
yolo11x_b15_e20_run1_20250728-063746.json,2025-07-28T06:37:46+08:00,CN,0.0009618915441782724,0.47325063973571,yolo11x.pt,15,20,115W
yolo11x_b15_e20_run1_20250731-221903.json,2025-07-31T22:19:03+08:00,CN,0.000821456668010512,0.4041566806611719,yolo11x.pt,15,20,65W
yolo11x_b15_e5_run1_20250728-020149.json,2025-07-28T02:01:49+08:00,CN,0.00020075471411079907,0.09877131934251314,yolo11x.pt,15,5,115W
yolo11x_b15_e5_run1_20250730-090229.json,2025-07-30T09:02:29+08:00,CN,0.0001832829640110555,0.0901752182934393,yolo11x.pt,15,5,65W
yolo11x_b16_e10_run1_20250728-033640.json,2025-07-28T03:36:40+08:00,CN,0.0005308238464667209,0.26116533246162665,yolo11x.pt,16,10,115W
yolo11x_b16_e10_run1_20250730-105357.json,2025-07-30T10:53:57+08:00,CN,0.0006295019159994529,0.30971494267173083,yolo11x.pt,16,10,65W
yolo11x_b16_e1_run1_20250726-112750.json,2025-07-26T11:27:50+08:00,CN,2.7230447458415283e-05,0.01339738014954032,yolo11x.pt,16,1,115W
yolo11x_b16_e1_run1_20250730-082009.json,2025-07-30T08:20:09+08:00,CN,2.591231963955542e-05,0.012748861262661266,yolo11x.pt,16,1,65W
yolo11x_b16_e1_run2_20250726-112828.json,2025-07-26T11:28:28+08:00,CN,0.00010882534138242109,0.05354206796015117,yolo11x.pt,16,1,115W
yolo11x_b16_e1_run3_20250726-112909.json,2025-07-26T11:29:09+08:00,CN,0.00011930321384807963,0.05869718121325518,yolo11x.pt,16,1,115W
yolo11x_b16_e20_run1_20250728-064043.json,2025-07-28T06:40:43+08:00,CN,0.0011044646930077205,0.5433966289597985,yolo11x.pt,16,20,115W
yolo11x_b16_e20_run1_20250731-222219.json,2025-07-31T22:22:19+08:00,CN,0.0009669412741652313,0.4757351068892938,yolo11x.pt,16,20,65W
yolo11x_b16_e5_run1_20250728-020303.json,2025-07-28T02:03:03+08:00,CN,0.00030788205674567266,0.15147797191887094,yolo11x.pt,16,5,115W
yolo11x_b16_e5_run1_20250731-215952.json,2025-07-31T21:59:52+08:00,CN,0.0002407803358286183,0.11846392522768019,yolo11x.pt,16,5,65W
yolo11x_b17_e10_run1_20250728-033922.json,2025-07-28T03:39:22+08:00,CN,0.0009512619071184532,0.46802085830227896,yolo11x.pt,17,10,115W
yolo11x_b17_e10_run1_20250730-105748.json,2025-07-30T10:57:48+08:00,CN,0.0012713322356197956,0.6254954599249395,yolo11x.pt,17,10,65W
yolo11x_b17_e1_run1_20250728-012611.json,2025-07-28T01:26:11+08:00,CN,3.6760783335842156e-05,0.01808630540123434,yolo11x.pt,17,1,115W
yolo11x_b17_e1_run1_20250730-082052.json,2025-07-30T08:20:52+08:00,CN,2.6340057804247105e-05,0.012959308439689576,yolo11x.pt,17,1,65W
yolo11x_b17_e20_run1_20250728-064643.json,2025-07-28T06:46:43+08:00,CN,0.0026078397413321994,1.2830571527354422,yolo11x.pt,17,20,115W
yolo11x_b17_e20_run1_20250731-222849.json,2025-07-31T22:28:49+08:00,CN,0.002340303749097187,1.151429444555816,yolo11x.pt,17,20,65W
yolo11x_b17_e5_run1_20250728-020448.json,2025-07-28T02:04:48+08:00,CN,0.000582844316254116,0.28675940359702506,yolo11x.pt,17,5,115W
yolo11x_b17_e5_run1_20250730-090528.json,2025-07-30T09:05:28+08:00,CN,0.0005843162754393963,0.28748360751618296,yolo11x.pt,17,5,65W
yolo11x_b18_e10_run1_20250728-034242.json,2025-07-28T03:42:42+08:00,CN,0.001340498976337799,0.6595254963581971,yolo11x.pt,18,10,115W
yolo11x_b18_e10_run1_20250730-110156.json,2025-07-30T11:01:56+08:00,CN,0.0015338662613210456,0.7546622005699545,yolo11x.pt,18,10,65W
yolo11x_b18_e1_run1_20250728-012649.json,2025-07-28T01:26:49+08:00,CN,4.693057540842574e-05,0.023089843100945466,yolo11x.pt,18,1,115W
yolo11x_b18_e1_run1_20250730-082135.json,2025-07-30T08:21:35+08:00,CN,3.157981921174229e-05,0.015537271052177207,yolo11x.pt,18,1,65W
yolo11x_b18_e20_run1_20250728-065441.json,2025-07-28T06:54:41+08:00,CN,0.0034444929226525017,1.694690517945031,yolo11x.pt,18,20,115W
yolo11x_b18_e20_run1_20250731-223727.json,2025-07-31T22:37:27+08:00,CN,0.003219126383759009,1.5838101808094325,yolo11x.pt,18,20,65W
yolo11x_b18_e5_run1_20250728-020653.json,2025-07-28T02:06:53+08:00,CN,0.000776188470063223,0.3818847272711057,yolo11x.pt,18,5,115W
yolo11x_b18_e5_run1_20250730-090744.json,2025-07-30T09:07:44+08:00,CN,0.0007069840940709353,0.34783617428290015,yolo11x.pt,18,5,65W
yolo11x_b19_e10_run1_20250728-034709.json,2025-07-28T03:47:09+08:00,CN,0.0018311196835224743,0.9009108842930573,yolo11x.pt,19,10,115W
yolo11x_b19_e10_run1_20250730-110652.json,2025-07-30T11:06:52+08:00,CN,0.0019266495296084572,0.9479115685673609,yolo11x.pt,19,10,65W
yolo11x_b19_e1_run1_20250728-012738.json,2025-07-28T01:27:38+08:00,CN,0.00013064266729236916,0.06427619230784563,yolo11x.pt,19,1,115W
yolo11x_b19_e1_run1_20250730-082223.json,2025-07-30T08:22:23+08:00,CN,6.18396878113145e-05,0.030425126403166733,yolo11x.pt,19,1,65W
yolo11x_b19_e20_run1_20250728-070353.json,2025-07-28T07:03:53+08:00,CN,0.003914417725169562,1.9258935207834247,yolo11x.pt,19,20,115W
yolo11x_b19_e20_run1_20250731-224626.json,2025-07-31T22:46:26+08:00,CN,0.003544845532095686,1.7440640017910776,yolo11x.pt,19,20,65W
yolo11x_b19_e5_run1_20250728-020918.json,2025-07-28T02:09:18+08:00,CN,0.0008936707484653169,0.4396860082449359,yolo11x.pt,19,5,115W
yolo11x_b19_e5_run1_20250730-091019.json,2025-07-30T09:10:19+08:00,CN,0.0008553849404697562,0.42084939071112004,yolo11x.pt,19,5,65W
yolo11x_b1_e10_run1_20250728-031050.json,2025-07-28T03:10:50+08:00,CN,0.0013319162714839925,0.6553028055701243,yolo11x.pt,1,10,115W
yolo11x_b1_e10_run1_20250730-102230.json,2025-07-30T10:22:30+08:00,CN,0.0013573646524736853,0.6678234090170532,yolo11x.pt,1,10,65W
yolo11x_b1_e1_run1_20250726-112126.json,2025-07-26T11:21:26+08:00,CN,0.00010741770589551574,0.052849511300593746,yolo11x.pt,1,1,115W
yolo11x_b1_e1_run1_20250730-080839.json,2025-07-30T08:08:39+08:00,CN,0.00010357797337341144,0.05096036289971843,yolo11x.pt,1,1,65W
yolo11x_b1_e1_run2_20250726-112203.json,2025-07-26T11:22:03+08:00,CN,0.00010135748370148551,0.04986788198113087,yolo11x.pt,1,1,115W
yolo11x_b1_e1_run3_20250726-112241.json,2025-07-26T11:22:41+08:00,CN,0.00010438596690531989,0.05135789571741738,yolo11x.pt,1,1,115W
yolo11x_b1_e20_run1_20250728-055613.json,2025-07-28T05:56:13+08:00,CN,0.0028829283674162744,1.418400756768807,yolo11x.pt,1,20,115W
yolo11x_b1_e20_run1_20250730-132203.json,2025-07-30T13:22:03+08:00,CN,0.002748896833996662,1.3524572423263577,yolo11x.pt,1,20,65W
yolo11x_b1_e5_run1_20250728-014750.json,2025-07-28T01:47:50+08:00,CN,0.0006432947304876825,0.3165010073999398,yolo11x.pt,1,5,115W
yolo11x_b1_e5_run1_20250730-084417.json,2025-07-30T08:44:17+08:00,CN,0.0006329922357622531,0.31143217999502854,yolo11x.pt,1,5,65W
yolo11x_b20_e10_run1_20250728-035250.json,2025-07-28T03:52:50+08:00,CN,0.0023535294351771582,1.1579364821071618,yolo11x.pt,20,10,115W
yolo11x_b20_e10_run1_20250730-111302.json,2025-07-30T11:13:02+08:00,CN,0.002537363844611832,1.2483830115490213,yolo11x.pt,20,10,65W
yolo11x_b20_e1_run1_20250728-012834.json,2025-07-28T01:28:34+08:00,CN,0.00015710745538283192,0.0772968680483533,yolo11x.pt,20,1,115W
yolo11x_b20_e1_run1_20250730-082322.json,2025-07-30T08:23:22+08:00,CN,0.00011367474242930617,0.05592797327521863,yolo11x.pt,20,1,65W
yolo11x_b20_e20_run1_20250728-071433.json,2025-07-28T07:14:33+08:00,CN,0.004611098099967164,2.268660265183845,yolo11x.pt,20,20,115W
yolo11x_b20_e20_run1_20250731-225746.json,2025-07-31T22:57:46+08:00,CN,0.004613818113509069,2.269998511846462,yolo11x.pt,20,20,65W
yolo11x_b20_e5_run1_20250728-021221.json,2025-07-28T02:12:21+08:00,CN,0.0011516233081743442,0.5665986676217774,yolo11x.pt,20,5,115W
yolo11x_b20_e5_run1_20250730-091336.json,2025-07-30T09:13:36+08:00,CN,0.0011780706014491204,0.5796107359129672,yolo11x.pt,20,5,65W
yolo11x_b21_e10_run1_20250728-035935.json,2025-07-28T03:59:35+08:00,CN,0.002784824740201676,1.3701337721792246,yolo11x.pt,21,10,115W
yolo11x_b21_e10_run1_20250730-112019.json,2025-07-30T11:20:19+08:00,CN,0.0030997075707511774,1.5250561248095793,yolo11x.pt,21,10,65W
yolo11x_b21_e1_run1_20250728-012939.json,2025-07-28T01:29:39+08:00,CN,0.0002332239667863517,0.11474619165888504,yolo11x.pt,21,1,115W
yolo11x_b21_e1_run1_20250730-082431.json,2025-07-30T08:24:31+08:00,CN,0.0001875271319548466,0.09226334892178452,yolo11x.pt,21,1,65W
yolo11x_b21_e20_run1_20250731-210154.json,2025-07-31T21:01:54+08:00,CN,0.005751340648705322,2.8296595991630182,yolo11x.pt,21,20,115W
yolo11x_b21_e20_run1_20250731-231220.json,2025-07-31T23:12:20+08:00,CN,0.005985404538231321,2.94481903280981,yolo11x.pt,21,20,65W
yolo11x_b21_e5_run1_20250728-021556.json,2025-07-28T02:15:56+08:00,CN,0.001395003721057088,0.6863418307600874,yolo11x.pt,21,5,115W
yolo11x_b21_e5_run1_20250730-091730.json,2025-07-30T09:17:30+08:00,CN,0.001447616451278814,0.7122272940291765,yolo11x.pt,21,5,65W
yolo11x_b22_e10_run1_20250728-040656.json,2025-07-28T04:06:56+08:00,CN,0.00283651483111937,1.39556529691073,yolo11x.pt,22,10,115W
yolo11x_b22_e10_run1_20250730-112750.json,2025-07-30T11:27:50+08:00,CN,0.0029353018264978085,1.4441684986369219,yolo11x.pt,22,10,65W
yolo11x_b22_e1_run1_20250728-013048.json,2025-07-28T01:30:48+08:00,CN,0.00025591913883672674,0.12591221630766955,yolo11x.pt,22,1,115W
yolo11x_b22_e1_run1_20250730-082545.json,2025-07-30T08:25:45+08:00,CN,0.0002133956792981257,0.10499067421467785,yolo11x.pt,22,1,65W
yolo11x_b22_e20_run1_20250728-072948.json,2025-07-28T07:29:48+08:00,CN,0.005782969513640022,2.845221000710891,yolo11x.pt,22,20,115W
yolo11x_b22_e20_run1_20250731-232719.json,2025-07-31T23:27:19+08:00,CN,0.005863860889896321,2.88501955782899,yolo11x.pt,22,20,65W
yolo11x_b22_e5_run1_20250728-021942.json,2025-07-28T02:19:42+08:00,CN,0.001384923783122369,0.6813825012962055,yolo11x.pt,22,5,115W
yolo11x_b22_e5_run1_20250730-092126.json,2025-07-30T09:21:26+08:00,CN,0.0013668749025472846,0.6725024520532641,yolo11x.pt,22,5,65W
yolo11x_b23_e10_run1_20250728-041513.json,2025-07-28T04:15:13+08:00,CN,0.003221949554075868,1.5851991806053272,yolo11x.pt,23,10,115W
yolo11x_b23_e10_run1_20250730-113615.json,2025-07-30T11:36:15+08:00,CN,0.0033153457327089655,1.631150100492811,yolo11x.pt,23,10,65W
yolo11x_b23_e1_run1_20250728-013201.json,2025-07-28T01:32:01+08:00,CN,0.00029443996495134926,0.14486446275606382,yolo11x.pt,23,1,115W
yolo11x_b23_e1_run1_20250730-082702.json,2025-07-30T08:27:02+08:00,CN,0.0002518820413076997,0.12392596432338826,yolo11x.pt,23,1,65W
yolo11x_b23_e20_run1_20250728-074545.json,2025-07-28T07:45:45+08:00,CN,0.006458339742499591,3.177503153309799,yolo11x.pt,23,20,115W
yolo11x_b23_e20_run1_20250731-234336.json,2025-07-31T23:43:36+08:00,CN,0.006560141963271954,3.2275898459298014,yolo11x.pt,23,20,65W
yolo11x_b23_e5_run1_20250728-022404.json,2025-07-28T02:24:04+08:00,CN,0.001606599461015871,0.7904469348198085,yolo11x.pt,23,5,115W
yolo11x_b23_e5_run1_20250730-092559.json,2025-07-30T09:25:59+08:00,CN,0.0015699556765125984,0.7724181928441984,yolo11x.pt,23,5,65W
yolo11x_b24_e10_run1_20250728-042341.json,2025-07-28T04:23:41+08:00,CN,0.0034204268028536983,1.6828499870040197,yolo11x.pt,24,10,115W
yolo11x_b24_e10_run1_20250730-114457.json,2025-07-30T11:44:57+08:00,CN,0.0034896699133151196,1.7169175973510389,yolo11x.pt,24,10,65W
yolo11x_b24_e1_run1_20250728-013323.json,2025-07-28T01:33:23+08:00,CN,0.00031591141909774055,0.15542841819608835,yolo11x.pt,24,1,115W
yolo11x_b24_e1_run1_20250730-082828.json,2025-07-30T08:28:28+08:00,CN,0.00028658695248459995,0.1410007806224232,yolo11x.pt,24,1,65W
yolo11x_b24_e20_run1_20250728-080240.json,2025-07-28T08:02:40+08:00,CN,0.007095278239830778,3.4908768939967425,yolo11x.pt,24,20,115W
yolo11x_b24_e20_run1_20250801-000055.json,2025-08-01T00:00:55+08:00,CN,0.007223019117483115,3.5537254058016927,yolo11x.pt,24,20,65W
yolo11x_b24_e5_run1_20250728-022834.json,2025-07-28T02:28:34+08:00,CN,0.0017203485164383157,0.8464114700876514,yolo11x.pt,24,5,115W
yolo11x_b24_e5_run1_20250730-093041.json,2025-07-30T09:30:41+08:00,CN,0.0016469447853728432,0.8102968344034388,yolo11x.pt,24,5,65W
yolo11x_b25_e10_run1_20250728-043307.json,2025-07-28T04:33:07+08:00,CN,0.003752895940906258,1.846424802925879,yolo11x.pt,25,10,115W
yolo11x_b25_e10_run1_20250730-115454.json,2025-07-30T11:54:54+08:00,CN,0.003977641611937981,1.9569996730734867,yolo11x.pt,25,10,65W
yolo11x_b25_e1_run1_20250728-013449.json,2025-07-28T01:34:49+08:00,CN,0.000359549882486375,0.1768985421832965,yolo11x.pt,25,1,115W
yolo11x_b25_e1_run1_20250730-083001.json,2025-07-30T08:30:01+08:00,CN,0.0003374145540138664,0.16600796057482226,yolo11x.pt,25,1,65W
yolo11x_b25_e20_run1_20250728-082127.json,2025-07-28T08:21:27+08:00,CN,0.007758573301760899,3.817218064466362,yolo11x.pt,25,20,115W
yolo11x_b25_e20_run1_20250801-001955.json,2025-08-01T00:19:55+08:00,CN,0.0077183137760355024,3.797410377809467,yolo11x.pt,25,20,65W
yolo11x_b25_e5_run1_20250728-023320.json,2025-07-28T02:33:20+08:00,CN,0.0018163123141483265,0.8936256585609766,yolo11x.pt,25,5,115W
yolo11x_b25_e5_run1_20250730-093537.json,2025-07-30T09:35:37+08:00,CN,0.0017124189886370675,0.8425101424094372,yolo11x.pt,25,5,65W
yolo11x_b26_e10_run1_20250728-044243.json,2025-07-28T04:42:43+08:00,CN,0.0037111006239156385,1.825861506966494,yolo11x.pt,26,10,115W
yolo11x_b26_e10_run1_20250730-120449.json,2025-07-30T12:04:49+08:00,CN,0.003884054757678781,1.9109549407779602,yolo11x.pt,26,10,65W
yolo11x_b26_e1_run1_20250728-013618.json,2025-07-28T01:36:18+08:00,CN,0.00039164965688823976,0.19269163118901397,yolo11x.pt,26,1,115W
yolo11x_b26_e1_run1_20250730-083138.json,2025-07-30T08:31:38+08:00,CN,0.0003806762399263,0.1872927100437396,yolo11x.pt,26,1,65W
yolo11x_b26_e20_run1_20250728-084117.json,2025-07-28T08:41:17+08:00,CN,0.00818334210046083,4.026204313426729,yolo11x.pt,26,20,115W
yolo11x_b26_e20_run1_20250801-004018.json,2025-08-01T00:40:18+08:00,CN,0.008160593154703574,4.015011832114158,yolo11x.pt,26,20,65W
yolo11x_b26_e5_run1_20250728-023821.json,2025-07-28T02:38:21+08:00,CN,0.0019472217428584742,0.9580330974863693,yolo11x.pt,26,5,115W
yolo11x_b26_e5_run1_20250730-094104.json,2025-07-30T09:41:04+08:00,CN,0.0019529931242680332,0.9608726171398724,yolo11x.pt,26,5,65W
yolo11x_b27_e10_run1_20250728-045313.json,2025-07-28T04:53:13+08:00,CN,0.004111068983945147,2.0226459401010124,yolo11x.pt,27,10,115W
yolo11x_b27_e10_run1_20250730-121549.json,2025-07-30T12:15:49+08:00,CN,0.004368508012205791,2.1493059420052494,yolo11x.pt,27,10,65W
yolo11x_b27_e1_run1_20250728-013748.json,2025-07-28T01:37:48+08:00,CN,0.00040043077250049723,0.19701194007024464,yolo11x.pt,27,1,115W
yolo11x_b27_e1_run1_20250730-083317.json,2025-07-30T08:33:17+08:00,CN,0.00040020503087609096,0.19690087519103674,yolo11x.pt,27,1,65W
yolo11x_b27_e20_run1_20250728-090141.json,2025-07-28T09:01:41+08:00,CN,0.008372288655040257,4.119166018279806,yolo11x.pt,27,20,115W
yolo11x_b27_e20_run1_20250801-010056.json,2025-08-01T01:00:56+08:00,CN,0.00839998392377893,4.132792090499233,yolo11x.pt,27,20,65W
yolo11x_b27_e5_run1_20250728-024351.json,2025-07-28T02:43:51+08:00,CN,0.002078750387667756,1.0227451907325358,yolo11x.pt,27,5,115W
yolo11x_b27_e5_run1_20250730-094638.json,2025-07-30T09:46:38+08:00,CN,0.0019891002722979252,0.9786373339705792,yolo11x.pt,27,5,65W
yolo11x_b28_e10_run1_20250728-050405.json,2025-07-28T05:04:05+08:00,CN,0.004354673854321918,2.1424995363263837,yolo11x.pt,28,10,115W
yolo11x_b28_e10_run1_20250730-122655.json,2025-07-30T12:26:55+08:00,CN,0.004476245139132567,2.202312608453223,yolo11x.pt,28,10,65W
yolo11x_b28_e1_run1_20250728-013921.json,2025-07-28T01:39:21+08:00,CN,0.0003949707098014639,0.19432558922232024,yolo11x.pt,28,1,115W
yolo11x_b28_e1_run1_20250730-083459.json,2025-07-30T08:34:59+08:00,CN,0.0004067914793896778,0.20014140785972148,yolo11x.pt,28,1,65W
yolo11x_b28_e20_run1_20250728-092335.json,2025-07-28T09:23:35+08:00,CN,0.008934565014483293,4.39580598712578,yolo11x.pt,28,20,115W
yolo11x_b28_e20_run1_20250801-012311.json,2025-08-01T01:23:11+08:00,CN,0.008961833813495567,4.409222236239819,yolo11x.pt,28,20,65W
yolo11x_b28_e5_run1_20250728-024935.json,2025-07-28T02:49:35+08:00,CN,0.0021753637698742187,1.0702789747781156,yolo11x.pt,28,5,115W
yolo11x_b28_e5_run1_20250730-095226.json,2025-07-30T09:52:26+08:00,CN,0.0020740486238257074,1.020431922922248,yolo11x.pt,28,5,65W
yolo11x_b29_e10_run1_20250728-051509.json,2025-07-28T05:15:09+08:00,CN,0.004415649954978671,2.172499777849506,yolo11x.pt,29,10,115W
yolo11x_b29_e10_run1_20250730-123825.json,2025-07-30T12:38:25+08:00,CN,0.004528747099701274,2.2281435730530266,yolo11x.pt,29,10,65W
yolo11x_b29_e1_run1_20250728-014056.json,2025-07-28T01:40:56+08:00,CN,0.00043327481390198914,0.21317120843977866,yolo11x.pt,29,1,115W
yolo11x_b29_e1_run1_20250730-083643.json,2025-07-30T08:36:43+08:00,CN,0.00043103822448979987,0.21207080644898155,yolo11x.pt,29,1,65W
yolo11x_b29_e20_run1_20250728-094509.json,2025-07-28T09:45:09+08:00,CN,0.008965705515383594,4.411127113568728,yolo11x.pt,29,20,115W
yolo11x_b29_e20_run1_20250801-014532.json,2025-08-01T01:45:32+08:00,CN,0.00917833068754114,4.515738698270241,yolo11x.pt,29,20,65W
yolo11x_b29_e5_run1_20250728-025511.json,2025-07-28T02:55:11+08:00,CN,0.0021738257240608086,1.0695222562379179,yolo11x.pt,29,5,115W
yolo11x_b29_e5_run1_20250730-095816.json,2025-07-30T09:58:16+08:00,CN,0.002101011086371466,1.0336974544947612,yolo11x.pt,29,5,65W
yolo11x_b2_e10_run1_20250728-031258.json,2025-07-28T03:12:58+08:00,CN,0.0008390648129763785,0.41281988798437824,yolo11x.pt,2,10,115W
yolo11x_b2_e10_run1_20250730-102502.json,2025-07-30T10:25:02+08:00,CN,0.0006916610850480554,0.34029725384364323,yolo11x.pt,2,10,65W
yolo11x_b2_e1_run1_20250726-112318.json,2025-07-26T11:23:18+08:00,CN,5.9219789191519525e-05,0.029136136282227606,yolo11x.pt,2,1,115W
yolo11x_b2_e1_run1_20250730-080927.json,2025-07-30T08:09:27+08:00,CN,5.239209207908196e-05,0.025776909302908324,yolo11x.pt,2,1,65W
yolo11x_b2_e1_run2_20250726-112349.json,2025-07-26T11:23:49+08:00,CN,5.9444953630243344e-05,0.029246917186079725,yolo11x.pt,2,1,115W
yolo11x_b2_e1_run3_20250726-112420.json,2025-07-26T11:24:20+08:00,CN,5.872214240971805e-05,0.02889129406558128,yolo11x.pt,2,1,115W
yolo11x_b2_e20_run1_20250728-060011.json,2025-07-28T06:00:11+08:00,CN,0.001880279320966959,0.9250974259157438,yolo11x.pt,2,20,115W
yolo11x_b2_e20_run1_20250730-132627.json,2025-07-30T13:26:27+08:00,CN,0.0015135123846325208,0.7446480932392002,yolo11x.pt,2,20,65W
yolo11x_b2_e5_run1_20250728-014905.json,2025-07-28T01:49:05+08:00,CN,0.0003812735540285765,0.18758658858205965,yolo11x.pt,2,5,115W
yolo11x_b2_e5_run1_20250730-084547.json,2025-07-30T08:45:47+08:00,CN,0.00033357139963773963,0.1641171286217679,yolo11x.pt,2,5,65W
yolo11x_b30_e10_run1_20250728-052603.json,2025-07-28T05:26:03+08:00,CN,0.004364947643172845,2.14755424044104,yolo11x.pt,30,10,115W
yolo11x_b30_e10_run1_20250730-124959.json,2025-07-30T12:49:59+08:00,CN,0.004498143984508852,2.213086840378355,yolo11x.pt,30,10,65W
yolo11x_b30_e1_run1_20250728-014240.json,2025-07-28T01:42:40+08:00,CN,0.00047619675848044037,0.23428880517237666,yolo11x.pt,30,1,115W
yolo11x_b30_e1_run1_20250730-083835.json,2025-07-30T08:38:35+08:00,CN,0.00047844896188261205,0.23539688924624513,yolo11x.pt,30,1,65W
yolo11x_b30_e20_run1_20250728-100754.json,2025-07-28T10:07:54+08:00,CN,0.009278362403490508,4.5649543025173305,yolo11x.pt,30,20,115W
yolo11x_b30_e20_run1_20250801-020832.json,2025-08-01T02:08:32+08:00,CN,0.00951473155995187,4.68124792749632,yolo11x.pt,30,20,65W
yolo11x_b30_e5_run1_20250728-030057.json,2025-07-28T03:00:57+08:00,CN,0.002223764688842131,1.0940922269103284,yolo11x.pt,30,5,115W
yolo11x_b30_e5_run1_20250730-100411.json,2025-07-30T10:04:11+08:00,CN,0.0021250356317437666,1.0455175308179332,yolo11x.pt,30,5,65W
yolo11x_b31_e10_run1_20250728-053802.json,2025-07-28T05:38:02+08:00,CN,0.004824301335646964,2.373556257138306,yolo11x.pt,31,10,115W
yolo11x_b31_e10_run1_20250730-130231.json,2025-07-30T13:02:31+08:00,CN,0.004969772640508189,2.445128139130029,yolo11x.pt,31,10,65W
yolo11x_b31_e1_run1_20250728-014420.json,2025-07-28T01:44:20+08:00,CN,0.0004853018636832279,0.23876851693214812,yolo11x.pt,31,1,115W
yolo11x_b31_e1_run1_20250730-084020.json,2025-07-30T08:40:20+08:00,CN,0.00047224710876130223,0.2323455775105607,yolo11x.pt,31,1,65W
yolo11x_b31_e20_run1_20250728-103127.json,2025-07-28T10:31:27+08:00,CN,0.009620815537620541,4.733441244509306,yolo11x.pt,31,20,115W
yolo11x_b31_e20_run1_20250801-023231.json,2025-08-01T02:32:31+08:00,CN,0.01002477722055148,4.932190392511329,yolo11x.pt,31,20,65W
yolo11x_b31_e5_run1_20250730-101031.json,2025-07-30T10:10:31+08:00,CN,0.002302756683778432,1.1329562884189885,yolo11x.pt,31,5,65W
yolo11x_b31_e5_run1_20250731-204837.json,2025-07-31T20:48:37+08:00,CN,0.0029143704040456727,1.433870238790471,yolo11x.pt,31,5,115W
yolo11x_b32_e10_run1_20250728-055015.json,2025-07-28T05:50:15+08:00,CN,0.004997405431353544,2.4587234722259437,yolo11x.pt,32,10,115W
yolo11x_b32_e10_run1_20250730-131513.json,2025-07-30T13:15:13+08:00,CN,0.005049453988005118,2.484331362098518,yolo11x.pt,32,10,65W
yolo11x_b32_e1_run1_20250728-014602.json,2025-07-28T01:46:02+08:00,CN,0.0005114066481936179,0.25161207091126,yolo11x.pt,32,1,115W
yolo11x_b32_e1_run1_20250730-084210.json,2025-07-30T08:42:10+08:00,CN,0.0005087475472438195,0.2503037932439592,yolo11x.pt,32,1,65W
yolo11x_b32_e20_run1_20250728-105616.json,2025-07-28T10:56:16+08:00,CN,0.010190065459207944,5.013512205930309,yolo11x.pt,32,20,115W
yolo11x_b32_e20_run1_20250801-025737.json,2025-08-01T02:57:37+08:00,CN,0.00980869551671204,4.825878194222324,yolo11x.pt,32,20,65W
yolo11x_b32_e5_run1_20250728-030739.json,2025-07-28T03:07:39+08:00,CN,0.002545185228594665,1.2522311324685753,yolo11x.pt,32,5,115W
yolo11x_b32_e5_run1_20250730-101842.json,2025-07-30T10:18:42+08:00,CN,0.0030782099483542434,1.5144792945902879,yolo11x.pt,32,5,65W
yolo11x_b3_e10_run1_20250728-031451.json,2025-07-28T03:14:51+08:00,CN,0.0006724932600123012,0.3308666839260522,yolo11x.pt,3,10,115W
yolo11x_b3_e10_run1_20250730-102716.json,2025-07-30T10:27:16+08:00,CN,0.0005366407680743048,0.264027257892558,yolo11x.pt,3,10,65W
yolo11x_b3_e1_run1_20250728-012010.json,2025-07-28T01:20:10+08:00,CN,4.547361175096014e-05,0.02237301698147239,yolo11x.pt,3,1,115W
yolo11x_b3_e1_run1_20250730-081016.json,2025-07-30T08:10:16+08:00,CN,4.161377507421957e-05,0.020473977336516028,yolo11x.pt,3,1,65W
yolo11x_b3_e20_run1_20250728-060334.json,2025-07-28T06:03:34+08:00,CN,0.0015000443888371056,0.7380218393078559,yolo11x.pt,3,20,115W
yolo11x_b3_e20_run1_20250730-133016.json,2025-07-30T13:30:16+08:00,CN,0.0011857795921077444,0.5834035593170103,yolo11x.pt,3,20,65W
yolo11x_b3_e5_run1_20250728-015012.json,2025-07-28T01:50:12+08:00,CN,0.00029875229697690623,0.14698613011263786,yolo11x.pt,3,5,115W
yolo11x_b3_e5_run1_20250730-084709.json,2025-07-30T08:47:09+08:00,CN,0.0002644565747575479,0.13011263478071358,yolo11x.pt,3,5,65W
yolo11x_b4_e10_run1_20250728-031634.json,2025-07-28T03:16:34+08:00,CN,0.0005728168945825455,0.2818259121346124,yolo11x.pt,4,10,115W
yolo11x_b4_e10_run1_20250730-102921.json,2025-07-30T10:29:21+08:00,CN,0.0004672915764024112,0.22990745558998632,yolo11x.pt,4,10,65W
yolo11x_b4_e1_run1_20250726-112453.json,2025-07-26T11:24:53+08:00,CN,3.743321844447822e-05,0.018417143474683283,yolo11x.pt,4,1,115W
yolo11x_b4_e1_run1_20250730-081104.json,2025-07-30T08:11:04+08:00,CN,3.4450113809894415e-05,0.01694945599446805,yolo11x.pt,4,1,65W
yolo11x_b4_e1_run2_20250726-112522.json,2025-07-26T11:25:22+08:00,CN,3.6449764874493016e-05,0.017933284318250566,yolo11x.pt,4,1,115W
yolo11x_b4_e1_run3_20250726-112550.json,2025-07-26T11:25:50+08:00,CN,3.475542230119653e-05,0.017099667772188694,yolo11x.pt,4,1,115W
yolo11x_b4_e20_run1_20250728-060636.json,2025-07-28T06:06:36+08:00,CN,0.0012431661907356326,0.6116377658419312,yolo11x.pt,4,20,115W
yolo11x_b4_e20_run1_20250730-133347.json,2025-07-30T13:33:47+08:00,CN,0.0010271968309088413,0.50538084080715,yolo11x.pt,4,20,65W
yolo11x_b4_e5_run1_20250728-015116.json,2025-07-28T01:51:16+08:00,CN,0.0002581236983715115,0.12699685959878368,yolo11x.pt,4,5,115W
yolo11x_b4_e5_run1_20250730-084827.json,2025-07-30T08:48:27+08:00,CN,0.000219953158342605,0.10821695390456167,yolo11x.pt,4,5,65W
yolo11x_b5_e10_run1_20250728-031817.json,2025-07-28T03:18:17+08:00,CN,0.0005352578832854682,0.2633468785764504,yolo11x.pt,5,10,115W
yolo11x_b5_e10_run1_20250730-103132.json,2025-07-30T10:31:32+08:00,CN,0.00045449853278325806,0.22361327812936296,yolo11x.pt,5,10,65W
yolo11x_b5_e1_run1_20250728-012047.json,2025-07-28T01:20:47+08:00,CN,3.726093535191414e-05,0.018332380193141755,yolo11x.pt,5,1,115W
yolo11x_b5_e1_run1_20250730-081151.json,2025-07-30T08:11:51+08:00,CN,3.508049609749034e-05,0.017259604079965248,yolo11x.pt,5,1,65W
yolo11x_b5_e20_run1_20250728-060933.json,2025-07-28T06:09:33+08:00,CN,0.0011514654875850133,0.5665210198918266,yolo11x.pt,5,20,115W
yolo11x_b5_e20_run1_20250730-133710.json,2025-07-30T13:37:10+08:00,CN,0.0009713762041145278,0.4779170924243477,yolo11x.pt,5,20,65W
yolo11x_b5_e5_run1_20250728-015219.json,2025-07-28T01:52:19+08:00,CN,0.00024451437697812925,0.1203010734732396,yolo11x.pt,5,5,115W
yolo11x_b5_e5_run1_20250730-084944.json,2025-07-30T08:49:44+08:00,CN,0.0002153571164148949,0.10595570127612829,yolo11x.pt,5,5,65W
yolo11x_b6_e10_run1_20250728-031958.json,2025-07-28T03:19:58+08:00,CN,0.0005178564987655251,0.25478539739263834,yolo11x.pt,6,10,115W
yolo11x_b6_e10_run1_20250730-103332.json,2025-07-30T10:33:32+08:00,CN,0.0004168881104614333,0.2051089503470252,yolo11x.pt,6,10,65W
yolo11x_b6_e1_run1_20250728-012122.json,2025-07-28T01:21:22+08:00,CN,3.539005779386818e-05,0.017411908434583144,yolo11x.pt,6,1,115W
yolo11x_b6_e1_run1_20250730-081240.json,2025-07-30T08:12:40+08:00,CN,3.2714932138694417e-05,0.016095746612237654,yolo11x.pt,6,1,65W
yolo11x_b6_e20_run1_20250728-061228.json,2025-07-28T06:12:28+08:00,CN,0.0010891223196937772,0.5358481812893384,yolo11x.pt,6,20,115W
yolo11x_b6_e20_run1_20250730-134033.json,2025-07-30T13:40:33+08:00,CN,0.0009397136909908863,0.462339135967516,yolo11x.pt,6,20,65W
yolo11x_b6_e5_run1_20250728-015321.json,2025-07-28T01:53:21+08:00,CN,0.00023765222801962435,0.11692489618565519,yolo11x.pt,6,5,115W
yolo11x_b6_e5_run1_20250730-085106.json,2025-07-30T08:51:06+08:00,CN,0.00019933182992665877,0.09807126032391612,yolo11x.pt,6,5,65W
yolo11x_b7_e10_run1_20250728-032139.json,2025-07-28T03:21:39+08:00,CN,0.0004911928370068182,0.24166687580735458,yolo11x.pt,7,10,115W
yolo11x_b7_e10_run1_20250730-103535.json,2025-07-30T10:35:35+08:00,CN,0.0004115658473978558,0.20249039691974505,yolo11x.pt,7,10,65W
yolo11x_b7_e1_run1_20250728-012157.json,2025-07-28T01:21:57+08:00,CN,3.466887423407417e-05,0.01705708612316449,yolo11x.pt,7,1,115W
yolo11x_b7_e1_run1_20250730-081327.json,2025-07-30T08:13:27+08:00,CN,3.330422876629169e-05,0.01638568055301551,yolo11x.pt,7,1,65W
yolo11x_b7_e20_run1_20250728-061519.json,2025-07-28T06:15:19+08:00,CN,0.0010606520099436063,0.5218407888922543,yolo11x.pt,7,20,115W
yolo11x_b7_e20_run1_20250730-134353.json,2025-07-30T13:43:53+08:00,CN,0.0009106677871411153,0.44804855127342874,yolo11x.pt,7,20,65W
yolo11x_b7_e5_run1_20250728-015424.json,2025-07-28T01:54:24+08:00,CN,0.0002247364931211158,0.11057035461558898,yolo11x.pt,7,5,115W
yolo11x_b7_e5_run1_20250730-085224.json,2025-07-30T08:52:24+08:00,CN,0.00020067793784861581,0.09873354542151898,yolo11x.pt,7,5,65W
yolo11x_b8_e10_run1_20250728-032318.json,2025-07-28T03:23:18+08:00,CN,0.000471190183382614,0.2318255702242461,yolo11x.pt,8,10,115W
yolo11x_b8_e10_run1_20250730-103734.json,2025-07-30T10:37:34+08:00,CN,0.00038471567402078454,0.189280111618226,yolo11x.pt,8,10,65W
yolo11x_b8_e1_run1_20250726-112622.json,2025-07-26T11:26:22+08:00,CN,3.12878823522957e-05,0.015393638117329484,yolo11x.pt,8,1,115W
yolo11x_b8_e1_run1_20250730-081414.json,2025-07-30T08:14:14+08:00,CN,3.0678405581767654e-05,0.015093775546229685,yolo11x.pt,8,1,65W
yolo11x_b8_e1_run2_20250726-112650.json,2025-07-26T11:26:50+08:00,CN,3.09007344569186e-05,0.015203161352803952,yolo11x.pt,8,1,115W
yolo11x_b8_e1_run3_20250726-112717.json,2025-07-26T11:27:17+08:00,CN,3.0066298813115348e-05,0.014792619016052751,yolo11x.pt,8,1,115W
yolo11x_b8_e20_run1_20250728-061806.json,2025-07-28T06:18:06+08:00,CN,0.0009997997368848069,0.49190147054732497,yolo11x.pt,8,20,115W
yolo11x_b8_e20_run1_20250730-134708.json,2025-07-30T13:47:08+08:00,CN,0.0008841657830575525,0.43500956526431583,yolo11x.pt,8,20,65W
yolo11x_b8_e5_run1_20250728-015525.json,2025-07-28T01:55:25+08:00,CN,0.00021921560925428725,0.10785407975310933,yolo11x.pt,8,5,115W
yolo11x_b8_e5_run1_20250730-085338.json,2025-07-30T08:53:38+08:00,CN,0.00019461059644994494,0.09574841345337291,yolo11x.pt,8,5,65W
yolo11x_b9_e10_run1_20250728-032457.json,2025-07-28T03:24:57+08:00,CN,0.00047639615295990204,0.23438690725627181,yolo11x.pt,9,10,115W
yolo11x_b9_e10_run1_20250730-103932.json,2025-07-30T10:39:32+08:00,CN,0.00039647850833596796,0.19506742610129624,yolo11x.pt,9,10,65W
yolo11x_b9_e1_run1_20250728-012231.json,2025-07-28T01:22:31+08:00,CN,3.264344956742639e-05,0.016060577187173783,yolo11x.pt,9,1,115W
yolo11x_b9_e1_run1_20250730-081501.json,2025-07-30T08:15:01+08:00,CN,3.158695851966248e-05,0.01554078359167394,yolo11x.pt,9,1,65W
yolo11x_b9_e20_run1_20250728-062057.json,2025-07-28T06:20:57+08:00,CN,0.0010152736793336825,0.4995146502321718,yolo11x.pt,9,20,115W
yolo11x_b9_e20_run1_20250730-135025.json,2025-07-30T13:50:25+08:00,CN,0.0008948736356882157,0.44027782875860216,yolo11x.pt,9,20,65W
yolo11x_b9_e5_run1_20250728-015628.json,2025-07-28T01:56:28+08:00,CN,0.00022283448595870588,0.10963456709168329,yolo11x.pt,9,5,115W
yolo11x_b9_e5_run1_20250730-085455.json,2025-07-30T08:54:55+08:00,CN,0.00019136223005642046,0.09415021718775887,yolo11x.pt,9,5,65W
