model,epochs,tag,batch,avg_mem,avg_power,avg_step_time,energy_per_img,gpu_util_early_late,gpu_util_max,gpu_util_mean,gpu_util_p95,gpu_util_slope,gpu_util_std,is65W,map50,mem_clock_early_late,mem_clock_max,mem_clock_mean,mem_clock_p95,mem_clock_slope,mem_clock_std,mem_util_early_late,mem_util_max,mem_util_mean,mem_util_p95,mem_util_slope,mem_util_std,power_early_late,power_limit_w,power_peak_to_mean,power_range,power_slope,pwr_max,pwr_mean,pwr_min,pwr_p95,pwr_std,sm_clock_early_late,sm_clock_max,sm_clock_mean,sm_clock_p95,sm_clock_slope,sm_clock_std,step_time_cv,step_time_mean,step_time_p95,step_time_slope,step_time_std,temp_early_late,temp_max,temp_mean,temp_p95,temp_slope,temp_std,thr_mean,thr_p95,thr_std,throughput,throughput_var_ratio,vram_total_mb,n_logs,delta_map,true_score,rel,pred_score,rank_pred
yolo11m.pt,5,65W,3,2485.062082122093,26.982007035175872,0.0882221423256259,0.7934701549627751,40.54435483870967,63.0,26.6572864321608,61.0,0.0560294746623471,25.849159170512284,1.0,0.76056,745.967741935483,8000.0,7571.859296482412,8000.0,1.0312891455410431,494.8092981230777,15.185483870967742,27.0,10.834170854271356,25.0,0.0211932246137721,10.155159996955916,18.256971774193552,48.137,2.210176578868099,46.448,0.0262391247162091,59.635,26.98200703517588,13.187,39.05,11.332460256017749,193.9112903225805,2505.0,2155.311557788945,2505.0,0.2643740386254071,199.1711554490256,0.3229576878564206,0.0882221423256259,0.1246143400001528,-0.0001196063830331,0.0284920191032242,5.411290322580655,75.0,70.25628140703517,74.0,0.0078815448847349,2.911016718067827,35.57042602514162,42.297239450798806,5.905005349450355,34.00506857934904,0.0275589367008997,8188.0,1,0.04537000000000002,-122.15072264285271,27,1.2099186182022095,1
yolo11m.pt,5,65W,4,2747.92109375,26.000544662309373,0.0933958287500047,0.607085604171974,37.75982532751092,71.0,26.685185185185187,70.0,0.0613201048803676,29.36988992345789,1.0,0.76815,737.9912663755458,8000.0,7546.840958605664,8000.0,1.1565837630657907,497.8010893890274,15.624454148471616,33.0,11.859477124183009,32.0,0.0255508250918228,12.814873938596229,17.825838427947602,46.97,1.7008489850639965,30.782,0.027806557887174,44.223,26.00054466230937,13.441,39.6494,11.23876134832124,129.6943231441046,2505.0,2074.8692810457514,2505.0,0.2020755639637168,217.12090221931385,0.3389761960004878,0.0933958287500047,0.1268264750003254,-0.0001972978820464,0.0316589627519896,4.947598253275103,76.0,70.66884531590414,75.0,0.0080407102965837,2.8752813589776145,44.7467922180994,52.16476947322112,6.949286573428371,42.82846518453103,0.0241188517556236,8188.0,1,0.037780000000000036,-132.35145653083353,26,0.9315004348754883,2
yolo11m.pt,5,65W,5,3016.1239783653846,25.254052631578936,0.1024639038461967,0.5175257641137794,39.71100917431193,82.0,27.87871853546911,80.0,0.0694661440692722,32.4871941707119,1.0,0.77144,665.1376146788998,8000.0,7494.279176201373,8000.0,1.117971980601446,499.96727110388446,17.504587155963304,40.0,13.27116704805492,39.0,0.0307370398205284,15.136100080281157,17.834385321100918,49.262,1.935293345309872,35.529,0.0298022624288197,48.874,25.254052631578947,13.345,39.653,11.176665117273712,84.63302752293566,2505.0,2045.5263157894733,2505.0,0.1875788530043177,238.4338388982057,0.3581678490351983,0.1024639038461967,0.13442006499954,-0.0002815252506523,0.0366992760443416,5.224770642201847,77.0,70.83409610983982,75.0,0.00878165831432,2.9087857005342386,51.13719342653223,59.68844738215869,8.037254368472976,48.797672275938645,0.0247025421523915,8188.0,1,0.03449000000000002,-143.74656202496132,25,0.8990384936332703,3
yolo11m.pt,5,65W,6,3104.1813210227274,25.32969050410316,0.1131933145454075,0.4778586040947953,43.63849765258216,81.0,27.485345838218056,78.0,0.0746944333925835,31.584031959548472,1.0,0.78781,549.2957746478869,8000.0,7471.277842907386,8000.0,0.9697838792213552,499.17435600393895,20.070422535211268,41.0,13.42907385697538,40.0,0.0341679736520713,15.833577590987842,17.195868544600934,46.838,2.3135695238955662,45.084,0.0301460907740757,58.602,25.32969050410316,13.518,39.7404,11.411534979213828,27.74647887323954,2505.0,2008.856975381008,2505.0,0.0913889541001285,263.09059180644425,0.30098656968392,0.1131933145454075,0.1475560099996528,-0.0003057455302835,0.0340696674561751,4.840375586854449,78.0,71.19226260257913,76.0,0.0087097837345986,2.911848482729484,55.30552263148657,64.80331992904956,8.964905289360042,53.00666407814304,0.0262757069818116,8188.0,1,0.018120000000000025,-146.9077859789244,24,0.7455211281776428,4
yolo11m.pt,5,65W,7,3375.466488486842,25.511528571428578,0.1298067052632081,0.473081067155049,45.04285714285714,87.0,27.335714285714285,83.0,0.076586843235322,34.13463065867392,1.0,0.79304,757.1428571428569,8000.0,7520.238095238095,8000.0,1.2880747927849727,499.5902516073886,21.88095238095238,43.0,13.895238095238096,43.0,0.0368024493070021,17.04632277593634,17.4975380952381,47.705,2.385627338228599,47.302,0.0308743504050155,60.861,25.51152857142857,13.559,40.60365,11.638806720321169,4.571428571428669,2505.0,1983.625,2490.0,-0.0154338471892071,269.00508243339937,0.3233938430802641,0.1298067052632081,0.1696029699999598,-0.0004937601651716,0.041978689272656,4.152380952380952,75.0,71.06547619047619,75.0,0.0075267052735132,2.481214854500717,57.0312873428284,67.06622320848558,11.815392028641568,53.92633597629759,0.0429210089143216,8188.0,1,0.012890000000000068,-160.25017120288143,22,0.5464448928833008,5
yolo11m.pt,5,65W,8,3187.18359375,26.641321368939288,0.1396455850000165,0.4650140973239234,42.11507228013592,87.0,31.5645962866163,84.0,0.0853000563355532,35.14730636966034,1.0,0.80593,663.8109773656624,8000.0,7504.246650768169,8000.0,1.293749101595596,499.7707939272348,22.2530236710246,49.5,16.710428651619107,48.5,0.0443341607908616,19.268351175042007,15.973789595691988,55.787,2.2859412735404048,46.727,0.0321730413745667,60.874,26.64132136893929,14.147,45.27435000000001,12.675200382910695,4.308083280539107,2490.0,1977.1021100071152,2490.0,0.0112278102462047,295.4833456783921,0.2037173731461764,0.1396455850000165,0.167146940000066,-0.0003790187974651,0.0285005588229167,4.244039048551521,79.5,73.9308746080496,77.5,0.0082873844033373,2.5718793242468747,58.78951567825947,68.54845895441547,7.866399375535521,57.289194846785904,0.0181076774550324,8188.0,2,0.0,-150.16481764414604,23,0.3757018446922302,6
yolo11m.pt,5,65W,10,4107.477824519231,24.955166462668306,0.1752078538461389,0.4372341158297255,45.13235294117647,90.0,29.31089351285189,88.0,0.0830273944605508,35.16589523002265,1.0,0.79059,509.8039215686276,8000.0,7470.012239902081,8000.0,0.9800019399355796,499.09992410769775,24.25490196078432,56.0,16.56670746634027,49.0,0.0446432516559427,20.09593315340447,17.385328431372557,48.706,2.2138101175420046,41.752,0.0317727178647118,55.246,24.9551664626683,13.494,40.0166,11.349517972356724,-73.30882352941171,2490.0,1963.8800489596083,2490.0,-0.0960786323489372,288.6483510375009,0.220981118144601,0.1752078538461389,0.2034535600007075,-0.0007927545104891,0.0387176274506356,4.833333333333329,77.0,70.87760097919217,75.0,0.0084445730302127,2.67811295160254,58.82617162245882,68.23989836092804,8.766420951274073,57.07506701601192,0.0222076943125726,8188.0,1,0.01534000000000002,-195.73945505995846,20,0.1968342810869217,7
yolo11m.pt,5,65W,9,4023.0819270833335,24.96414510278108,0.1575760799999868,0.4370835695385677,52.12135922330097,88.0,31.60459492140266,86.0,0.0927118105179106,35.00854451824197,1.0,0.78136,524.2718446601939,8000.0,7389.359129383313,8000.0,0.8659135039522953,487.6049607512023,28.689320388349515,55.0,18.287787182587667,50.0,0.0516814196992839,20.19456469820813,17.27255339805826,51.091,2.231440322536583,42.373000000000005,0.0313516718639723,55.706,24.96414510278114,13.333,40.0625,11.431844693179729,-1.5291262135922352,2490.0,2001.36638452237,2490.0,0.0677596305243353,291.1833339336043,0.2926184246493356,0.1575760799999868,0.1900842299995019,-0.000770893863445,0.0461096642920138,4.752427184466015,76.0,70.88270858524788,75.0,0.0084127738005388,2.6934518501596103,60.58686965971587,80.61040996234522,15.175007404970453,57.11526774876462,0.062733684371224,8188.0,1,0.02456999999999998,-191.51121656037162,21,0.1767214685678482,8
yolo11m.pt,5,65W,11,4411.90859375,25.781209617755867,0.191110385000032,0.4479142632559866,44.75247524752475,91.0,27.794081381011097,89.0,0.079250616016635,35.78691926003243,1.0,0.78801,702.970297029703,8000.0,7493.218249075216,8000.0,1.283843232905693,499.95400573892215,24.65346534653465,52.0,15.720098643649814,48.0,0.0435555087623628,20.324235604025223,18.88147524752475,49.856,2.477812365949048,50.353,0.034417498449413,63.881,25.78120961775586,13.528,41.281,12.071843210589943,36.31188118811883,2490.0,1966.5351418002467,2490.0,0.0256992489017673,315.14155069926545,0.2351935630561202,0.191110385000032,0.2219451100005244,-0.00101366019728,0.0449479323851844,4.702970297029708,80.0,70.99136868064119,75.0,0.0084908048001717,2.737360726941435,59.837391364528905,71.56046882782009,11.1839360013963,57.55835822317115,0.0349336562454235,8188.0,1,0.017920000000000047,-211.06407710587544,19,0.16124869883060455,9
yolo11m.pt,5,65W,12,4490.344957386364,24.20313990267641,0.1991287072727407,0.4016283300634369,43.82926829268293,91.0,27.5352798053528,90.0,0.0823258900691035,35.36807633250436,1.0,0.79287,570.7317073170734,8000.0,7409.9756690997565,8000.0,0.9742075417800342,491.8288521894211,25.80975609756097,63.0,16.819951338199512,55.0,0.0491501159718669,21.62293976510185,17.053126829268294,48.986,2.371427849064043,43.823,0.0314488919462741,57.396,24.2031399026764,13.573,42.824,11.974749387525929,-57.43902439024396,2505.0,1960.7116788321168,2490.0,-0.0688155270323855,293.6246935571404,0.2439037531976562,0.1991287072727407,0.235621760000049,-0.0010188108080864,0.0485682390732188,4.351219512195115,76.0,70.64111922141119,75.0,0.0078195762576911,2.5972871328573683,62.71488827312148,72.08658029717236,11.52306310188134,60.26253152722953,0.0337593887360604,8188.0,1,0.013060000000000072,-213.70073638195225,18,0.09487222135066986,10
yolo11m.pt,5,65W,16,4529.07109375,27.39181507033348,0.2531016787499765,0.433333175068285,45.70761814446025,91.0,31.927343132606293,89.5,0.0978813737935539,38.33148465153068,1.0,0.7944,604.7099731310254,8000.0,7491.382171645329,8000.0,1.291297842621273,499.7565248322328,28.614256361624783,65.0,20.22776197249881,59.5,0.0617649672068121,25.279562295009963,18.013975185712027,51.758,3.021855366106541,68.614,0.0384425058060533,82.775,27.391815070333493,14.161,49.8525,14.5438485534262,62.6697486960644,2490.0,2021.9172000948315,2490.0,0.1274750379622575,305.06949266801,0.1255522040156828,0.2531016787499765,0.2814378750008472,-0.0011255795168856,0.0319928070336756,4.153168958432126,79.5,73.50522364469734,77.5,0.0084522590539232,2.606531457129252,64.10321964787656,74.69118745954742,6.706299586931172,63.23583605637632,0.0115190673048131,8188.0,2,0.01153000000000004,-215.70150139168715,17,-0.06596769392490387,11
yolo11m.pt,5,65W,15,4766.82109375,25.77520075282307,0.2385649866667032,0.4099373615952557,44.040201005025125,91.0,27.52823086574655,88.0,0.0823911351172898,36.27198619031103,1.0,0.78352,693.4673366834168,8000.0,7478.042659974906,8000.0,1.3063070088605846,499.5176425503132,26.889447236180903,67.0,17.70012547051443,57.0,0.0505424974894756,23.58825308916624,18.68027638190954,48.444,2.882460575670301,60.745000000000005,0.0354117725446697,74.296,25.77520075282309,13.551,48.6812,13.956366794683834,178.0402010050252,2505.0,2044.9121706399,2505.0,0.3006417783391498,284.42912922333795,0.2203847482550315,0.2385649866667032,0.2827882000005047,-0.0016370669038255,0.0525760845290063,3.633165829145725,75.0,70.61229611041405,75.0,0.0072647698070923,2.391746446456636,65.980825387074,94.95912394027184,16.168742663689464,62.87594927312761,0.060050552831056,8188.0,1,0.02241000000000004,-227.21307113140864,16,-0.19827024638652802,12
yolo11m.pt,5,65W,13,4760.54859375,25.593834532374075,0.2153378719998727,0.4239478357321762,46.66346153846154,89.0,27.6726618705036,87.0,0.0815038702337438,35.73778130800123,1.0,0.7918,533.6538461538457,8000.0,7456.8345323741,8000.0,0.9767160213501704,498.1332576777397,27.6875,54.0,17.047961630695443,53.0,0.0474603040716566,21.74128678346629,17.879697115384616,48.396,3.1517746939390467,67.42,0.0321892359545808,80.666,25.593834532374103,13.246,49.622,13.875493271728091,83.14903846153857,2505.0,2045.2517985611512,2490.0,0.1821820357833398,293.5253495732335,0.2391663987054031,0.2153378719998727,0.2699490799999693,-0.0017433689123632,0.0515015833510946,4.961538461538467,78.0,70.61270983213429,75.34999999999991,0.0083074387726916,2.809265518375411,62.63238947173432,77.83975827259707,10.399798496349929,60.370244580143726,0.0275709599810094,8188.0,1,0.014130000000000087,-227.5959196731691,15,-0.20897874236106873,13
yolo11m.pt,5,65W,17,5182.08359375,25.35603698979593,0.2680657300000121,0.3998285038574679,39.9234693877551,91.0,26.346938775510203,90.0,0.0781190593229751,35.03204860416266,1.0,0.79882,576.5306122448974,8000.0,7437.5,8000.0,1.1267769425655938,496.0783708246107,24.301020408163264,63.0,17.306122448979593,57.84999999999991,0.0483721829020062,23.09674999810151,15.280693877551023,51.623,3.102969128482615,65.232,0.0317970328178126,78.679,25.35603698979592,13.447,47.489,13.475542653395395,81.12244897959181,2505.0,2008.0676020408164,2505.0,0.1538193028144703,304.72490399315507,0.2281705660275821,0.2680657300000121,0.3188508300000194,-0.0015506294371451,0.0611647093466997,4.219387755102048,77.0,70.23724489795919,75.0,0.0081084809646825,2.6558254340116854,67.41747388555501,122.09864250027964,19.83729409522556,63.41728202258168,0.0865804647506695,8188.0,1,0.007110000000000061,-247.68651717766426,14,-0.4109019935131073,14
yolo11m.pt,5,65W,32,7820.77109375,26.4007272605627,0.4881635875000938,0.4025956585952127,50.02694610778444,100.0,31.270878633793863,96.5,0.1045599699009355,39.70018786611448,1.0,0.77828,619.0412471147097,8000.0,7498.502994011977,8000.0,1.3722315004549586,499.9955179059653,35.41857625531061,78.5,22.0929774529154,71.0,0.0735941707055598,29.143359150590328,16.65903367008999,52.846,2.3061723987612863,46.7775,0.0371802331714549,60.9115,26.40072726056267,14.134,50.718875,14.227993247196109,43.27158532097826,2490.0,1987.2723756397816,2490.0,0.0292641395062644,290.78516800886644,0.0677708271744575,0.4881635875000938,0.5238781450001171,-0.0021361123684435,0.0333065514444889,3.706804268557853,78.0,73.02687502090791,77.0,0.0083682987155193,2.5875229564443445,65.85179842301606,69.28890151870706,3.618108477169152,65.56456115035454,0.0034807766581779,8188.0,2,0.027650000000000063,-379.2921695205624,1,-1.2463568449020386,15
yolo11m.pt,5,65W,19,5572.828794642857,25.237060869565287,0.30529084571434,0.4055075608533613,43.4726368159204,89.0,26.03105590062112,86.0,0.0820241302312015,34.92868019446641,1.0,0.78833,696.5174129353227,8000.0,7443.478260869565,8000.0,1.291187512953858,496.7950211160244,26.855721393034823,65.0,17.13416149068323,60.0,0.0516396103111893,23.335402437189675,18.886462686567164,47.802,2.747388071786765,55.89,0.0348805664662523,69.336,25.237060869565216,13.446,48.61719999999999,13.808532276452675,132.46268656716438,2505.0,2056.6211180124224,2505.0,0.2681888248445366,276.18566408253844,0.1939124729498938,0.30529084571434,0.3473752599999897,-0.0027715508403416,0.0591997028614321,4.393034825870643,76.0,70.01739130434783,74.0,0.008258539308758,2.686926370210132,64.01558171940455,79.48262316233861,10.068071337314072,62.2357344372463,0.0247355274476407,8188.0,1,0.01760000000000006,-267.5435976618386,12,-1.2564133405685425,16
yolo11m.pt,5,65W,18,5344.33359375,24.913104294478515,0.2710958499999378,0.3752132880471531,43.82266009852216,92.0,26.058895705521472,90.0,0.0842711276940797,36.25535159153656,1.0,0.79051,650.2463054187192,8000.0,7483.435582822086,8000.0,1.193388526481267,499.725544757876,26.87192118226601,60.0,16.58282208588957,56.0,0.0511992849777043,22.62270317146688,18.978660098522163,51.702,3.03414617088698,62.148,0.0340791094496615,75.59,24.91310429447853,13.442,48.46089999999998,13.687960620599618,46.25615763546784,2505.0,1994.8343558282209,2505.0,0.0896664027302786,295.9777446409519,0.2534092044403697,0.2710958499999378,0.3241089899997859,-0.0025909870544045,0.06869818367557,3.93596059113301,75.0,69.86380368098159,74.0,0.0071151767561005,2.5297935628547434,72.80253222895963,156.1547000780966,28.61583956756958,66.39718018554738,0.1544969869430137,8188.0,1,0.01541999999999999,-254.77299892017933,13,-1.2959312200546265,17
yolo11m.pt,5,65W,21,5991.4193080357145,25.50218304668304,0.308406385714261,0.3745255286310008,48.8128078817734,95.0,29.345208845208845,88.0,0.0899525436369209,37.36742324266792,1.0,0.78517,600.9852216748768,8000.0,7443.488943488944,8000.0,1.0508492658222144,496.7962363907401,32.1576354679803,71.0,20.19041769041769,63.0,0.0593408282856588,26.334119581358497,18.74789655172414,49.082,2.818895930140779,58.641000000000005,0.0333367598838406,71.888,25.502183046683044,13.247,50.322,14.249255631997151,-4.729064039408968,2490.0,1993.9864864864865,2490.0,0.0140540229055853,281.7995411455926,0.2772164516703256,0.308406385714261,0.3642256800003451,-0.0029531795518251,0.0854953239201772,4.192118226600982,75.0,69.31941031941032,73.0,0.0077834242414416,2.6510749099328232,79.65130306830851,184.4658286465576,47.16311475124499,68.09197530513046,0.3506058740358959,8188.0,1,0.02076,-286.79610372425145,11,-1.3123294115066528,18
yolo11m.pt,5,65W,28,7461.13359375,25.33746143958866,0.4028603279998788,0.3645520723656061,51.41237113402062,100.0,29.59511568123393,96.59999999999992,0.0959386152485208,39.68211510138767,1.0,0.78668,680.4123711340208,8000.0,7440.874035989717,8000.0,1.2910105441892603,496.4918130038549,36.47938144329897,79.0,21.4280205655527,73.0,0.0675575592894283,29.516246869203965,18.283474226804124,51.608,2.8424315581778,58.78999999999999,0.035088237312112,72.02,25.337461439588687,13.23,50.085,14.683949740312364,94.17525773195894,2505.0,2020.95115681234,2505.0,0.1446807135664049,261.5081239649928,0.2077624808751574,0.4028603279998788,0.4512602400000105,-0.0038703704615482,0.0836992611914344,4.298969072164951,75.0,68.56041131105398,73.0,0.0082401957193644,2.5961363096490584,72.96130154741363,109.75427572586304,17.57367441879861,69.50299658200254,0.0580149612917642,8188.0,1,0.01924999999999999,-359.8089441447759,4,-1.329235553741455,19
yolo11m.pt,5,65W,22,6255.200260416666,25.58726424870468,0.3385394566666037,0.393740842560968,51.46632124352332,92.0,28.458549222797927,87.0,0.0970782028165615,37.18821463501314,1.0,0.78163,637.3056994818653,8000.0,7435.233160621761,8000.0,1.257251495654591,495.7875114572305,33.64248704663212,71.0,19.53497409326425,63.0,0.0634835847762427,26.09890652672101,18.915974093264253,51.177,2.9422449882976927,61.982000000000006,0.036695935949211,75.284,25.58726424870466,13.302,49.55484999999999,14.384408978589745,38.78238341968927,2505.0,2029.2940414507773,2490.0,0.0926129843446945,268.67753331363764,0.1588728203710984,0.3385394566666037,0.3671874749996277,-0.0026285088542843,0.0537847182875225,4.336787564766837,76.0,68.96373056994818,74.0,0.008392483010543,2.7931690490791765,66.2413895775856,79.33973248985342,8.430035871577102,64.98503960696603,0.0161957094418266,8188.0,1,0.02429999999999999,-300.94311041335493,10,-1.3317570686340332,20
yolo11m.pt,5,65W,27,7246.33359375,24.62378144853876,0.4031150120000166,0.3676376279301292,48.13775510204081,98.0,27.46886912325286,92.0,0.0901943706949086,36.8320130922662,1.0,0.78472,571.4285714285706,8000.0,7452.350698856417,8000.0,1.1841147676755517,497.7243655885536,33.66326530612245,73.0,19.51715374841169,69.0,0.0623458495471393,26.63491509160432,16.32487755102041,49.781,2.749334018476575,54.486,0.0322501113854189,67.699,24.62378144853876,13.213,49.61619999999997,13.954397706911417,137.21938775510216,2505.0,2058.4498094027954,2505.0,0.2422660557853249,271.72225609390495,0.1523805991570417,0.4031150120000166,0.4472996599999532,-0.0026296062307728,0.0614269070577606,4.489795918367349,75.0,68.74968233799238,74.0,0.0084551491082594,2.8121372945476257,68.35805600214172,86.70959624550879,9.472521552046148,66.97840367204903,0.0192022357364274,8188.0,1,0.021210000000000062,-349.6124140204469,5,-1.3533364534378052,21
yolo11m.pt,5,65W,23,6530.666927083334,24.84582330345713,0.3463981199999883,0.3741976731378023,46.35897435897436,93.0,27.34443021766965,91.0,0.0912641697123524,36.951647616190925,1.0,0.79751,507.6923076923085,8000.0,7448.143405889885,8000.0,1.1252390849667495,497.3036231994482,29.666666666666664,68.0,18.52496798975672,65.0,0.0582742857804995,25.6776222748602,18.45649743589744,47.186,2.511971498699173,49.218,0.0352634868607492,62.412,24.845823303457102,13.194,48.652,13.870092654072025,20.461538461538566,2505.0,2005.50576184379,2505.0,0.0524014546744238,279.7523260372775,0.227874969053504,0.3463981199999883,0.3892655749997629,-0.0032550264293679,0.0789354608751893,4.410256410256409,74.0,69.1101152368758,74.0,0.0083120330553779,2.7355791343971183,70.09604977738064,106.63821309529403,18.021206742748216,66.3975889938455,0.0660968327824741,8188.0,1,0.008419999999999983,-314.0686586470502,9,-1.3607672452926636,22
yolo11m.pt,5,65W,26,7044.73359375,24.314621447028404,0.4074818519999462,0.3810679606889518,43.22797927461139,99.0,27.516795865633075,92.0,0.0847649169730983,37.69895168580919,1.0,0.77872,678.7564766839378,8000.0,7506.459948320414,8000.0,1.353223169958071,499.9582673260816,27.207253886010363,68.0,18.6498708010336,67.0,0.0542360816594834,26.166138714544527,16.11831606217617,50.651,2.7695269756391734,54.118,0.0324562124619123,67.34,24.314621447028426,13.222,47.85719999999999,13.365925846976651,35.12953367875639,2505.0,2007.8488372093025,2505.0,0.094881741133859,315.94040199842595,0.1230313092761319,0.4074818519999462,0.4312751200001002,-0.0019808508461518,0.0501330257578163,4.419689119170982,74.0,68.45994832041343,73.0,0.0083920850846604,2.630141918025932,64.50604165657366,72.0504197098388,5.810462540978225,63.80652260313038,0.0081137313899647,8188.0,1,0.027210000000000067,-340.39183034066946,6,-1.373305320739746,23
yolo11m.pt,5,65W,25,6892.600260416667,25.32614012738853,0.3510145133333632,0.355593710057114,44.08163265306122,99.0,27.20509554140128,89.0,0.0828813593799458,37.836186965643776,1.0,0.79252,617.3469387755104,8000.0,7435.668789808918,8000.0,1.1997870573327842,495.8442249289092,29.97448979591837,78.0,19.230573248407644,72.0,0.0564044045196237,27.856576857066973,18.343505102040822,53.762,2.9969035793938144,62.65200000000001,0.0354901728596335,75.9,25.32614012738853,13.248,50.0594,14.532956060469033,51.73469387755085,2505.0,2028.9171974522287,2505.0,0.1421574634618794,276.2646188721121,0.3084145636494182,0.3510145133333632,0.4099033050000343,-0.0038074439154448,0.1082579879643221,4.443877551020407,74.0,68.70828025477707,73.0,0.0082794609553843,2.683328140335879,85.60205656413669,211.0294021086713,50.59732017876115,71.22212629498074,0.3493708238702223,8188.0,1,0.013410000000000033,-330.8625581705557,7,-1.3860323429107666,24
yolo11m.pt,5,65W,31,7982.13359375,25.110185514612457,0.4310192320001079,0.3491281572867256,35.03061224489796,90.0,22.36848792884371,88.0,0.0665353642365976,32.81830033262746,1.0,0.78132,571.4285714285716,8000.0,7463.786531130877,8000.0,1.105311645545585,498.6868603366897,23.642857142857142,66.0,16.0571791613723,65.0,0.0451725542191821,23.75532915366906,16.17737244897959,49.912,2.865689700226437,58.819,0.0323417325332916,71.958,25.110185514612454,13.139,49.62,14.08294186116484,99.8724489795918,2505.0,2054.047013977128,2505.0,0.2466855298511734,297.756296784927,0.3505026320878036,0.4310192320001079,0.5868156200003796,-0.0053978474615415,0.1510733752965015,4.443877551020407,76.0,68.6315120711563,73.0,0.0082114527302636,2.7028006794579635,93.72797208067576,239.90438477922885,65.55583815219228,71.9225447461988,0.4891975884120248,8188.0,1,0.02461000000000002,-385.0654329180241,0,-1.3927059173583984,25
yolo11m.pt,5,65W,30,7839.93359375,24.65097686375322,0.4102037240000208,0.3370640836583308,43.86082474226804,100.0,27.753213367609256,92.0,0.0909713621944383,39.2265618943941,1.0,0.77615,623.711340206185,8000.0,7444.730077120823,8000.0,1.2474226135534707,496.9358465888024,26.50515463917526,77.0,19.38431876606684,72.0,0.0569477396765693,28.27140972023396,17.501757731958765,52.157,2.527486044239214,49.074,0.0342031363459138,62.305,24.65097686375321,13.231,48.635,13.514479103979808,36.108247422680506,2505.0,2027.9113110539845,2505.0,0.1127089473331279,314.5459879089101,0.3105238202193006,0.4102037240000208,0.4842536799998925,-0.004128967846153,0.12737802744467,4.288659793814432,74.0,68.13110539845758,72.0,0.0083355005194685,2.652211389811029,87.84462025489856,201.11950064428007,49.59939262432847,73.13439211975188,0.3188029835378076,8188.0,1,0.02978000000000003,-377.4546331107004,2,-1.413694977760315,26
yolo11m.pt,5,65W,24,6573.866927083333,25.270431122448976,0.3480004966666153,0.366421774232989,47.8469387755102,98.0,28.35969387755102,95.0,0.0903099199999203,39.333421784711845,1.0,0.79724,693.8775510204077,8000.0,7464.285714285715,8000.0,1.288378298826662,498.7228587060336,31.98469387755102,76.0,20.04209183673469,68.0,0.0606161719391615,27.924862992953777,17.825520408163264,52.96,3.3606470577605974,71.759,0.0348786320648766,84.925,25.27043112244898,13.166,49.6704,14.344265451379645,-2.525510204081684,2505.0,2013.4630102040817,2505.0,0.0239389518161748,294.2067615295648,0.2683143741921709,0.3480004966666153,0.4007463550002284,-0.0033468086540598,0.0933735354816675,4.147959183673478,75.0,68.86224489795919,74.0,0.0080834295794604,2.6623610553425285,76.78455283342855,154.4393643382068,31.629013194221805,68.96541881373237,0.1696772301118424,8188.0,1,0.008690000000000087,-315.5857190467817,8,-1.4476875066757202,27
yolo11m.pt,5,65W,29,7667.21359375,24.698374522292983,0.4086032920001162,0.3479943840296797,46.224489795918366,99.0,26.61910828025478,93.0,0.0868017718100027,36.861923692519305,1.0,0.78726,678.5714285714284,8000.0,7449.68152866242,8000.0,1.2990643819155567,497.4616080083459,33.62244897959184,70.0,19.29044585987261,67.0,0.0626919932167937,27.064531948846373,17.613688775510205,50.476,2.9879699141086884,60.591,0.0334959777055179,73.798,24.69837452229299,13.207,49.893,14.002301274460288,72.47448979591854,2505.0,2054.4076433121018,2505.0,0.1848474572403004,274.4849248215986,0.2755506688347735,0.4086032920001162,0.4719312400004127,-0.0049879446923079,0.1125909103987223,4.530612244897966,74.0,68.30955414012739,73.0,0.0083287275137604,2.7068627912466723,78.96449091280996,148.20252862719352,31.0456659412951,70.97348594046998,0.1545746531004178,8188.0,1,0.018670000000000075,-369.4800132620469,3,-1.4609875679016113,28
yolo11m.pt,10,65W,3,2335.755187136628,29.32461182205972,0.0841740332558126,0.8227902835746176,38.21951219512195,62.0,30.84887263863498,60.0,0.0293008220961259,25.48757353856659,1.0,0.78714,795.1219512195121,8000.0,7652.650822669104,8000.0,0.6164105200540438,476.12784663202143,14.921951219512197,26.0,12.38086532602072,25.0,0.0111753673455743,10.154893008983915,20.49331219512196,50.373,2.350312441242709,55.509,0.015727392237052,68.922,29.32461182205972,13.413,40.73,11.285923433748154,218.78048780487825,2505.0,2149.8171846435102,2490.0,0.1537490535675971,194.8265141105884,0.2516519593195472,0.0841740332558126,0.1109100749999015,-1.631716664189588e-05,0.0211825603926539,7.024390243902445,78.0,72.88665447897624,77.0,0.0057234632194413,3.280407159993703,36.54221557247509,41.73862564218376,4.468737037637935,35.640444968137885,0.0149547737911318,8188.0,1,0.06179000000000001,-114.89918841300796,22,0.9726735353469849,1
yolo11m.pt,10,65W,4,2617.45234375,29.14297446514836,0.0913598434374819,0.6656243961096217,44.10220994475139,72.0,32.4120082815735,68.0,0.0402679520539651,29.19266845781646,1.0,0.82042,773.4806629834247,8000.0,7639.061421670117,8000.0,0.6782835890657647,480.2727568820511,17.679558011049725,33.0,14.43616287094548,31.0,0.0162443048404763,12.675499401183425,19.80421546961325,51.723,2.4394215520113707,57.479,0.018163534377247,71.092,29.142974465148377,13.613,43.844,12.413134508264177,155.9668508287291,2505.0,2079.6997929606623,2490.0,0.1395328184368727,215.2793527740317,0.2438240638668269,0.0913598434374819,0.1225249800004803,-4.4967011744848656e-05,0.0222757283011638,5.856353591160215,78.0,72.89786059351276,77.0,0.005624476633033,3.04678080434592,44.873676087836856,51.18019975637892,5.426442266310058,43.78291215808863,0.0146233567809225,8188.0,1,0.028509999999999924,-126.48348687961796,21,0.8114517331123352,2
yolo11m.pt,10,65W,5,2888.307587139423,28.31259625090125,0.1003844826922291,0.568429065664134,41.44508670520231,81.0,33.01658255227109,77.0,0.0436269497031326,32.18422791911146,1.0,0.81861,742.7745664739887,8000.0,7588.320115356885,8000.0,0.7364332644985176,492.1377421244448,18.3728323699422,38.0,15.373467916366256,36.0,0.0192387759857616,14.674564991589143,18.85078901734104,53.074,2.244336741035444,50.003,0.0181359153092841,63.543,28.31259625090123,13.54,41.4466,11.6620547589643,50.89595375722547,2505.0,2042.0656092285508,2490.0,0.0308246229355997,248.1800475425874,0.2531362160472354,0.1003844826922291,0.130797254999652,-5.8099320210311256e-05,0.02541094809857,5.927745664739874,79.0,72.66979091564528,77.0,0.0060589231700559,3.087146205453642,51.27857791492869,58.8200026527017,6.85358204189159,49.80849495762807,0.0178633655956676,8188.0,1,0.030320000000000014,-137.9696417449531,20,0.6651851534843445,3
yolo11m.pt,10,65W,6,2979.9631392045453,28.83909056603775,0.1094326504546271,0.5259896862237573,42.23262839879154,81.0,30.856603773584904,79.0,0.0443669194994174,33.17262743749966,1.0,0.8188,773.413897280966,8000.0,7605.283018867924,8000.0,0.7612116885130082,488.78981775202345,20.389728096676738,43.0,15.563018867924528,39.0,0.0212318277803757,16.623420348832656,20.241942598187315,51.206,2.5601015340943816,60.182,0.0210182137749184,73.831,28.839090566037733,13.649,45.0938,12.95960908946708,124.53172205438068,2490.0,2057.7735849056603,2490.0,0.1161824739366986,273.7853202171251,0.2503622572495764,0.1094326504546271,0.1415314749998287,-9.315685235886104e-05,0.0273978053846243,5.504531722054381,79.0,72.58716981132075,77.0,0.0057117159826804,2.928993888279593,56.5309675090865,64.97330423745564,8.093933403709745,54.82824344538484,0.020499648611357,8188.0,1,0.03012999999999999,-141.20442409642317,19,0.583897590637207,4
yolo11m.pt,10,65W,7,3357.750699013158,28.282688212927745,0.1232078073684725,0.4978068573144242,44.762195121951216,85.0,33.803802281368824,83.0,0.0512470122425428,33.73230989407344,1.0,0.82313,768.2926829268299,8000.0,7589.3536121673,8000.0,0.8083733253373103,491.9511479737146,21.21341463414634,48.0,17.731558935361218,44.0,0.0249961252097888,17.39070684710555,20.288457317073167,52.94,2.8599120207755835,67.38799999999999,0.0217979082043332,80.886,28.28268821292776,13.498,45.4256,13.368010739852494,15.228658536585272,2490.0,1998.9011406844104,2490.0,0.0296129753465177,265.53373633453566,0.2511087502183779,0.1232078073684725,0.1613681400001951,-0.0001493598820798,0.0309385585254437,5.774390243902445,79.0,72.30950570342205,77.0,0.0062581410833147,3.1207670864937,58.83364251651633,68.75447343213062,9.746295923546546,56.81458139308809,0.0274427552615401,8188.0,1,0.025799999999999934,-159.3305469966098,18,0.2594584822654724,5
yolo11m.pt,10,65W,13,4688.97359375,27.42525059288539,0.2074619340001118,0.4376688868029011,49.63924050632912,88.0,32.76521739130435,88.0,0.0582895351172574,36.17326846491694,1.0,0.84006,705.6962025316461,8000.0,7524.110671936759,8000.0,0.8200353926734903,499.4183371671068,29.636075949367086,63.0,20.17628458498024,54.0,0.0352432813556299,22.69940516602458,20.17150949367089,47.988,3.0023062039535304,69.227,0.0237860723036324,82.339,27.425250592885376,13.112,49.338,14.614197964266948,-18.417721518987264,2505.0,1993.5415019762845,2505.0,0.0248480825332703,281.9966698302881,0.2020094393619335,0.2074619340001118,0.2417689800001426,-0.0004550409912985,0.041909268976305,6.718354430379748,78.0,69.50750988142292,74.0,0.0079077111022639,3.600634403491956,64.32095340156893,80.32591207744687,9.201167607195265,62.66209780919615,0.0204635481334274,8188.0,1,0.008869999999999933,-223.87851252260677,12,0.19668537378311157,6
yolo11m.pt,10,65W,15,4679.811371527778,28.45761900826448,0.2268861755554301,0.4304426894799092,49.480132450331126,92.0,34.93636363636364,90.0,0.0595514092132334,37.56116884441534,1.0,0.84349,701.986754966887,8000.0,7512.396694214876,8000.0,0.8399310079170346,499.8462983483451,30.480132450331126,66.0,22.16115702479339,60.0,0.0369545630746111,24.083525015530647,21.00764238410596,49.831,2.40951289635604,55.181,0.0252267034611346,68.569,28.457619008264462,13.388,51.448,14.736530415952728,44.20529801324483,2505.0,2020.5495867768595,2505.0,0.0791526714432796,297.7241630993656,0.2148983342563688,0.2268861755554301,0.2776792850003403,-0.0005755543186394,0.0487574611926599,5.503311258278146,79.0,70.91404958677685,76.0,0.0065569878395128,3.0571770532193967,69.56658438757206,117.0063697072338,18.00812851751966,66.11244586973692,0.067009411130867,8188.0,1,0.00544,-222.69466451794716,14,-0.017455287277698517,7
yolo11m.pt,10,65W,11,4327.03359375,27.66367265306124,0.1772769558334706,0.445830152282575,50.45751633986928,90.0,34.47183673469388,87.0,0.0592201578837081,36.8298379297619,1.0,0.82705,483.660130718954,8000.0,7474.285714285715,8000.0,0.6092420655048313,499.3383377132224,28.127450980392155,59.0,20.15918367346939,55.0,0.0331559442700407,21.75165880014904,18.93047058823529,52.461,3.049269742955316,70.732,0.0223990924265301,84.354,27.663672653061223,13.622,47.086,13.216658547538849,22.84313725490188,2505.0,1977.5877551020408,2490.0,0.0123344933405661,275.0718597263773,0.2079603575792763,0.1772769558334706,0.2107574500005284,-0.0003172595815689,0.0368665791256941,5.428104575163388,78.0,71.71265306122449,77.0,0.0062626355599335,2.8532622042434337,63.91636576016243,88.10000420350453,10.416915552446326,62.049801951321385,0.0265615943743449,8188.0,1,0.02188000000000001,-206.03802889802196,15,-0.12285062670707703,8
yolo11m.pt,10,65W,9,3970.5577604166665,28.33660181680545,0.152041619333504,0.4787047585150905,50.76060606060606,85.0,34.04012112036336,82.0,0.0521399811826996,34.92859455117944,1.0,0.83753,781.8181818181811,8000.0,7548.82664647994,8000.0,0.8041600455429933,497.6102476773594,27.44242424242424,54.0,19.16351249053747,50.0,0.0281288498864808,19.869191480781435,21.69481818181818,50.973,2.8763505422044515,67.936,0.022867972864316,81.506,28.336601816805448,13.57,48.177,13.795908974471814,21.31818181818176,2490.0,1987.244511733535,2490.0,0.0415139639381228,282.27517300501546,0.2520471157789419,0.152041619333504,0.1944747249991451,-0.0002583596566952,0.0383216516313695,5.796969696969697,80.0,72.48145344436033,77.0,0.0061394643680562,2.9978285870333785,62.17354243653927,92.68761913438128,14.471676832827336,59.19431823636695,0.0541784387713749,8188.0,1,0.011399999999999966,-189.27171309496487,17,-0.17928718030452728,9
yolo11m.pt,10,65W,10,4067.43359375,27.846317485898496,0.1639635015383156,0.4565779719935545,48.53225806451613,89.0,34.9129734085415,89.0,0.0578488445465604,36.98679557409298,1.0,0.8406,680.6451612903229,8000.0,7531.829170024174,8000.0,0.7794565628642812,498.9858754870445,26.364516129032257,56.0,19.90491539081386,52.0,0.0314203358147808,21.4673032492725,18.452138709677413,51.338,2.914065748230185,67.625,0.0217091572835401,81.146,27.846317485898467,13.521,47.777,13.66438635457692,-31.74193548387097,2490.0,1975.987107171636,2490.0,-0.033746010075722,285.11327151440366,0.209479553357675,0.1639635015383156,0.1941748100005497,-0.0002527959327598,0.0343470010692068,5.267741935483869,78.0,72.22078968573732,77.0,0.0063751452408409,3.036111378302329,62.53962772779771,74.14510100909528,8.426621201619241,60.98918299608988,0.0181550044592297,8188.0,1,0.008329999999999949,-193.4296530344426,16,-0.21577996015548706,10
yolo11m.pt,10,65W,16,4674.926953125,29.691087970331164,0.2477740171874983,0.4597268102245487,50.32089471355895,94.25,37.60748952215513,91.0,0.0628770222795139,38.80686937507897,1.0,0.83499,689.3461531372111,8000.0,7548.639258830341,8000.0,0.827451933021246,496.2637159402744,32.22337618889626,67.75,24.250037637521714,60.57499999999999,0.0400723788236792,25.897241849070667,20.405464908229188,52.501000000000005,2.6133969055707515,63.481,0.0250884890827626,77.50075,29.69108797033116,14.01975,51.10085,14.597981801875903,55.21004064366287,2493.75,1988.491854164944,2490.0,0.0507303855613013,320.26556591837635,0.1191883504558726,0.2477740171874983,0.2785128774992699,-0.000455009051512,0.0296011808662761,4.746993267529309,80.5,74.56249682907327,78.75,0.005882841277597,2.753175591225758,65.32614567060372,73.5573755121986,6.374475058206478,64.58049431335463,0.009631878231125,8188.0,4,0.013939999999999952,-223.28091975334297,13,-0.2811220586299896,11
yolo11m.pt,10,65W,14,4967.15359375,27.91578822567452,0.2104704309999397,0.4196748556829113,54.554098360655736,91.0,36.23793949304988,88.0,0.0631470316258742,37.59679532201249,1.0,0.84893,590.1639344262294,8000.0,7512.67375306623,8000.0,0.771223427149635,499.83935017485,33.157377049180326,64.0,22.40883074407196,62.0,0.0377685689727418,23.631118261924183,20.58155737704917,52.138,2.557549133946217,58.095,0.024123527262717,71.396,27.915788225674568,13.301,47.74619999999998,13.77765818038493,69.04918032786873,2505.0,2012.9926410466064,2505.0,0.0694435643145054,296.21797974453284,0.2366133128508298,0.2104704309999397,0.2554204599999138,-0.0004659957797778,0.0498001059360377,5.367213114754094,76.0,70.27309893704006,75.0,0.0064046869917249,2.913692399243078,71.90425401907181,127.4147920578204,26.856255396785272,66.51765729507159,0.1395024216301281,8188.0,1,0.0,-236.77711896668092,11,-0.36238887906074524,12
yolo11m.pt,10,65W,17,5059.03359375,28.52359688013136,0.2549060149999377,0.4276962596575846,51.70723684210526,95.0,34.19047619047619,89.0,0.0615970566322904,37.03730212066629,1.0,0.8409,753.2894736842109,8000.0,7527.914614121511,8000.0,0.8786002275126126,499.2201661776567,33.23026315789474,67.0,22.91215106732348,62.0,0.0399913076039548,25.13927706530841,20.95213815789473,51.907,2.8915006878901086,68.993,0.0254443095379843,82.476,28.523596880131365,13.483,50.4609,15.162875054837963,124.98355263157872,2505.0,2044.1256157635469,2490.0,0.1394332534269047,279.22753488935217,0.2282207975278542,0.2549060149999377,0.3105523049987823,-0.0006551824120947,0.0581748540379329,5.28947368421052,77.0,70.86863711001642,75.0,0.0064410383738092,3.0159649009472904,70.72331900322959,127.43206939129584,19.925762480687595,66.69124696804097,0.0793788185899586,8188.0,1,0.008029999999999982,-241.50218766112712,10,-0.4850761592388153,13
yolo11m.pt,10,65W,18,5222.066845703125,27.34229359286292,0.2622210687501137,0.3983180804444389,51.798701298701296,94.0,35.3933495539335,91.0,0.0583710954190316,38.294481797572885,1.0,0.82378,474.0259740259744,8000.0,7461.47607461476,8000.0,0.5638514182918949,498.5136980795137,34.55194805194805,71.0,23.195458231954586,64.0,0.0387451879395472,25.801631039280924,18.90127597402597,52.002,2.7878422028171403,62.853,0.022067836845768,76.226,27.342293592862937,13.373,48.7366,13.74763241259824,-14.415584415584362,2505.0,1983.8321167883207,2490.0,-0.0179027738578324,319.1539126979485,0.2596394113996751,0.2622210687501137,0.3138870500005396,-0.0008016722632507,0.0680829239468732,5.38636363636364,78.0,70.80454176804541,75.39999999999986,0.0063822713268464,2.996333873206288,76.8555522423486,157.9786196577523,35.877619317720885,68.64436975181916,0.2179198241843018,8188.0,1,0.025150000000000006,-248.71523443746938,9,-0.6352934241294861,14
yolo11m.pt,10,65W,20,5663.090736607143,28.26300164068913,0.2853989057142046,0.4033114870225723,50.44736842105263,93.0,36.61525840853158,90.0,0.0603515815332579,38.0475777903476,1.0,0.83927,697.3684210526317,8000.0,7502.050861361772,8000.0,0.7989068079190055,499.9957939499839,33.06578947368421,67.0,24.76538146021329,62.0,0.0392154768800037,26.316819312962664,19.763171052631577,50.825,2.726957347978305,63.678,0.023507047251859,77.072,28.26300164068909,13.394,50.872,14.689425408330465,72.0394736842104,2505.0,2018.318293683347,2505.0,0.0910231663364982,303.5472570215793,0.2432911108871136,0.2853989057142046,0.3345829250000861,-0.000855770742719,0.0694350168171754,5.1875,77.0,70.89991796554553,76.0,0.0063452852249144,2.9654546430849447,76.65769968850206,153.8749740153322,29.72481684310184,70.07735348511737,0.1503580928935632,8188.0,1,0.009660000000000002,-270.61119727702874,8,-0.807479739189148,15
yolo11m.pt,10,65W,21,5868.481138392857,28.08359598393573,0.2953650271428549,0.3949958138125786,51.12861736334405,93.0,34.90200803212851,91.0,0.0557686755444874,38.120629132344064,1.0,0.84067,710.6109324758836,8000.0,7563.855421686747,8000.0,0.7905606311948968,495.9057220089397,34.360128617363344,75.0,23.17429718875502,66.0,0.0373519346672844,26.3481353982381,20.890369774919616,49.746,2.821113081291979,65.789,0.023984007442341,79.227,28.08359598393574,13.438,50.1882,14.53911319370136,11.286173633440512,2505.0,1990.433734939759,2505.0,0.0384948256378335,333.96404080185164,0.2953863974392829,0.2953650271428549,0.3598816250002528,-0.0011229860922062,0.0872468112972839,5.623794212218655,78.0,71.17349397590361,76.0,0.0065935333515861,3.0268577290337086,86.69907199882488,231.90465899975712,57.964946739118766,71.09846484920244,0.4469942992848948,8188.0,1,0.008259999999999934,-280.52042226006284,7,-0.8189048171043396,16
yolo11m.pt,10,65W,23,6351.666927083334,27.660108108108048,0.3298551250002068,0.3966881920660527,45.97049180327869,93.0,33.19000819000819,92.0,0.0566015551017295,37.78585201757988,1.0,0.83356,665.5737704918038,8000.0,7503.685503685504,8000.0,0.7717101194603794,499.9864168780829,29.99672131147541,72.0,22.75839475839476,66.0,0.0372651613321302,26.4115002135991,18.52268196721312,49.879,2.727212768119568,62.166,0.0226812127153947,75.435,27.66010810810811,13.269,49.93,14.58509981715152,-3.983606557377016,2490.0,1997.8009828009829,2490.0,-0.0180038007034871,308.5702818950862,0.2162276953001878,0.3298551250002068,0.380708224999762,-0.0008819593248249,0.07132381346175,4.849180327868851,77.0,70.69533169533169,75.0,0.0060086963819087,2.8761869879068893,73.96366013057904,125.96695245416277,20.81545205746223,69.72758116153442,0.0792017733225957,8188.0,1,0.015369999999999995,-304.96464143813876,6,-1.1744173765182495,17
yolo11m.pt,10,65W,27,7066.52234375,27.7477126148705,0.3952531720001571,0.4061989417324569,50.18729096989967,99.0,35.751044277360066,92.0,0.0600934010449488,40.07330179125928,1.0,0.83176,732.4414715719058,8000.0,7527.986633249791,8000.0,0.8835971481570722,499.2161339132998,35.07692307692308,73.0,25.126984126984127,71.0,0.0420027419316852,29.659959513454577,19.04420401337793,50.906,2.596934781621684,58.629,0.0229776694235575,72.059,27.74771261487051,13.43,50.414,14.81544257521066,4.264214046822644,2490.0,2001.2907268170427,2490.0,0.0016259150284966,289.6956759270841,0.1566978916987834,0.3952531720001571,0.4441978200006815,-0.0011749594621747,0.0619353387396812,4.9866220735786015,77.0,70.8170426065163,75.0,0.0062043442563225,2.968637560357918,69.97048293253319,91.67876258687956,11.123517446175704,68.31064723242568,0.0252728685084199,8188.0,1,0.017169999999999908,-341.15895380223344,3,-1.3166308403015137,18
yolo11m.pt,10,65W,26,6868.922265625,27.348507101086017,0.3967113619999873,0.4172870577206984,51.23745819397994,99.0,35.324143692564746,94.0,0.0634725517653968,39.96182631519133,1.0,0.83911,642.1404682274251,8000.0,7507.101086048455,8000.0,0.7936393655536566,499.94957203395273,35.08695652173913,78.0,24.26817042606516,68.0,0.0435993613830053,28.236838740662755,19.9913745819398,42.484,2.6351712630463133,58.716,0.0245061609151549,72.068,27.34850710108605,13.352,50.5168,14.756783464841808,66.8227424749166,2490.0,2009.9498746867168,2490.0,0.0825318750502985,306.5144781360284,0.1268328737573544,0.3967113619999873,0.4287169049996919,-0.0012632484657876,0.0503160420946525,5.187290969899664,76.0,70.64243943191312,75.0,0.0064627568552875,2.925554175216951,66.29193471996292,75.27378461097103,6.2134197800087785,65.53883374784922,0.0087849643457891,8188.0,1,0.00981999999999994,-331.9899972872211,4,-1.3412680625915527,19
yolo11m.pt,10,65W,25,6728.478125,27.88338095238096,0.350092324999999,0.3904703066591894,49.84615384615385,99.0,34.3609022556391,95.0,0.0611252882486784,38.61713717245831,1.0,0.83597,769.2307692307695,8000.0,7502.088554720133,8000.0,0.883953984659589,499.9956379201533,35.491638795986624,76.0,24.360902255639097,73.0,0.0431508109025558,28.638706569482185,21.315301003344487,51.546,2.7349265905104763,62.889,0.0252659855091635,76.259,27.88338095238096,13.37,52.711,15.151717565175304,106.35451505016728,2505.0,2032.0426065162908,2490.0,0.1200368607909018,288.680605373864,0.4389891025621659,0.350092324999999,0.4209446499991827,-0.0026771700222383,0.1536867155656517,5.444816053511701,79.0,70.39181286549707,75.0,0.0067023340843552,3.159269789430396,94.44058537425676,296.84266912854343,70.69875484142132,71.40973456073357,0.5604104040075123,8188.0,1,0.012959999999999972,-323.36729616749426,5,-1.364601492881775,20
yolo11m.pt,10,65W,29,7479.16234375,27.7733922558922,0.4005695620000187,0.3836267438343947,54.39057239057239,99.0,36.245791245791246,98.0,0.0682914118400743,40.35023676343811,1.0,0.83973,710.4377104377108,8000.0,7536.195286195286,8000.0,0.842162966820107,498.6881803865431,36.91582491582491,75.0,25.16498316498317,70.0,0.0470440587655184,28.68357005900212,19.71903703703704,47.88,2.783527459941403,63.831,0.0242601904352768,77.308,27.77339225589225,13.477,50.717,14.839538345892008,13.58585858585866,2505.0,1968.9015151515152,2490.0,-0.0013459670768363,306.0744329122457,0.2710728521860364,0.4005695620000187,0.4812288349988193,-0.0015252571476609,0.1085835336702564,5.1212121212121104,77.0,71.01599326599326,75.0,0.0062825788893087,2.8675439296559766,81.15524972294777,150.83176804481764,33.56047673479606,72.39691367263357,0.1710105902625917,8188.0,1,0.009199999999999986,-360.5719807624776,1,-1.366984486579895,21
yolo11m.pt,10,65W,28,7286.12234375,27.546534109816992,0.3950721340001837,0.3886738576812232,52.766666666666666,99.0,35.625623960066555,93.0,0.0616864090250612,39.09927561216488,1.0,0.83287,616.6666666666661,8000.0,7524.95840266223,8000.0,0.7542542146437039,499.3766896207211,36.18,80.0,24.75207986688852,68.0,0.0425246904476103,28.03201342879525,18.23142666666667,50.692,2.6435630598641526,59.403,0.022894454482123,72.821,27.54653410981697,13.418,50.76970000000001,14.694603413275985,72.65000000000009,2505.0,2024.4009983361063,2490.0,0.0704626689872358,293.79674898838044,0.2171160875081624,0.3950721340001837,0.4510227650000161,-0.0012044906842702,0.0857765160176203,4.609999999999999,76.0,70.54908485856905,75.0,0.005909428528703,2.8289571100618347,75.25428733450165,118.47495290934616,21.05137127701184,70.87313325922142,0.0782525118712063,8188.0,1,0.016059999999999963,-351.30974344267867,2,-1.4306144714355469,22
yolo11m.pt,10,65W,31,7854.15765625,26.772228461538425,0.4471391479999875,0.3861584330436551,58.95384615384616,100.0,39.57230769230769,100.0,0.0604295669360204,45.07929938603854,1.0,0.84022,713.8461538461543,8000.0,7521.538461538462,8000.0,0.7248342932565279,499.53587926650096,38.90461538461538,72.0,25.720769230769232,68.0,0.0393832285836127,29.72957138596013,19.010316923076928,51.285,2.275529662669672,47.457,0.0193371634812528,60.921,26.77222846153846,13.464,47.2827,12.84459274999367,-136.1538461538462,2505.0,1952.9192307692308,2505.0,-0.0978969946591217,366.1540727819273,0.3577380746065567,0.4471391479999875,0.6465968800001973,-0.0017147928643359,0.1599586978867317,5.606153846153845,76.0,70.77923076923076,75.0,0.0059721664833029,2.79142081698815,93.4532049242708,265.3656127176034,72.12957582812321,69.3296485862626,0.5957147545940454,8188.0,1,0.008709999999999996,-379.9415277750828,0,-1.4483063220977783,23
yolo11m.pt,20,65W,2,1959.0671844482424,33.12168301997663,0.0810336134375134,1.3419848291203196,16.437132784958873,51.0,32.79524089306698,48.0,0.0058638155941182,17.105639518017117,1.0,0.80182,344.30082256169226,8000.0,7832.843713278496,8000.0,0.1298775854649291,373.1153474878545,4.873090481786134,20.0,10.868096357226792,17.0,0.0017464330759949,5.736880892008624,9.25824559341951,42.894,1.91922614444624,49.99,0.0034068161821589,63.568,33.1216830199765,13.578,39.989,8.839084346686118,112.10340775558144,2505.0,2278.0346650998827,2490.0,0.0430128430282426,169.38039597253118,0.1656249401348,0.0810336134375134,0.1041992000005848,-2.649168910642123e-06,0.0134211873744946,6.807285546415983,81.0,75.8210928319624,80.0,0.0025349008580227,3.194077102301702,25.058237536342663,28.25074234068705,2.6305230031633444,24.68111583771638,0.0110200398335375,8188.0,1,0.06735000000000002,-100.49226437709021,20,0.3807227313518524,1
yolo11m.pt,20,65W,4,2502.9255126953126,32.391607511349505,0.0947565909374986,0.7673295756902387,28.788429752066115,74.0,38.89228229467602,68.0,0.0137051875294197,26.512542960763906,1.0,0.84947,500.8264462809912,8000.0,7734.62649607924,8000.0,0.231871216245222,441.5318871130125,12.55206611570248,34.0,17.24308708212959,31.0,0.0059080076288278,11.949160114789477,13.910715702479331,53.084,2.601599811632472,70.104,0.0066255096313699,84.27,32.39160751134957,14.166,43.5866,10.915204510095606,122.00826446281008,2490.0,2075.1939744118863,2490.0,0.0704338650085635,249.75638880368385,0.215601363037166,0.0947565909374986,0.1256440000006478,-1.000402134480742e-05,0.0204296501628798,5.489256198347121,82.0,77.22080066033843,81.0,0.0026702243676282,2.749169510039617,43.21209379969524,50.1160353105814,5.477137695261684,42.21342241658308,0.0160655906948676,8188.0,1,0.01970000000000005,-122.20170116319557,18,-0.07871219515800476,2
yolo11m.pt,20,65W,3,2228.187027616279,32.85892531272992,0.0853825159302623,0.9351925713218212,24.801178203240056,63.0,37.05187637969095,58.0,0.0108788189744131,22.78525081458972,1.0,0.83665,450.6627393225326,8000.0,7775.202354672553,8000.0,0.1948506388621602,417.4489956661558,9.394698085419734,29.0,14.70345842531273,24.15000000000009,0.0041220817193982,9.262761169211483,11.541041237113408,52.553,2.426372720385728,65.62299999999999,0.0049870406104888,79.728,32.858925312729944,14.105,42.794,10.376687159003104,98.92488954344616,2490.0,2163.1291390728475,2490.0,0.0446816685788503,206.69119849432485,0.1809627436239969,0.0853825159302623,0.1083762049997858,-5.102585656134936e-06,0.0154510543402599,5.432989690721641,81.0,76.97240618101546,80.0,0.0024790085786307,2.7672085471340826,35.72596731387983,40.56338994243923,3.860862869560864,35.135999066252644,0.0116788682746933,8188.0,1,0.03251999999999999,-110.72948125475715,19,-0.10353081673383713,3
yolo11m.pt,20,65W,5,2796.0364783653845,32.44804584269656,0.1007877273076526,0.6540729592119826,35.865107913669064,80.0,42.32674157303371,78.0,0.0181753594671129,31.246590529523896,1.0,0.84761,471.223021582734,8000.0,7724.044943820225,8000.0,0.2324735202600847,446.99425404426887,15.755395683453235,38.0,19.29483146067416,35.0,0.0079892152784934,14.355589923449548,14.00138309352518,52.768,2.566441147294658,69.191,0.0071017498503695,83.276,32.44804584269663,14.085,45.21679999999999,11.499967479178718,62.05035971223037,2490.0,2021.143820224719,2490.0,0.041892786385688,272.9822103744336,0.1950102311436478,0.1007877273076526,0.1330349199994998,-1.8004857966179417e-05,0.0196546379987082,5.415467625899282,82.0,77.07640449438202,81.0,0.0028785704589966,2.804251285920458,50.59599650214,56.88005591511265,5.801455406820812,49.60921466894073,0.0131474524556407,8188.0,1,0.021560000000000024,-134.655629270396,17,-0.1869228184223175,4
yolo11m.pt,20,65W,6,2872.3401988636365,32.08942737038761,0.1114279409091357,0.5959431361392591,40.72523364485981,81.0,42.78281177020085,78.0,0.0222172355128522,31.21742773263801,1.0,0.86028,611.2149532710282,8000.0,7742.176553012611,8000.0,0.320533124921083,437.4363007009478,18.95140186915888,43.0,20.559551611396543,39.0,0.0101878007791224,15.646606046971948,14.778448598130844,50.405,2.477887781611709,65.34,0.0075134618495763,79.514,32.089427370387675,14.174,47.457,12.200357852807072,60.28037383177548,2490.0,2005.873423633816,2490.0,0.029714702714865,293.1337604922205,0.2120148185280791,0.1114279409091357,0.1464787500004604,-3.600051807179845e-05,0.0236243746708079,5.183177570093449,82.0,76.80242877160205,81.0,0.002811505112506,2.716172555960716,55.145141163328375,62.67792964528547,7.142907131522001,53.84645853675711,0.0167778188800578,8188.0,1,0.008889999999999953,-137.09078959327098,16,-0.2952340245246887,5
yolo11m.pt,20,65W,9,3855.537630208333,31.17478533007341,0.1484625360000003,0.5142541877064783,36.618395303326814,88.0,42.57114914425428,86.0,0.018990549548575,36.19515763989401,1.0,0.86267,424.65753424657487,8000.0,7623.471882640587,8000.0,0.2141025271711667,484.5149060629499,20.32876712328767,55.0,23.61955990220049,51.0,0.010598041419581,20.868595954611497,14.676598825831704,50.426,2.5999858264239504,67.318,0.0076527327194412,81.054,31.17478533007335,13.736,47.21999999999999,12.552124021757605,13.297455968688835,2490.0,1934.4572127139363,2490.0,0.0137496413395409,320.0122227999663,0.2447374573482682,0.1484625360000003,0.1865555399996992,-6.751121336881151e-05,0.0363343435721158,5.878669275929553,82.0,75.20880195599022,79.0,0.0032765496541754,2.880661561886124,63.08459070821084,92.37670002855336,13.43974890843233,60.62135433278589,0.0453874444653167,8188.0,1,0.00649999999999995,-183.94356080960293,15,-0.3815329074859619,6
yolo11m.pt,20,65W,13,4593.01986328125,31.944491080797487,0.204424052499944,0.502324793983457,43.84033613445378,91.0,44.416054564533056,89.0,0.0240641620429843,37.45281094393956,1.0,0.84658,621.8487394957983,8000.0,7664.218258132214,8000.0,0.3535174936459775,472.2630238500803,25.6281512605042,59.0,26.58079748163693,54.0,0.0139954878232278,23.059961726572084,17.774128151260506,51.037,2.58298057687949,68.46000000000001,0.0101038006666001,82.512,31.94449108079748,14.052,49.652,13.490511173064238,32.993697478991635,2490.0,1987.791185729276,2490.0,0.0258488903047566,340.6904606453995,0.1520202730130183,0.204424052499944,0.2430633449998822,-0.0001603625892897,0.031076600271469,5.319327731092443,83.0,75.83997901364113,80.0,0.0032221633016771,2.8006701340892146,64.68030307334416,78.1418802549704,7.697574157786311,63.59329952136408,0.0141632744453757,8188.0,1,0.02259,-220.15860963189252,12,-0.530119001865387,7
yolo11m.pt,20,65W,16,4538.27734375,33.84754590775403,0.2442838790625273,0.516792440735709,39.60385026793234,96.0,46.707777253321,92.5,0.0245137075347645,38.63311446190064,1.0,0.86917,407.0737240270978,8000.0,7627.89582354007,8000.0,0.2615118031074048,482.5531537018571,24.82010293562906,68.0,30.09016878910454,63.5,0.0151298569236083,25.85027468338677,14.5531618342385,51.917,2.2421121130019825,61.272000000000006,0.0089629853627231,75.83449999999999,33.84754590775407,14.5625,52.5125,14.075575135428174,-64.24663728109397,2490.0,1963.8269508663527,2490.0,-0.0244139043512169,341.4132858350622,0.1007452707430871,0.2442838790625273,0.2775456749996464,-0.0001522110441089,0.0246342893089344,4.131449625101411,82.0,76.82760310572985,80.0,0.0025963330305969,2.5205665514795554,66.06301006760772,73.04013958332743,5.676292119219041,65.49902297050068,0.0074606911187084,8188.0,2,0.0,-217.41842406867602,14,-0.6712482571601868,8
yolo11m.pt,20,65W,15,4557.282118055556,32.71433403917413,0.2260587722222327,0.4930241457975799,47.77542372881356,96.0,44.26786659608258,92.0,0.0273421247261769,38.56398270465164,1.0,0.86542,631.3559322033898,8000.0,7641.609317098994,8000.0,0.3510724978006569,509.5018314905533,29.74152542372881,66.0,27.561672842773955,59.0,0.0165657432485455,24.65775332214221,17.80184110169491,51.657,2.381555433979018,63.767,0.0097336935635319,77.911,32.71433403917417,14.144,51.24419999999999,14.149328878955329,54.02542372881362,2490.0,1991.188459502382,2490.0,0.0334994537424308,331.8109324937951,0.1840331368442643,0.2260587722222327,0.2736982299998999,-0.0001794285368902,0.0416023049632205,4.582627118644069,80.0,75.83589200635257,79.0,0.0027094635367553,2.537503402190794,69.02432919145417,113.40331417318824,15.824038612782951,66.35442567676107,0.0525569650623017,8188.0,1,0.003750000000000031,-217.77245341150171,13,-0.796861469745636,9
yolo11m.pt,20,65W,17,4967.439013671875,31.84798217094913,0.249341251250064,0.4671185720173051,45.384453781512605,98.0,42.905610907184055,92.0,0.0260761822898443,39.2236605630055,1.0,0.86267,644.9579831932779,8000.0,7607.236497115889,8000.0,0.3297440619430441,488.36495951932704,29.53571428571429,72.0,28.20818038804405,65.0,0.0169916016185782,26.393679150531057,18.530628151260498,52.2,2.370134459220291,61.51499999999999,0.010306918324472,75.484,31.84798217094913,13.969,51.9867,14.291636729194549,32.48949579831947,2490.0,2014.18458311484,2490.0,0.0366760349230565,325.2291814474741,0.2064312810164686,0.249341251250064,0.3005798549995234,-0.0002411155932861,0.0514718339057998,5.182773109243698,83.0,75.31410592553749,79.0,0.0030361588492526,2.749157333886514,72.09491050243047,129.2648467435004,20.494937068207268,68.17965304485747,0.0808135089035003,8188.0,1,0.00649999999999995,-237.47309942142127,11,-0.8978195190429688,10
yolo11m.pt,20,65W,18,5139.4140625,32.05578966986152,0.255924515625054,0.4557701357909955,44.38379530916844,99.0,44.864217252396166,92.0,0.0255623366601695,37.80202038455193,1.0,0.86774,597.0149253731342,8000.0,7656.549520766773,8000.0,0.3431815068331512,474.8602400156215,28.95309168443497,73.0,29.19062832800852,68.0,0.0161048214772823,25.698752005958905,16.517942430703627,50.034,2.5668686015045026,68.327,0.0092855051152477,82.283,32.055789669861554,13.956,51.05004999999999,14.057895085438076,-39.91471215351794,2505.0,1937.2124600638977,2490.0,-0.0163692178884088,353.061486609875,0.2464571017197676,0.255924515625054,0.3104044950010575,-0.000235033563666,0.0630744143799862,4.9402985074626855,82.0,75.26730564430245,79.0,0.0029525260853586,2.692415546148427,79.14395129778298,186.94142586167948,38.49602414884161,70.33323851776343,0.2365899533066641,8188.0,1,0.0014300000000000423,-245.48761147062945,10,-0.9555394649505615,11
yolo11m.pt,20,65W,20,5585.862276785714,32.10154876120182,0.2853311650000121,0.4579786153169205,39.62236286919831,98.0,44.98365840801265,95.0,0.0225362698141717,38.61461243930826,1.0,0.86842,559.0717299578055,8000.0,7655.772272008435,8000.0,0.2930530432406765,475.1157745995499,25.945147679324897,75.0,29.34422772799157,66.19999999999982,0.014664120311022,26.67706699932874,16.389495780590718,50.274,2.505424289597071,66.506,0.0095170277877328,80.428,32.1015487612019,13.922,50.1054,13.704163102325108,8.955696202531499,2490.0,1975.7696362677912,2490.0,0.0351834777625164,351.98512746759786,0.2273641938400191,0.2853311650000121,0.3396776050010885,-0.0002740843329486,0.0648740903076612,4.902953586497887,80.0,75.20400632577754,79.0,0.003045646108799,2.636075255512921,76.18753835496909,155.66206749431066,28.41729644053478,70.09399060911959,0.1391225829754712,8188.0,1,0.0007500000000000284,-267.8954562849103,9,-1.0094987154006958,12
yolo11m.pt,20,65W,21,5805.602706473214,31.45600549450543,0.2910855664285918,0.4360185322356671,31.206,98.0,42.925574425574425,95.0,0.0185654782462718,39.27455238229808,1.0,0.86857,466.0,8000.0,7640.35964035964,8000.0,0.2778387195764101,479.894958671283,20.038,73.0,28.214285714285715,69.0,0.0122106207992371,27.55629123317864,13.607786,47.371,2.5682536205721123,66.801,0.0080146687057827,80.787,31.456005494505497,13.986,52.547,14.280619720616642,93.2099999999998,2505.0,1979.5429570429567,2490.0,0.0425103582399123,359.5984807191371,0.2804739019936335,0.2910855664285918,0.355498290000105,-0.0004091235732851,0.0816419046302541,3.658000000000001,81.0,74.94655344655345,79.0,0.0023239370462912,2.5162093116611977,86.10368947841215,235.76619228374724,53.60599021289981,72.14373511423024,0.3875994243507446,8188.0,1,0.0006000000000000449,-278.0738764377433,8,-1.1031997203826904,13
yolo11m.pt,20,65W,22,6044.443229166666,31.51591975982531,0.3281194991666173,0.4700449003349627,42.91703056768559,99.0,44.12772925764192,92.0,0.0255110246765265,39.36741963737101,1.0,0.86852,556.7685589519651,8000.0,7623.362445414848,8000.0,0.3101447213613587,484.5427814561568,29.77510917030568,73.0,29.949781659388645,66.0,0.0167873146735841,27.66886798209935,16.340441048034936,47.791,2.501243834885208,65.017,0.0092514966800894,78.829,31.515919759825326,13.812,50.27399999999999,13.66886836215667,-81.94323144104806,2490.0,1961.3728165938865,2490.0,-0.0558413460086922,360.15721819178856,0.1261141725114677,0.3281194991666173,0.3699217500002305,-0.0001997640013215,0.0413805191222751,5.286026200873351,80.0,74.69868995633188,78.0,0.0032580799293609,2.608735415328987,68.08469998984724,87.73038695997035,8.526237755303669,67.04874308255759,0.0156825189665547,8188.0,1,0.0006500000000000394,-291.5623794615137,7,-1.1102198362350464,14
yolo11m.pt,20,65W,32,7858.99609375,33.40492635317361,0.4863046212499625,0.507641862431577,40.06886113058441,100.0,47.71332477919167,99.5,0.0252087295050216,41.310742007577865,1.0,0.8636,499.4317336902254,8000.0,7677.743221603541,8000.0,0.3204057703462936,467.3298196424975,28.802609776304887,79.5,33.93714326731825,75.0,0.0176069149729644,30.54481559031529,15.08511733902662,44.475,2.1494986354516588,57.1845,0.0092364172997741,71.7705,33.40492635317358,14.586,52.58275,14.170259698475828,29.89803071824599,2490.0,1964.6808049824403,2490.0,0.0036320050835235,367.438788229767,0.059745858223683,0.4863046212499625,0.5177105700001903,-0.0004890789088112,0.0290798679254515,4.020616914154616,80.5,76.30265221393822,79.5,0.0025829579657273,2.4060387414373023,66.01735745649044,72.10012920018855,3.4710858383301737,65.80300886974258,0.0028696664678694,8188.0,2,0.005569999999999964,-383.23093693252935,0,-1.2423357963562012,15
yolo11m.pt,20,65W,24,6361.058463541666,31.887171875000003,0.3320801074999811,0.4412123110050156,47.228448275862064,99.0,44.924030172413794,96.0,0.0266240179353168,40.319068819627375,1.0,0.86324,601.2931034482754,8000.0,7596.982758620689,8000.0,0.3071910641442162,490.50417381539273,32.05818965517241,78.0,30.6875,69.0,0.0182550796034908,28.77359180097804,17.680377155172412,52.037,2.4216634922252727,63.271,0.0101266966869304,77.22,31.887171875,13.949,51.2025,13.973129347576412,-50.30172413793116,2490.0,1958.6476293103449,2490.0,-0.040456717980857,373.0522372806112,0.2390820094975734,0.3320801074999811,0.3938107750000199,-0.0003772320484065,0.0793943794152656,5.489224137931032,83.0,75.14331896551724,79.0,0.0033409944501511,2.818301215819308,79.08105296646497,146.54464658795598,29.51591699685412,72.27171835338365,0.1393053109778454,8188.0,1,0.005929999999999991,-305.93815223356825,6,-1.3151788711547852,16
yolo11m.pt,20,65W,25,6725.647395833334,31.583738414006127,0.3357080633333074,0.4241166262316713,40.30927835051546,100.0,43.74510813594232,97.0,0.0209501146208077,40.61756042013937,1.0,0.86794,465.97938144329873,8000.0,7631.307929969104,8000.0,0.2213679532683303,482.45023321294906,27.48865979381443,75.0,29.814624098867142,71.0,0.0145549150737112,28.58706023196996,15.283577319587629,50.978,2.51990435573978,65.74499999999999,0.0080515141469778,79.588,31.58373841400618,13.843,52.824,14.40486696751338,74.0103092783504,2505.0,2005.7672502574665,2490.0,0.0749305158578568,357.86204816744333,0.3265286899856686,0.3357080633333074,0.4200125450008272,-0.0005110876366415,0.1096183141378507,4.305154639175257,80.0,74.86663233779609,79.0,0.0024514459313456,2.526732234631286,97.38573757276885,280.1959395358451,73.34784156169295,74.4694653794442,0.5672623512317576,8188.0,1,0.0012299999999999534,-323.4167747020353,5,-1.3151788711547852,17
yolo11m.pt,20,65W,27,7069.7140625,32.30414818820979,0.3926732029999948,0.4698138273796598,41.40692640692641,100.0,45.938885884261765,97.0,0.0232691895536676,39.73436741090913,1.0,0.86371,567.0995670995671,8000.0,7679.286100594916,8000.0,0.3152131221357785,466.7509979994361,27.344155844155846,72.0,31.71227690643591,70.0,0.0154020814377764,28.57619052381817,17.52624025974026,53.73,2.4369316145203856,64.78999999999999,0.0098458692630947,78.723,32.304148188209844,13.933,50.8102,14.394789704462273,-56.88311688311683,2505.0,1947.9718766901028,2490.0,-0.0232049768015155,357.95630660060675,0.137618515157076,0.3926732029999948,0.4400200200010659,-0.0004366245682593,0.0540391031388323,4.573593073593074,81.0,74.81287182260681,78.0,0.0029075623775461,2.6470034335430563,70.22354678892748,96.19774145055942,10.918439658151758,68.75946663465182,0.0241743961811967,8188.0,1,0.00546000000000002,-342.5496535910674,4,-1.3733718395233154,18
yolo11m.pt,20,65W,29,7479.3740234375,31.61296544391288,0.3990481999999792,0.4350033433467234,48.263829787234044,100.0,44.11855396065923,94.0,0.0270825420066238,39.73414149378531,1.0,0.86585,519.1489361702133,8000.0,7609.782030834663,8000.0,0.2943455881825293,487.799042337946,33.51489361702127,86.0,30.53003721424774,71.0,0.018169021723471,29.15077081439829,17.114297872340426,50.87,2.4465278379916264,63.522,0.0091421025621441,77.342,31.61296544391281,13.82,51.054,14.116859191085029,-44.01063829787245,2490.0,1954.122807017544,2490.0,-0.0557936582721387,367.4867605896947,0.2610937107350313,0.3990481999999792,0.4825498999994124,-0.0005063258037804,0.1041889753001295,5.061702127659586,81.0,74.77352472089314,78.0,0.003063308408638,2.609181181644906,81.24468850466813,162.82865159279388,33.819132342419834,72.67292522557803,0.1732746245985646,8188.0,1,0.0033199999999999896,-361.65104523737546,3,-1.3733718395233154,19
yolo11m.pt,20,65W,30,7656.5140625,32.04563873775846,0.3958582650000607,0.42285103171826,42.35511982570806,100.0,45.20457018498368,98.0,0.0252552972098127,40.21122874384057,1.0,0.86458,642.7015250544664,8000.0,7675.19042437432,8000.0,0.3633205785687313,468.303657051219,29.015250544662308,77.0,31.35146898803047,72.0,0.0168934227203734,29.292908884229057,17.044847494553373,51.002,2.579664605111956,68.702,0.009477305468391,82.667,32.04563873775843,13.965,51.39794999999999,14.304293489433162,-13.692810457516543,2490.0,1978.792165397171,2490.0,-0.0042252617194756,348.79847283246824,0.3201786107994344,0.3958582650000607,0.4902988000003461,-0.0006440628544833,0.1267453493611938,4.864923747276691,80.0,74.93906420021763,78.0,0.0030260039653214,2.5838680073578506,93.87903259777768,254.5442000491369,58.556098751571966,75.78470036490306,0.389051467462126,8188.0,1,0.004589999999999983,-369.70444363685664,2,-1.3733718395233154,20
yolo11m.pt,20,65W,31,7901.41734375,31.712511789925053,0.409000569000018,0.4184011408548105,43.32832618025751,100.0,45.935691318327976,99.0,0.0243855614597928,39.33077827204244,1.0,0.86263,542.9184549356223,8000.0,7662.379421221864,8000.0,0.3018908682066344,472.8984283793425,30.311158798283262,80.0,31.682207931404072,72.0,0.0165516793216302,29.12094149030081,16.574454935622313,52.798,2.336995583665665,60.25099999999999,0.0096534057490091,74.112,31.71251178992497,13.861,51.796,14.08520066133284,-10.010729613733927,2490.0,1965.6511254019288,2490.0,0.0238367170758332,371.3883124279199,0.3587349875847206,0.409000569000018,0.5094061749999127,-0.000685269357939,0.1467228140423651,5.197424892703864,81.0,74.90675241157557,79.0,0.0031610711211082,2.634157575118506,104.50836725413212,321.0455817663825,83.45329076396152,75.7945155817097,0.6376535879746894,8188.0,1,0.00653999999999999,-381.84692004996464,1,-1.425998568534851,21
yolo11n.pt,5,65W,5,1444.2775841346154,16.418771587743727,0.0741968846153842,0.2436443402044342,23.033519553072622,41.0,13.13649025069638,40.0,0.0483228333816845,15.348623918949109,1.0,0.59408,759.7765363128492,8000.0,7444.289693593315,8000.0,1.61947660400389,496.8866689297201,4.815642458100559,9.0,2.481894150417827,9.0,0.0100697154470984,3.375576835870914,7.627474860335193,54.416,1.6596247687823855,14.95,0.0155855334559045,27.249,16.418771587743734,12.299,24.787,4.839109665764829,123.01675977653622,2340.0,2048.377437325905,2220.0,0.2143616145514016,81.49401190029486,0.461998085340788,0.0741968846153842,0.0970760350011005,-0.000272108779856,0.0342788186305589,3.4581005586592184,64.0,60.2200557103064,63.0,0.0064109921915735,1.656098377312312,72.01246461427282,86.18042417834411,12.81361656711483,67.388274129279,0.0316612530258083,8188.0,1,0.002729999999999899,-56.92330144427019,5,0.7202407717704773,1
yolo11n.pt,5,65W,26,3279.93296875,18.26855208333332,0.1608861520000937,0.1130445018192612,26.89583333333333,73.0,11.109375,67.0,0.0599005036043503,19.817838370138418,1.0,0.59668,722.2222222222226,8000.0,7329.861111111111,8000.0,1.7525682565995953,470.1624809442522,13.34027777777778,41.0,5.223958333333333,38.0,0.0298630158490945,11.514341101351128,13.027680555555552,54.435,3.150167552277052,45.236,0.0317830825986487,57.549,18.268552083333333,12.313,37.77225,9.729230401864532,195.7291666666665,2505.0,2096.2760416666665,2505.0,0.5346870055007135,210.9479148020468,0.4135799192807605,0.1608861520000937,0.2576598799998461,-0.0043989596922885,0.0665392817575909,3.472222222222221,66.0,60.348958333333336,66.0,0.0080210295632079,2.1126517758593506,174.57519453565823,207.37017734421693,33.45510125530437,161.60495901465066,0.0367248159518909,8188.0,1,0.00012999999999996348,-120.9957393581048,4,-1.168928861618042,2
yolo11n.pt,5,65W,27,3345.37296875,18.21679487179486,0.160180380000238,0.1080730787018699,35.54109589041096,73.0,12.8,66.0,0.0762347288505594,22.42615993817599,1.0,0.59539,726.0273972602736,8000.0,7292.307692307692,8000.0,1.7208102415452022,454.8229384336764,18.938356164383563,43.0,6.685470085470086,38.0,0.0405635055642068,13.167048127919609,13.313246575342468,55.295,3.233938813858724,46.453,0.0314750020079815,58.912,18.216794871794875,12.459,38.14159999999998,9.36073878552937,300.0,2505.0,2118.333333333333,2505.0,0.6966197578194406,199.12415059562048,0.3737626263991021,0.160180380000238,0.2158140800002,-0.0038083339230643,0.0598694395264951,3.335616438356162,66.0,60.24786324786325,65.0,0.0077577019579917,1.9711855207887528,180.27879091924967,230.33921218439733,34.70254596787992,168.55996970390424,0.0370538554454711,8188.0,1,0.0014199999999999768,-122.16583798786719,3,-1.192731261253357,3
yolo11n.pt,5,65W,28,3415.93296875,17.869714532871978,0.1577494520002073,0.1006763455343105,25.5,63.0,12.166089965397925,59.0,0.0616696302610585,20.05813589313517,1.0,0.58881,604.166666666667,8000.0,7339.100346020761,8000.0,1.491641837300293,473.4039515565552,13.42361111111111,40.0,6.036332179930795,35.0,0.0324152607084245,12.156863798371184,10.811951388888891,55.428,3.285223157426956,46.335,0.0281418061817036,58.706,17.86971453287197,12.371,35.553,9.108332519757983,272.5,2505.0,2128.5726643598614,2505.0,0.7003916530822545,203.76791299650105,0.3988725185251224,0.1577494520002073,0.2191396400012307,-0.0044417660769389,0.0629219212152806,2.909722222222221,67.0,60.141868512110726,64.29999999999995,0.0072487839899967,2.081541376418465,193.37993756403225,276.7451749214146,46.57121079063359,177.4966546315685,0.0579978944125944,8188.0,1,0.008000000000000007,-122.90936640789106,2,-1.192762017250061,4
yolo11n.pt,5,65W,31,3703.05296875,18.172920552677024,0.1684297800000058,0.0987374519562895,34.11111111111111,74.0,13.412780656303973,61.0,0.075137323318906,22.21679744728567,1.0,0.59677,687.5,8000.0,7340.241796200346,8000.0,1.723056036569277,473.7903717032544,20.71527777777778,46.0,7.454231433506045,39.0,0.0447766444332202,13.735569418184864,11.483291666666666,56.636,4.332435162074263,66.447,0.029538617450154,78.733,18.172920552677027,12.286,40.03260000000001,9.866763029189045,215.1041666666665,2505.0,2082.79792746114,2505.0,0.4894657481485699,216.6440828837804,0.4023700669995617,0.1684297800000058,0.2388583399999331,-0.0047563796923322,0.0677711018633237,3.4791666666666643,67.0,60.29879101899827,65.10000000000002,0.0082176375999749,2.1519598464776206,204.47366465810472,331.042967562074,63.36681240519437,184.0529626055376,0.0960392944063518,8188.0,1,3.999999999992898e-05,-135.38863982164185,0,-1.2540383338928223,5
yolo11n.pt,5,65W,29,3586.039375,18.39834125636673,0.1577711600000475,0.1000940566239211,31.53061224489796,77.0,14.400679117147709,71.0,0.0772606161972141,23.38928112459247,1.0,0.59681,680.2721088435374,8000.0,7308.998302207131,8000.0,1.5976636115008334,462.08045992039246,20.65986394557823,46.0,8.898132427843803,45.0,0.0505658624417796,15.0889770730092,13.329891156462589,50.561,2.9959766063652857,42.782,0.0321530034960086,55.121,18.398341256366724,12.339,34.9202,9.059437916279691,211.63265306122457,2505.0,2088.3870967741937,2505.0,0.4955587829215317,210.92293647353887,0.4022160971066046,0.1577711600000475,0.2125428999996073,-0.0039884939231104,0.0634581002112007,3.632653061224488,66.0,60.34974533106961,64.0,0.0082165892744828,2.001676912356119,198.98107353923567,274.549703095042,44.109007358187576,183.81052658794712,0.0491395335327069,8188.0,1,0.0,-129.6783131505259,1,-1.2972605228424072,6
yolo11n.pt,10,65W,11,2214.872135416667,20.816342015855053,0.083362715833194,0.1577551640140275,27.30454545454545,54.0,15.345413363533408,50.0,0.047540037009664,19.2504989249848,1.0,0.65094,872.727272727273,8000.0,7441.67610419026,8000.0,1.4853053339115931,496.5866723720792,10.418181818181818,22.0,5.583238958097395,21.0,0.0181271219176755,7.874772421999154,15.425668181818176,56.652,2.029703392066625,29.821,0.0261638667314647,42.251,20.81634201585504,12.43,35.6757,9.61177903832928,274.9772727272725,2505.0,2165.6058890147224,2505.0,0.495518095730319,206.38368442656164,0.4024182412137112,0.083362715833194,0.1149949100001322,-0.0003485040409054,0.0335466774883923,4.740909090909085,69.0,63.69082672706682,68.0,0.0079079632549944,2.7435904294364306,140.82292719073453,177.41065782346843,28.002978877307875,131.9534745246379,0.0395422821550931,8188.0,1,0.019979999999999998,-77.40446501819851,16,0.4388681650161743,1
yolo11n.pt,10,65W,5,1480.4237379807691,19.153497164461267,0.067130543076907,0.2571569332944567,29.424242424242426,42.0,17.199432892249526,41.0,0.0405767456584437,17.371481084407066,1.0,0.63013,837.121212121212,8000.0,7541.587901701323,8000.0,1.1728027998884176,498.2674446841586,6.386363636363637,10.0,3.52930056710775,10.0,0.0087499198061146,3.907434589145362,12.460840909090908,55.91,1.7064768757032036,20.271,0.0164919220268045,32.685,19.15349716446125,12.414,30.03814999999999,6.582870256885674,284.8295454545455,2505.0,2129.574669187145,2475.0,0.3586531974816286,160.98602893841243,0.3726412960111148,0.067130543076907,0.0895324200009781,-8.082409266368652e-05,0.0250156125741086,4.700757575757571,68.0,62.34404536862004,66.0,0.0061605926839699,2.2446675912694034,77.85690304895293,90.10076776936631,11.861510536376452,74.48174513159876,0.0232105669461447,8188.0,1,0.04078999999999999,-57.4267915088972,18,0.3400115370750427,2
yolo11n.pt,10,65W,4,1378.78046875,17.250987920621192,0.0675470725000536,0.2913134329429375,27.162629757785467,41.0,17.779982743744608,41.0,0.0332294217150411,16.35000311614314,1.0,0.62517,826.9896193771629,8000.0,7567.730802415876,8000.0,1.0351286734866387,495.3912982724885,4.826989619377162,8.0,3.009490940465919,8.0,0.0058663406363849,3.0746950155867365,6.707391003460209,55.212,2.012348519385543,22.341,0.0086049929142059,34.715,17.250987920621224,12.374,22.5966,4.293556046400401,0.0,2160.0,2022.7480586712684,2100.0,0.0145777127306725,34.59768071560664,0.3290221624366309,0.0675470725000536,0.0894604900010563,-4.303151700672706e-05,0.0222244838602315,2.882352941176471,64.0,61.753235547886106,64.0,0.0035521849110895,1.4495917031575414,61.24873214296986,71.38641130034028,8.324556696675788,59.21796240683593,0.0184725999345284,8188.0,1,0.04574999999999996,-56.35350609163558,19,0.3342026174068451,3
yolo11n.pt,10,65W,6,1589.502059659091,19.3763146176186,0.0725168945455069,0.2341850273010688,24.608527131782942,45.0,15.72023233301065,41.0,0.037910158594809,17.248038095547,1.0,0.64532,794.573643410853,8000.0,7527.589545014521,8000.0,1.1611338013256076,499.2382367226009,5.949612403100775,11.0,3.838334946757018,11.0,0.0092811125181545,4.528922001722355,11.565306201550388,52.566,2.005644559707106,26.384,0.016110957983068,38.862,19.376314617618583,12.478,32.5426,7.337161324569485,217.84883720930247,2505.0,2135.024201355276,2475.0,0.3097273249380082,174.08486874123375,0.3567887640563719,0.0725168945455069,0.0980389900014415,-7.729125688205431e-05,0.0258732131780976,3.949612403100773,68.0,63.079380445304935,67.0,0.0056049798858007,2.224890178279948,86.79266498851892,103.7529808897557,14.436238174527205,82.73934008901585,0.027665723352738,8188.0,1,0.025599999999999956,-60.468755341535385,17,0.29678118228912354,4
yolo11n.pt,10,65W,14,2454.69546875,20.41138368246968,0.0956075630000305,0.1393916179528224,29.004424778761063,59.0,14.7651598676957,55.0,0.0485958501589569,20.54931892608977,1.0,0.66044,792.0353982300885,8000.0,7420.066152149945,8000.0,1.3132518296765043,493.5692251020967,12.084070796460177,28.0,5.966923925027563,25.0,0.0204673391973344,9.37924517440618,15.112637168141593,53.103,2.6842374261503665,42.415,0.0250536710789222,54.789,20.41138368246968,12.374,38.881,10.29068172656411,301.7920353982299,2505.0,2146.3230429988976,2505.0,0.4663087764869401,195.91757472017463,0.4501378177750641,0.0956075630000305,0.1263050900003691,-0.000450243300932,0.0430365797716256,4.287610619469035,70.0,63.56339581036384,69.0,0.0072027655614214,2.690811827695545,157.90943678191738,201.6126620289094,34.05001133927447,146.4319302856358,0.0464962954962054,8188.0,1,0.010479999999999934,-84.92965745655017,15,0.2663722634315491,5
yolo11n.pt,10,65W,15,2613.1110243055555,20.676565268065275,0.0961555655554952,0.1325444551397284,34.532710280373834,62.0,16.87878787878788,58.0,0.0588259807807652,22.33338710130067,1.0,0.66016,691.5887850467288,8000.0,7437.062937062937,8000.0,1.226345537320155,496.0231104584303,15.86448598130841,30.0,7.555944055944056,28.0,0.0269768945306835,10.720860364382196,15.685476635514023,54.967,2.4776358808066945,38.72,0.0270797417271594,51.229,20.676565268065268,12.509,37.915,10.14855535833178,232.14953271028023,2505.0,2115.472027972028,2505.0,0.3932446114068952,189.6925307189839,0.4143487418832171,0.0961555655554952,0.1242714800013345,-0.0005379640770462,0.0398419376129886,4.247663551401878,70.0,63.35198135198135,68.0,0.0074210153499659,2.5909339946604617,167.7922135129658,219.3835930293506,36.161546247659714,155.99721049264588,0.0464462203470386,8188.0,1,0.010759999999999992,-90.0604336479036,14,0.2105606496334076,6
yolo11n.pt,10,65W,18,2749.58046875,20.33088730723606,0.1032768987500503,0.1166506105515612,30.609523809523807,73.0,16.271648873072362,70.0,0.0537289589560503,23.42800972910887,1.0,0.67092,823.8095238095239,8000.0,7403.32147093713,8000.0,1.4608490647861851,490.5642282293315,14.89047619047619,37.0,7.207591933570582,35.0,0.0249991076261369,11.64228963570292,15.07674761904762,55.307,1.8960313643704176,26.157000000000004,0.0269933662870008,38.548,20.33088730723606,12.391,34.8437,9.377837150850388,131.92857142857156,2505.0,2102.0106761565835,2505.0,0.3074080731731338,194.74583278673524,0.4224867318911192,0.1032768987500503,0.1325017050001406,-0.0007116721179159,0.0436331194327587,4.771428571428565,69.0,63.10438908659549,68.0,0.0081642092900545,2.711255429284148,188.489576154244,235.5175527079549,42.42165078393591,174.2887346333221,0.0506524496257022,8188.0,1,0.0,-91.29166923967418,13,0.027314111590385437,7
yolo11n.pt,10,65W,17,2691.48046875,20.283759237187137,0.1040147912499605,0.1241065284012046,33.68899521531101,68.0,16.37187127532777,65.0,0.0592379592382437,22.2552099446554,1.0,0.65339,794.2583732057419,8000.0,7419.547079856972,8000.0,1.4179610019071178,493.4848808630915,15.636363636363637,35.0,7.425506555423123,32.0,0.0276823024503949,11.161459642825372,15.365913875598087,54.964,3.490181438863176,58.369,0.027063280771558,70.794,20.283759237187127,12.425,38.854,10.244431040506932,271.3636363636365,2505.0,2134.272943980929,2505.0,0.4752601505128225,203.3808597948781,0.389930273907895,0.1040147912499605,0.1318038350007555,-0.000634120983353,0.0405585160425696,4.464114832535884,69.0,63.07866507747318,68.0,0.0075863128340648,2.602100578265975,175.50506583251723,254.39545547066533,39.97770139391014,163.43829368600925,0.0518867329724549,8188.0,1,0.017529999999999935,-91.62941610285337,12,-0.0005722078494727612,8
yolo11n.pt,10,65W,19,2815.784040178572,20.191827586206884,0.1159253828570789,0.1231971233429032,34.304761904761904,64.0,16.902497027348396,62.0,0.0596432939118238,23.046816973273664,1.0,0.66112,819.0476190476193,8000.0,7419.738406658739,8000.0,1.4553182320883402,493.51603482999633,16.738095238095237,34.0,7.928656361474435,32.0,0.0290787463177249,12.085393714671888,14.411319047619047,52.33,2.728182962379796,42.681,0.0260657949578502,55.087,20.19182758620689,12.406,39.897,10.33588777201416,206.0,2505.0,2103.5136741973843,2505.0,0.3407826819188129,198.98058298529665,0.4000503970977014,0.1159253828570789,0.1510569850003776,-0.0008150806438652,0.0463759954456775,4.257142857142853,69.0,63.463733650416174,68.0,0.0075696399369438,2.5922100158275354,176.49015037586437,231.5638282571912,38.27425229187651,163.8985313805222,0.0470297298725426,8188.0,1,0.00979999999999992,-97.67817087063402,11,-0.14717832207679749,9
yolo11n.pt,10,65W,20,2957.412611607143,20.18280452920142,0.1141919314287016,0.1152356715418728,32.45933014354067,69.0,16.3134684147795,64.0,0.0554265159885841,22.842794818008404,1.0,0.6544,693.7799043062196,8000.0,7431.466030989273,8000.0,1.2502707467163972,495.2808244739914,16.10047846889952,39.0,7.936829558998808,34.0,0.028029813226419,12.540454298020755,14.341818181818176,53.656,3.7396190351443854,63.127,0.0258030555468636,75.476,20.18280452920143,12.349,39.66409999999998,10.61275167597018,266.62679425837314,2505.0,2109.8510131108465,2505.0,0.3912577561568705,190.28366747577684,0.3858845845173744,0.1141919314287016,0.143172050000976,-0.0007894223462452,0.044064906014601,4.301435406698566,70.0,63.15137067938021,68.0,0.007575990932982,2.683054119559417,188.24040516322128,270.12463947901045,44.80215189198446,175.14372293884404,0.0566463655128754,8188.0,1,0.01651999999999998,-101.38400705746437,9,-0.5501633882522583,10
yolo11n.pt,10,65W,21,3017.4983258928573,19.99405509964834,0.1134212471428067,0.1079881268973385,35.16901408450704,69.0,16.561547479484172,66.0,0.0574129534959647,23.90053683311917,1.0,0.65348,788.7323943661968,8000.0,7378.663540445486,8000.0,1.3756553891024308,485.0540831523593,19.51173708920188,39.0,8.38335287221571,36.0,0.0309058432620592,13.493936965575784,15.384737089201876,57.26,3.373252682552944,55.10099999999999,0.026463218261774,67.445,19.9940550996483,12.344,40.8762,10.555546014323676,263.3802816901407,2505.0,2117.584994138336,2505.0,0.4112120109815761,189.0079459178269,0.365878282432865,0.1134212471428067,0.139574884999547,-0.0007127047205015,0.0414983710960036,4.023474178403752,69.0,62.81594372801876,67.0,0.0069095216272941,2.5471182634855505,200.16507976741897,309.72461695107245,54.46009806912594,185.1504945414616,0.0740253058076099,8188.0,1,0.01744000000000001,-101.3297284620989,10,-0.6852113604545593,11
yolo11n.pt,10,65W,22,3104.45546875,20.105113116726816,0.1255237616664696,0.1147122466882467,33.5024154589372,72.0,17.22503008423586,61.0,0.0620968949388222,24.4409679392564,1.0,0.64294,816.4251207729467,8000.0,7413.95908543923,8000.0,1.4613159664483897,492.5413292522225,17.07729468599034,39.0,8.703971119133573,33.0,0.031799232475584,13.054692730231316,15.640671497584538,54.098,2.265145176532794,33.306999999999995,0.0279832453250937,45.541,20.10511311672684,12.234,35.6005,9.662855076543645,216.01449275362305,2505.0,2102.0938628158847,2505.0,0.3694358452973209,197.91271422854496,0.3853871528011316,0.1255237616664696,0.172457640000175,-0.0011468501889402,0.0483752451175285,4.777777777777772,69.0,62.82912154031288,68.0,0.0079986148425971,2.6281213769517744,188.41486358588,254.1211886889458,40.40225770451118,175.2656206914545,0.0459812685326799,8188.0,1,0.027980000000000005,-108.6774191650817,6,-0.7415069937705994,12
yolo11n.pt,10,65W,24,3141.85546875,20.50893983152824,0.1256470350002322,0.1073703117012368,31.90821256038648,74.0,16.401925391095066,68.0,0.0572880525155328,24.07533695468868,1.0,0.65585,777.7777777777783,8000.0,7403.128760529483,8000.0,1.4003807509961903,490.5262102716282,18.41062801932367,44.0,8.802647412755716,39.0,0.0324316496756255,14.155983124242166,15.8141884057971,52.493,3.390277633615677,57.025000000000006,0.0278183721138371,69.531,20.50893983152828,12.506,38.961,10.58234238314322,124.71014492753602,2505.0,2087.1119133574007,2505.0,0.2621893433216321,190.7830106442675,0.3463327410987011,0.1256470350002322,0.1562496450031176,-0.0011084759961197,0.0435156820425548,4.589371980676326,69.0,63.0517448856799,68.0,0.0078124843166053,2.7139553264078207,202.60059412997109,262.1204407621461,40.168158221172085,191.0112721717281,0.0393081322805959,8188.0,1,0.015069999999999917,-105.94358073544005,7,-0.9262292981147766,13
yolo11n.pt,10,65W,23,3077.8888020833333,20.54718925518923,0.1238417199998366,0.1106347503706433,38.794117647058826,76.0,19.107448107448107,70.0,0.0711187812326818,25.008729722885032,1.0,0.64454,789.2156862745096,8000.0,7406.593406593406,8000.0,1.4333967461762789,491.1977283214727,21.25490196078432,43.0,10.014652014652016,40.0,0.0383301692443561,13.812092531277852,16.280088235294116,52.816,3.921606940942045,68.07900000000001,0.0288756300272371,80.578,20.547189255189256,12.499,39.56549999999996,10.731864136908897,158.16176470588243,2505.0,2091.996336996337,2445.0,0.3058574200562382,169.8802314187129,0.3866848570359337,0.1238417199998366,0.1600222399982158,-0.0011874340983694,0.0478877177932209,4.210784313725497,68.0,63.03907203907204,68.0,0.0073433513829481,2.4466841568851385,202.1768908531203,334.8784126437022,55.74040659494741,185.72093475470413,0.0760111385206512,8188.0,1,0.02637999999999996,-104.34495445431222,8,-1.0003677606582642,14
yolo11n.pt,10,65W,25,3288.3221354166667,21.08514441747572,0.1333490683333972,0.1124673745498207,28.771844660194176,71.0,16.421116504854368,66.0,0.0564294301411643,23.324194503537605,1.0,0.65103,762.135922330097,8000.0,7439.320388349514,8000.0,1.3944634563021063,496.3043267290205,15.223300970873789,41.0,8.487864077669903,40.0,0.0300658366748564,13.549436569841784,16.50928155339806,53.1,3.856174678728335,68.858,0.0295523184075653,81.308,21.08514441747573,12.45,44.219,12.296796505526077,215.8252427184466,2505.0,2123.5376213592235,2505.0,0.4120812282363086,206.5387808671995,0.40024081098338,0.1333490683333972,0.1685130099984233,-0.0011289071158489,0.053371739253637,4.640776699029118,70.0,62.99514563106796,68.0,0.007915200561097,2.6894211540478623,208.31305360124355,365.5944744813148,70.88016414392752,187.4778752671552,0.1157754449903973,8188.0,1,0.019889999999999963,-114.5002765159295,5,-1.011992335319519,15
yolo11n.pt,10,65W,26,3360.03546875,20.070837153196656,0.1393149999999877,0.1075449491537441,34.14009661835749,77.0,16.83232810615199,75.0,0.0623349115768681,26.019147018846823,1.0,0.65211,758.4541062801927,8000.0,7384.800965018094,8000.0,1.35613519268241,486.5482322845676,18.743961352657006,45.0,8.768395657418576,42.0,0.0337899139432855,15.400544065014754,15.185149758454108,52.416,2.1819219430528447,31.33,0.027403177191906,43.793,20.07083715319662,12.463,35.323,9.457461803762191,194.2753623188405,2505.0,2079.607961399276,2505.0,0.3128024764922173,202.05830945329907,0.3240304235243078,0.1393149999999877,0.1805070099992008,-0.0013642550396279,0.0451422984532849,4.85507246376811,68.0,62.98431845597105,68.0,0.008222832063556,2.660708191805188,195.8446819090693,246.4278640193264,31.960855092185373,186.62742705381527,0.0266325784066811,8188.0,1,0.018809999999999993,-118.0366774673144,4,-1.02474045753479,16
yolo11n.pt,10,65W,30,3592.23546875,19.5394267589389,0.1501998540000204,0.0978273015478905,36.51851851851852,77.0,17.57670126874279,75.0,0.0614288398900979,26.809672404695508,1.0,0.65328,675.9259259259261,8000.0,7409.457900807381,8000.0,1.1715454792422952,491.7337981812864,17.875,45.0,8.627450980392156,44.0,0.0301258760490668,15.691175704896123,14.56399537037037,52.412,1.951643744233925,25.77,0.0249034075243394,38.134,19.53942675893887,12.364,34.763099999999994,9.065556656395156,166.3888888888887,2505.0,2080.813148788928,2505.0,0.2739370921359573,199.5668658489089,0.4423665691764786,0.1501998540000204,0.1795136650007407,-0.0017482316974831,0.066443394104797,4.907407407407412,67.0,61.09688581314879,65.0,0.0080727375331198,2.5662752869778136,223.38436415641507,376.45397934720165,71.54877156138252,199.7338825641996,0.1025885332821834,8188.0,1,0.01763999999999999,-125.55520069592178,1,-1.0862902402877808,17
yolo11n.pt,10,65W,29,3563.83875,21.265564310544622,0.1455281199999444,0.106715089477637,32.95348837209302,80.0,15.35457705677868,75.0,0.0543575435307387,25.14950659220868,1.0,0.65584,693.0232558139533,8000.0,7402.085747392815,8000.0,1.1889943084206955,490.319078903092,18.38139534883721,46.0,8.629200463499421,44.0,0.0303968549491169,15.132376260715018,16.180241860465113,40.0,1.8955528012963256,26.758000000000003,0.0274538203303464,40.31,21.26556431054461,13.552,36.8145,9.588384123503907,163.81395348837214,2505.0,2061.292004634994,2505.0,0.2519846817563878,209.347284512672,0.3715065949738706,0.1455281199999444,0.1700265800001943,-0.0014588292437209,0.0540646563341282,5.674418604651159,74.0,66.15063731170336,71.0,0.0090420623633153,2.77557989295095,217.09951969721723,325.4779720776899,62.8230154369951,199.2742021267853,0.0837374692237195,8188.0,1,0.015079999999999982,-124.79085415512779,2,-1.0950556993484497,18
yolo11n.pt,10,65W,31,3632.59875,21.51831372549021,0.1538703860000532,0.1068074593229491,33.87962962962963,76.0,16.002306805074973,76.0,0.0574112155565979,24.324507303916853,1.0,0.6509,750.0,8000.0,7410.611303344867,8000.0,1.2864057674815976,491.94477424838726,17.24074074074074,46.0,8.321799307958477,46.0,0.0299698442948924,14.39383510516547,15.319245370370368,51.571,3.602559242742616,64.11,0.0265844902189964,77.521,21.518313725490195,13.411,37.60679999999999,10.322494308906204,190.34722222222217,2505.0,2054.031141868512,2505.0,0.2372680648000553,240.04561792326737,0.3620223099011873,0.1538703860000532,0.181155555000987,-0.0013162526050415,0.0557045125651265,3.8148148148148096,72.0,67.03575547866205,72.0,0.00650137219193,2.312368723207069,224.4200845319145,397.8910017092396,80.67692354583116,201.46826693467364,0.1292335321930308,8188.0,1,0.020019999999999927,-127.646953537245,0,-1.1169155836105347,19
yolo11n.pt,10,65W,28,3514.79546875,19.756178528347416,0.1444204700001137,0.101899878159646,33.6183574879227,72.0,17.29794933655006,64.0,0.0612388190197197,24.229487027858,1.0,0.64139,787.4396135265697,8000.0,7390.832328106152,8000.0,1.4022418935720835,487.9369010571727,19.666666666666668,40.0,9.6875753920386,39.0,0.0358018637722864,14.491629880109151,13.65168599033816,52.862,2.659826136142718,40.175,0.0251738018313354,52.548,19.756178528347405,12.373,39.264,9.854739122962002,122.536231884058,2505.0,2081.670687575392,2505.0,0.2652479114549154,228.4774462021352,0.3482445145419746,0.1444204700001137,0.2071236349998796,-0.0014261759663582,0.0502936364651134,4.420289855072461,70.0,62.94933655006032,68.0,0.0074889372352788,2.571503888743339,208.6825939055464,287.5547093418962,52.896547519095805,193.8783331751929,0.0642513417992658,8188.0,1,0.029529999999999945,-123.50608004344639,3,-1.1710940599441528,20
yolo11n.pt,20,65W,14,2068.79703125,24.997970833333287,0.0877708099997289,0.156720867742233,33.693333333333335,66.0,23.88,63.0,0.0313795565135809,24.153480080518417,1.0,0.67599,843.333333333333,8000.0,7600.0,8000.0,0.7668199769583154,489.8979485566357,14.093333333333334,30.0,10.785833333333333,29.0,0.0132070612549036,11.031846293295102,17.63897,48.52,1.9762404048461928,37.013000000000005,0.016267989300687,49.402,24.997970833333333,12.389,36.9733,10.228583264557347,184.5,2505.0,2155.1875,2505.0,0.1716988171519581,212.27141197945144,0.3316878176442429,0.0877708099997289,0.1143578200017145,-0.0001323930045761,0.0291125084216775,5.7933333333333294,71.0,66.24166666666666,70.04999999999995,0.0059762541501765,2.897400654993292,167.7901059123318,223.1536366097372,31.75518630491932,159.5063324588577,0.0358176125074322,8188.0,1,0.01990000000000003,-63.089333074842685,17,0.3765130639076233,1
yolo11n.pt,20,65W,12,1898.0524857954545,24.6316248995984,0.0832032127270973,0.1707858605279461,32.09967845659164,63.0,22.795180722891565,57.0,0.0278457437332179,22.37189809033034,1.0,0.68044,807.0739549839227,8000.0,7604.016064257028,8000.0,0.6754656391173519,489.06099658066967,13.813504823151126,28.0,9.857831325301206,27.0,0.0118718534882848,10.16157958757007,17.116948553054662,51.644,1.7782830072535805,31.411,0.0140452297637179,43.802,24.6316248995984,12.391,37.162,10.256858719110724,235.369774919614,2505.0,2178.746987951807,2505.0,0.1908580474991776,210.50254517955867,0.3186972937012635,0.0832032127270973,0.1067561800016846,-9.539589942653988e-05,0.0265166387233764,6.475884244372999,70.0,63.87389558232932,68.0,0.0061306287430046,2.965829709982524,150.39764114127172,180.3397519163066,24.342376327983647,144.2252000455732,0.0261965376355414,8188.0,1,0.015449999999999964,-59.0260967459803,19,0.3136199116706848,2
yolo11n.pt,20,65W,15,2289.5959201388887,24.795491554054035,0.0912511561111184,0.1508411513767269,35.99324324324324,73.0,24.277027027027028,66.0,0.0342678479971566,25.1589060438564,1.0,0.67989,804.0540540540533,8000.0,7591.216216216216,8000.0,0.7557240517318434,491.6091963126773,16.523648648648646,34.0,11.057432432432432,32.0,0.0156716096346086,12.230683011226736,16.49653378378379,50.054,2.056583548216147,38.172,0.0154564355655397,50.994,24.795491554054056,12.822,37.1414,10.078653087040706,208.6824324324325,2505.0,2163.52195945946,2505.0,0.1976915818201106,207.36036784524973,0.3326420081262562,0.0912511561111184,0.1159000549980191,-0.0001838706366468,0.0303539678126449,5.682432432432435,73.0,67.05743243243244,72.0,0.0059078694667788,2.8134712428997406,172.55560762694,225.3201180179865,31.494886359982463,164.3814789780217,0.0333136283684327,8188.0,1,0.016000000000000014,-72.60559977975413,15,0.2819591462612152,3
yolo11n.pt,20,65W,7,1364.3643092105262,22.18008786885241,0.0745012160525795,0.2360633597689388,29.06036745406824,47.0,19.834098360655737,43.0,0.0188532084715158,17.040492313469326,1.0,0.67367,910.7611548556432,8000.0,7638.032786885245,8000.0,0.5742585681076207,480.5694015901265,8.341207349081365,15.0,5.6262295081967215,13.0,0.0053651072981195,5.275427156641526,16.092123359580054,53.176,2.536509338135041,45.53,0.0104468608606959,56.26,22.180087868852457,10.73,33.964,9.171137416211424,369.01574803149606,2520.0,2261.5081967213114,2520.0,0.2469253307541692,225.691841478293,0.3167995795936746,0.0745012160525795,0.1000709549978637,-4.7933243752298426e-05,0.0236019539246747,8.598425196850393,59.0,53.011803278688525,58.0,0.0066329451336254,3.5043567769730752,97.97189992747737,118.21411989026544,16.153200923172747,93.95819787773296,0.0271840480892458,8188.0,1,0.022220000000000018,-46.68700445786215,22,0.2646167278289795,4
yolo11n.pt,20,65W,17,2355.4361328125,25.26164109121907,0.0994410956249794,0.1477673686703426,36.713310580204784,77.0,24.63768115942029,67.0,0.035550899655265,26.20330075738661,1.0,0.68755,829.3515358361774,8000.0,7569.479965899403,8000.0,0.8020999017063258,495.14900215856005,17.36518771331058,37.0,12.03921568627451,33.0,0.0165220311816411,13.276911613532254,17.883399317406145,47.219,1.97615823214876,36.917,0.0172025481066256,49.921,25.261641091219094,13.004,37.893,10.462250877249076,249.52218430034145,2505.0,2151.6751918158566,2505.0,0.265030335778142,237.2054789769342,0.3076950281563492,0.0994410956249794,0.1295546149998699,-0.0002185148729899,0.0305975307182262,5.665529010238899,74.0,68.02983802216539,72.39999999999986,0.0059480005206363,2.8827552164331096,180.24088657866923,250.9696831428664,37.12476747345615,170.95547764388905,0.0424249026519163,8188.0,1,0.008340000000000014,-74.06448967482402,13,0.22417426109313965,5
yolo11n.pt,20,65W,13,2072.01703125,24.45780273752011,0.0875899750001372,0.1647891023336672,35.435483870967744,68.0,22.90740740740741,59.0,0.0301878508921507,23.166733601749684,1.0,0.68473,848.3870967741941,8000.0,7583.735909822866,8000.0,0.6937666364105408,492.9384316586979,15.432258064516128,31.0,10.270531400966185,27.0,0.0130522718947759,10.550740121380931,17.77823225806452,47.76,2.8137032888252667,56.291,0.0145019945552001,68.817,24.45780273752013,12.526,38.338,10.541571657117847,274.74193548387075,2505.0,2170.555555555556,2505.0,0.2284490821115736,199.993189631766,0.3160485200824159,0.0875899750001372,0.1154521200025555,-0.0001139505898127,0.0276826819728491,6.13548387096774,71.0,65.33091787439614,69.0,0.0058238196402041,2.919338700625875,155.25620322908136,190.2453185529702,26.569008684164,148.41881162746807,0.0292855091418629,8188.0,1,0.011160000000000059,-66.41366489551561,16,0.1925155371427536,6
yolo11n.pt,20,65W,11,1889.0153645833327,24.56795550351292,0.0800831191666475,0.1788616825698835,33.853125,62.0,22.25136612021858,56.0,0.0289885089256029,22.206944151491328,1.0,0.68307,790.625,8000.0,7594.847775175644,8000.0,0.6020865834633397,490.9214800191885,14.171875,27.0,9.279469164715069,24.0,0.0122608642636103,9.539103548949942,17.820903125,49.796,1.7281047254391753,30.346000000000004,0.0145295929531853,42.456,24.56795550351288,12.11,37.244,10.433564726309898,282.46875,2505.0,2206.7798594847777,2505.0,0.2225661245419381,206.22313071330785,0.3149955601801733,0.0800831191666475,0.1040267050017064,-8.697161964542936e-05,0.0252258269828737,6.278125000000003,68.0,62.240437158469945,67.0,0.0058075503640754,2.93780778183169,142.96367142399336,171.79477231921092,22.637164770147542,137.35728720942734,0.0250722135731256,8188.0,1,0.012820000000000054,-60.61525071739232,18,0.14297924935817719,7
yolo11n.pt,20,65W,10,1733.9582481971154,24.445082881487235,0.0777973969230095,0.1901763815746929,30.29503105590062,60.0,23.0859798605732,56.0,0.0252126980660374,21.951383791826125,1.0,0.6915,822.9813664596277,8000.0,7604.182804027885,8000.0,0.6328978028129277,489.0255037775507,11.31055900621118,24.0,9.143299767622,22.0,0.0093440584775864,8.817123398347151,18.05999068322982,51.72,1.689092248129369,29.53,0.014302313919831,41.29,24.445082881487217,11.76,36.7105,10.195403908391912,302.37577639751544,2505.0,2211.924864446166,2505.0,0.2608778943866053,210.59208280080733,0.326418387094063,0.0777973969230095,0.1049800150027294,-9.246119407724732e-05,0.0253945008237254,7.090062111801238,67.0,60.89078233927188,65.0,0.0066377724594004,3.190273792406682,134.38611531274032,159.5252133634728,22.665285947450872,128.53900510188367,0.0284455021663169,8188.0,1,0.004390000000000005,-55.47017474373684,20,0.11932370811700821,8
yolo11n.pt,20,65W,9,1546.1494791666669,24.13050329670332,0.0768384930000441,0.2060168342945867,26.75366568914956,52.0,20.39267399267399,51.0,0.0189430226883587,19.5828572475512,1.0,0.67555,903.2258064516128,8000.0,7612.454212454212,8000.0,0.6319614358154054,487.1899527918272,9.994134897360704,21.0,7.829304029304029,20.0,0.0069778896303243,7.8726692737372606,18.91924340175953,54.875,1.738877945647017,31.099,0.0135493736415193,41.96,24.1305032967033,10.861,36.3536,10.296474486550576,353.70967741935465,2520.0,2252.164835164835,2505.0,0.2661239719049208,221.5454838194564,0.4135309956289847,0.0768384930000441,0.103890125001817,-7.566698885632636e-05,0.031775098512939,9.070381231671554,65.0,57.57435897435897,63.0,0.0078715362000678,3.744172768087933,123.72930482024366,150.35889771899787,21.190412155804687,117.12879376740024,0.0293314587277971,8188.0,1,0.020340000000000025,-49.41002081712427,21,0.11883733421564102,9
yolo11n.pt,20,65W,19,2377.5213169642857,25.12219298245613,0.1059362049999046,0.140071041359823,41.57543859649123,78.0,24.727192982456145,73.0,0.0392559105579976,27.03574886482814,1.0,0.69432,817.5438596491231,8000.0,7571.929824561404,8000.0,0.7742307232340201,494.7990504624739,21.31578947368421,40.0,12.667543859649124,38.0,0.0197953247197992,14.32685489423122,17.25006315789474,52.063,1.919099978002256,34.984,0.0167904599641484,48.212,25.12219298245614,13.228,37.243,10.174273079751412,120.10526315789456,2505.0,2097.684210526316,2505.0,0.1372782559932159,228.6850978118575,0.3121095702626115,0.1059362049999046,0.1320149999995919,-0.0002706515801144,0.0330637034177721,5.575438596491239,74.0,68.78771929824562,73.0,0.0059439468393104,2.778145928204548,187.53917085129183,233.79160574427112,32.68088813592257,179.3532248962204,0.0303671278340402,8188.0,1,0.0015699999999999603,-72.60691327408502,14,0.0745694637298584,10
yolo11n.pt,20,65W,18,2418.23203125,25.1964736394558,0.1023254268751998,0.1432355511615018,38.29251700680272,77.0,22.796768707483,65.25,0.0339593290270789,24.433590888537207,1.0,0.69078,795.9183673469388,8000.0,7586.734693877551,8000.0,0.7217360090694687,492.4196308820024,18.56122448979592,40.0,11.09608843537415,33.0,0.0160918509380288,12.614783938510737,16.995268707482996,50.059,1.6522947058277004,28.528,0.0161439907054851,41.632,25.196473639455785,13.104,37.23725,10.077050657056525,168.1632653061224,2505.0,2106.25,2505.0,0.1518505469759594,247.2949960088566,0.3164427465567171,0.1023254268751998,0.1341480300005059,-0.0002426302204664,0.0323801391229767,5.319727891156475,73.0,68.42006802721089,73.0,0.0055701052633132,2.689815510098322,185.85600404570133,260.7886800007832,39.81758632411809,175.90935654686808,0.0458983073313348,8188.0,1,0.005110000000000059,-75.69824769027633,12,0.06200215220451355,11
yolo11n.pt,20,65W,20,2602.3688895089285,25.07971540469974,0.1091748999998994,0.1369037710667015,43.56097560975609,75.0,26.556135770234988,69.0,0.0414046372434273,26.839490494302435,1.0,0.69589,780.4878048780492,8000.0,7601.392515230636,8000.0,0.7439493106313925,489.6116398281452,21.846689895470384,41.0,13.45953002610966,37.59999999999991,0.0205808598507307,14.253009336593149,16.645198606271776,46.009,2.060629443598693,38.411,0.0161563916852538,51.68,25.07971540469974,13.269,37.547,10.07942405252308,186.84668989547023,2505.0,2132.8067885117493,2505.0,0.1980060778828109,232.79523887685792,0.3357882690112495,0.1091748999998994,0.1385686750003514,-0.0002790393181875,0.0366596506904424,4.940766550522653,75.0,69.42645778938207,74.0,0.0053290208817953,2.6807237768883563,195.142710259302,301.145448257955,44.45832452517101,183.19229053581387,0.0519040824961861,8188.0,1,0.0,-82.68467193611221,11,-0.2023007571697235,12
yolo11n.pt,20,65W,21,2969.4044642857143,24.999570811744345,0.1086666071427316,0.1293627876255582,38.99307958477509,79.0,25.51036269430052,71.0,0.0378679796426092,26.9125972206388,1.0,0.68252,837.3702422145325,8000.0,7567.357512953368,8000.0,0.7988420385799574,495.4421918334539,19.972318339100347,44.0,13.090673575129534,39.0,0.0192287261935596,14.657325862725568,17.305197231833915,51.23,3.1777745545407114,65.947,0.0170157741328414,79.443,24.999570811744388,13.496,37.6694,10.68225738563392,128.2525951557095,2505.0,2115.2720207253888,2505.0,0.1586031520252397,241.13261695194376,0.3269479796018605,0.1086666071427316,0.1376021599970044,-0.0002876236334179,0.0355283276555052,5.463667820069205,74.0,68.45509499136442,73.0,0.0057816194957162,2.633182196459331,206.36696879515188,344.91383836017167,53.04193256152677,193.2516395990617,0.0660630024630644,8188.0,1,0.013369999999999993,-97.99593957809051,6,-0.5951117873191833,13
yolo11n.pt,20,65W,24,2796.5236979166666,25.22315062388593,0.1210487483331841,0.1272179505016985,37.90357142857143,81.0,26.44295900178253,75.0,0.03804993137941,28.07725605934185,1.0,0.68735,803.5714285714284,8000.0,7568.627450980392,8000.0,0.792333001124435,495.2678800123564,20.74642857142857,44.0,14.593582887700537,44.0,0.0208445972269933,16.154850979119807,17.16188571428571,48.125,1.966923194480639,36.298,0.0176746422485282,49.612,25.22315062388592,13.314,37.2987,10.14493100735432,126.64285714285734,2505.0,2087.6069518716577,2505.0,0.1469162750386761,253.3847512069044,0.2774777515262835,0.1210487483331841,0.1480625849986608,-0.0003531784241929,0.0335883345125628,5.110714285714295,76.0,69.67647058823529,74.0,0.005579834097982,2.7422811495767347,206.5845379419198,260.16305829453785,35.42912131903051,198.2672297770523,0.0294120392404747,8188.0,1,0.008539999999999992,-87.91381514988342,9,-0.6235923767089844,14
yolo11n.pt,20,65W,22,2808.590364583333,24.69762006861063,0.1231733241664187,0.1382767255840921,40.123711340206185,74.0,25.71097770154374,72.0,0.037870709297077,27.972597462894203,1.0,0.68408,793.8144329896913,8000.0,7571.183533447685,8000.0,0.7205112070237507,494.9069655661581,20.127147766323024,40.0,13.447684391080616,38.0,0.0191573984709821,15.53732596261297,16.994807560137453,49.583,1.7359567391876185,29.882,0.01595465932555,42.874,24.697620068610632,12.992,37.108,10.113690395483069,90.41237113402076,2505.0,2081.6680960548883,2505.0,0.0618697611006341,251.9362932235087,0.4452206160846884,0.1231733241664187,0.1431947899985971,-0.000444218289815,0.0548393032705719,6.278350515463927,75.0,67.72384219554031,72.0,0.0065855066478119,2.968831394942901,189.88713416048984,245.8903789723752,34.837266715300565,178.61010205648043,0.0336586789791672,8188.0,1,0.011809999999999987,-94.25695463280573,7,-0.6324678063392639,15
yolo11n.pt,20,65W,23,2740.040364583333,24.96678409090908,0.1201006891667323,0.130370781547617,34.06643356643357,77.0,23.56555944055944,73.0,0.0317583979362337,26.9112937246016,1.0,0.68449,825.174825174825,8000.0,7563.811188811189,8000.0,0.7939217769702879,495.9114156606025,19.006993006993007,43.0,12.909090909090908,40.0,0.0178668928178951,15.27259719391825,17.160125874125875,51.013,2.085050273613533,38.908,0.016595894809382,52.057,24.96678409090909,13.149,37.60124999999999,10.368949833604647,126.60839160839168,2505.0,2072.832167832168,2505.0,0.1382227956687279,218.16237011561216,0.3030402872810853,0.1201006891667323,0.1618971350002539,-0.0003752264195518,0.0363953473477429,5.33916083916084,74.0,69.05681818181819,73.0,0.0058564359685289,2.673573539373596,204.3588948235242,322.7687193422875,51.92319761236235,191.5059785216532,0.0645558745986792,8188.0,1,0.011399999999999966,-87.04139989994343,10,-0.692747950553894,16
yolo11n.pt,20,65W,25,2870.973697916667,25.14179385964906,0.1241736674999325,0.1248779500431963,43.526315789473685,78.0,26.433333333333334,75.0,0.0414503080930105,28.2230454132374,1.0,0.68757,782.4561403508769,8000.0,7574.561403508772,8000.0,0.7440392240829283,494.4093416459707,22.905263157894737,44.0,14.100877192982455,43.0,0.0211288048730497,16.192845483254867,16.635154385964913,49.249,1.8644254368512343,33.486000000000004,0.0163287573077703,46.875,25.141793859649123,13.389,37.421,9.996630523320688,139.9473684210525,2505.0,2086.0263157894738,2490.0,0.1311370499264542,256.3142075494251,0.3253337294994924,0.1241736674999325,0.1550714250028249,-0.0003600278800629,0.0403978823533829,4.543859649122808,75.0,69.80350877192983,74.0,0.0048625444423524,2.4203062668517075,222.6394400202387,425.6936703574192,80.73685812272097,201.3309303279906,0.1315041588320946,8188.0,1,0.008319999999999994,-90.69277595533092,8,-0.844496488571167,17
yolo11n.pt,20,65W,26,3039.46703125,25.519528786536764,0.1387497529999018,0.1361857044540715,39.48581560283688,81.0,26.29583702391497,74.0,0.0384256716719598,29.402541878903367,1.0,0.68849,812.0567375886521,8000.0,7573.073516386183,8000.0,0.8011515448575992,494.6314397639503,20.663120567375888,46.0,14.445527015057571,44.0,0.0203329186762304,17.21563597877262,16.77345390070922,50.941,2.9315980175726764,61.375,0.0163638929947854,74.813,25.51952878653676,13.438,38.8024,10.865263666286356,116.91489361702132,2505.0,2088.2550930026573,2505.0,0.109362864546215,282.3997388779747,0.2685370134425053,0.1387497529999018,0.1639438749998589,-0.0004866109372917,0.0372594442864789,5.198581560283685,76.0,70.25686448184234,74.0,0.0056791568012575,2.5954769713536345,194.63973672304783,238.8021008857426,31.00574334930437,187.3877209714269,0.0253758897457408,8188.0,1,0.007399999999999962,-103.41363390703299,5,-0.848730206489563,18
yolo11n.pt,20,65W,28,3182.96703125,25.111348837209302,0.1381405019999874,0.1238890833667462,34.64874551971326,77.0,26.55813953488372,77.0,0.0354660272833092,28.95035725323012,1.0,0.68054,788.5304659498206,8000.0,7580.500894454382,8000.0,0.7785538623168453,493.4770572093949,19.354838709677416,46.0,14.677996422182469,46.0,0.0199177149455519,17.648224272063562,16.91177777777778,50.118,2.2311824172893195,42.63,0.0171702039085321,56.028,25.111348837209302,13.398,37.4438,10.105030779361178,81.39784946236568,2505.0,2067.008050089445,2505.0,0.097417299653422,272.5736461961613,0.2752966056748396,0.1381405019999874,0.168962655001269,-0.0004402724164328,0.0380296113068149,4.767025089605738,77.0,70.44007155635063,74.0,0.0052363068141025,2.479159069274337,213.1607863367744,308.793803415608,46.400989906457895,202.692183643596,0.0473848886314345,8188.0,1,0.015349999999999975,-105.87563612058402,4,-0.8696249723434448,19
yolo11n.pt,20,65W,32,3323.7046875,26.531771294422064,0.1673147981249257,0.1386625570345147,33.893059532331186,81.5,24.88832707860511,77.0,0.0356573426104193,29.15488107133946,1.0,0.68083,766.8814125507038,8000.0,7575.890392625926,8000.0,0.7759212777820483,494.206626808847,19.399054521593893,50.5,14.161748387060795,47.0,0.0202922535964902,18.3837550513377,15.904439975542823,52.325,2.573967327601993,53.9705,0.0158910700761794,68.535,26.531771294422047,14.5645,44.117024999999984,11.201848611568964,-5.636408375089442,2490.0,2037.872502523267,2490.0,0.0808975325694122,308.7992909913537,0.1652773250680285,0.1673147981249257,0.1947962050000569,-0.0004310703885376,0.0278372314844192,4.331543784299697,81.0,75.51234913837169,79.0,0.0047072841362148,2.3911220402244124,195.0113323789589,235.9055683869196,23.108450589036387,191.31024020227795,0.0144481592990162,8188.0,2,0.015059999999999962,-116.75319970264326,1,-0.8847000598907471,20
yolo11n.pt,20,65W,30,3261.42703125,25.32547803163444,0.1458038299998588,0.1230850564529862,37.10915492957746,82.0,25.34622144112478,78.0,0.0379245008871987,28.47857994352018,1.0,0.68624,767.6056338028166,8000.0,7583.479789103691,8000.0,0.7302958273364495,492.98187067193794,20.897887323943664,49.0,13.768892794376098,48.0,0.0209651288872186,17.03816193264369,16.9976514084507,50.002,1.8640911709950947,33.703,0.0165069017698657,47.209,25.325478031634447,13.506,37.51805,9.935994489155735,79.75352112676046,2490.0,2070.5404217926184,2490.0,0.0990756131355208,261.8714629905678,0.2898390735878328,0.1458038299998588,0.1781437750001714,-0.0004526316543616,0.0422596470127169,4.66901408450704,77.0,70.76977152899825,75.0,0.0049335314156609,2.271099108461536,222.11807702139373,372.2980124572132,68.55772163875315,205.7559118990841,0.0952675382129218,8188.0,1,0.009650000000000047,-108.94318640226511,3,-0.9678119421005249,21
yolo11n.pt,20,65W,29,3365.54703125,25.17803778558876,0.1413858669998808,0.1227523690231457,33.77816901408451,82.0,23.67486818980668,79.0,0.0306959075574296,29.088702915133755,1.0,0.67531,813.3802816901407,8000.0,7565.905096660808,8000.0,0.783539270473394,495.63748671194105,19.18661971830986,47.0,12.971880492091389,47.0,0.0171044337160231,17.47066585326798,15.868841549295777,50.587,3.1000430083028743,64.408,0.0158043339983579,78.053,25.17803778558876,13.645,37.69299999999999,10.34461823365918,56.40845070422529,2505.0,2060.18014059754,2505.0,0.0763763919615395,245.52405855931704,0.2838665551335423,0.1413858669998808,0.1746180450014435,-0.0004788536015625,0.0401347190098253,5.16197183098592,76.0,70.701230228471,75.0,0.0057345362291117,2.590441107180716,219.85664068794551,378.29596904439705,62.57919663539983,205.1124388551824,0.0810178644462485,8188.0,1,0.020580000000000043,-114.29908924162194,2,-0.9880906343460083,22
yolo11n.pt,20,65W,31,3460.72703125,25.34253940455344,0.148872371000034,0.1217033525263761,36.72280701754386,83.0,24.69614711033275,79.95000000000005,0.0342718635034437,29.73837412903156,1.0,0.68758,800.0,8000.0,7563.047285464098,8000.0,0.7607230308808036,496.0091126134766,19.91929824561404,50.0,13.718038528896672,46.0,0.0183279094991017,18.30647843579034,16.889631578947373,50.277,2.554716359180931,51.237,0.0168481252168213,64.743,25.342539404553417,13.506,37.70575000000001,10.12107544487648,-6.315789473684163,2505.0,2023.3581436077056,2490.0,0.012992269200692,269.8340550547815,0.3150709514253597,0.148872371000034,0.1811190200000055,-0.0005063008910848,0.0469053595719298,4.9157894736842,77.0,71.00525394045535,75.0,0.0052609139478636,2.5810790172876774,229.2166359010405,399.4025840831213,80.51506335310721,208.23205670575985,0.1233848988376202,8188.0,1,0.00831000000000004,-118.1703273721381,0,-1.0381778478622437,23
yolo11s.pt,5,65W,10,2183.8130408653847,21.67209186746989,0.1017654338462587,0.2205469831249049,36.27108433734939,73.0,16.890060240963855,71.0,0.0760082004608096,24.765556581015,1.0,0.7316,608.4337349397583,8000.0,7430.722891566265,8000.0,1.4233370046716174,495.17742501759966,17.698795180722893,42.0,8.685240963855422,38.0,0.0379306973752868,13.470696406976309,15.405198795180718,46.226,2.159689996066092,33.817,0.0350998691803925,46.805,21.67209186746988,12.988,39.222,10.545443700168706,150.2710843373493,2505.0,2056.897590361446,2505.0,0.2609946471149794,210.76616916972893,0.4489773207211359,0.1017654338462587,0.1277429199995822,-0.0009107712412597,0.0456903718303172,3.686746987951807,71.0,65.74246987951807,70.0,0.0080354965263018,2.3196912280885726,106.3184039696608,132.59372625389622,22.43286290826989,98.26519302327564,0.0445197285549172,8188.0,1,0.0,-86.21272169652752,21,0.61444091796875,1
yolo11s.pt,5,65W,11,2306.49765625,21.465373887240343,0.1060044483332603,0.2068568288349168,29.083333333333336,75.0,17.299703264094955,74.0,0.0714562399048799,26.01361946246736,1.0,0.71596,666.6666666666661,8000.0,7402.077151335312,8000.0,1.506303372168176,490.3173622353103,14.36309523809524,41.0,9.02225519287834,40.0,0.0367058346303587,14.038874924915762,15.501559523809522,51.703,1.8718518583030208,27.29,0.0348995547246754,40.18,21.46537388724036,12.89,38.3629,10.16301825128418,123.39285714285734,2505.0,2065.660237388724,2505.0,0.271477638987485,211.71821173101443,0.4472767802176772,0.1060044483332603,0.128911430001608,-0.0010158988969108,0.0474133283392518,3.994047619047621,71.0,65.60979228486647,70.0,0.0086521860328855,2.4844846055216374,111.78721964292494,135.36671658573567,22.79621614421125,103.7692301875656,0.0415854325451853,8188.0,1,0.015639999999999987,-90.63528992240244,20,0.5934550166130066,2
yolo11s.pt,5,65W,12,2389.0026988636364,21.59375987841946,0.1123708363636978,0.2022090714812381,30.317073170731707,81.0,17.796352583586625,78.0,0.0760058910387809,27.30656509586388,1.0,0.72639,646.3414634146338,8000.0,7408.814589665653,8000.0,1.5148391454047003,491.6149112284501,15.231707317073171,43.0,9.290273556231003,43.0,0.0389511020993412,14.786708366031524,15.149896341463418,48.502,2.6589626041633387,44.426,0.0353540996472971,57.417,21.59375987841945,12.991,38.828,10.405066624879318,-18.658536585365937,2505.0,2029.901215805471,2505.0,0.0968361244876925,228.32553740647683,0.429172820690306,0.1123708363636978,0.1389090299984672,-0.001111225533897,0.048226508805537,4.152439024390233,73.0,66.10942249240122,71.0,0.0093163228735572,2.527695101001668,115.25440435956304,145.19284020687715,23.823645005324124,106.78927369696676,0.0427268973103799,8188.0,1,0.005210000000000048,-93.89200179761764,19,0.39950230717658997,3
yolo11s.pt,5,65W,13,2548.31765625,21.363731895223424,0.1220137080000131,0.2005129342503352,37.92592592592593,77.0,19.93990755007704,77.0,0.0880458649950175,27.999027508823144,1.0,0.72246,641.9753086419751,8000.0,7394.453004622496,8000.0,1.513790666333038,488.7328838606844,21.104938271604937,44.0,10.966101694915254,43.0,0.0486816886816886,15.665575414330531,15.034808641975308,48.691,2.072812007620305,31.387,0.0352044778949863,44.283,21.36373189522342,12.896,38.3942,10.24038366205063,163.14814814814827,2505.0,2043.906009244992,2505.0,0.2483380085074988,233.2449239652784,0.3979285913075129,0.1220137080000131,0.164400525000019,-0.0013427986362413,0.0485527429446514,3.5679012345678984,73.0,66.01540832049307,70.0,0.0081941536178825,2.2404895447871587,114.12778011972678,141.84495063994814,22.76938408848951,106.5454055375368,0.0398033684069055,8188.0,1,0.009140000000000037,-101.86229471980599,18,0.3451106548309326,4
yolo11s.pt,5,65W,14,2657.59765625,21.52112518628913,0.1258384099998511,0.1934417267750267,30.49101796407185,79.0,18.540983606557376,79.0,0.073953643004903,26.55193776978586,1.0,0.71692,550.8982035928138,8000.0,7400.894187779434,8000.0,1.2846005230394737,490.0796241266329,16.976047904191617,47.0,10.731743666169896,46.0,0.0418177369486398,15.78590524994447,15.544556886227545,50.198,2.384215488541914,38.301,0.0350084655893409,51.311,21.52112518628912,13.01,38.966,10.252326167472384,165.80838323353282,2505.0,2039.172876304024,2505.0,0.2775610583446415,258.6375685633331,0.3625418214283418,0.1258384099998511,0.1669659099989074,-0.0013313124465678,0.0456216863669924,3.5508982035928085,72.0,65.90611028315946,70.0,0.0080582556665258,2.2599621971170185,118.47065832479772,147.36295174538262,23.50017053148269,111.25378968167638,0.0393477971699905,8188.0,1,0.014680000000000026,-105.96155146388382,17,0.21730655431747437,5
yolo11s.pt,5,65W,15,2860.6198784722224,21.31144242424244,0.1329237133334876,0.1888530709015418,31.12727272727273,81.0,18.52272727272728,80.0,0.0795624374294206,27.61863279401188,1.0,0.725,721.212121212121,8000.0,7404.545454545455,8000.0,1.623323703264211,490.8038607754284,15.92121212121212,50.0,10.296969696969697,48.0,0.0425489748807754,16.003020261310997,14.486321212121211,48.516,2.3623928872468,37.493,0.0339247853269552,50.346,21.311442424242426,12.853,39.0073,10.14598753044262,24.545454545454504,2505.0,2029.9772727272727,2490.0,0.0642616676847706,200.62204272942097,0.3778591110882051,0.1329237133334876,0.1783477599994511,-0.0015712510671778,0.050226436162735,2.9151515151515213,71.0,65.62424242424242,70.0,0.0068831446102744,2.0914009083416563,121.04744057294558,158.7959675771836,26.83421610465077,112.84668193377227,0.0491435588340924,8188.0,1,0.00660000000000005,-115.57108207075218,16,0.12428580224514008,6
yolo11s.pt,5,65W,17,3105.94765625,21.221757341576485,0.145865577499444,0.1820896405989482,40.32298136645962,85.0,20.31993817619784,85.0,0.0940079702443266,29.328991749268084,1.0,0.71275,534.1614906832301,8000.0,7400.309119010819,8000.0,1.3096175498499096,489.9609456350588,22.98757763975156,53.0,11.836166924265845,52.0,0.0540088085271618,17.907396764405902,14.776360248447205,50.24,3.3467539401580875,58.256,0.0352689370839489,71.024,21.22175734157651,12.768,38.622,10.63965924101515,22.08074534161483,2505.0,2018.2302936630604,2505.0,0.0675998455999977,229.973786175824,0.3515787132947204,0.145865577499444,0.1827190499971037,-0.0020722439117958,0.0512832320512458,3.621118012422357,73.0,65.67542503863987,70.0,0.0081810999298714,2.3790167393769024,126.27836238019734,222.2346967133404,35.10726919936621,116.54565999346072,0.0772922974356552,8188.0,1,0.018850000000000033,-126.70209701693476,15,-0.11619255691766739,7
yolo11s.pt,5,65W,19,3416.5690848214285,21.16235503875967,0.164384574286149,0.1830928802073079,33.267080745341616,83.0,16.28372093023256,82.0,0.0730394355602919,27.982582596864376,1.0,0.71952,602.4844720496894,8000.0,7382.945736434109,8000.0,1.4325649369960212,486.10523488340135,18.732919254658384,55.0,9.291472868217054,50.0,0.0422070909147012,17.577081761686603,14.613515527950309,50.222,3.1946822495027187,54.597,0.0343743864955912,67.607,21.16235503875969,13.01,38.4278,10.209072937107845,51.70807453416137,2505.0,2001.9767441860463,2505.0,0.0456085046971789,237.29027345799864,0.3247587525507296,0.164384574286149,0.2003429200020036,-0.0024653608683554,0.0533853292837525,3.4285714285714164,70.0,65.72713178294573,70.0,0.0080017297749817,2.178106422396394,121.96702349280402,149.11034046769277,22.913576087282948,115.58262131656063,0.0352940013243776,8188.0,1,0.01207999999999998,-142.50358235773112,13,-1.0176148414611816,8
yolo11s.pt,5,65W,22,3587.464322916667,21.15356786271452,0.1877353066669456,0.1805123431730344,37.03125,85.0,19.753510140405616,80.0,0.0890267561637045,28.96135072079392,1.0,0.72553,543.75,8000.0,7391.575663026521,8000.0,1.3194009068773989,488.10261539133495,22.25625,51.0,12.230889235569425,50.0,0.0545168909560121,18.182290178091883,14.345518750000004,51.244,2.7656800204905263,45.539,0.0347581118233047,58.504,21.153567862714507,12.965,38.098,10.095029157462225,61.125,2505.0,2010.444617784712,2505.0,0.1214832530217082,259.2804704898308,0.2552555676416932,0.1877353066669456,0.221307379999962,-0.0026080972635953,0.0479204822696585,3.518749999999997,71.0,65.5210608424337,69.0,0.0081040321052095,2.1100626894100745,121.4278864386285,140.8857830675235,18.03115510288599,117.18626821234749,0.0220500829079253,8188.0,1,0.00607000000000002,-150.56401304094345,10,-1.0268073081970215,9
yolo11s.pt,5,65W,20,3489.99765625,21.140887864823327,0.1666311914291457,0.176136566639274,32.67283950617284,84.0,19.57757296466973,81.0,0.0839044588896162,28.304978110123464,1.0,0.72133,611.1111111111104,8000.0,7400.921658986175,8000.0,1.4155011819765349,490.0851786597389,19.30246913580247,55.0,12.001536098310291,49.0,0.0504909497785017,17.577434496466644,14.705345679012346,48.474,2.4399164467367567,38.616,0.0345586384761092,51.582,21.14088786482335,12.966,38.15,10.129578345340914,98.61111111111131,2505.0,2023.3870967741937,2505.0,0.1836765451053963,276.9612550376534,0.351528464487272,0.1666311914291457,0.2088185200009319,-0.0026047378711302,0.0585756068587722,3.592592592592581,71.0,65.44086021505376,70.0,0.0077184046905004,2.023849018930985,129.78118580663158,199.3219001766153,35.42006196345878,120.02554760886002,0.0744860865380187,8188.0,1,0.010270000000000001,-144.835511889289,12,-1.136884331703186,10
yolo11s.pt,5,65W,32,4245.4296875,22.278069456848872,0.2641229249999923,0.1837673241219882,38.1718137254902,88.0,20.905852378388964,85.0,0.0971954015672842,32.15933000882079,1.0,0.71163,614.8039215686272,8000.0,7400.953986003719,8000.0,1.6840864547618952,490.08892770701976,23.33691176470588,61.5,13.152596469120097,58.5,0.0603633337447325,21.81040149976253,13.199460196078434,47.905,3.1254207124545603,55.6335,0.0362924186923203,69.65100000000001,22.278069456848883,14.0175,43.881600000000006,11.264179190705624,114.51323529411752,2490.0,2008.9252746647744,2490.0,0.1690275921862184,297.4781111451201,0.1233381743564213,0.2641229249999923,0.2986826224996549,-0.0019894122556573,0.0330723810101638,2.931029411764712,76.5,71.53306988352745,75.0,0.0075211408295539,1.8391745809058573,122.7631677304918,132.25218869451805,10.47961484190936,121.25314661271388,0.0083661249351782,8188.0,2,0.019970000000000043,-182.5809582282405,3,-1.1391830444335938,11
yolo11s.pt,5,65W,18,3233.49765625,20.92321765601219,0.1497752974997638,0.174098952726752,38.52439024390244,81.0,19.812785388127853,79.0,0.0870077715953909,28.06428727218089,1.0,0.7152,658.5365853658532,8000.0,7403.348554033486,8000.0,1.5355823500359196,490.5695648861454,22.82926829268293,50.0,11.614916286149162,49.0,0.0521130696380037,17.24925047763456,13.474737804878046,47.947,2.7060847394918026,43.904,0.0324262046260592,56.62,20.923217656012177,12.716,40.58079999999998,10.625335026242766,-33.75,2505.0,2012.716894977169,2505.0,-0.0423715366249717,243.6561171265558,0.3434297662792032,0.1497752974997638,0.1931200049994003,-0.0021385694090074,0.051437295414742,3.621951219512198,73.0,65.83866057838661,70.0,0.0082316776971325,2.285184238418082,129.16479458262424,199.5075381535096,32.53503244045028,120.18003169066236,0.0634474501207107,8188.0,1,0.01640000000000008,-131.89947860210498,14,-1.1438149213790894,12
yolo11s.pt,5,65W,26,4249.67765625,20.993258320126763,0.2172217799996724,0.1753920361650334,33.64968152866242,82.0,15.803486529318542,82.0,0.0750460676958701,27.35241719399612,1.0,0.71618,573.248407643312,8000.0,7410.459587955626,8000.0,1.4139367556687898,491.9171826750146,20.331210191082803,56.0,9.648177496038034,54.0,0.0467409194815963,18.47934965188036,13.47425477707006,48.048,2.962617762883051,49.186,0.0338229615820731,62.195,20.99325832012678,13.009,42.905,11.102295207578404,67.07006369426745,2505.0,2017.84469096672,2505.0,0.0849866597123279,237.2981460325448,0.253570043941329,0.2172217799996724,0.2567674800004168,-0.0033048016923315,0.0550809362995306,3.0191082802547697,72.0,65.63549920760697,69.0,0.0073776137267882,2.020561821789402,123.6849755592818,136.86328483678292,16.24096493973333,119.69333830170808,0.017242084234661,8188.0,1,0.01541999999999999,-182.8754008180256,2,-1.1452187299728394,13
yolo11s.pt,5,65W,27,4416.79765625,20.30615372670804,0.2161806679998699,0.1625851065610292,43.7888198757764,86.0,20.83695652173913,85.0,0.0998697963759991,30.98246048683005,1.0,0.72044,621.1180124223602,8000.0,7371.11801242236,8000.0,1.4468641840965972,483.10395700929325,28.6832298136646,59.0,13.347826086956522,58.0,0.0648873219724905,20.61779092743736,14.11895031055901,52.52,2.9070005474428973,46.099,0.0327655385647364,59.03,20.306153726708075,12.931,38.015,9.629018190034117,-0.4658385093168817,2505.0,1986.2422360248447,2505.0,-0.0097969465947225,297.2873116524389,0.2457673580627643,0.2161806679998699,0.2510726999993493,-0.0035430513077405,0.0531301516385716,3.8012422360248337,70.0,65.67080745341615,70.0,0.0083278201967926,2.078509970109614,129.5439434031201,163.95044834886454,20.52101851496417,124.89553413729044,0.0250936362423846,8188.0,1,0.011160000000000059,-189.4641846893253,1,-1.1872214078903198,14
yolo11s.pt,5,65W,23,3896.6643229166666,21.329969230769223,0.1877132000000226,0.1740833382699874,31.85185185185185,84.0,18.55076923076923,83.0,0.0816714177020355,29.14485901665321,1.0,0.72064,530.8641975308637,8000.0,7389.2307692307695,8000.0,1.2738491688737814,487.5758171964571,19.39506172839506,58.0,11.684615384615384,55.0,0.0508759037572597,18.77733274062296,14.647592592592598,47.738,2.771827720909836,46.016,0.0353822813599741,59.123,21.32996923076923,13.107,41.78455,10.95759125814573,29.90740740740739,2505.0,2011.823076923077,2505.0,0.0698250901640743,241.9517264435079,0.2931832995545805,0.1877132000000226,0.2113853599999856,-0.002773285561718,0.0550343753459555,3.4938271604938222,72.0,66.56615384615385,71.0,0.0078280167071857,2.130964167700543,129.64949563642685,184.26841441208003,29.40132190905542,122.52734490700298,0.0514271019024928,8188.0,1,0.01096000000000008,-164.4750994429632,9,-1.1952190399169922,15
yolo11s.pt,5,65W,21,3628.454799107143,20.82514992272028,0.168862597142288,0.1674566143727649,38.29192546583851,84.0,17.817619783616692,82.0,0.0812074976867469,28.72973996535237,1.0,0.72416,602.4844720496894,8000.0,7391.035548686244,8000.0,1.4418730605848131,487.98232380885696,22.546583850931675,55.0,10.346213292117463,53.0,0.0484396330908693,18.52182171892339,14.46108074534162,47.931,2.7916245604826884,45.31100000000001,0.0333288436021208,58.136,20.825149922720247,12.825,40.619,10.326475070688948,102.48447204968944,2505.0,2017.5347758887167,2505.0,0.1505984860930983,266.7460716103242,0.3287622767670302,0.168862597142288,0.2008816199988359,-0.0026040395518066,0.0555156518972924,3.440993788819867,71.0,65.46522411128285,70.0,0.0075742310084187,2.0340864764480964,138.39769656616144,243.0135742299225,56.62134511073666,124.36146521129754,0.1673796443734431,8188.0,1,0.007440000000000002,-150.362589368784,11,-1.2140079736709595,16
yolo11s.pt,5,65W,24,3947.464322916667,20.59570295489893,0.1881091766669366,0.161426696905118,40.975,86.0,20.52566096423017,84.0,0.0946902765117616,29.88553399971365,1.0,0.72151,575.0,8000.0,7404.354587869362,8000.0,1.3895056595396498,490.7667013341069,25.04375,56.0,12.491446345256607,56.0,0.0586027160337569,19.57800138787267,13.7546125,49.774,2.672839092724728,42.14,0.0324186076397669,55.049,20.59570295489891,12.909,39.337,10.091474819600244,1.875,2505.0,1995.933125972006,2460.0,-0.0211601358892527,244.94672072601293,0.3330039509429428,0.1881091766669366,0.2320941099998889,-0.002889017908776,0.0626410990387139,3.2750000000000057,71.0,66.16329704510109,70.0,0.0073629852086687,2.1015634446202687,140.51790180251982,257.98443510156136,48.161383084377086,127.58548213994924,0.1174720609279717,8188.0,1,0.010090000000000043,-165.27729139031825,8,-1.3123859167099,17
yolo11s.pt,5,65W,25,4193.530989583333,20.915148437499987,0.1938970666667349,0.1622154372372236,27.44375,86.0,17.85625,78.0,0.074712569488695,28.64831951332399,1.0,0.7155,550.0,8000.0,7393.75,8000.0,1.3235811122585694,488.58053327982685,17.53125,55.0,11.084375,53.0,0.0480517988325166,18.599371786686103,13.029337500000002,52.235,2.957856129248425,48.788,0.0321323293864853,61.864,20.9151484375,13.076,41.24739999999998,10.526944523229606,-7.21875,2505.0,1989.375,2505.0,-0.0681826920964145,280.3974578611582,0.3272819879352928,0.1938970666667349,0.2259515499998087,-0.0031854471190161,0.063459017433511,3.1937499999999943,71.0,65.7828125,70.0,0.0071141912577911,2.085219914024357,144.72410749805923,286.34199787700896,59.45218329717883,128.93438993055696,0.1687539146890893,8188.0,1,0.016100000000000003,-177.2723870312496,4,-1.3123859167099,18
yolo11s.pt,5,65W,29,3995.03765625,21.15940156250004,0.2266768080001929,0.1653912277717863,31.75,89.0,18.2,82.0,0.0832585345667348,28.3182913502916,1.0,0.7222,581.25,8000.0,7404.6875,8000.0,1.3907123186335897,490.8314653154889,21.09375,61.0,11.965625,59.0,0.0560895076648136,19.86049957476838,14.147587500000004,45.596,2.478236439963116,39.564,0.0346738499346312,52.438,21.1594015625,12.874,43.88715,11.260436471738563,111.28125,2505.0,2040.328125,2505.0,0.1984815484168679,246.3222644402742,0.2994539031123826,0.2266768080001929,0.2855633199986185,-0.0043168876922433,0.0678792549007139,3.3562499999999886,72.0,65.825,70.0,0.007591983256795,2.2278072178714208,139.67352777870406,240.05047281919525,45.29509951483584,127.93545248782272,0.1051657277505698,8188.0,1,0.009400000000000075,-167.72000753490323,7,-1.3123859167099,19
yolo11s.pt,5,65W,28,4516.63765625,21.44562519201229,0.2196598079999967,0.1682407825756182,27.98148148148148,80.0,17.56989247311828,79.0,0.0722611526609152,28.84429224160845,1.0,0.7184,574.0740740740739,8000.0,7368.6635944700465,8000.0,1.3576093409855337,482.4424821493972,16.771604938271608,57.0,11.13978494623656,51.0,0.0449034084854389,19.146066384985403,15.374432098765434,49.398,2.4303325052707154,39.20099999999999,0.0364278811629692,52.12,21.44562519201229,12.919,42.349,11.141208833892753,201.29629629629608,2505.0,2053.709677419354,2505.0,0.3593445738903847,260.08363339118523,0.2736543312034599,0.2196598079999967,0.2470714799994311,-0.0038264021538466,0.0601108578505195,4.179012345679013,74.0,66.05837173579108,71.0,0.0087790736870489,2.4450275173783287,134.54458760628057,192.26965097147925,29.62853858272917,127.46983735868704,0.0484939988066982,8188.0,1,0.01319999999999999,-194.02593916249756,0,-1.3134315013885498,20
yolo11s.pt,5,65W,30,4080.71765625,20.84822945736436,0.2272490560000005,0.1579246821152485,30.12422360248447,87.0,17.209302325581394,87.0,0.0781596678903587,27.862974353491552,1.0,0.71542,639.7515527950309,8000.0,7421.705426356589,8000.0,1.5011656304265086,493.8319144587524,19.714285714285715,61.0,10.927131782945736,61.0,0.051388806280854,18.995290121819423,14.107751552795031,49.312,2.841584227627234,46.491,0.033794705940489,59.242,20.84822945736434,12.751,41.30879999999999,10.602780339038056,185.4037267080744,2505.0,2035.372093023256,2505.0,0.275945842122705,279.08463526286306,0.3212772987632574,0.2272490560000005,0.2818623200022556,-0.0042821059231069,0.0730099628581804,3.3105590062111787,71.0,65.73178294573644,69.0,0.0076493797987504,2.0650650644300064,151.89337396991996,312.1172794642762,70.06917559458128,132.0137497072812,0.2128023195184263,8188.0,1,0.016180000000000083,-170.68784473752498,6,-1.3315298557281494,21
yolo11s.pt,5,65W,31,4188.55765625,17.726389982110902,0.2340605639998102,0.1338402850610795,41.27956989247312,89.0,10.923076923076923,80.0,0.0396106403732287,24.458525821167328,1.0,0.71849,802.8673835125446,8000.0,7236.13595706619,8000.0,0.7569353570927759,424.7066833081677,26.92831541218638,62.0,6.9919499105545615,56.0,0.0256631321906245,16.740012576568773,17.309121863799284,51.039,3.590578796034172,51.178,0.0165890508544056,63.648,17.726389982110913,12.47,37.406,8.674499506318693,105.53763440860212,2505.0,2036.3372093023256,2505.0,0.1243644765941551,207.83657719324432,0.3401552633022105,0.2340605639998102,0.2989931399984925,-0.0044289436154324,0.0796169327760193,2.007168458781365,69.0,63.87656529516995,67.0,0.0014446829101774,1.7229810488663655,157.0229632946196,348.06440267359943,82.08030083936586,132.44435316333394,0.2732445705214917,8188.0,1,0.013110000000000066,-175.01380485813308,5,-1.4071455001831055,22
yolo11s.pt,10,65W,5,1540.865204326923,24.330750445632773,0.0707749461539116,0.3444015105347842,31.978571428571424,53.0,22.19607843137255,52.0,0.0429730080593771,21.44754540437288,1.0,0.74809,860.7142857142862,8000.0,7563.279857397504,8000.0,1.1207626847841117,495.9794951888147,11.32857142857143,21.0,8.07397504456328,20.0,0.015382336164144,8.46450384697717,18.66426428571428,53.786,1.8551010212716887,32.838,0.0241315472857376,45.136,24.3307504456328,12.298,38.254,11.001944978920058,264.32142857142844,2505.0,2177.7272727272725,2505.0,0.340268801489626,189.86709524066785,0.343619805166194,0.0707749461539116,0.096111424999799,-7.305652359354629e-05,0.0243196732080549,5.303571428571431,72.0,66.97860962566845,71.0,0.0068757584311404,2.8671547429426694,73.62832152394122,86.39621981565372,11.051885621020782,70.64646844275495,0.0225311294607868,8188.0,1,0.038819999999999966,-63.152426817209495,21,1.287070393562317,1
yolo11s.pt,10,65W,7,1805.7619654605264,23.72596179560651,0.0771179099999579,0.2613852266308605,32.27586206896552,68.0,19.87774594078319,59.0,0.047396846485579,23.22392863003196,1.0,0.75693,892.7203065134099,8000.0,7516.714422158549,8000.0,1.272686333093788,499.7205499996032,13.762452107279694,29.0,8.138490926456543,28.0,0.0200748926113074,10.36501530757801,18.867888888888885,51.866,2.471427734105946,46.454,0.0263975764518284,58.637,23.72596179560649,12.183,40.289,11.552220637875742,183.79310344827584,2505.0,2115.0716332378224,2445.0,0.2506484766846369,180.30714966721305,0.3807859477638626,0.0771179099999579,0.1079111100001682,-0.0001237854679454,0.0293654164489022,4.94252873563218,73.0,66.52244508118433,71.0,0.0069620046173656,2.780272732423779,95.77518321360616,114.13028963811122,16.640091173735424,90.77009478088571,0.0301859897456868,8188.0,1,0.029980000000000007,-70.17785637744257,19,1.1991465091705322,2
yolo11s.pt,10,65W,6,1628.7428267045457,24.150156716417907,0.074070301818111,0.2981348994899594,34.8955223880597,55.0,21.032649253731343,53.0,0.048051234932498,22.052216215074168,1.0,0.75523,854.4776119402986,8000.0,7523.320895522388,8000.0,1.1845810224605922,499.4558397216253,14.186567164179104,23.0,8.411380597014926,23.0,0.0195536109034035,9.443448192561531,17.892731343283586,52.798,2.800561536481485,55.24,0.0248105792218822,67.634,24.15015671641791,12.394,39.98479999999999,11.6894318773568,248.28358208955208,2505.0,2161.133395522388,2505.0,0.3328998797081816,188.63659963156667,0.3780969584409347,0.074070301818111,0.1023808449974239,-0.000110835093513,0.0280057558282298,5.111940298507463,72.0,66.82835820895522,71.0,0.007167051489052,2.947047901608135,85.31195909166058,102.8549981114511,14.755961616992863,81.00412517197181,0.029916804502078,8188.0,1,0.03168000000000004,-64.38411879856113,20,1.1882308721542358,3
yolo11s.pt,10,65W,3,1259.9068859011627,22.64048366013072,0.0675291216277739,0.5096306582655319,29.8343023255814,44.0,20.785766158315177,41.0,0.0293148259555094,17.307123661194968,1.0,0.73217,877.9069767441861,8000.0,7641.975308641975,8000.0,0.8492205889155018,479.4194528135209,7.755813953488371,13.0,5.326797385620915,12.0,0.0075412253499262,4.875273761113615,13.797933139534878,50.857,1.986883349105108,32.706,0.013455725753565,44.984,22.64048366013072,12.278,32.7446,8.13619560656903,211.1773255813955,2505.0,2159.0631808278868,2469.000000000002,0.2082155149725419,164.65284776867813,0.3027592363438079,0.0675291216277739,0.0912288199988324,-3.0019365575876546e-05,0.0204450652949929,4.712209302325583,70.0,65.880174291939,69.0,0.0048383935618403,2.399350668358637,45.95828074124615,53.562200064334455,6.468792107484255,44.425277979125006,0.0198115676030527,8188.0,1,0.05474000000000001,-56.465379999359854,22,0.9957760572433472,4
yolo11s.pt,10,65W,9,2125.834947916667,23.649223804679583,0.0852351626667223,0.223971715325954,37.30204081632653,72.0,21.33367243133265,69.0,0.056023306750752,26.37372369554969,1.0,0.76355,844.8979591836733,8000.0,7498.4740590030515,8000.0,1.296758015264508,499.9976714986519,18.02448979591837,37.0,10.098677517802646,36.0,0.027096563794026,13.554810488014764,19.01411836734694,53.534,3.236934989166646,64.22,0.0281698260170047,76.551,23.64922380467956,12.331,42.428,12.46425266958082,104.0816326530612,2505.0,2078.1027466937944,2505.0,0.1457002286094229,197.0882566208533,0.3839805647005457,0.0852351626667223,0.1116354950014283,-0.0002279584497059,0.0327286458931109,4.195918367346934,71.0,66.1383519837233,70.0,0.0067012492386465,2.702469412584509,111.89934437067502,137.54124822393825,20.889297315802324,105.59022495435204,0.0348491811953777,8188.0,1,0.023360000000000047,-81.7117830509316,18,0.8148959875106812,5
yolo11s.pt,10,65W,11,2306.786751302084,22.78672078593588,0.095289930000096,0.197395002602142,43.38174273858921,78.0,23.045501551189243,76.0,0.0670868712160184,28.72549534228281,1.0,0.75466,838.174273858921,8000.0,7481.902792140641,8000.0,1.3100957435948983,499.67238373527823,21.39004149377593,43.0,11.58841778697001,40.0,0.033872714628158,15.36142276914692,17.141701244813277,53.047,2.063394748270222,34.711,0.0272721872376165,47.018,22.78672078593588,12.307,38.809,11.094720725080965,151.6182572614107,2505.0,2061.034126163392,2505.0,0.199412738856682,227.9647051588829,0.3587401102075752,0.095289930000096,0.1208641549974345,-0.000299248999231,0.0341843199899065,5.024896265560166,72.0,65.53257497414684,70.0,0.0076301375396821,2.8580197743043625,121.66001396055998,146.90652168732348,22.326332949296344,115.43717158768943,0.0336774399266809,8188.0,1,0.03225,-87.54742732457815,17,0.7404579520225525,6
yolo11s.pt,10,65W,12,2389.7064630681816,23.211291313559297,0.1018052072726277,0.1969191936035206,45.88135593220339,80.0,23.784957627118644,76.0,0.0690253017647557,29.321373632439524,1.0,0.7668,809.3220338983047,8000.0,7462.923728813559,8000.0,1.3021553260063614,498.6234552394317,24.70338983050848,45.0,12.522245762711863,42.0,0.0371573915497024,16.55728156801869,18.202817796610173,51.709,3.354746573470986,65.816,0.0297811002855528,77.868,23.21129131355932,12.052,44.161,12.988869278435958,138.49576271186424,2505.0,2082.1716101694915,2505.0,0.203178640113592,221.0848114526063,0.3729401800003897,0.1018052072726277,0.1268506249980418,-0.0003791047215039,0.0379672523252307,4.49152542372881,71.0,65.4947033898305,70.0,0.0072066279405819,2.757496238482066,124.709501323399,150.7233993139528,22.64379450251824,117.87216313861803,0.0329685103637956,8188.0,1,0.02010999999999996,-91.08907260589146,16,0.5221694111824036,7
yolo11s.pt,10,65W,14,2654.96828125,22.589197242842,0.1117894749997503,0.1803738928887939,30.33617021276596,82.0,22.329798515376456,75.0,0.0584117457692373,28.305641956249183,1.0,0.77655,868.0851063829787,8000.0,7466.59597030753,8000.0,1.3883786496384711,498.88292293914463,15.570212765957448,48.0,11.852598091198304,43.0,0.0311428414097798,15.889548214300747,17.423676595744688,52.456,2.518548994388359,44.690000000000005,0.0279843716245741,56.892,22.589197242842,12.202,41.1367,11.661880398720175,-5.361702127659555,2505.0,2022.2958642629903,2505.0,0.0086226299251626,236.6982016352024,0.3457170954587194,0.1117894749997503,0.1369585599986748,-0.0004383506288618,0.0386475325997688,4.672340425531914,72.0,64.50583244962884,69.0,0.0071218444079449,2.7256524453687967,133.52800691750008,180.85498498880904,31.943003285458943,125.23540342265014,0.057227761565598,8188.0,1,0.010360000000000036,-101.95558820855757,15,0.2524777352809906,8
yolo11s.pt,10,65W,15,2853.643836805556,22.68562827225127,0.1200280922223303,0.1815275121588852,41.088235294117645,83.0,22.54869109947644,79.0,0.0631964355856714,29.43468207332948,1.0,0.78691,873.9495798319331,8000.0,7468.062827225131,8000.0,1.3795172929453072,498.9789745020807,20.852941176470587,49.0,12.013612565445026,47.0,0.0328866517841704,17.515253577718457,17.129130252100843,53.417,2.8699227201759534,52.98799999999999,0.0280043362870996,65.106,22.68562827225131,12.118,44.1717,12.361988014990182,206.659663865546,2505.0,2096.277486910995,2505.0,0.3217915455793317,224.0982896406449,0.3241414478099533,0.1200280922223303,0.1456262799998512,-0.0005843707577029,0.0389060795908127,4.495798319327733,72.0,64.82722513089006,69.29999999999995,0.0070562899212765,2.618598831315793,132.5188280498875,188.17095962294195,29.242582659579814,124.9707441172623,0.0486940928396458,8188.0,1,0.0,-111.99665708677449,14,0.18849989771842957,9
yolo11s.pt,10,65W,17,3154.91328125,22.815813361611912,0.1311788412499027,0.1760559975853116,44.38297872340426,83.0,23.71474019088017,82.0,0.0705562524320238,30.20548686946756,1.0,0.76457,804.255319148936,8000.0,7435.843054082715,8000.0,1.2963638617888018,495.8668029729017,25.98297872340425,51.0,13.207847295864264,49.0,0.040661692506556,18.281737085090345,17.641710638297873,51.568,2.985254083231514,56.120000000000005,0.0297889466112742,68.111,22.81581336161188,11.991,46.1818,13.070409380808284,142.2765957446809,2505.0,2076.474019088017,2505.0,0.20724513563752,226.1573301448056,0.3161647269934668,0.1311788412499027,0.1658022999987224,-0.0006536704746815,0.0414741225310948,4.285106382978718,70.0,64.50371155885472,69.0,0.0067899185908107,2.684098931240646,138.39392505474,228.71723932239857,34.79753171175812,129.5940704920094,0.0632212131316405,8188.0,1,0.022340000000000027,-125.71442092338079,13,-0.10312990844249725,10
yolo11s.pt,10,65W,18,3288.76328125,23.33559267241381,0.1352579549999063,0.1753513635323051,38.09051724137931,84.0,20.17025862068965,77.0,0.0596052424998219,28.39577697357681,1.0,0.76834,849.1379310344828,8000.0,7449.353448275862,8000.0,1.380646417936649,497.4283132255885,21.00862068965517,52.0,11.532327586206897,49.0,0.0337636996293831,17.898150253961354,20.118163793103456,54.418,3.3055085029482214,65.145,0.0327228677456395,77.136,23.335592672413792,11.991,45.8837,13.917791773684357,127.5,2505.0,2056.519396551724,2505.0,0.1922931735403136,239.40953687752648,0.3065751920044791,0.1352579549999063,0.1638209500000812,-0.0007124364252269,0.0414667335242294,4.456896551724142,70.0,64.28771551724138,69.0,0.007113808503275,2.6445658248242148,142.45023990174394,206.379342449648,38.85919540207091,133.0790488442063,0.0744151288748477,8188.0,1,0.018569999999999975,-131.51698421096228,12,-0.10591936856508255,11
yolo11s.pt,10,65W,19,3441.697712053572,22.51259699892819,0.1467927285715372,0.1739308179317931,32.94849785407725,78.0,20.09110396570204,77.0,0.0556778278723416,28.79121085077751,1.0,0.76663,875.5364806866955,8000.0,7449.08896034298,8000.0,1.411515604463695,497.4013128662221,19.781115879828327,49.0,11.77706323687031,46.0,0.0337063992578535,17.60016896639117,19.52519313304721,56.154,2.9137908879692125,53.712,0.0303074085863682,65.597,22.51259699892819,11.885,44.0462,12.527110813847433,140.2789699570817,2505.0,2059.051446945338,2505.0,0.1849648824692965,249.69077452673025,0.2581839220224429,0.1467927285715372,0.1766617449997284,-0.0006920242113631,0.0378995223869753,5.103004291845487,70.0,64.29367631296891,69.0,0.0077146511543172,2.5905948884250702,134.35231988197228,155.58177203209013,22.587435219697003,129.43420416591437,0.0282646427330757,8188.0,1,0.020279999999999965,-140.01043145258274,11,-0.18338599801063538,12
yolo11s.pt,10,65W,21,3648.2597098214287,23.01792910848552,0.151701982857464,0.1662793089061806,35.452586206896555,85.0,22.642320085929107,82.0,0.0599728192536879,30.145367329265405,1.0,0.76235,836.2068965517237,8000.0,7458.646616541353,8000.0,1.3627252601748097,498.2869631813802,20.63362068965517,59.0,13.51342642320086,55.0,0.0356413372784426,19.90332656481205,18.663142241379305,51.26,3.3619444927159945,65.263,0.0307247402936049,77.385,23.0179291084855,12.122,47.167,13.615018593411785,248.3405172413796,2505.0,2076.8152524167563,2505.0,0.3259543709058026,274.96896070003856,0.3440384295844552,0.151701982857464,0.1796055149992753,-0.0008824619088404,0.0521913119471298,4.431034482758626,70.0,64.1686358754028,69.0,0.0071498835695079,2.690342390446276,153.99549105946983,306.00449207141946,59.83150478409255,138.4293046435072,0.1509537274078559,8188.0,1,0.024560000000000026,-147.79202883056496,10,-0.7470014095306396,13
yolo11s.pt,10,65W,22,3639.921614583333,22.29107403314916,0.169326773333402,0.1715670745531423,43.34513274336283,84.0,25.30718232044199,78.0,0.0740877243028192,31.46174741847976,1.0,0.75401,836.283185840708,8000.0,7449.723756906077,8000.0,1.3969031891239552,497.4658776040431,26.938053097345133,59.0,15.533701657458565,50.0,0.0464576028452245,20.248653787854245,17.10329203539823,53.312,2.9237263266489943,53.186,0.0292460943730465,65.173,22.29107403314917,11.987,39.967,11.736512997071603,74.66814159292016,2505.0,2045.4530386740328,2505.0,0.1426606242773369,282.06708236668607,0.2486727081840076,0.169326773333402,0.1945524800012207,-0.0008767470130566,0.0421069472928766,4.3938053097345176,71.0,63.89723756906077,68.0,0.0073636115493993,2.6126431006138686,134.65827003444997,173.6822446363768,21.54387287197374,129.92629320752667,0.0255965535639843,8188.0,1,0.03290000000000004,-149.7088049768534,9,-0.9179549813270569,14
yolo11s.pt,10,65W,24,4002.854947916667,23.157816574585635,0.1664698466667687,0.1606282572628511,49.495575221238944,89.0,27.457458563535912,87.0,0.082381379632127,33.438532908066755,1.0,0.76105,849.5575221238942,8000.0,7447.513812154696,8000.0,1.416265947157796,497.2375690607735,32.05309734513275,62.0,17.771270718232046,57.0,0.0539653018080865,22.84968060849292,18.167769911504426,51.764,3.0593125984835066,58.88499999999999,0.0315033319485831,70.847,23.157816574585635,11.962,46.886,13.693074319360369,38.49557522123905,2505.0,2015.602209944752,2505.0,0.0322907178888233,261.1875700247767,0.2837976748883844,0.1664698466667687,0.1950957700000799,-0.0009874624006515,0.0472437554230548,4.601769911504434,71.0,64.16243093922652,69.0,0.0075060314343692,2.7514180476356045,155.22645071030897,268.3245150075336,46.16480472946356,144.1702535357171,0.0884485160872073,8188.0,1,0.025859999999999994,-163.8416023074939,7,-1.009434700012207,15
yolo11s.pt,10,65W,25,4247.754947916666,23.27631331877732,0.1754024800002298,0.1633089232550368,42.93886462882096,81.0,23.657205240174672,76.0,0.0732262816254687,29.202058506384063,1.0,0.76278,794.759825327511,8000.0,7438.864628820961,8000.0,1.3202001346961267,496.2483918269168,27.90829694323144,59.0,15.051310043668122,53.0,0.0477644570978283,20.308714233787352,18.59234061135372,54.727,3.464466167627444,68.55,0.0312184031349054,80.64,23.27631331877729,12.09,46.638,13.560876721002384,48.60262008733616,2505.0,2030.99344978166,2505.0,0.0652801619538748,270.56062603202514,0.3204029659019071,0.1754024800002298,0.203413625002031,-0.0011490356821307,0.0561994748186235,4.943231441048042,71.0,63.9825327510917,69.0,0.0079850124590412,2.8659498764532176,165.61632772292458,368.28000921736736,86.98113558316018,142.5293416602048,0.2758314899528605,8188.0,1,0.024129999999999985,-176.61425189340508,3,-1.1021718978881836,16
yolo11s.pt,10,65W,26,4310.19484375,22.77817608695651,0.1989252759998635,0.174275190956589,40.64347826086957,91.0,19.870652173913044,83.0,0.0634522124086096,29.39649505151592,1.0,0.7587,830.434782608696,8000.0,7435.869565217391,8000.0,1.3659376498194833,495.8702323537818,25.61304347826087,60.0,11.941304347826089,56.0,0.0396169305903983,20.18697466498543,18.43131739130434,53.945,3.654111711238474,71.16199999999999,0.0307821080529549,83.234,22.77817608695652,12.072,45.64209999999999,13.31849978280758,169.63043478260852,2505.0,2070.0815217391305,2505.0,0.2655476317906798,267.9464354441938,0.2276880477834657,0.1989252759998635,0.219226589999198,-0.0013069626410575,0.045292907747196,4.547826086956519,70.0,63.83695652173913,68.0,0.0071207859259717,2.460899331514552,134.34363182060943,161.03832699345912,17.659934707727427,130.70234473379762,0.0172800111204034,8188.0,1,0.028209999999999957,-183.13531259344768,2,-1.1197794675827026,17
yolo11s.pt,10,65W,30,4045.28828125,23.414458244111387,0.2074523840002075,0.1619128394271406,35.02575107296137,86.0,22.387580299785867,85.0,0.0583242900898951,31.95144361983201,1.0,0.76354,862.6609442060089,8000.0,7456.10278372591,8000.0,1.3742907176722623,498.0693068272586,23.197424892703864,62.0,14.562098501070665,61.0,0.038582727350417,23.042459140018444,19.48940343347639,51.922,3.1309287294074784,61.44499999999999,0.0317599351589043,73.309,23.414458244111348,11.864,48.718,14.07891385582018,191.4592274678112,2505.0,2101.252676659529,2505.0,0.3122026734175476,266.1636291496809,0.3024806473883862,0.2074523840002075,0.2568629449999207,-0.0013068548187305,0.0627503314146468,4.622317596566525,69.0,63.56531049250536,68.0,0.0073121273769788,2.6917902109133074,164.75290909987166,337.5128645548107,73.77337086205735,144.61149793279787,0.2005086310264394,8188.0,1,0.023370000000000002,-165.90763915589406,5,-1.1663569211959839,18
yolo11s.pt,10,65W,23,3918.421614583333,22.842000000000013,0.1684410383332457,0.1672839216351305,33.83771929824561,88.0,17.584245076586434,81.0,0.0530051174182817,28.904014037734417,1.0,0.75835,855.2631578947367,8000.0,7440.919037199124,8000.0,1.4092181893854614,496.4971700166293,20.57017543859649,58.0,10.24617067833698,54.0,0.0324856322962461,19.78963799538472,18.418916666666668,51.203,2.6742842132913056,49.143,0.0312839569818929,61.086,22.842,11.943,46.65384999999999,13.357956548476444,133.68421052631584,2505.0,2068.539387308534,2505.0,0.2347261190912151,247.57947485578305,0.2984705292735327,0.1684410383332457,0.1941830950014264,-0.0010242731620055,0.0502746858627072,4.25,70.0,63.961706783369806,69.0,0.0067226233720097,2.510298206765588,145.87721114880088,240.25386691466025,38.93448956616438,136.54629671954717,0.0712351046981923,8188.0,1,0.02856000000000003,-161.8126477133025,8,-1.171574354171753,19
yolo11s.pt,10,65W,31,4192.24828125,23.42654387865656,0.2102957940001943,0.1589194724400797,40.72608695652174,90.0,23.78548212351029,88.0,0.0711378078400167,33.14571926821989,1.0,0.75787,834.782608695652,8000.0,7450.704225352113,8000.0,1.3700210150058911,497.5639924691744,26.495652173913044,65.0,15.416034669555795,63.0,0.0469969522091363,24.01056653197151,18.64727391304348,50.802,2.815353401749088,53.88999999999999,0.0314675303920667,65.954,23.42654387865656,12.064,48.006,13.74854061929183,163.63043478260852,2505.0,2078.4344528710726,2505.0,0.2480820941912876,272.27963603578934,0.311648671019773,0.2102957940001943,0.25805763499975,-0.0012632767202893,0.0655384047212085,4.313043478260873,69.0,63.435536294691225,67.0,0.0068725078960024,2.427477771478637,171.24860247606136,355.51452312351984,85.1610571797635,147.41141232701668,0.2473022206807094,8188.0,1,0.029039999999999955,-172.41985752799198,4,-1.208096981048584,20
yolo11s.pt,10,65W,28,4574.84828125,21.930228927203068,0.1929262019996531,0.1511041348538648,32.544061302682,86.0,15.690613026819925,81.0,0.0402082028618283,29.353915650080044,1.0,0.75881,877.3946360153259,8000.0,7379.310344827586,8000.0,1.0975556962718775,485.21542343001,20.597701149425287,69.0,9.905172413793103,56.0,0.0257072115815827,20.66225416532513,20.393536398467432,50.9,3.5023346201701417,64.916,0.0261597846998046,76.807,21.930228927203064,11.891,48.654,13.821803958906203,186.78160919540232,2505.0,2120.330459770115,2505.0,0.2871582977978907,257.34769514926535,0.2515133887037813,0.1929262019996531,0.2250420649996158,-0.0011353438607255,0.048523522834683,4.111111111111107,69.0,62.44827586206897,67.0,0.0054263807464211,2.4990816122613984,153.24003039871567,223.89211901051925,37.28433453847576,145.13321523869703,0.0591981770478802,8188.0,1,0.028100000000000014,-191.7843281690518,0,-1.213700771331787,21
yolo11s.pt,10,65W,29,3977.88828125,22.738761702127643,0.2095614980001846,0.1643161712057619,38.88936170212766,91.0,22.509574468085106,87.0,0.0634945937857196,31.83098506891077,1.0,0.76526,817.0212765957449,8000.0,7444.68085106383,8000.0,1.3418140264021383,496.9303691272832,25.14468085106383,65.0,14.320212765957448,59.0,0.0408851415775322,22.28477717123848,18.407655319148937,51.823,2.864667867727597,53.363,0.0304124425605309,65.139,22.73876170212766,11.776,45.15584999999999,13.38259223484244,156.51063829787245,2505.0,2058.75,2505.0,0.2173594173712165,282.44384915507,0.2913584921696569,0.2095614980001846,0.2663555400000404,-0.0015008645906372,0.0610575220741483,4.838297872340426,70.0,62.932978723404254,68.0,0.0078597485482066,2.822172405196693,151.63492928112618,266.5127006286391,52.13123092433828,138.38419879960225,0.1181945504433174,8188.0,1,0.021649999999999947,-164.2029479332576,6,-1.282387375831604,22
yolo11s.pt,10,65W,27,4449.60828125,21.448580145719472,0.1939339699994161,0.1540595666114827,15.722627737226276,79.0,15.555555555555555,78.0,0.0246536584515499,27.009057225907416,1.0,0.75722,321.1678832116786,8000.0,7352.459016393443,8000.0,0.5049873031588931,477.7359711769772,11.135036496350365,65.0,10.320582877959929,53.0,0.0171283400440082,19.445293745289145,8.881149635036493,53.685,3.3581243844886624,60.09,0.0128970496631372,72.027,21.44858014571949,11.937,48.59,13.269264989515198,197.29927007299284,2505.0,2105.915300546448,2505.0,0.2687528666526871,254.304034585239,0.2328262580089365,0.1939339699994161,0.2173305799991794,-0.001359390727484,0.0451529205357814,1.7481751824817522,70.0,63.75136612021858,68.0,0.0031164007359825,2.4799970163511915,144.39239214736526,183.5788797615156,25.514590802093814,139.2226436661988,0.0312240038896149,8188.0,1,0.029689999999999994,-187.15116400635623,1,-1.342655062675476,23
yolo11s.pt,20,65W,3,1284.8225835755811,25.44721993598541,0.0660787558139079,0.5605068774309303,21.90659340659341,46.0,25.587105624142666,41.0,0.0113097581351757,15.97540628672337,1.0,0.76173,613.5531135531137,8000.0,7778.692272519433,8000.0,0.3187441793205656,415.1272301812471,5.6593406593406606,13.0,6.498399634202103,12.0,0.002977592238765,4.59043878203134,11.823624542124543,54.367,1.7917477867797769,33.268,0.0061894311130639,45.595,25.44721993598537,12.327,34.916,7.9231282095617726,225.6868131868132,2505.0,2213.655692729767,2505.0,0.118728369449585,184.32497461635108,0.2575327238778068,0.0660787558139079,0.0886386100022718,-1.3226914449596591e-05,0.0170174419752121,6.239926739926737,72.0,67.40009144947416,71.0,0.0034367248235755,2.6754758459297823,46.65334194687279,54.46151577094863,6.248099386150091,45.40037055855964,0.0179361959393532,8188.0,1,0.048270000000000035,-58.26001099200679,21,0.9346053004264832,1
yolo11s.pt,20,65W,5,1565.0478966346154,28.064974571259647,0.0687145113461016,0.3856942027209749,30.5829383886256,55.0,24.81371969248965,52.0,0.0209294445871839,21.367587962103592,1.0,0.76789,744.0758293838862,8000.0,7714.370195150798,8000.0,0.4556365146414825,451.7138689823555,11.101895734597155,22.0,9.0816085156712,20.0,0.0077926877930942,8.488512362007324,16.350007109004743,49.397,2.362909677028924,53.66,0.0100858634675274,66.315,28.06497457125961,12.655,38.9355,10.494553077460123,235.6635071090045,2505.0,2218.917800118273,2505.0,0.136778136773298,193.9759073089528,0.2775861360839934,0.0687145113461016,0.0914374999976644,-3.420892012143704e-05,0.019074195697464,6.2725118483412245,75.0,69.95328208160852,74.0,0.0042630397406476,2.873779717830797,75.09455765295259,87.43565393685151,10.564725956337634,72.76483383278348,0.0197924494985998,8188.0,1,0.04211000000000009,-64.84664805327363,19,0.673528254032135,2
yolo11s.pt,20,65W,7,1850.971175986842,27.83145359477128,0.0745149828947768,0.296265755507308,37.24083769633508,68.0,28.51372549019608,66.0,0.0242629492880684,25.17234985518504,1.0,0.80276,848.1675392670159,8000.0,7667.320261437909,8000.0,0.5387723967184722,471.1729301565933,15.657068062827223,32.0,11.990196078431373,30.0,0.0100171587337792,11.46374942773722,18.28259162303665,51.207,2.119041314143935,46.473,0.0117492339414531,58.976,27.831453594771244,12.503,40.6404,11.188371362647027,165.62827225130877,2505.0,2146.2450980392155,2445.0,0.1085803309904836,198.6929563606705,0.2920806114686192,0.0745149828947768,0.0998756150003828,-5.141552090909377e-05,0.0217643817674801,5.759162303664922,75.0,70.10849673202614,74.0,0.0041238488826259,2.763202360065049,97.44046115341489,114.8955900700482,14.93477642490219,93.94083884961438,0.0234919349601149,8188.0,1,0.007240000000000024,-72.71646722288918,18,0.5821316242218018,3
yolo11s.pt,20,65W,6,1636.854190340909,28.07892533503504,0.0704608770454549,0.3297442842667354,35.570332480818415,59.0,27.909380982769623,57.0,0.0222071357938975,22.67411721853337,1.0,0.78619,849.1048593350379,8000.0,7686.02425015954,8000.0,0.5449190216764013,464.10664545186233,14.62915601023018,25.0,11.134652201659222,25.0,0.0090170335237939,9.914265163085105,18.76870588235294,52.633,2.48958958243238,57.145,0.0121489675049798,69.905,28.0789253350351,12.76,39.77309999999999,11.024020503145584,208.81074168797977,2505.0,2185.701978302489,2505.0,0.1210714409215046,196.20071613213864,0.2928394201805994,0.0704608770454549,0.0944554799982142,-2.907679052709169e-05,0.0206337223794075,6.092071611253189,75.0,70.19272495213784,74.0,0.0041359810947536,2.864945258918813,87.82602244136547,100.9490005223718,11.760211782156054,85.15363775743735,0.0179301472701024,8188.0,1,0.023809999999999998,-64.72267679032477,20,0.5524879693984985,4
yolo11s.pt,20,65W,8,1924.82421875,29.4489624772728,0.0810238848437279,0.2982169605708453,34.875125526401035,67.5,30.731661616161617,66.5,0.0230631625556184,26.13548444664877,1.0,0.797,753.3203757693555,8000.0,7691.996212121212,8000.0,0.5302198466703034,461.3854678689055,16.07993602202786,33.5,14.368401515151517,32.5,0.010338381492867,12.933631457874636,16.63984910916748,54.38,2.8613364157592303,69.7895,0.0115073738761871,84.2505,29.44896247727273,14.461,44.146,11.95525230070855,165.2021379980564,2490.0,2122.2900568181817,2482.5,0.1194884770140728,210.1375618645415,0.2067362225225062,0.0810238848437279,0.1052604124998651,-3.11376497725802e-05,0.0167957005406858,5.306442338840299,82.0,76.77913257575759,80.5,0.004100403662081,2.6969599125524333,101.21331946733189,119.72562307611202,13.769375393572613,98.74617413677302,0.0185127692776832,8188.0,2,0.013000000000000012,-75.45334743964993,17,0.36613190174102783,5
yolo11s.pt,20,65W,11,2341.6826985677085,26.91864949201746,0.0930535941668646,0.2277160986682064,44.13953488372093,82.0,31.85413642960813,77.0,0.0309790030123331,30.77571943419946,1.0,0.80291,869.1860465116279,8000.0,7627.721335268505,8000.0,0.6478386563683756,483.41210216256496,22.87790697674419,45.0,16.096516690856312,41.0,0.0156874985125603,16.757602595855015,19.217494186046515,53.37,2.133353681693046,44.701,0.0144199866749712,57.427,26.918649492017416,12.726,41.226,11.423755321443029,-4.622093023255729,2505.0,2036.6690856313496,2505.0,0.009497761516105,240.1244855899968,0.2705931307060748,0.0930535941668646,0.1190092899969385,-8.871189603772706e-05,0.0251796633690644,5.668604651162781,76.0,69.62264150943396,74.0,0.0046733516707657,2.7901669536255804,122.50750555623368,149.77802361352232,19.69657555456733,118.21144683863244,0.0258497328145173,8188.0,1,0.007090000000000041,-89.69700472440093,14,0.28884485363960266,6
yolo11s.pt,20,65W,9,2105.5999479166667,27.35299792243769,0.0837137133332847,0.2544245585427647,38.54570637119114,74.0,28.585872576177284,68.0,0.0279600621327274,27.41014471145449,1.0,0.7877,858.7257617728528,8000.0,7652.354570637119,8000.0,0.5973108140290782,476.2227260494601,18.23268698060942,37.0,13.437673130193906,34.0,0.0131121584447121,14.14221863953039,18.539520775623267,50.343,2.901839141182016,66.559,0.012327981364486,79.374,27.35299792243768,12.815,42.979,11.829792537308398,132.8393351800555,2505.0,2105.869113573407,2490.0,0.1011395583326694,213.79070178724425,0.3070120113573452,0.0837137133332847,0.1103609349978796,-6.211162008407465e-05,0.0257011155086439,5.39612188365652,75.0,70.1696675900277,74.0,0.0041127989301555,2.67612707512005,112.04755365659346,135.229119341191,18.526592642753528,107.50926749801198,0.0273392343017845,8188.0,1,0.022300000000000098,-81.23534652316104,16,0.21545155346393585,7
yolo11s.pt,20,65W,12,2718.088405539773,27.049926193921856,0.1009060522726279,0.2274584388745505,40.01739130434783,83.0,31.1794500723589,80.0,0.0315517951647323,31.40461745320415,1.0,0.79779,866.6666666666661,8000.0,7633.14037626628,8000.0,0.6351056531368099,481.9477567202416,21.34492753623188,45.0,16.685238784370476,44.0,0.0167248428779256,17.56217153250683,17.67525507246377,53.459,1.7097643693531483,32.533,0.0131876821277327,46.249,27.04992619392185,13.716,39.25920000000001,10.240748743460118,-55.47826086956525,2505.0,2004.6056439942115,2505.0,-0.0550502906182043,287.74204569302515,0.2684396296258683,0.1009060522726279,0.122927929999787,-0.0001021313463086,0.0270871832990727,6.623188405797109,77.0,70.56512301013025,74.0,0.0054967286688556,2.956221692048577,122.96103805894477,144.8425226335987,18.97436606313888,118.922499986209,0.0238121992628907,8188.0,1,0.012210000000000054,-108.3438691393025,11,0.17223630845546722,8
yolo11s.pt,20,65W,10,2216.7517427884613,27.79548043478254,0.0881795550000998,0.2450993095753106,43.13913043478261,77.0,29.57246376811594,73.0,0.0317579502486885,29.243304121778586,1.0,0.80259,857.971014492754,8000.0,7643.478260869565,8000.0,0.6217275850829337,478.97180361462296,21.069565217391304,40.0,14.307971014492754,39.0,0.0153001345146501,15.438848804394611,20.523405797101454,54.66,2.6404292659089634,60.67399999999999,0.0151892900572055,73.392,27.795480434782608,12.718,44.0687,12.132406005228484,176.391304347826,2505.0,2100.75,2505.0,0.13335021796332,251.38860550601905,0.2633166420005556,0.0881795550000998,0.11354978499985,-7.91219798322475e-05,0.0232191443157295,5.591304347826082,74.0,69.85434782608695,74.0,0.0045183785814705,2.739105417415085,117.00775149720596,137.4230514011454,16.690614827308515,113.40497238831244,0.0203477035869492,8188.0,1,0.007410000000000028,-85.15548055336411,15,0.12412703782320023,9
yolo11s.pt,20,65W,13,2603.10328125,26.99905576208175,0.1069214144999568,0.2220597870957686,43.22619047619048,84.0,30.87806691449814,79.0,0.031422276346035,30.95255997092788,1.0,0.79304,880.9523809523807,8000.0,7623.048327137546,8000.0,0.6587988327563682,484.622646178087,22.15773809523809,44.0,16.38736059479554,43.0,0.0156156219841405,17.81013422570502,19.496538690476186,54.184,2.638499680423905,58.858,0.0146338955473979,71.237,26.999055762081788,12.379,45.3374,12.82632395035376,34.59821428571422,2505.0,2061.5130111524163,2505.0,0.0157287302753417,278.5043645214123,0.2558188644608213,0.1069214144999568,0.1335454449994358,-0.0001496570672007,0.0273525148439237,6.75,73.0,67.31895910780669,72.0,0.0056676308868194,3.031208985343302,125.7252492366794,148.38016248841603,18.92888419801645,121.58462419149198,0.0226675727479961,8188.0,1,0.016960000000000086,-101.78118953367694,13,0.05957721918821335,10
yolo11s.pt,20,65W,14,2704.5595703125,26.80018670649735,0.1085557804999371,0.2078082275334184,48.98502994011976,85.0,35.12994772218073,81.0,0.0383097989757972,30.944738490593,1.0,0.79827,913.1736526946106,8000.0,7628.0806572068705,8000.0,0.7250625174978784,483.3170235460945,26.275449101796408,48.0,19.12621359223301,47.0,0.020385105487609,17.595141351539823,18.70465868263472,51.787,2.736622725923738,60.703,0.0142686833034431,73.342,26.800186706497385,12.639,41.5597,11.832633403058468,44.32634730538939,2505.0,2039.78715459298,2505.0,0.0458099093177005,294.71371197010103,0.2695593936792143,0.1085557804999371,0.1354137999998783,-0.0001326949452505,0.0292622303719369,5.766467065868255,75.0,68.34727408513817,73.0,0.0052253426584695,2.853076055793547,135.41327947795466,204.5881401490148,30.53861249057283,128.96595589405865,0.0508599688886015,8188.0,1,0.011730000000000018,-104.57942075935662,12,0.013016273267567158,11
yolo11s.pt,20,65W,17,3184.97578125,27.16521184510251,0.1276742612498537,0.2040175502364258,40.99088145896656,84.0,34.100227790432804,80.0,0.032993208060485,30.7342538275845,1.0,0.80272,823.7082066869298,8000.0,7639.331814730448,8000.0,0.6508140483966369,480.1943829366605,23.94224924012158,52.0,19.452543659832955,48.0,0.0191963589336582,18.40546211511748,19.12900303951368,53.373,3.0651702800915817,70.70400000000001,0.0153378802448148,83.266,27.165211845102508,12.562,45.737,12.867544632940277,65.97264437689955,2505.0,2032.949886104784,2505.0,0.0619466873665272,303.30977908726294,0.2540774263355132,0.1276742612498537,0.1552219949982827,-0.0002096721068226,0.0324391477076507,5.61702127659575,76.0,68.76537585421413,73.0,0.0049079938817837,2.776200669738713,140.12518096495245,223.5016572905036,33.151724701858896,133.15134807580077,0.0559731671719933,8188.0,1,0.007280000000000064,-127.45367619329052,10,-0.2613004446029663,12
yolo11s.pt,20,65W,20,3579.940541294643,26.84322765469823,0.1452065214286059,0.1948905855827442,55.54128440366972,92.0,37.24216959511077,87.0,0.0449094015363691,33.48637149367392,1.0,0.802,785.9327217125383,8000.0,7634.071810542398,8000.0,0.5861685473455928,481.6894742651983,33.932721712538225,59.0,22.3781512605042,55.0,0.0273407592477555,20.82551131209689,19.24535779816513,53.107,2.972295322542385,67.134,0.014691465454004,79.786,26.843227654698246,12.652,43.3094,11.93698796280963,36.743119266055146,2505.0,2053.659281894576,2505.0,0.051597539613674,311.51337395705207,0.2727144467648776,0.1452065214286059,0.1825464150020706,-0.0002777766023012,0.0395999161580546,5.40672782874617,74.0,68.65546218487395,72.0,0.0047344818909807,2.638032557014838,147.98110027755817,273.4741608900257,45.51370292008866,137.7348606882884,0.094595796140368,8188.0,1,0.008000000000000007,-145.7303371546551,9,-0.6733301877975464,13
yolo11s.pt,20,65W,22,3665.9466145833335,27.072734883720948,0.1626534441666081,0.2001578896293949,37.4472049689441,86.0,32.12868217054264,82.0,0.0296112525841031,31.76371874475474,1.0,0.80405,888.1987577639748,8000.0,7610.077519379845,8000.0,0.7344291359454417,487.7324468673167,21.50310559006212,60.0,19.269767441860463,57.0,0.0169755050211751,21.61621055737211,20.25216459627329,53.698,3.10075802686922,71.477,0.0167635256886061,83.946,27.07273488372093,12.469,48.79319999999999,13.950875831118804,70.85403726708091,2505.0,2034.906976744186,2505.0,0.1131724092276104,333.98891598051074,0.2262743996710405,0.1626534441666081,0.1946414900010495,-0.0003738139283973,0.0368043104332263,6.152173913043484,77.0,69.15426356589147,74.0,0.0055833859504418,2.885448865486828,139.51027399330962,180.5623486060354,21.79004868822634,135.2568961126031,0.0243951794987762,8188.0,1,0.005950000000000011,-150.84267736050205,8,-0.8293279409408569,14
yolo11s.pt,20,65W,32,4290.79404296875,29.02030054279207,0.2521076674999903,0.2284933233700674,45.50625847823406,91.5,34.089836637378,90.0,0.0347878574741129,37.17971933639848,1.0,0.79497,760.0813910469847,8000.0,7631.309846061653,8000.0,0.5863300937853841,482.41327481756457,29.88367862868418,65.5,22.39767427864608,62.0,0.0225089734513426,26.023407819230528,17.915367492909116,53.133,2.536340788492903,59.3245,0.0141738774418004,73.587,29.020300542792093,14.2625,49.5152,13.174730218543369,34.80438401775814,2490.0,2022.9712713294628,2490.0,0.0506812039898018,351.1365143362698,0.0891116981930724,0.2521076674999903,0.2816190224993533,-0.0002715268717761,0.0225542719295412,4.398199531384876,81.0,75.74788209925707,79.5,0.0039178394470894,2.31588165398694,127.82731770843549,147.43429618847236,9.801254183694825,126.95853791188044,0.0059707065363204,8188.0,2,0.015030000000000099,-185.159733937711,2,-1.003556489944458,15
yolo11s.pt,20,65W,26,4371.65328125,26.964156494522715,0.1949930050002149,0.2022239193139632,45.38871473354232,91.0,31.683098591549296,87.0,0.0382613371652651,34.08066761766427,1.0,0.79647,887.1473354231975,8000.0,7606.41627543036,8000.0,0.7448950446098695,488.5443442754504,27.711598746081503,62.0,19.58450704225352,59.0,0.0227256873874518,23.26294502633885,19.63898432601881,51.206,2.456965416791641,53.652,0.0157159395245405,66.25,26.96415649452269,12.598,45.29769999999999,12.910680904643211,59.90595611285289,2505.0,2027.488262910798,2505.0,0.0608957541344662,341.5645528431696,0.1694097103052601,0.1949930050002149,0.2183078750000277,-0.000423618073213,0.0330337084886385,5.451410658307211,78.0,68.98043818466354,73.0,0.0049117610203791,2.8276677620104964,135.78667362351155,160.84999078348346,15.893619739643542,133.33811641074686,0.0137003397531791,8188.0,1,0.013530000000000042,-186.67182908763277,1,-1.065746545791626,16
yolo11s.pt,20,65W,28,4601.59203125,24.755663446054783,0.1932334359997912,0.1708436395762713,48.54516129032258,93.0,33.7842190016103,89.0,0.0339811581729148,36.09423802036661,1.0,0.80611,829.0322580645161,8000.0,7640.096618357488,8000.0,0.6257826608987527,479.9718090938221,32.30645161290323,62.0,21.674718196457327,61.0,0.0228916088304144,24.97913116344624,18.76613548387097,43.706,2.0670825531098886,40.213,0.013924809635395,51.172,24.75566344605475,10.959,39.04165,10.742000568873337,11.129032258064626,2520.0,2028.997584541063,2520.0,0.0791860642019938,359.26676199498166,0.2129728339385145,0.1932334359997912,0.2249780450012622,-0.0003299772265253,0.0411534724765521,13.203225806451613,60.0,49.23832528180354,57.0,0.0129848391068305,5.127634684039798,151.76206409420166,245.1684118544637,35.45091178092976,144.9024588065093,0.0545667853932441,8188.0,1,0.00389000000000006,-194.03595195436367,0,-1.0678974390029907,17
yolo11s.pt,20,65W,25,4306.346614583334,26.39837290715377,0.172663227499864,0.1823211306757655,45.24085365853659,83.0,33.611111111111114,81.0,0.0368875970562114,32.99688973140587,1.0,0.81,862.8048780487807,8000.0,7611.8721461187215,8000.0,0.6634960955498462,487.32394043674014,27.13109756097561,56.0,20.899543378995435,55.0,0.0220430897717616,21.791120259544403,17.82020731707317,54.135,2.780663802961428,60.756,0.0140246095262244,73.405,26.39837290715373,12.649,45.807,12.437007085672503,-46.829268292682855,2505.0,2000.6278538812785,2505.0,-0.0439745469416465,330.41744850172427,0.3049107208174212,0.172663227499864,0.2150278400011302,-0.0003723224102326,0.0526468691556459,5.475609756097569,75.0,68.83257229832573,73.0,0.0046652806409786,2.7513890093357944,170.56018938550582,433.30715025046,94.3624652624002,144.79052871880137,0.3060858251434435,8188.0,1,0.0,-179.7996839856724,3,-1.1076081991195679,18
yolo11s.pt,20,65W,24,4055.71328125,26.90177492211842,0.165090034166648,0.1850506225431669,54.89719626168224,90.0,33.70015576323988,88.0,0.0500629470916493,34.56534242810274,1.0,0.7974,856.6978193146415,8000.0,7612.928348909657,8000.0,0.7061179323831197,487.0802685518463,35.177570093457945,59.0,20.965732087227416,57.0,0.0318309711368516,23.386840500080336,20.19813707165109,53.317,2.892002487762753,65.398,0.0160456610014331,77.8,26.90177492211838,12.402,46.86,13.38977670484353,67.33644859813103,2505.0,2016.4018691588783,2505.0,0.0607862534900658,292.50692490606366,0.2476830859188971,0.165090034166648,0.1997953299975051,-0.0003561045228786,0.0408900091168515,5.17445482866043,75.0,68.7632398753894,73.0,0.0045741959524809,2.5461511057600696,154.4262206777682,251.15272099589671,41.68969965278973,145.3752197771884,0.0728811885904296,8188.0,1,0.012600000000000056,-167.24489060597904,5,-1.136479139328003,19
yolo11s.pt,20,65W,30,4020.7059765625,25.032016763848443,0.2083786309998686,0.1738712461472166,45.096209912536445,93.0,32.65524781341108,89.0,0.0365536360818643,36.26962052924031,1.0,0.79875,822.157434402332,8000.0,7605.685131195335,8000.0,0.6021839425486321,488.7030315480197,29.11953352769679,64.0,21.30830903790088,61.0,0.0236270152443656,24.954164765087903,17.894685131195335,50.057,2.8707634977211542,59.66,0.0133408607723952,71.861,25.0320167638484,12.201,42.509,11.509077824640238,8.571428571428669,2520.0,2003.7572886297376,2520.0,0.0129956969483599,372.9431992498335,0.3022218958127875,0.2083786309998686,0.2586916649981504,-0.00048541562856,0.0629765849076536,7.3148688046647266,67.0,59.31486880466473,64.0,0.0063921968495336,3.1261122424614065,168.063362476375,355.67758966598745,86.1872153239827,143.9686970590517,0.2629902218789014,8188.0,1,0.011250000000000093,-165.35541973956404,6,-1.2168326377868652,20
yolo11s.pt,20,65W,29,3940.39203125,25.92062180451128,0.1995786639997459,0.1783863127512773,43.545180722891565,92.0,33.47744360902256,85.0,0.0344341858933049,35.47422895258831,1.0,0.79232,852.409638554217,8000.0,7612.0300751879695,8000.0,0.6447951203596285,487.2876586302775,28.768072289156628,64.0,22.56015037593985,61.0,0.0223982704470344,25.61305012722016,19.434864457831324,52.376,2.505842664186993,53.063,0.0144996170537531,64.953,25.92062180451128,11.89,47.5258,13.659342815760644,142.1385542168673,2520.0,2075.1428571428573,2520.0,0.1475164320704191,321.7839989773447,0.2676111050211234,0.1995786639997459,0.2479043399991496,-0.0004481499141867,0.0534094668116115,8.388554216867469,63.0,55.84887218045112,61.0,0.0073973706264515,3.567461904815352,159.75137260714118,312.5584666547581,58.833423468051095,145.30611348333767,0.1356310250416933,8188.0,1,0.01768000000000003,-161.2057220588521,7,-1.242043137550354,21
yolo11s.pt,20,65W,31,4167.81203125,26.23596856725148,0.2137844290000794,0.180930372884319,42.57017543859649,91.0,32.090643274853804,89.0,0.0313883249983212,35.5958753958971,1.0,0.79747,827.4853801169584,8000.0,7603.801169590643,8000.0,0.5854349824855519,489.1066521645504,27.921052631578945,63.0,20.99049707602339,61.0,0.0206130200518864,24.85811898123185,17.579915204678358,49.661,2.722026435461673,58.76500000000001,0.0127173235802334,71.415,26.23596856725146,12.65,47.3963,12.947375537919584,-1.4035087719298645,2505.0,2037.3026315789475,2505.0,-0.0137948080432009,347.617303932176,0.3208177476894454,0.2137844290000794,0.272994650001965,-0.0004654602118064,0.0685858390028796,6.505847953216367,68.0,62.05190058479532,66.0,0.0054390616593465,2.867099500483402,174.72422875017878,430.4694021938621,99.50585767701442,145.0058834733398,0.3243329188449269,8188.0,1,0.012530000000000041,-172.7608800906735,4,-1.243358850479126,22
yolo11x.pt,1,65W,2,2592.89453125,21.59292085427133,0.1364824703122735,1.47352758972418,16.63819095477387,73.0,18.82035175879397,70.0,0.0529916812584977,29.171458789653748,1.0,0.78985,391.9597989949744,8000.0,7399.497487437186,8000.0,0.9725957502290906,489.7951050884047,4.633165829145728,33.0,6.305276381909548,24.0,0.0165798691142795,9.99100209756573,9.61075376884422,52.084,2.1224085573830296,33.087,0.0248116901474299,45.829,21.592920854271355,12.742,39.84425,11.309325111157898,132.5879396984924,2505.0,2061.538944723618,2430.0,0.1982548927492974,163.47836437580017,0.6703928880936447,0.1364824703122735,0.1850450600015392,-0.0016005153365284,0.0914968774468002,3.482412060301506,70.0,63.53391959798995,69.0,0.0076036892399784,2.817765823261676,16.400239242420536,19.0925951524292,3.4564967512624185,14.65389654381237,0.044419323407738,8188.0,1,0.02505999999999997,-131.72893985563772,15,0.023706473410129547,1
yolo11x.pt,1,65W,4,3294.20703125,20.12836435124508,0.1925460875003182,0.9689094509032804,24.63684210526316,87.0,17.920052424639582,82.89999999999998,0.0660355516946615,30.96732567984101,1.0,0.80475,331.5789473684208,8000.0,7314.5478374836175,8000.0,0.8057557097595854,464.335541842316,9.210526315789474,45.0,7.709043250327654,35.0,0.0279144132152797,13.88387561522527,8.38751052631579,48.866,3.0981653010540087,49.327,0.0235298744478833,62.361,20.12836435124508,13.034,43.719,11.555610307504864,39.47368421052624,2505.0,1988.7287024901705,2235.0,0.0039955498381763,176.16292813631804,0.6343347395453026,0.1925460875003182,0.2419848800023828,-0.0049634835410511,0.1221386722649814,2.884210526315784,71.0,64.56880733944953,70.0,0.0064148701235583,2.466323005475561,23.55935505255138,28.93129559184297,5.368396103805631,20.774247100676035,0.0519233028753708,8188.0,1,0.010160000000000058,-164.51760273767073,13,-0.3507630527019501,2
yolo11x.pt,1,65W,6,3970.559303977273,19.911550310559008,0.2688566409089452,0.8922254219643933,10.562189054726367,90.0,16.331677018633542,87.0,0.0448722051012143,29.36001510983467,1.0,0.80311,169.15422885572207,8000.0,7295.652173913043,8000.0,0.6301123882920359,456.33536568354526,4.199004975124378,42.0,7.2,38.0,0.019793377793001,13.38483428436362,5.622094527363187,48.025,2.847543215654723,43.593,0.0196800521075708,56.699,19.911550310559008,13.106,42.58519999999999,10.715040065440286,105.22388059701508,2505.0,1987.136645962733,2505.0,0.0132941936127968,233.4163634349255,0.4982713143658616,0.2688566409089452,0.3062563299998146,-0.0085845352343779,0.1339635518416906,3.223880597014933,74.0,65.21490683229814,70.0,0.006984351396233,2.3820814318241763,24.7699920018658,31.18579960143767,5.703733197308871,22.316726042977105,0.0530232900786813,8188.0,1,0.011800000000000033,-197.80759247913824,11,-0.35536250472068787,3
yolo11x.pt,1,65W,9,5035.83203125,20.27824202127661,0.3738425666665231,0.842318893857666,13.25531914893617,93.0,16.24867021276596,91.3499999999998,0.0552548143827218,30.808832723158805,1.0,0.80299,276.59574468085066,8000.0,7280.585106382979,8000.0,0.7823340177550824,449.2851037582164,5.457446808510638,43.0,7.772606382978723,41.0,0.0253505483971132,14.93853166523239,5.10715957446809,47.69,2.8880215522900228,45.009,0.0209055465533395,58.564,20.2782420212766,13.555,45.846,11.133202643847769,118.56382978723424,2505.0,2005.1728723404256,2505.0,0.0539028688487132,218.4773453571396,0.3914300399609393,0.3738425666665231,0.556193569999959,-0.0186171067856776,0.1463332108093772,1.781914893617028,73.0,66.97207446808511,72.0,0.0056164412243651,2.4068866079212525,26.00148009472586,32.65379266704716,5.297148291397164,24.074305075131328,0.0415038248391892,8188.0,1,0.011920000000000042,-250.65397464634358,8,-0.35536250472068787,4
yolo11x.pt,1,65W,18,8150.45703125,20.56507634730538,0.691021924999859,0.7894954802935574,18.2874251497006,100.0,20.31437125748503,99.0,0.0671028573680722,34.16181952454286,1.0,0.80328,197.60479041916187,8000.0,7341.317365269461,8000.0,0.736883511736241,474.1516861036922,8.54491017964072,55.0,10.702095808383234,53.0,0.0337006451796791,19.14793171652648,6.744053892215568,51.469,2.984477128286567,48.056,0.0243629732822962,61.376,20.56507634730539,13.32,47.254,11.742151677083896,186.55688622754496,2505.0,2062.724550898204,2505.0,0.3577584747541891,236.5556906660141,0.209405159041299,0.691021924999859,0.9347351249985876,-0.0008760738095848,0.1447035561056201,2.35329341317366,74.0,66.69760479041916,71.64999999999998,0.0066195521234575,2.330132017945528,27.07271920543632,32.66331539507239,4.956403799694084,26.04837755329351,0.0335173446240686,8188.0,1,0.01163000000000003,-405.8790242007036,0,-0.3590540587902069,5
yolo11x.pt,1,65W,14,6764.43203125,20.83503939393942,0.4944399599997268,0.7358340031808671,23.8969696969697,90.0,17.572727272727274,86.0,0.070568615129553,31.220125334394748,1.0,0.80752,442.42424242424295,8000.0,7339.393939393939,8000.0,1.186662712515615,473.5036359908996,11.496969696969696,52.0,9.725757575757576,50.0,0.0382260039414899,17.471681074744758,8.119903030303028,49.283,3.0922427734281546,50.86800000000001,0.026976960837,64.427,20.8350393939394,13.559,45.88945,11.544424435498415,97.4545454545455,2505.0,1997.136363636364,2505.0,0.0424894539160203,251.64545684437303,0.1977755382171116,0.4944399599997268,0.6313047549996552,-0.0197108254546147,0.0977881292049931,2.6787878787878867,74.0,67.56666666666666,72.0,0.0071706066609636,2.323811741536093,29.668064281906275,41.13872068171029,7.30708111637157,28.31486354785672,0.0606609816946958,8188.0,1,0.007390000000000008,-335.97839331632485,3,-0.369089275598526,6
yolo11x.pt,1,65W,13,6406.23203125,20.25578414096915,0.5122218899996369,0.7981120027778378,13.694117647058825,93.0,18.814977973568283,91.0,0.0636807432676327,32.70337221033271,1.0,0.80959,282.35294117647027,8000.0,7321.5859030837,8000.0,0.9393435310228048,467.08501369830014,6.294117647058823,55.0,9.560939794419973,45.0,0.0322193843238071,17.213512816758357,5.277823529411762,51.043,3.115011473309522,49.516000000000005,0.0229293625215533,63.097,20.25578414096916,13.581,46.848,11.360067453889926,165.17647058823513,2505.0,2008.63436123348,2505.0,0.1345409557883131,243.0222398044466,0.3092618247623023,0.5122218899996369,0.7736941749993997,-0.0312411896969988,0.158410676384483,2.0999999999999943,74.0,67.59030837004406,72.0,0.006246699074943,2.2287324236468624,26.83395671229159,30.36738596797916,4.760685480747636,25.37962600545872,0.0314752762862543,8188.0,1,0.005319999999999991,-318.7749810031532,4,-0.38319411873817444,7
yolo11x.pt,1,65W,11,5690.33203125,20.580050139275816,0.4451160250000612,0.8327736465724006,17.530726256983243,96.0,19.24512534818941,92.0,0.0677370359809358,33.48555706492093,1.0,0.81491,128.49162011173212,8000.0,7327.298050139276,8000.0,0.6727894586883936,469.2270628536933,7.340782122905027,56.0,9.746518105849582,50.0,0.032507507304276,17.383991382881263,5.18991620111732,48.71,3.797512613968311,64.58600000000001,0.021945093636877,78.153,20.58005013927577,13.567,45.346,11.33010636870532,104.8324022346369,2505.0,2029.3871866295265,2505.0,0.1716169927700375,236.0295127022428,0.3764302178800382,0.4451160250000612,0.6859847250001618,-0.0289130402097153,0.1675551222726695,1.8435754189944191,73.0,67.56824512534818,73.0,0.0055576737315259,2.186358054932995,26.916649158316872,35.04091240987395,6.730601980265648,24.712657783997976,0.0625267463584113,8188.0,1,0.0,-283.2768192690834,6,-0.41311463713645935,8
yolo11x.pt,1,65W,10,5304.139723557692,19.87091497975712,0.4209351307693466,0.8364366195510627,15.967567567567569,92.0,18.553306342780026,89.0,0.061441634132796,31.924995271357435,1.0,0.81176,194.59459459459504,8000.0,7286.099865047234,8000.0,0.7528529872124722,451.9366462981159,5.821621621621621,57.0,9.357624831309042,46.0,0.0296227860279498,16.92701764465257,5.187681081081083,47.676,3.4078954124148657,54.151,0.0200409628590363,67.718,19.870914979757085,13.567,41.876,10.377438921478646,132.81081081081084,2505.0,2014.271255060729,2505.0,0.1309191761028897,243.32147331494937,0.4111953594343344,0.4209351307693466,0.6662330599996487,-0.0268128796703552,0.17308657239524,1.870270270270268,76.0,67.1646423751687,71.0,0.0055696846163578,2.2242418624461204,25.97590869373643,34.71264634133481,5.943538518647743,23.756629630135453,0.0523538549112895,8188.0,1,0.003149999999999986,-264.0415867827711,7,-0.4360167384147644,9
yolo11x.pt,1,65W,17,7881.33203125,20.24002945736432,0.5856229625001106,0.6972368242300705,23.8944099378882,100.0,19.46046511627907,97.0,0.0835429440788076,34.49152781853154,1.0,0.80619,223.6024844720496,8000.0,7310.077519379845,8000.0,0.7983886439467468,462.5250818659317,10.409937888198758,65.0,10.454263565891472,59.0,0.0428438609758202,19.394712808463577,6.644857142857147,49.514,3.498315066643207,57.331,0.0252673655679077,70.806,20.24002945736434,13.475,47.933,12.019503943925764,181.9565217391305,2505.0,2022.8372093023256,2505.0,0.2505875108278629,222.52639563656868,0.1766178341672971,0.5856229625001106,0.7267339499998342,-0.0286511249994527,0.1034314592754058,2.3105590062111787,75.0,66.59689922480621,72.0,0.0066613777648785,2.4587113907538347,30.11839971196869,40.33566912690704,6.403010309202924,29.028916365274508,0.0451964804634345,8188.0,1,0.008720000000000061,-391.430807490127,1,-0.4372488856315613,10
yolo11x.pt,1,65W,3,2954.6692405523254,20.637126250000005,0.1688192395344823,1.1613146532340346,11.65,80.0,16.0525,76.0,0.0464308616107212,27.89645575606335,1.0,0.79756,190.0,8000.0,7338.75,8000.0,0.7229659733843292,473.2847319531869,3.495,37.0,6.2725,31.0,0.0166701588596232,11.388623435253267,4.892829999999998,46.45,3.076784976299692,50.439,0.0193796690737016,63.496,20.63712625,13.057,43.154,11.548552653701284,128.32499999999982,2505.0,2034.76875,2505.0,0.1752754496491362,174.74492917803795,0.6548857245593843,0.1688192395344823,0.2149702599992451,-0.0030001894895537,0.1105573100021037,2.605000000000004,71.0,64.08,70.0,0.0066789948109293,2.7195771730178944,20.07526751328704,24.235411164005484,4.474635328766732,17.770486398780587,0.0496812611793778,8188.0,1,0.017349999999999977,-148.59518898298208,14,-0.44937971234321594,11
yolo11x.pt,1,65W,8,4647.33203125,20.028735332464112,0.3446368999998412,0.8628301569872152,13.30890052356021,95.0,17.160365058670145,88.0,0.0542015075605679,31.90544364047325,1.0,0.80979,167.53926701570708,8000.0,7268.578878748371,8000.0,0.6725280074618547,443.2203341890335,5.81675392670157,54.0,8.34419817470665,47.49999999999966,0.0260034145529869,16.134665187306783,4.812130890052352,48.342,3.4957274554681543,56.565,0.0196322555527707,70.015,20.028735332464144,13.45,44.448,11.089337477213707,116.54450261780084,2505.0,2016.0039113428943,2505.0,0.1168823252576082,230.10449694723536,0.3912441131875426,0.3446368999998412,0.4973889999992025,-0.0135248538235613,0.1348371583121417,2.356020942408378,76.0,66.7509778357236,72.0,0.006397154064018,2.611137704706071,25.10699264878529,31.8355582536295,5.301833267117907,23.212836466448262,0.0445925944511705,8188.0,1,0.005120000000000013,-231.41188322230477,9,-0.48505353927612305,12
yolo11x.pt,1,65W,16,7459.83203125,20.36878816199374,0.5724711624993688,0.7287839898624962,19.4375,100.0,19.297507788162,96.0,0.0714931514369337,34.825425238036416,1.0,0.81073,375.0,8000.0,7305.295950155763,8000.0,1.0832299107868122,460.53266222305336,11.775,59.0,10.965732087227414,57.0,0.0414664455068486,20.290002069137543,6.771456250000004,48.189,3.646657788831823,60.798,0.0257283975369421,74.278,20.36878816199377,13.48,47.853,12.146278259337528,22.03125,2505.0,1988.738317757009,2505.0,-0.0537315776144374,215.6890647295292,0.1116556010729854,0.5724711624993688,0.6864858349994392,-0.01475063214262,0.0639196117458177,1.9437499999999943,73.0,66.8208722741433,72.0,0.0061555584997777,2.420190355636904,28.240583888422563,29.991821640573235,2.6180271433378524,27.949006077695035,0.0085941107579195,8188.0,1,0.0041800000000000725,-370.71795418778964,2,-0.5370261669158936,13
yolo11x.pt,1,65W,7,4354.568873355263,20.6727065948856,0.3052466736842593,0.9014678463056398,19.89189189189189,81.0,15.895020188425304,76.0,0.0577241922786748,27.88328422427118,1.0,0.80846,286.4864864864867,8000.0,7308.209959623149,8000.0,0.8610346130589808,461.75380930994606,8.513513513513512,47.0,7.936742934051144,44.0,0.0278244574203448,14.753881571431393,6.5682486486486535,45.581,3.308662060580003,55.011,0.0235189518016047,68.399,20.6727065948856,13.388,46.514,11.916611954486298,75.97297297297291,2505.0,2023.344549125168,2505.0,0.1096346821266501,222.6049854253872,0.4385241757131117,0.3052466736842593,0.3984636600005604,-0.011864047193095,0.133858045966559,2.243243243243242,77.0,66.19650067294751,71.89999999999998,0.0066228075667362,2.7235355509658863,25.19749041763069,32.69100347177579,5.90312617665273,22.93227282548753,0.0548844801316436,8188.0,1,0.006450000000000067,-217.0512187985826,10,-0.5414026379585266,14
yolo11x.pt,1,65W,12,5995.104758522727,20.67188101983004,0.4774251272729915,0.8224396189053745,5.971590909090909,92.0,15.685552407932011,82.0,0.0458244730937011,29.69877556433304,1.0,0.8086,39.77272727272703,8000.0,7322.946175637394,8000.0,0.539956352334644,467.60233455210135,3.2954545454545454,54.0,7.971671388101983,48.0,0.0252590722275168,16.241599852283723,3.5285340909090888,45.972,3.835306517290118,65.605,0.020610536872763,79.283,20.67188101983003,13.678,46.865,12.031995380589828,136.78977272727252,2505.0,2029.8654390934844,2505.0,0.1865215177329388,228.5253013084583,0.3392818895599954,0.4774251272729915,0.7334586999986641,-0.0282586918182046,0.1619816993046018,1.568181818181813,73.0,67.6728045325779,73.0,0.0051668407668409,2.187855304054834,26.85676743949973,32.40342906363974,5.325815206897741,25.13483123216178,0.0393246358548072,8188.0,1,0.006310000000000038,-298.41698386243684,5,-0.5829699039459229,15
yolo11x.pt,1,65W,5,3591.678185096154,20.15453280839896,0.2410028307690831,0.9714598919305018,18.589473684210525,85.0,15.553805774278215,80.94999999999993,0.0542077293322698,29.55239783502426,1.0,0.80971,378.9473684210525,8000.0,7311.023622047244,8000.0,0.9332445061144008,462.91244158680496,6.994736842105263,41.0,6.796587926509186,38.94999999999993,0.0230666488513189,13.30006369888881,8.802226315789483,47.857,3.580187181016182,59.109,0.0240750262731402,72.157,20.15453280839895,13.048,44.60684999999999,11.655020705596096,141.31578947368416,2505.0,2036.2007874015749,2505.0,0.1863243221494611,208.93862603214103,0.5580622712083455,0.2410028307690831,0.2989036499993744,-0.0066148910769231,0.134494587106635,3.163157894736841,71.0,64.71391076115485,70.0,0.0070365922460033,2.6570444540657525,23.420348748168724,30.10689111678036,5.763363114696705,20.746644278177587,0.0605571251912033,8188.0,1,0.005199999999999982,-179.4067958138741,12,-0.5872160792350769,16
yolo11x.pt,5,65W,1,2420.91640625,32.67375507559398,0.1089737410935754,3.560581326162674,22.000000000000004,71.0,35.12008639308856,54.29999999999973,0.012314015456459,20.714834533612745,1.0,0.79658,449.82698961937695,8000.0,7781.425485961123,8000.0,0.2366523590280703,413.2791984258895,3.840830449826989,29.0,10.550755939524835,26.0,0.0026889360846152,7.106982122738054,13.015610726643594,47.303,1.9151456529935595,49.079,0.0070768440815723,62.575,32.67375507559395,13.496,40.338099999999976,10.142137732922766,176.70415224913495,2505.0,2240.144708423326,2490.0,0.0880005566970837,176.3836709047865,0.1944575572498389,0.1089737410935754,0.1287799149973578,-1.5817386142206952e-05,0.021190767497433,8.032871972318333,80.0,73.88552915766739,78.0,0.0045121935047951,3.67788706048886,9.33877940055203,10.441780986874436,0.95984913487028,9.176522618795872,0.0105639350461006,8188.0,1,0.05293000000000003,-128.10028304953943,12,0.3260333836078644,1
yolo11x.pt,5,65W,4,3713.663208007813,28.98485320417289,0.1707424918748984,1.2372365156771532,49.28358208955224,90.0,42.55439642324888,89.0,0.0475233827398616,39.854537380604285,1.0,0.82656,564.1791044776119,8000.0,7500.745156482862,8000.0,0.4465420240111897,499.99944474150766,18.77313432835821,44.0,17.081967213114755,39.0,0.0183402128246882,16.239979912114112,16.44562388059701,48.914,2.34063631518523,53.761,0.0152972209271914,67.843,28.98485320417288,14.082,43.57495,12.327387169420769,-17.194029850746347,2490.0,1944.2771982116244,2490.0,-0.0222208242286363,285.5285694912625,0.318511890913991,0.1707424918748984,0.2275103100051637,-0.0002272585750839,0.0543835139464406,5.194029850746276,79.0,74.44485842026826,78.0,0.005023673487193,2.9029790345500515,24.235693983906817,27.1286834242501,3.113318818192347,23.42709161660101,0.0165019882329858,8188.0,1,0.022950000000000026,-187.35278387666222,9,0.16819126904010773,2
yolo11x.pt,5,65W,2,2805.5048950195314,30.83816853932586,0.1216894006250413,1.8763391229622848,41.0625,82.0,40.28339575530587,77.0,0.0281864034650773,32.59164873085876,1.0,0.80944,675.0,8000.0,7658.551810237203,8000.0,0.4513275543681559,474.1954485974173,13.0625,35.0,13.184769038701624,25.0,0.0089377224671296,10.93658112571936,18.8374625,48.728,2.0128951536418644,48.153,0.0128385299367707,62.074,30.83816853932584,13.921,42.531,11.771573861270411,56.625,2490.0,2016.5262172284645,2490.0,0.0347625744206565,244.1281634184801,0.2983567723270943,0.1216894006250413,0.1694094099941139,-3.26985575926859e-05,0.036306856796906,6.627499999999998,80.0,75.05118601747816,79.0,0.0049634691715543,3.1151238692391297,16.926264049756398,18.99764197936318,2.08976173617178,16.435285158175382,0.0152430306422413,8188.0,1,0.04006999999999994,-144.60011676532173,11,0.11281352490186691,3
yolo11x.pt,5,65W,3,3312.3775254360467,30.30796031183557,0.1461038632558315,1.4760366963211975,48.01420454545455,89.0,43.38979447200567,87.0,0.0418229705456678,36.96428460919148,1.0,0.79087,696.022727272727,8000.0,7644.932671863926,8000.0,0.5532573589268938,478.5337194246436,16.017045454545457,38.0,15.847625797306874,36.0,0.0136814034369474,13.81097047347326,17.339735795454544,51.319,2.2644875898560053,54.473000000000006,0.0150922068401741,68.632,30.307960311835576,14.159,46.054,12.82636463556795,-20.24147727272725,2490.0,1982.1048901488307,2490.0,-0.0025061831743743,257.02469288816974,0.3322886095484445,0.1461038632558315,0.2044603699978324,-0.0001647661516751,0.0485486495709363,5.491477272727266,80.0,74.8830616583983,79.0,0.0050619650206978,3.0033887279057323,21.279397691427267,24.391148007839167,2.841545038495223,20.53333794977704,0.0178316046059066,8188.0,1,0.058640000000000025,-168.55712698041992,10,-0.12323204427957535,4
yolo11x.pt,5,65W,5,4198.185396634615,29.436438931297715,0.2025970446156302,1.1927471062978794,44.0,90.0,40.82137404580153,87.0,0.0450219154734881,38.65680076571576,1.0,0.83041,636.0856269113146,8000.0,7539.694656488549,8000.0,0.5541584953401069,498.4218436688504,18.29663608562691,49.0,17.727480916030533,40.0,0.0188227303333258,17.027541916863743,17.200262996941902,49.031,2.6847337133559988,65.039,0.0169109514460697,79.029,29.43643893129771,13.99,49.0705,13.67226934548288,34.26605504587155,2490.0,1941.9274809160304,2460.0,0.047432311297153,258.6287358072518,0.3145707285470683,0.2025970446156302,0.2640156400026171,-0.0004395782228386,0.0637310999262217,4.703363914373085,79.0,74.19007633587786,79.0,0.0048897008197212,2.9270612874404214,25.67130349374549,29.3566323226808,3.959457955581661,24.67953078726329,0.0237889694802938,8188.0,1,0.019100000000000006,-211.3382522749411,7,-0.29339587688446045,5
yolo11x.pt,5,65W,6,4174.855326704545,28.692870921985865,0.2273591645455533,1.0872645268726842,44.91477272727273,91.0,36.10070921985815,91.0,0.0373104027858195,38.94307264839827,1.0,0.83544,536.931818181818,8000.0,7431.914893617021,8000.0,0.3981714468540798,495.3427281073362,20.34659090909091,49.0,16.890070921985817,46.0,0.0173642557913203,18.818919878277843,18.20330397727273,50.093,2.769398719844117,65.39500000000001,0.0154945674063301,79.462,28.69287092198581,14.067,50.627,14.502691523405412,-56.25,2490.0,1943.1702127659576,2490.0,0.0065279723590966,278.7539767218624,0.2926843836807808,0.2273591645455533,0.2906362699992314,-0.000648811996937,0.0665444769491925,4.610795454545453,79.0,73.33617021276596,78.0,0.004043721740686,2.850240168945944,27.53658826803013,31.14606649948465,4.967575875205887,26.38996326360027,0.032543837044137,8188.0,1,0.014070000000000027,-209.43504563274297,8,-0.5422708988189697,6
yolo11x.pt,5,65W,7,4568.453412828947,29.349311299000824,0.2591078736845367,1.0863768063985215,48.99692307692308,97.0,40.14604150653344,90.0,0.0474533019483553,39.72176726759134,1.0,0.84589,526.1538461538457,8000.0,7458.877786318217,8000.0,0.468338782290832,498.3060942251356,21.39692307692308,54.0,18.941583397386623,48.0,0.0208814259802333,19.35524049497037,17.83009538461538,45.409,2.320190729733356,54.135000000000005,0.0177827236813173,68.096,29.349311299000767,13.961,50.042,14.188166407769032,-9.784615384615336,2505.0,1995.6341275941584,2490.0,-0.0248942746029376,297.5458830709364,0.2985561846847096,0.2591078736845367,0.3256980200007092,-0.0009288904297236,0.0773582581890229,4.787692307692296,80.0,73.66717909300539,78.0,0.0050307496673815,2.9260536244965083,28.49173113382741,32.10074282298532,6.521872515922183,27.01577493751689,0.0523970619833878,8188.0,1,0.0036199999999999566,-229.12309354989253,6,-0.5423892140388489,7
yolo11x.pt,5,65W,8,4914.95078125,29.590885048231566,0.2959518387494427,1.0946846050309404,51.954983922829584,97.0,41.70257234726688,93.0,0.054255280389536,40.69994461636664,1.0,0.84951,514.4694533762058,8000.0,7456.5916398713825,8000.0,0.4948394385150038,498.1121502944335,25.360128617363344,60.0,20.79823151125402,51.0,0.0272182604018212,20.83657039156725,18.454241157556268,48.434,2.7218178796856733,66.564,0.0195671338965919,80.541,29.59088504823152,13.977,50.498599999999975,14.655429064121812,47.073954983922704,2505.0,1983.774115755627,2490.0,0.0287278304859851,293.4270637510819,0.2727091924448867,0.2959518387494427,0.3517968299987842,-0.0010202501371543,0.0807087869479398,4.935691318327969,81.0,73.61495176848875,78.0,0.0053134402302294,2.9858403645475056,27.988446167508148,32.77508109261991,4.063312403765916,27.031425227173266,0.021076711501911,8188.0,1,0.0,-246.51537700881747,5,-0.6539092659950256,8
yolo11x.pt,5,65W,9,5281.738489583333,28.54787656250001,0.3217537746668676,1.0205985603009091,42.41875,98.0,38.18828125,94.0,0.0456702825822647,40.97765801532462,1.0,0.83543,396.875,8000.0,7392.96875,8000.0,0.2798797408323688,488.40998303007433,21.090625,57.0,18.6984375,52.0,0.0230485122213819,20.838433483796084,17.082153125,47.989,2.3924371345263697,54.49900000000001,0.0168962225547623,68.299,28.5478765625,13.8,47.72465,13.207294517983732,4.171875,2490.0,1936.74609375,2490.0,-0.0069297594404643,323.96279502879065,0.2616387958786494,0.3217537746668676,0.3863291000030585,-0.0013943724751068,0.0841832701732495,5.4750000000000085,80.0,73.4625,78.0,0.0056953560304907,3.0380657909268525,30.116916041233047,42.83266421266472,10.593870808085793,27.97169981709858,0.1237337993082716,8188.0,1,0.014079999999999981,-264.2611855027871,4,-0.7716109156608582,9
yolo11x.pt,5,65W,16,7777.1265625,30.400217628705136,0.7128314174999104,1.354389389035978,54.434375,100.0,47.234009360374415,100.0,0.0555046886774921,45.268205732364535,1.0,0.84496,596.875,8000.0,7567.082683307332,8000.0,0.5577332510083703,495.4794784855253,23.075,64.0,21.40405616224649,61.0,0.0197169384363178,23.42500062698784,19.076178125,51.847,2.748236904761874,69.882,0.017007345988521,83.547,30.400217628705143,13.665,55.41055,15.615980292967842,164.53125,2505.0,2100.8541341653668,2505.0,0.1652654346192393,283.44849568483795,0.435457747168629,0.7128314174999104,1.3377830349971191,0.005971755300183,0.3104079631755314,5.331249999999997,81.0,71.801872074883,77.0,0.0054377062686757,3.33768669913398,25.62292066055274,34.743167232740745,7.503685313526304,22.44569979268908,0.0857614196160397,8188.0,1,0.004549999999999943,-391.2431384758048,0,-0.784345269203186,10
yolo11x.pt,5,65W,12,6396.489275568182,28.36067885881497,0.4132011763635091,0.9765554889108377,47.16715542521994,99.0,36.84345281638625,98.0,0.0367572459570913,40.925329428235365,1.0,0.83785,560.1173020527858,8000.0,7455.742501828822,8000.0,0.4560851822753876,498.0374221437865,26.480938416422287,63.0,20.332845647403072,58.0,0.020990600724629,23.339602733653447,18.94340762463343,47.319,2.945063494981873,69.60900000000001,0.0162371027327492,83.524,28.360678858814925,13.915,51.021800000000006,15.098490859490004,14.604105571847413,2505.0,1991.3240673006585,2490.0,0.0158477727659416,275.6298279871301,0.2495765420651865,0.4132011763635091,0.4785198299985495,-0.00237583303032,0.1031253207740719,4.387096774193552,79.0,72.86247256766643,77.0,0.0037860392508441,2.8906104891175,30.18738280367095,35.38317354264746,5.467351057490542,29.041543650986927,0.0328022019011462,8188.0,1,0.011660000000000004,-319.6213703407576,3,-0.8417248129844666,11
yolo11x.pt,5,65W,13,6857.55109375,30.280677952105734,0.4446062800000072,1.0356138138587667,49.15231788079471,100.0,40.40545004128819,99.0,0.0555185396176431,42.79557850115278,1.0,0.84606,546.3576158940396,8000.0,7524.3600330305535,8000.0,0.5805752859648953,499.4062362353421,27.24503311258278,61.0,22.64327002477292,59.0,0.0305650120600979,24.372011750609406,17.96929470198676,47.066,2.751292429177816,69.65400000000001,0.0200854919220621,83.311,30.28067795210569,13.657,52.779,15.913370087171906,-16.34105960264901,2505.0,1975.1568951279933,2490.0,-0.0083552083156688,277.2796365652884,0.2079711156268639,0.4446062800000072,0.5105444349999743,-0.0023773833949189,0.0924652640663113,5.307947019867541,79.0,72.89265070189926,77.0,0.0058671057406768,3.098179400826948,30.094965412176336,39.00930115206177,4.564324457573041,29.239353074364555,0.023001985257271,8188.0,1,0.003449999999999953,-343.19029715082235,2,-0.8640604615211487,12
yolo11x.pt,5,65W,15,7573.426649305556,29.340616776315816,0.4997385444439715,0.9775091413922958,46.91776315789474,100.0,41.797697368421055,98.0,0.05248887057566,41.670565718855634,1.0,0.84214,476.9736842105267,8000.0,7507.401315789473,8000.0,0.4843562045806568,499.9452175234648,29.74671052631579,67.0,24.542763157894736,63.0,0.0316617439853323,25.47360244080776,17.65970394736842,48.481,2.762620861652455,67.232,0.0184769749789504,81.057,29.34061677631579,13.825,51.56025,15.281381543116364,-7.648026315789366,2505.0,1960.9909539473683,2490.0,-0.0486524059738494,282.968479304694,0.2027923864104204,0.4997385444439715,0.5964194799977122,-0.0028999916205871,0.1013431720090629,4.953947368421055,80.0,73.04194078947368,78.0,0.005357296833947,3.018700081277476,31.552579827143447,46.24307771995887,8.354340975439944,30.01569554073437,0.0701059122612336,8188.0,1,0.007369999999999988,-378.46954583595226,1,-0.9397047758102417,13
yolo11x.pt,10,65W,1,2482.8715698242186,33.36857536164256,0.1144066848436864,3.81758808508224,13.58450046685341,70.0,37.24871675221652,53.0,0.0039478227866441,17.462611669871812,1.0,0.77958,311.858076563959,8000.0,7852.076528231451,8000.0,0.0941450410847273,355.02410941862547,3.034547152194211,29.0,11.06346243583761,17.0,0.0009861174579409,5.822517680230469,9.271581699346406,40.0,2.398154525110085,67.317,0.002690650397074,80.023,33.36857536164256,12.706,40.064,8.915953691418643,76.35854341736695,2505.0,2295.636957536164,2490.0,0.0238068849884759,169.06567869066564,0.213929370905337,0.1144066848436864,0.1572932149996631,3.717463912201263e-06,0.0244749501159749,11.165266106442589,78.0,71.86887540830611,77.0,0.0033823273380393,4.887781961282896,9.001401133432815,10.645265434097606,1.3169429346241803,8.740747984842821,0.0214049235832156,8188.0,1,0.09528999999999999,-131.54145570425084,11,-0.018434198573231697,1
yolo11x.pt,10,65W,2,2912.201275634766,32.58980650994581,0.119380690468597,1.9452968016976555,42.5151953690304,81.0,47.5746835443038,75.0,0.017868360440869,30.125450949019378,1.0,0.82212,603.4732272069468,8000.0,7739.602169981917,8000.0,0.2550200429211835,438.8516835332373,13.22575976845152,34.0,15.43616636528029,25.0,0.0056356085909647,10.166320017551412,16.246642547033286,51.793,1.968008002147134,50.641,0.0069984560530057,64.137,32.58980650994575,13.496,43.783,11.24501544041392,50.38350217076709,2490.0,2040.0542495479203,2490.0,0.0246205661493783,232.0604631121112,0.1861139257650405,0.119380690468597,0.1473662050040729,-9.421703803383096e-06,0.0222184089636517,6.70332850940666,80.0,74.38444846292947,78.0,0.0029860960091196,3.252170302415813,17.04850635609173,19.00309302196468,1.7798983625733873,16.753128099272445,0.0108997800777988,8188.0,1,0.052750000000000075,-150.3663423049403,10,-0.12211517244577408,2
yolo11x.pt,10,65W,3,3477.5948492005814,31.849376913529213,0.1410641860463223,1.497602143463176,54.4205298013245,89.0,48.42697558957385,86.0,0.0247302959869902,35.60695055869268,1.0,0.8332,680.4635761589407,8000.0,7700.45510964005,8000.0,0.3141170838104402,458.0586742101886,18.486754966887418,42.0,17.19238725693008,32.0,0.0081430753578244,12.926537923010232,18.78886092715232,50.806,2.510221792315152,66.482,0.0086950729011829,79.949,31.84937691352917,13.467,45.68439999999999,12.236700318711714,14.379139072847464,2505.0,1969.8779478692595,2490.0,-0.0067159357233706,273.42374753412827,0.1875687989594395,0.1410641860463223,0.1975912299985791,-4.690547816452775e-05,0.0264592399528996,6.423841059602637,78.0,73.61646669424907,78.0,0.0032226230168496,3.0655144474123275,21.681810384261976,24.18278587294716,2.4327120217379203,21.26691461583925,0.012588973476375,8188.0,1,0.041669999999999985,-177.05864814933608,9,-0.3814147710800171,3
yolo11x.pt,10,65W,4,3897.75625,31.70214695340508,0.1658256850002544,1.3142575586317815,58.89426523297491,89.0,47.88351254480287,87.0,0.0264404010037013,38.00578687108981,1.0,0.86253,732.974910394265,8000.0,7665.770609318996,8000.0,0.3422258482789385,471.7203674699754,21.983870967741936,43.0,19.14381720430108,38.0,0.0094529680080685,15.487925038173808,20.59143189964157,49.731,2.246125478651593,57.74199999999999,0.0095028744648833,71.207,31.702146953405016,13.465,47.682,13.199632589071152,-110.94086021505382,2505.0,1954.8118279569887,2490.0,-0.0629723328446297,280.8703199597512,0.1858837253755102,0.1658256850002544,0.2275397950059414,-2.883972178622306e-05,0.0308242960907931,6.342293906810042,79.0,73.06272401433692,77.0,0.0032721115634098,3.060121773380585,24.62626428099756,27.72740397291805,2.905430193641115,24.121715523104047,0.0139195058929939,8188.0,1,0.012340000000000018,-197.16317592909033,8,-0.6281163096427917,4
yolo11x.pt,10,65W,5,4364.171694711538,31.283004312203573,0.2011653530768224,1.258611321553638,51.10189982728843,89.0,44.51444588184562,88.0,0.0250059196415206,38.07734387344585,1.0,0.85989,620.0345423143353,8000.0,7595.515308322553,8000.0,0.2773802376270353,490.7920393364665,21.09671848013817,43.0,19.00776196636481,38.0,0.0100403894292753,16.32810760650933,20.16975820379966,48.599,2.487772568878252,64.312,0.009893800457198,77.825,31.28300431220353,13.513,49.901,13.606455708927855,-11.398963730569903,2490.0,1973.337645536869,2490.0,0.0197577850502727,289.20629859917835,0.1847101200676315,0.2011653530768224,0.2767223699971509,-0.0001853862320202,0.0371572765202673,6.2607944732297085,79.0,73.15567054764985,77.0,0.0032222383149913,3.1671014611947124,25.47895314045869,29.920818245014047,3.613481770347172,24.85517472827722,0.0201135428949338,8188.0,1,0.014979999999999993,-220.13843161075482,6,-0.7903963923454285,5
yolo11x.pt,10,65W,6,4317.091086647727,31.38996489563564,0.2173244049999828,1.1369675739857272,56.4573055028463,94.0,47.534629981024665,91.0,0.0285534774597664,41.25563886483663,1.0,0.85952,474.38330170777954,8000.0,7469.639468690702,8000.0,0.2114492273962737,499.0773869237286,26.44022770398482,54.0,22.20967741935484,46.0,0.0131718643775893,19.544545075568585,22.31532447817837,48.473,2.2265077464204874,56.583,0.0114986794249019,69.89,31.389964895635675,13.307,49.50909999999999,13.675277625046862,-40.4743833017078,2490.0,1940.5574003795064,2490.0,0.0001086178880628,301.9412367701904,0.1805055127161305,0.2173244049999828,0.28620414500474,-0.0001703860622777,0.0392282531502499,6.954459203036052,79.0,72.86527514231499,77.0,0.003814099124415,3.320465701747101,28.452796458280577,31.82496779580261,5.211309659943724,27.60849615578368,0.0335462397051018,8188.0,1,0.015350000000000086,-216.99052995434192,7,-0.8956131339073181,6
yolo11x.pt,10,65W,10,5802.298737980769,32.3258961232605,0.3316207215385825,1.071993699677691,50.14711729622266,99.0,44.94433399602386,95.0,0.0297772643541676,40.96782525915901,1.0,0.86587,662.0278330019883,8000.0,7597.912524850894,8000.0,0.3798126166215571,490.3194239241629,28.04771371769384,58.0,23.68439363817097,53.0,0.0157444159253505,22.033597492677032,22.816099403578523,48.408,2.5591865940716243,69.24,0.0131299497109964,82.728,32.325896123260435,13.488,52.46274999999998,15.612599026570114,-15.35785288270381,2490.0,1986.8961232604368,2490.0,0.0003895645293323,290.80998599968655,0.1521350017634728,0.3316207215385825,0.3965092050020757,-0.0004801218877716,0.0504511190560763,6.254473161033786,78.0,71.98807157057654,76.0,0.0036918982377727,3.285738939201864,30.73376745378125,36.16791809136093,3.9741178905438472,30.154931071870752,0.0167205242679817,8188.0,1,0.009000000000000008,-290.7671264144554,3,-0.9540607333183289,7
yolo11x.pt,10,65W,9,5418.06921875,32.09029374389057,0.2965221906662919,1.057276022229248,62.43639921722114,99.0,47.90713587487781,95.0,0.0341732040034334,40.968113126739325,1.0,0.86516,420.7436399217222,8000.0,7526.881720430108,8000.0,0.2327146024360355,499.2768501610279,31.36986301369863,58.0,24.43646138807429,52.0,0.0168666898128232,21.51828929501584,21.57758904109589,50.964,2.3314837999650337,61.491,0.0114901817225717,74.818,32.09029374389051,13.327,51.436,14.872172855899295,-51.45792563600776,2505.0,1996.634897360704,2505.0,-0.0195216490792037,308.6229040517592,0.1978137555690652,0.2965221906662919,0.3642721899999742,-0.0002169164272202,0.0586561681452656,6.544031311154598,79.0,71.71603128054741,76.0,0.0038475550523309,3.3005238316135364,32.315048115633395,67.10072551004922,11.060965209190588,30.351859939307754,0.1171592111402884,8188.0,1,0.009709999999999996,-271.4259620788749,4,-1.0034358501434326,8
yolo11x.pt,10,65W,8,5041.247631835938,31.44851692456473,0.2752467687500484,1.0820128331834566,56.03481624758221,98.0,46.36411992263056,94.0,0.0322146732532967,40.612363040938455,1.0,0.85506,543.5203094777562,8000.0,7524.661508704062,8000.0,0.304896971368962,499.3914396427312,27.237911025145067,58.0,23.42311411992263,51.0,0.0155181202325498,20.97332716089196,22.058547388781427,45.749,2.605878051310812,68.588,0.0126730750095884,81.951,31.4485169245648,13.363,51.806,15.137742566476058,-28.375241779497173,2505.0,1964.2238878143128,2490.0,-0.0075568683926577,279.4018024023084,0.1456266273738535,0.2752467687500484,0.3415468500003044,-0.0002649660687889,0.0400832586286205,6.475822050290134,79.0,72.22823984526113,77.0,0.0039068936897155,3.3833325959838456,29.543890826863706,33.26632968424357,3.394183895298903,29.06482803169544,0.01319882763431,8188.0,1,0.019809999999999994,-252.7794692596577,5,-1.0109857320785522,9
yolo11x.pt,10,65W,13,7013.7693359375,32.85911881188117,0.4246097440004814,1.0732540020610974,56.74653465346535,100.0,45.14752475247525,99.0,0.0324001424642274,42.329039008440766,1.0,0.87182,708.9108910891091,8000.0,7602.475247524752,8000.0,0.4302338429585541,489.3861702630559,29.984158415841584,66.0,25.39752475247525,61.0,0.0169418689565689,24.358174950978093,22.75173267326733,43.29,2.5113881011977024,68.607,0.0133131101149666,82.522,32.85911881188119,13.915,52.87929999999999,15.634475213474076,-57.02970297029697,2490.0,1973.2128712871288,2490.0,-0.0111002904033128,302.3323514369891,0.1218760356378989,0.4246097440004814,0.4835376900013216,-0.0005605946366636,0.0517497522920018,6.714851485148515,84.0,75.73514851485149,80.0,0.0041392421196899,3.3698800148635857,31.041152595934943,37.21598492290362,3.575654199738165,30.616348738302293,0.0132689129775482,8188.0,1,0.003049999999999997,-351.36160281894865,0,-1.0884759426116943,10
yolo11x.pt,10,65W,11,6226.08515625,31.15369658536596,0.370364770832748,1.0489301542210934,57.892578125,100.0,48.46439024390244,99.0,0.0319491184974905,43.22439408644605,1.0,0.86802,658.203125,8000.0,7480.487804878048,8000.0,0.3785448006867988,499.61912917894057,29.921875,68.0,26.373658536585367,61.0,0.016044442406942,23.966274856922364,22.157919921875006,49.135,2.4083819329242813,61.533,0.0118983593305537,75.03,31.153696585365854,13.497,49.83689999999999,14.008584575655936,-74.150390625,2505.0,1968.1024390243904,2505.0,-0.032988734072565,323.8899380117738,0.1616080607452595,0.370364770832748,0.4396237399963865,-0.0004746060931352,0.0598539323826428,7.671875,80.0,72.66195121951219,77.0,0.004607684211866,3.577622333141954,30.49933345687008,44.573781964745024,5.303909984451586,29.700449033710765,0.0302420754917558,8188.0,1,0.006850000000000023,-311.7409170779966,2,-1.111750841140747,11
yolo11x.pt,10,65W,12,6517.252627840909,31.579876632801103,0.4021007236363154,1.0581909371995744,60.49806201550388,100.0,47.80358006773101,99.0,0.0354137098144469,42.27949858654094,1.0,0.87487,591.0852713178292,8000.0,7562.167392356072,8000.0,0.322176087749187,496.1201621861848,31.180232558139537,64.0,25.699080793420418,57.0,0.0182051087922097,23.09506686134925,21.83483527131783,45.679,2.5546964903657345,67.02600000000001,0.0123233400149554,80.677,31.579876632801163,13.651,50.654,14.490075904467965,-105.6686046511627,2490.0,1914.746008708273,2490.0,-0.0469262575526637,314.00482221881174,0.144636638828703,0.4021007236363154,0.4806241449998197,-0.000632644611055,0.0581584971373459,7.271317829457359,81.0,74.13594581519109,79.0,0.0043559993631946,3.524521825807821,30.50770422890984,36.57717992199131,4.824621763968393,29.843268849358093,0.0250096427842953,8188.0,1,0.0,-326.38361372707834,1,-1.233911156654358,12
yolo11x.pt,20,65W,1,2421.654414367676,35.674929123711486,0.1083572208203349,3.865636172807805,8.375773195876292,70.0,40.27203608247423,52.0,0.001415869171574,15.906017193746845,1.0,0.82671,144.84536082474187,8000.0,7887.886597938144,8000.0,0.0261072254473261,315.50592251172145,1.5896907216494842,28.0,11.8125,16.0,0.0002860361393034,5.306606798017249,4.751097938144326,49.516,2.248750087822294,67.408,0.0008740177732364,80.224,35.674929123711344,12.816,41.90389999999997,8.182683184809628,-18.425257731958936,2505.0,2302.6140463917527,2490.0,-2.105412087684956e-05,162.9082101416772,0.1401146164881576,0.1083572208203349,0.1215542999987519,-7.69429006058002e-07,0.0151824304389638,9.60463917525773,82.0,75.59317010309279,80.0,0.0016323187722586,4.393831166713214,9.337698197341942,10.509799413172392,0.855558842243143,9.228734295964278,0.008394988433918,8188.0,1,0.07110000000000005,-129.02368916670798,9,-0.28771308064460754,1
yolo11x.pt,20,65W,2,2811.215960693359,35.6253004081633,0.1194868122656885,2.128376790889482,13.858775510204085,80.0,50.05408163265306,74.0,0.0037653174480875,27.423409738900485,1.0,0.85148,217.14285714285688,8000.0,7811.836734693878,8000.0,0.0585787578903,390.84248860053617,3.568979591836735,36.0,16.408979591836733,25.0,0.0009526682986517,9.184752281306844,6.176744489795915,50.594,2.1816237086997536,63.70700000000001,0.001676014970263,77.721,35.62530040816327,14.014,46.1706,10.385437074604576,39.8693877551018,2505.0,2074.2244897959185,2490.0,0.0073569787762688,238.14185151095603,0.1544025091489307,0.1194868122656885,0.1380237799963651,-3.3039909532076613e-06,0.0184490636240295,4.596734693877551,83.0,78.31857142857143,82.0,0.0012192233165959,2.789839802291339,16.973351039475226,18.87429833345914,1.653570634479291,16.73824886676899,0.009490963771192,8188.0,1,0.04632999999999998,-146.23154649708627,8,-0.3870466649532318,2
yolo11x.pt,20,65W,3,3345.9332485465115,35.4877199046484,0.139871722906943,1.6545761750340622,17.801526717557252,89.0,53.680810488677,85.0,0.0051981567502534,32.55852566720446,1.0,0.87522,243.32061068702296,8000.0,7783.31346841478,8000.0,0.0719466408702042,411.9872311307569,6.374045801526718,40.0,19.00286054827175,32.0,0.0019340355379708,11.762792247071957,7.709117366412205,51.195,1.9346692372593624,54.541,0.0024717381244483,68.657,35.48771990464839,14.116,48.563,11.323797737907178,-16.259541984732778,2490.0,1993.2657926102504,2490.0,0.0037167668418799,275.6758338148644,0.1542561713767533,0.139871722906943,0.1955295549945731,-6.64504949704986e-06,0.0215760764594951,4.000954198473295,83.0,78.31179976162097,82.0,0.0012149207236245,2.682400411840065,21.765117995645824,23.95868951119357,2.201563995482616,21.448223684181738,0.0102315298676109,8188.0,1,0.02259,-171.5107702934656,7,-0.6022119522094727,3
yolo11x.pt,20,65W,4,3759.857806396484,35.50110473684216,0.1627549964062382,1.4444955434655578,21.99894736842105,91.0,55.69605263157895,88.0,0.0071345915058945,35.44026828336984,1.0,0.87126,302.1052631578941,8000.0,7747.368421052632,8000.0,0.0987526675765465,434.5214198010588,8.778947368421054,43.0,22.506315789473685,39.0,0.0029573461007055,14.618840119058447,9.74948736842105,52.904,2.264690087702089,66.349,0.0032822493392722,80.399,35.50110473684211,14.05,50.199,12.48498660225568,78.64736842105276,2490.0,1967.0644736842105,2490.0,0.0304821173974351,263.4891534789217,0.1627143906851237,0.1627549964062382,0.2216504599986365,-1.1561862212536595e-05,0.0264825800712005,4.211578947368423,83.0,77.7928947368421,81.0,0.0014053337829907,2.868247592534083,24.9322161127593,27.68301908553832,2.432093047545026,24.576818459176256,0.0095156532304638,8188.0,1,0.026549999999999963,-191.272831203124,6,-0.723103404045105,4
yolo11x.pt,20,65W,5,4279.683931790865,35.469502730748154,0.1895970246152221,1.3449824364662692,29.71803278688524,91.0,56.75805570726379,89.0,0.0097879102195041,36.645971989680426,1.0,0.88182,250.27322404371623,8000.0,7679.9563080284,8000.0,0.0870754463280887,466.4930087373097,12.627322404371585,48.0,24.53167667941016,42.0,0.0041588007927228,16.214292579779567,10.38193661202186,50.861,2.2167494311060327,64.723,0.003587767643455,78.627,35.469502730748225,13.904,50.64719999999999,12.916330687362668,68.42622950819668,2490.0,1960.4860731840524,2490.0,0.02409902118866,288.2915621248566,0.1907567403344253,0.1895970246152221,0.2535250400011136,-3.542767869407835e-05,0.0361669103927055,4.549726775956273,85.0,77.39404696886947,81.0,0.0015011391392038,2.956187921972613,26.886752368469548,30.29436446417655,3.267407137785808,26.37172186719309,0.0147682764144004,8188.0,1,0.01598999999999995,-216.7151298486098,4,-0.7774398922920227,5
yolo11x.pt,20,65W,6,4208.255717329545,35.689969997247374,0.2154265347728142,1.2814277604421178,28.30616740088106,94.0,54.8166804293972,90.0,0.0094622229238653,38.39528823068121,1.0,0.87725,299.5594713656392,8000.0,7582.714010459676,8000.0,0.1067853804787959,493.1109332327532,13.211453744493394,53.0,25.420313790255985,46.0,0.0044109564014639,18.138707547390325,13.266199339207052,49.339,2.158617673423141,63.156,0.0043234061600765,77.041,35.68996999724745,13.885,50.743,13.58237748403554,82.63215859030834,2490.0,1972.2130470685383,2490.0,0.0279917620178181,286.3906184222481,0.2275001261169785,0.2154265347728142,0.2816502800011221,-6.632076646524066e-05,0.0490095638297588,4.4273127753303925,84.0,77.07431874483898,81.0,0.0014289146401237,3.0782945014984864,28.66689560867292,31.958524688218024,4.714098736772343,27.85172219535312,0.0270418263285832,8188.0,1,0.020560000000000023,-212.76631620704558,5,-0.8261206150054932,6
yolo11x.pt,20,65W,8,5055.960144042969,36.047384904569135,0.2759386037497734,1.2433581324246832,26.364583333333336,99.0,54.65962984384037,96.0,0.0097928125260354,39.952619365880985,1.0,0.89282,253.4722222222217,8000.0,7631.289762868711,8000.0,0.1014355413382961,482.4551773645691,13.005787037037038,59.0,27.125216888374784,52.0,0.004884911277806,20.322990405137872,12.369469907407405,48.598,2.3325686515845487,70.219,0.0046033748545842,84.083,36.04738490456912,13.864,52.38064999999998,14.05141607903314,98.4375,2490.0,1962.5491613649508,2490.0,0.0278646272737252,322.4302033243477,0.1782439148945542,0.2759386037497734,0.3418217350012128,-0.0001178043253217,0.0491843770028967,5.053240740740748,85.0,76.45459803354541,81.0,0.001799541280709,3.1915596780420605,29.45407168041354,32.289143279119905,2.9910133355427724,28.99195651237896,0.0103120739770302,8188.0,1,0.00499000000000005,-254.9151347198055,3,-1.0730125904083252,7
yolo11x.pt,20,65W,12,6457.409659090909,37.50846470411536,0.371924505000127,1.1625264306994032,21.265625,100.0,55.37668969660559,99.0,0.0086124390241617,41.68693356310824,1.0,0.89416,299.27884615384664,8000.0,7708.320817062181,8000.0,0.1170095708620808,454.5354080581021,11.52644230769231,67.0,30.42895764493842,60.0,0.0047471165477699,23.67955599940455,11.454823317307682,52.803,2.198703696633884,68.388,0.0044885399632438,82.47,37.50846470411536,14.082,55.703,15.662351592077188,42.53004807692287,2505.0,2006.41333733854,2490.0,0.0159059964674447,279.81915760647865,0.1327215349669517,0.371924505000127,0.4381649250022746,-0.0002060861014991,0.0493623911954405,4.545673076923066,82.0,75.70111144487834,80.0,0.0017194500719958,3.2881814951588093,32.88375362186511,46.45423815437332,4.879823742499108,32.26461241104805,0.0220214291353352,8188.0,1,0.003650000000000042,-324.44400364246565,2,-1.1401337385177612,8
yolo11x.pt,20,65W,14,7262.51875,38.1078926277149,0.4144967750000251,1.1282570425882184,27.07833537331701,100.0,55.40501682471704,99.0,0.0102078762154201,41.03764903148358,1.0,0.89279,357.4051407588732,8000.0,7706.638115631692,8000.0,0.1358600585473918,455.3028543378392,14.04406364749082,69.0,31.375955949831752,64.0,0.0053886124168765,24.47588852398917,12.975288861689108,53.048,2.162701590590211,68.612,0.0049579678662045,82.416,38.1078926277149,13.804,57.308800000000005,15.768081909209426,22.766217870256924,2490.0,2004.232181095136,2490.0,0.0148845939207992,299.57567767561227,0.231676888087555,0.4144967750000251,0.5013007150009798,-0.000268719510836,0.0960293229543333,5.11627906976743,83.0,75.77577240746406,80.0,0.0019862445280376,3.285843881511275,38.20609303682003,99.1773833005459,20.22253359028846,33.77589608507606,0.2801598350928792,8188.0,1,0.0050200000000000244,-364.42603846279167,1,-1.1832431554794312,9
yolo11x.pt,20,65W,15,7703.477018229167,36.40941719378949,0.4512330772219179,1.0952755573473494,31.51208285385501,100.0,53.45457159286946,99.0,0.0121777926492875,42.23385129288156,1.0,0.89781,260.0690448791711,8000.0,7648.073605520414,8000.0,0.1176172947682809,477.5711542254042,18.650172612197927,70.0,31.326624496837265,65.0,0.00697507734627,25.912651048294137,10.868256616800927,54.119,2.303936906035083,69.789,0.0045195084070899,83.885,36.40941719378953,14.096,57.98864999999999,16.867001013677996,1.4499424626005748,2505.0,2029.597469810236,2490.0,0.0121322110345084,289.409377769094,0.1745805300536995,0.4512330772219179,0.5383492749986544,-0.0001949424143753,0.0787765097991643,3.663981588032229,81.0,74.73634272570443,79.0,0.0014387602140543,3.225350023106913,34.694918624730576,60.35482402107648,8.69297213014356,33.24224388058979,0.0627776172883309,8188.0,1,0.0,-386.1240029054183,0,-1.1832431554794312,10
