model,epochs,tag,batch,avg_mem,avg_power,avg_step_time,energy_per_img,gpu_util_early_late,gpu_util_max,gpu_util_mean,gpu_util_p95,gpu_util_slope,gpu_util_std,is65W,map50,mem_clock_early_late,mem_clock_max,mem_clock_mean,mem_clock_p95,mem_clock_slope,mem_clock_std,mem_util_early_late,mem_util_max,mem_util_mean,mem_util_p95,mem_util_slope,mem_util_std,power_early_late,power_limit_w,power_peak_to_mean,power_range,power_slope,pwr_max,pwr_mean,pwr_min,pwr_p95,pwr_std,sm_clock_early_late,sm_clock_max,sm_clock_mean,sm_clock_p95,sm_clock_slope,sm_clock_std,step_time_cv,step_time_mean,step_time_p95,step_time_slope,step_time_std,temp_early_late,temp_max,temp_mean,temp_p95,temp_slope,temp_std,thr_mean,thr_p95,thr_std,throughput,throughput_var_ratio,vram_total_mb,n_logs,delta_map,true_score,rel,pred_score,rank_pred
yolo11m.pt,1,115W,1,1833.12109375,21.763111070919592,0.0750145791016016,1.627785029173804,15.5710742710186,43.0,15.156448478434266,41.25,0.0447397378892077,17.309682206247018,0.0,0.70007,0.0,8200.0,8190.243902439024,8200.0,0.0103693875045208,53.2132298274913,3.075628367834334,14.25,3.9272832649848137,12.25,0.0102930886873854,4.611353229625604,7.264701335524089,115.042,1.7576237437170146,23.10725,0.0219651317501022,38.214,21.76311107091961,15.10675,34.1238,7.443598935645886,194.3012222306113,2651.25,2167.7811682817933,2575.124999999998,0.6229979907484056,225.9040803987222,0.2813867679798616,0.0750145791016016,0.1030319674997599,-0.0001660389690111,0.0214786643612743,1.092654918549684,72.75,68.24589922558721,71.25,0.0041121182616806,1.6810220583726694,13.89818578547188,16.170835989815437,2.127907171167358,13.379512641985968,0.0238053895794304,8188.0,4,0.07329000000000008,-179.64435300399234,30,2.706993579864502,1
yolo11m.pt,1,115W,3,2023.1295421511627,21.343076767676763,0.084387002325499,0.6003594229424143,15.739837398373982,59.0,12.094949494949494,56.0,0.0659836908988012,21.21751408118604,0.0,0.75152,0.0,8200.0,8151.515151515152,8200.0,-0.1270376482600524,236.28592351052032,5.349593495934959,25.0,5.323232323232324,24.0,0.0244959059050739,8.668098113520744,9.583577235772353,119.295,2.293858590910609,34.945,0.0393964304795374,48.958,21.34307676767677,14.013,47.92979999999999,11.238919309552497,368.1707317073169,2655.0,2194.0,2655.0,1.2241027224049343,290.9504800102276,0.5703366750287866,0.084387002325499,0.1287821400001121,-0.0011380247659232,0.0481290023219715,4.284552845528459,64.0,57.561616161616165,64.0,0.0137322355064291,2.943875926194872,39.86515552368421,48.87733643421899,9.172687176934472,35.5504985048331,0.052942718776063,8188.0,1,0.02184000000000008,-185.2534544657518,29,2.277104616165161,2
yolo11m.pt,1,115W,2,1837.6484375,21.240953237410057,0.0797756156249818,0.8472550604879189,14.158273381294965,53.0,10.606115107913668,52.0,0.0541726374347171,19.127964537651582,0.0,0.74529,0.0,8200.0,8178.417266187051,8200.0,-0.0410521211833439,159.47873267836977,4.122302158273381,19.0,4.388489208633094,18.0,0.0170866887449815,6.332241117773751,11.349525179856116,119.354,2.5408934993060948,41.577,0.037279680351987,53.971,21.24095323741007,12.394,42.266,10.723484149788394,429.388489208633,2670.0,2206.5107913669067,2655.0,1.1972976812882277,294.8833171728366,0.9921367885270604,0.0797756156249818,0.1023700600012489,-0.0012383025412078,0.0791483230889386,4.776978417266186,62.0,55.34532374100719,62.0,0.0136029135835395,3.023201005499335,29.233758555307503,34.014673997623845,5.854723668823523,25.070317343608163,0.0401091531568282,8188.0,1,0.02807000000000004,-172.9736509913171,31,2.1523525714874268,3
yolo11m.pt,1,115W,4,2233.1484375,21.063471698113226,0.0919385750001424,0.4841363931200902,15.504201680672267,64.0,11.530398322851154,62.0,0.0672354044641461,21.99069792024655,0.0,0.76302,0.0,8200.0,8174.842767295598,8200.0,-0.0776184793014076,171.91798302661522,6.848739495798319,35.0,5.584905660377358,32.0,0.0329516980866713,11.261314954698664,10.058815126050424,117.695,2.6329467807990943,41.44500000000001,0.0423508374060921,55.459,21.063471698113208,14.014,52.4474,11.858665618584237,392.7731092436975,2655.0,2183.710691823899,2655.0,1.2647964372454596,285.4491186177445,0.60291562998808,0.0919385750001424,0.13216810000049,-0.0026972326612928,0.0554312038664172,2.268907563025209,67.0,57.89937106918239,64.0,0.0097411191523265,2.8976856996006912,49.32216803352379,59.45626009444631,11.605132147423635,43.50730909189969,0.0553625216802535,8188.0,1,0.010340000000000016,-201.42418663448285,28,1.8683667182922363,4
yolo11m.pt,1,115W,5,2394.787860576923,21.75661538461536,0.1102693115383142,0.4798173999730864,12.916666666666666,71.0,12.442827442827443,71.0,0.0675750079795722,24.045032152516377,0.0,0.76823,0.0,8200.0,8152.598752598753,8200.0,-0.1450556844747813,233.7404941945289,5.841666666666667,41.0,6.245322245322245,40.0,0.0344578419785888,12.743352755424004,9.9809,116.756,3.9140738802698376,71.047,0.0441000854029899,85.157,21.756615384615387,14.11,54.592,13.261238509675142,458.0,2655.0,2206.060291060291,2655.0,1.4410994340973569,293.7330850672375,0.5250209264161635,0.1102693115383142,0.1767887500000142,-0.0027243643418789,0.0578936960991183,2.866666666666667,67.0,57.83160083160083,65.0,0.011288938156158,3.05437883663288,51.40126559557106,68.15983737425722,13.555351681025352,45.34353148892832,0.0695462879409549,8188.0,1,0.005130000000000079,-216.6245032412584,27,1.6957963705062866,5
yolo11m.pt,1,115W,6,2554.165482954545,20.843135699373697,0.1189636545457026,0.4132625991649158,7.453781512605042,77.0,9.45929018789144,61.0,0.049208820677667,19.65097096936852,0.0,0.76883,0.0,8200.0,8174.947807933194,8200.0,-0.0832015793013899,171.56636661308323,3.184873949579832,46.0,5.068893528183716,39.0,0.0265667446999938,11.808026578459208,10.2232268907563,121.217,2.9479729387285203,47.381,0.0423416601881534,61.445,20.843135699373693,14.064,52.690999999999946,12.24416792330073,462.4789915966385,2655.0,2194.9164926931107,2655.0,1.417555096478888,289.6434229220103,0.544436607548546,0.1189636545457026,0.1835062850000212,-0.0041436566911188,0.0647681685024395,3.773109243697476,67.0,58.19832985386221,67.0,0.0138283863697905,3.106380619129625,57.844721737666376,76.05438418412567,15.941446066316637,50.43557230073964,0.0759500310745582,8188.0,1,0.004530000000000034,-229.32428505488545,26,1.5584754943847656,6
yolo11m.pt,1,115W,7,2771.7635690789475,21.146302771855,0.1300511947367914,0.3928717056779526,13.948717948717947,76.0,11.460554371002132,64.0,0.0630261132960402,21.257409106242385,0.0,0.76959,0.0,8200.0,8174.413646055437,8200.0,-0.0928255612282384,173.34636778801865,6.153846153846153,49.0,6.341151385927505,39.0,0.0331586165501694,13.06808607744896,9.349393162393165,121.612,2.9631184550803336,48.829,0.0422051556572991,62.659,21.14630277185501,13.83,54.927399999999984,12.755500438939071,433.9743589743589,2655.0,2181.5245202558635,2655.0,1.3515558750553975,282.0084264646206,0.4845323481999302,0.1300511947367914,0.2078070999992629,-0.0045766738596699,0.0630140107720239,2.46153846153846,68.0,58.55863539445629,66.0,0.0102361700964431,2.890185409038545,60.42151185978519,79.6152337319265,15.550354923191652,53.82495727292,0.0662365091524074,8188.0,1,0.003770000000000051,-249.11102009851376,25,1.4062676429748535,7
yolo11m.pt,1,115W,8,3124.9393310546875,22.139377099047053,0.1375220765622486,0.3801454649778579,10.70415200931499,77.5,10.235537148087513,64.75,0.0586066857104121,21.8835725155549,0.0,0.76219,0.0,8200.0,8200.0,8200.0,-5.202432013678228e-15,0.0,5.829365837229982,53.0,6.097728776835937,42.25,0.0357667295294892,14.162908731767333,9.785118942740324,115.5435,2.984905078856466,51.104,0.04528743156939,66.05025,22.13937709904705,14.94625,57.75832499999997,13.278119777619796,419.6014406816208,2655.0,2185.8331383722966,2655.0,1.3567207732310904,281.5476741952089,0.299696569959975,0.1375220765622486,0.1891353249999383,-0.0054187365073402,0.0427148339117841,2.102740077665999,77.25,67.11018134968597,74.25,0.0095535692386712,2.852433694174258,62.11981288395378,81.38063609625759,12.374910576886569,58.46273807227011,0.0418037799608643,8188.0,4,0.011170000000000013,-281.84528268191616,24,1.2740318775177002,8
yolo11m.pt,1,115W,9,3166.444270833333,21.03214224137931,0.1584372733332808,0.3702528076757618,10.93103448275862,82.0,9.866379310344827,67.0,0.0599252349022311,22.65272475034172,0.0,0.76862,0.0,8200.0,8200.0,8200.0,-4.109204025199097e-15,0.0,6.025862068965517,59.0,6.262931034482759,45.0,0.0378628041236122,15.453065928205012,10.162715517241375,120.955,3.094263972405126,50.953,0.043973907052953,65.079,21.03214224137931,14.126,53.677,12.702110852325584,400.73275862068976,2655.0,2169.956896551724,2655.0,1.242379341577032,275.3436298907296,0.4421532779050239,0.1584372733332808,0.2528480400002079,-0.0080296221429047,0.0700535597466443,3.0172413793103416,67.0,58.553879310344826,65.0,0.0112338042989931,2.6727605100447542,62.63550224315089,82.05539850512336,14.45297911436966,56.80481499494152,0.0532443613104926,8188.0,1,0.0047400000000000775,-286.76844053464424,23,0.9849920272827148,9
yolo11m.pt,1,115W,10,3334.557091346154,21.209449781659387,0.1709547769233513,0.3625856756090602,8.491228070175438,79.0,10.028384279475985,70.0,0.0559003301854888,22.180808761226697,0.0,0.77336,0.0,8200.0,8200.0,8200.0,-1.2666242921113716e-14,0.0,4.675438596491228,55.0,5.943231441048035,41.0,0.0340038155350495,14.150510662276597,10.526280701754388,118.551,3.0800421827297875,51.188,0.0458962264899207,65.326,21.209449781659387,14.138,56.475,13.12283239571039,456.97368421052624,2655.0,2192.7510917030568,2655.0,1.467812488816913,290.2932323566695,0.3938230938130193,0.1709547769233513,0.2657008799997126,-0.0090776307691627,0.0673259391500687,2.5350877192982466,68.0,58.414847161572055,65.0,0.0101329579127634,2.5564282531144182,63.09647691196709,72.59120932612613,12.062252364164625,58.49500189446924,0.0365465680336168,8188.0,1,0.0,-302.60059795426577,22,0.9353123903274536,10
yolo11m.pt,1,115W,11,3548.7109375,21.766389130434806,0.1860996833329409,0.368247102225044,18.617391304347827,79.0,11.12391304347826,53.0,0.0695286634255072,20.63491853506964,0.0,0.76672,0.0,8200.0,8200.0,8200.0,1.2617745100451126e-14,0.0,9.434782608695652,59.0,6.393478260869565,33.0,0.0399226633971517,14.121967195363354,9.620234782608692,119.65,3.021952773417412,51.616,0.0462864064862639,65.777,21.766389130434785,14.161,62.07909999999996,14.228776829197203,433.5652173913045,2655.0,2180.086956521739,2655.0,1.3721902606180651,281.4728209975209,0.4553439681037082,0.1860996833329409,0.3157260999993012,-0.0131815195803861,0.0847393682716648,2.3391304347826107,68.0,58.46739130434783,66.0,0.0100011773705678,2.767242729711613,64.99313743339519,72.87520971592718,13.188601614548748,59.10810702627845,0.041177738853206,8188.0,1,0.00664000000000009,-323.7601713603199,21,0.7757120132446289,11
yolo11m.pt,1,115W,12,3735.983664772728,21.16136225596529,0.1984803454546305,0.3500095409045475,11.130434782608695,84.0,10.327548806941431,75.0,0.0635133893739948,23.61998217116296,0.0,0.76464,0.0,8200.0,8173.969631236442,8200.0,-0.0992123033054989,174.81093334886748,6.71304347826087,65.0,7.0672451193058565,56.0,0.0444153884406643,17.68125319473837,10.499052173913046,116.945,3.0887898051825307,51.174,0.0452142163881577,65.363,21.16136225596529,14.189,56.052,13.069898561538292,426.2608695652175,2655.0,2177.4728850325378,2655.0,1.32258635451128,281.7572720049746,0.3690673780576644,0.1984803454546305,0.3129582500005199,-0.0131488099999676,0.0732526206929199,2.6782608695652144,68.0,58.55965292841648,65.0,0.010841455064788,2.793550654480935,65.04701883363728,76.37426094792981,12.791296311398064,60.45938691064506,0.0386700135796049,8188.0,1,0.008720000000000061,-341.5558787820789,20,0.6927621960639954,12
yolo11m.pt,1,115W,13,3973.9109375,21.17285097192225,0.2197809599998436,0.3579530394263611,14.060869565217391,83.0,10.47084233261339,60.0,0.0644287194149412,22.071714861212435,0.0,0.76561,0.0,8200.0,8200.0,8200.0,9.760742063410791e-15,0.0,7.234782608695652,63.0,6.218142548596112,31.0,0.0389980355534835,15.019135929409288,11.055513043478264,119.961,3.076203581953743,51.038,0.0461205248631609,65.132,21.172850971922248,14.094,56.883,13.156022348571245,499.1739130434785,2655.0,2195.11879049676,2655.0,1.5016028229609095,287.5303288220037,0.3662593811947069,0.2197809599998436,0.3523070849994835,-0.0141800339393684,0.0804968384079213,3.956521739130437,70.0,58.87904967602592,67.0,0.0142972485174764,3.3134410418006683,63.81032404882946,75.31796271980575,13.109192030384454,59.14980078351304,0.0422055875330399,8188.0,1,0.007750000000000035,-366.13655847427657,19,0.43059593439102173,13
yolo11m.pt,1,115W,14,4181.1109375,21.836292473118288,0.2287239100000078,0.3567487281682397,12.646551724137932,81.0,12.55483870967742,80.0,0.0687213260322628,23.852451987881675,0.0,0.7692,0.0,8200.0,8200.0,8200.0,6.069223330068994e-15,0.0,9.370689655172416,62.0,8.389247311827956,60.0,0.0517388180477115,18.031188406409573,11.956232758620692,121.14,3.0708051782393246,52.79200000000001,0.0495636593114905,67.055,21.83629247311828,14.263,56.77779999999998,13.76081348075374,450.3879310344828,2655.0,2190.322580645161,2655.0,1.4229956269961388,289.4681872427406,0.3723329367072934,0.2287239100000078,0.3631908199997267,-0.0182589242426316,0.0851614451054776,2.551724137931032,71.0,59.56989247311828,65.0,0.0105908090534546,2.9737122430670726,65.98557789601514,75.57492846527865,13.075638009401544,61.209166982146805,0.0392670005671423,8188.0,1,0.0041600000000000525,-385.7532680553355,18,0.22764892876148224,14
yolo11m.pt,1,115W,15,4336.933159722223,22.19149353448276,0.2388860888889515,0.3534159398038027,12.974137931034482,69.0,10.70689655172414,65.0,0.0624599687197438,22.528149916148703,0.0,0.75695,0.0,8200.0,8200.0,8200.0,-4.109204025199097e-15,0.0,8.0,52.0,7.118534482758621,50.0,0.0424452295206817,16.005823334364276,11.701155172413795,120.175,3.024762614363825,52.842,0.0503304101389352,67.124,22.19149353448276,14.282,57.028,14.09184422721512,461.50862068965534,2655.0,2189.321120689656,2655.0,1.4314798420130852,288.974148531376,0.3439919211835485,0.2388860888889515,0.3775216000005456,-0.0178666600000724,0.0821748846609344,2.327586206896555,69.0,59.428879310344826,66.0,0.0097974831646393,2.787616170936826,67.27882629447232,77.59646543988107,13.264377742301871,62.79143364841513,0.038870215603478,8188.0,1,0.016410000000000036,-400.4583954900698,17,0.15922093391418457,15
yolo11m.pt,1,115W,16,4767.96484375,22.675584776326208,0.2370138406247974,0.3358783175001358,9.355942589904853,81.75,10.840034473466336,75.0,0.0618833640928524,23.910093369231625,0.0,0.75866,0.0,8200.0,8200.0,8200.0,9.851080177115432e-15,0.0,5.711724491441473,63.0,7.320617223449461,55.5,0.0429995601548453,17.743320401523114,10.244885098601609,117.016,3.219290603060097,58.245,0.05131191965488,73.033,22.675584776326204,14.788,62.83654999999997,14.815441325547765,405.37262423111474,2655.0,2188.6751904454536,2655.0,1.40696288387747,286.1982687381121,0.2009570596970776,0.2370138406247974,0.3191610562489358,-0.0141781306545161,0.0491820556534772,1.8125786163522013,76.0,65.89494163679876,73.0,0.0094658835081575,2.967888221429148,70.11204104178248,77.53231168283358,9.14647497069129,67.67604602058837,0.0220079965868056,8188.0,4,0.014700000000000046,-440.72744371791225,15,-0.025098830461502075,16
yolo11m.pt,1,115W,17,4729.9609375,21.41850980392155,0.2638962500002435,0.3324861422263734,17.236842105263158,83.0,12.422657952069716,57.0,0.0728009272185553,21.87287515268843,0.0,0.75868,0.0,8200.0,8200.0,8200.0,-5.323623613467229e-15,0.0,10.719298245614034,65.0,7.967320261437909,44.0,0.0499396290381224,16.50011618127193,11.268166666666673,119.748,3.070054854514696,51.473,0.0478125370570986,65.756,21.41850980392157,14.283,57.717399999999984,13.381156757274685,418.68421052631584,2655.0,2175.8169934640523,2655.0,1.305366004385425,281.8806227161707,0.3484221676838558,0.2638962500002435,0.4171537799993529,-0.0266853880951289,0.0919473034687256,3.0,71.0,59.53159041394336,67.0,0.0112534451157845,2.915024538287591,69.32371623082209,81.22030490987935,14.321214949129748,64.41925567333493,0.042677213413135,8188.0,1,0.014680000000000026,-438.62971030678335,16,-0.1366065889596939,17
yolo11m.pt,1,115W,18,4952.4609375,21.43212008733627,0.2618644625001707,0.3117950337171902,19.46491228070176,85.0,12.251091703056767,78.0,0.0830017832352157,26.536623965228507,0.0,0.76439,0.0,8200.0,8200.0,8200.0,-1.2666242921113716e-14,0.0,13.421052631578949,66.0,8.87117903930131,63.0,0.0614432045548098,20.5076085339118,10.959710526315789,120.435,3.2360774257223803,55.075,0.047055328568255,69.356,21.432120087336244,14.281,54.6063,13.350238365992212,452.6315789473683,2655.0,2191.670305676856,2655.0,1.4448936101248122,290.1262607845932,0.3079792774022197,0.2618644625001707,0.3983325799997145,-0.0224245773808564,0.0806488279381232,2.55263157894737,69.0,59.37117903930131,65.0,0.0099212404966828,2.469419766067601,73.09773853348362,87.53371044634844,14.49973844164498,68.73784945136748,0.0393470750778623,8188.0,1,0.008970000000000034,-458.2907050966468,14,-0.20957085490226746,18
yolo11m.pt,1,115W,19,5178.996651785715,22.55850217391308,0.2897658714292837,0.3440360021349113,16.2,85.0,11.334782608695653,60.0,0.0715546654387492,23.01702788760591,0.0,0.76166,0.0,8200.0,8200.0,8200.0,1.2617745100451126e-14,0.0,9.295652173913044,65.0,7.189130434782609,39.0,0.0459579512272701,16.339372669838223,11.874,118.543,3.616463512118394,67.327,0.0529152672292155,81.582,22.558502173913045,14.255,66.378,15.731242192100312,459.913043478261,2655.0,2187.0652173913045,2655.0,1.4326966285901328,284.1512458696962,0.3109399549744792,0.2897658714292837,0.4419295600007897,-0.0290530464286738,0.0900997870153622,3.4434782608695684,70.0,59.71739130434783,68.0,0.0125773997863473,3.2070780652248128,70.01353644235694,83.36898095856652,14.57514191316859,65.57017880084224,0.0433372704700278,8188.0,1,0.011700000000000044,-483.07042833284873,13,-0.4372766613960266,19
yolo11m.pt,1,115W,20,5372.139508928572,21.54811790393016,0.2891377571431803,0.3115187240699588,10.842105263157894,89.0,10.74235807860262,40.0,0.054042525472759,20.27946657940347,0.0,0.76053,0.0,8200.0,8200.0,8200.0,-1.2666242921113716e-14,0.0,6.043859649122807,72.0,6.6965065502183405,25.0,0.0363974714070633,15.636203540445935,11.38690350877193,122.892,3.262883575886525,55.998,0.04839739583831,70.309,21.54811790393013,14.311,56.017,13.5580194823227,390.39473684210543,2655.0,2166.3209606986898,2655.0,1.2534710883005855,276.3888147101718,0.3097293618181021,0.2891377571431803,0.4365620399998077,-0.0319203785713528,0.0895544529974746,4.210526315789473,72.0,60.082969432314414,71.0,0.0158121058519629,3.7963574709319134,73.98699439649455,92.74674483410216,16.133941561421544,69.17118053902605,0.0475521534045142,8188.0,1,0.012830000000000008,-500.02214915022756,12,-0.5078004002571106,20
yolo11m.pt,1,115W,21,5551.282366071428,21.26587964989059,0.3009948428573677,0.3048057192115481,12.0,85.0,10.50328227571116,84.0,0.0660825474865055,24.14853040984754,0.0,0.75436,0.0,8200.0,8173.741794310722,8200.0,-0.1048578082857284,175.55726547515215,6.921052631578947,70.0,7.5054704595186,66.0,0.0463118214731692,19.014806871449853,9.62749122807018,115.0,3.2638198439328185,54.964,0.0439340076000537,69.408,21.26587964989059,14.444,53.35979999999998,13.283120816369824,441.31578947368416,2655.0,2190.656455142232,2655.0,1.4230562455271956,289.631936744176,0.3224269961598648,0.3009948428573677,0.4584404599998377,-0.0355716678573117,0.0970488630421116,2.728070175438596,71.0,60.61487964989059,69.0,0.0108229854350743,3.028030542780304,75.17317547319115,97.46036085241089,17.651450475811874,69.76863723193843,0.0551359681387633,8188.0,1,0.019000000000000017,-517.522130197958,11,-0.5470181703567505,21
yolo11m.pt,1,115W,22,5817.044270833333,22.20408370044052,0.3185762666668476,0.3215315495474792,15.56637168141593,87.0,11.295154185022026,62.0,0.0737379725039088,24.9104320334909,0.0,0.75753,0.0,8200.0,8200.0,8200.0,-8.203801562597673e-15,0.0,10.68141592920354,73.0,8.533039647577093,49.0,0.0546841552997284,19.40258648031704,12.803336283185835,121.359,4.232689863177527,79.652,0.0534489605851743,93.983,22.20408370044053,14.331,58.697,14.786478876665896,485.1769911504425,2655.0,2193.2709251101323,2655.0,1.5226283475255056,290.897773634161,0.287067753652888,0.3185762666668476,0.4647912750001524,-0.0367257428571195,0.0914529732391754,2.4601769911504405,71.0,60.54405286343612,67.0,0.0107937049384666,2.819308403466609,73.26909131235614,87.08424377449532,14.894405435630746,69.0572472023052,0.0413242263844762,8188.0,1,0.01583000000000001,-544.7124785020384,10,-0.6864116787910461,22
yolo11m.pt,1,115W,23,6128.377604166667,22.1686797385621,0.3338550333331416,0.3217880570899736,22.92105263157895,74.0,12.77995642701525,68.0,0.081458855297071,23.46678808268169,0.0,0.75832,0.0,8200.0,8200.0,8200.0,-5.323623613467229e-15,0.0,17.666666666666668,54.0,8.867102396514161,54.0,0.0618740933497631,17.815863610250766,12.98993859649123,117.568,3.200686772364473,56.572,0.0526888733773365,70.955,22.16867973856209,14.383,55.188,14.215370714282882,475.2631578947367,2655.0,2188.4640522875816,2655.0,1.465285145765161,288.5479089624208,0.3016600334014148,0.3338550333331416,0.4930783999998311,-0.0431041199998747,0.1007107205065059,2.4824561403508767,72.0,60.57952069716776,69.0,0.0109850332133359,3.110123849383508,73.81553320859348,94.12210178045058,16.931215494749246,68.89217685404535,0.0526115082415185,8188.0,1,0.015040000000000053,-575.9376942519518,9,-0.7267386317253113,23
yolo11m.pt,1,115W,24,6148.377604166667,22.03161771058313,0.3341177333334902,0.3067147571304173,11.539130434782608,90.0,11.31317494600432,77.0,0.0666255432212086,25.65502951009369,0.0,0.75891,0.0,8200.0,8200.0,8200.0,9.760742063410791e-15,0.0,6.747826086956521,77.0,8.198704103671707,65.0,0.0480930311961071,20.32158941030021,12.30467826086956,117.256,3.218692377997104,56.54899999999999,0.051239613388027,70.913,22.031617710583152,14.364,58.492,14.246211172814355,398.217391304348,2655.0,2175.777537796976,2655.0,1.280481081441834,281.8586877160642,0.3284996174525215,0.3341177333334902,0.5006926500004738,-0.0517079885712778,0.1097575475841551,2.9739130434782624,71.0,60.73002159827214,70.0,0.011995601032616,3.3030036398541687,78.84131946765675,111.98814225293007,23.19153968529865,71.83096736755687,0.0865269502946429,8188.0,1,0.014450000000000074,-576.1469485382491,8,-0.8986987471580505,24
yolo11m.pt,1,115W,26,6616.7109375,21.452812636165604,0.3812790200001473,0.3145964376216922,5.614035087719298,80.0,10.954248366013072,75.0,0.0527258761235017,22.473224892551844,0.0,0.75825,0.0,8200.0,8200.0,8200.0,-5.323623613467229e-15,0.0,2.368421052631579,61.0,7.14161220043573,51.0,0.0351145559166645,16.650174533552484,9.622614035087716,117.718,3.250109959122931,55.397000000000006,0.0455171987129134,69.724,21.45281263616558,14.327,57.019,13.497485041451151,402.5,2655.0,2187.2549019607845,2655.0,1.3736658513794702,285.54782870120164,0.2549274384126319,0.3812790200001473,0.5282436600002256,-0.0482224900004439,0.0971984838891162,3.622807017543863,73.0,60.93464052287582,70.0,0.0143102136747363,3.490428623131078,71.58004867412153,80.91859032700496,13.31696213964667,68.19153070627898,0.0346119726075027,8188.0,1,0.015110000000000068,-625.0482488534659,6,-1.2044918537139893,25
yolo11m.pt,1,115W,25,6472.044270833333,21.896103671706253,0.3452647333333516,0.3023980958100432,19.695652173913043,91.0,13.429805615550755,87.0,0.0865234229537499,30.257122349588723,0.0,0.75515,0.0,8200.0,8200.0,8200.0,9.760742063410791e-15,0.0,15.104347826086956,70.0,10.360691144708424,69.0,0.0670044560340233,23.76726447998196,12.273365217391316,123.427,4.044737882495539,74.181,0.0502306465505151,88.564,21.896103671706264,14.383,57.98769999999997,14.110694995001202,465.521739130435,2655.0,2199.168466522678,2655.0,1.475398716871125,293.3347215657399,0.3233107060788632,0.3452647333333516,0.5147231000009924,-0.0500943714287651,0.1116277847181363,2.7304347826086968,72.0,60.71274298056156,70.0,0.0118496700290847,3.364403552868532,79.86916437876054,116.8180761616495,25.207690762678528,72.40820618612851,0.099611124654335,8188.0,1,0.01821000000000006,-608.1405451059975,7,-1.263633131980896,26
yolo11m.pt,1,115W,27,6842.7109375,21.443395248380146,0.3815947000002779,0.3030624435849262,9.42608695652174,92.0,10.241900647948164,58.0,0.0579917959451734,23.196265950685337,0.0,0.76004,0.0,8200.0,8200.0,8200.0,9.760742063410791e-15,0.0,5.330434782608696,74.0,6.781857451403888,45.0,0.0397530803894846,17.33452887015699,9.536165217391304,115.0,3.351894565550651,57.36200000000001,0.0449163091135423,71.876,21.443395248380128,14.514,56.157,13.669227357938018,358.9565217391305,2655.0,2166.025917926566,2655.0,1.1851858389618166,276.21120541681057,0.2543829384747912,0.3815947000002779,0.5303237400006764,-0.0510610100000122,0.0970711810924771,2.0260869565217376,73.0,61.43628509719223,70.0,0.0096127061290538,2.995269997012738,74.2783483721948,83.83260542479765,13.887016489219883,70.75569969913191,0.0349537218263439,8188.0,1,0.013319999999999999,-646.1076849801971,5,-1.5342016220092773,27
yolo11m.pt,1,115W,28,7034.7109375,21.24888744588744,0.3813669600003777,0.2894151288795815,10.565217391304348,92.0,10.813852813852812,75.0,0.0592768737613028,24.266646062648448,0.0,0.75961,0.0,8200.0,8200.0,8200.0,-2.6834165224654824e-14,0.0,7.617391304347826,73.0,7.119047619047619,56.0,0.044744754081673,18.301494532503995,9.975060869565224,120.431,3.222239290144653,53.97999999999999,0.0442403018756611,68.469,21.248887445887448,14.489,56.0731,13.31131705506928,392.608695652174,2655.0,2171.948051948052,2655.0,1.255847922171015,279.69505175588034,0.2861216037857882,0.3813669600003777,0.5434851400001207,-0.0634485899996434,0.1091173262262186,2.165217391304345,70.0,61.25757575757576,67.0,0.0087879540332887,2.325442044673496,78.49251099857777,100.4805416667505,18.332366637549164,73.42009910867021,0.0545482250503498,8188.0,1,0.01375000000000004,-663.6701867739754,4,-1.5441008806228638,28
yolo11m.pt,1,115W,30,7394.7109375,21.446428571428548,0.3932210599996324,0.2811062458687846,24.58407079646018,95.0,12.832967032967034,91.0,0.0922916406570475,29.13112853012175,0.0,0.75976,0.0,8200.0,8200.0,8200.0,1.4874503494633376e-15,0.0,19.778761061946906,75.0,10.136263736263736,74.0,0.0748613315735968,23.56434033642535,10.331477876106195,120.307,3.311087427144046,56.55799999999999,0.0461957435099099,71.011,21.446428571428573,14.453,55.774,13.476132773722878,399.5575221238937,2655.0,2175.8571428571427,2655.0,1.3030386029458614,281.90293596577254,0.3068829097147068,0.3932210599996324,0.5652401799990912,-0.0748489799996605,0.1206728230537884,2.3362831858407063,71.0,61.36043956043956,67.0,0.0096813110376755,2.5886005010505904,83.45875733356527,117.93400131766506,24.8863209579014,76.29296355599072,0.0889155190167279,8188.0,1,0.013600000000000056,-697.9859613306912,2,-1.6833909749984741,29
yolo11m.pt,1,115W,29,7270.7109375,21.522721491228094,0.3914269000000786,0.2905024880302235,10.885964912280702,92.0,11.796052631578949,84.0,0.0663763220540832,25.97206802993585,0.0,0.75839,0.0,8200.0,8200.0,8200.0,-2.9423610161625043e-14,0.0,7.43859649122807,75.0,8.412280701754385,68.0,0.0491125136524192,20.48868382727007,10.167061403508775,122.387,3.313707331531823,56.88699999999999,0.0454781159471646,71.32,21.522721491228072,14.433,55.023,13.698975847846766,384.73684210526335,2655.0,2174.0789473684213,2655.0,1.2629756515510244,280.9074938179872,0.2918136680714619,0.3914269000000786,0.556381680000777,-0.071081520000007,0.1142237194708642,2.5087719298245617,71.0,61.43201754385965,69.0,0.0101853058837969,2.731353266488771,80.00502179212393,108.6558669822228,21.36493857889764,74.08790760163437,0.071313015565502,8188.0,1,0.014970000000000039,-686.924390487265,3,-1.7492365837097168,30
yolo11m.pt,1,115W,31,7716.7109375,21.18093095768373,0.39533900000024,0.2701176794801553,23.32142857142857,90.0,13.44543429844098,84.0,0.0902321296001697,27.69757586058811,0.0,0.75795,0.0,8200.0,8200.0,8200.0,1.329690063534311e-15,0.0,17.65178571428571,71.0,9.783964365256123,65.0,0.0688050164386467,21.827326232851902,11.281,122.935,3.5955454532263023,61.721,0.0457028913458479,76.157,21.18093095768374,14.436,58.36839999999999,13.760613658402455,443.4375,2655.0,2180.946547884187,2655.0,1.3892399777282838,284.67139152324387,0.3492063899072183,0.39533900000024,0.5763385800000833,-0.0874217399999907,0.1380549049796136,2.830357142857146,71.0,61.37861915367483,68.0,0.0104803001378724,2.733783831946357,91.03387979238047,149.29542944269755,39.48436986416055,78.4137158235873,0.1881240492397545,8188.0,1,0.015410000000000035,-728.8605914473844,1,-1.9128646850585938,31
yolo11m.pt,1,115W,32,7953.94921875,21.84571291591447,0.439884831249742,0.2998737859464868,12.733388181348069,91.75,10.163802490300604,67.0,0.0634458323671424,23.16362554411769,0.0,0.75759,0.0,8200.0,8200.0,8200.0,-3.741815583072141e-15,0.0,8.109877066571832,78.25,7.200309904607094,51.75,0.0476042229092822,19.369701297106467,11.447936687910072,115.0,3.318488215323252,57.44725,0.0510618524077011,72.21025,21.84571291591445,14.763,58.43575,13.819220033232725,448.14704013998494,2655.0,2177.21327600486,2655.0,1.449124611815246,281.4140047426493,0.1481324531195211,0.439884831249742,0.5328210574996205,-0.0490083674999368,0.0670313625370249,2.8524992140026058,76.5,65.50780579293559,73.25,0.0118630914949757,3.174226350567273,74.68886013811148,81.46778437802129,8.937197240776838,72.89285454412205,0.0195219369941343,8188.0,4,0.015770000000000062,-756.0299287317097,0,-2.147716760635376,32
yolo11m.pt,5,115W,1,1816.684765625,25.5367301173315,0.0702263572656149,1.7934835981252464,21.27214687534812,45.0,28.58861621722497,41.5,0.0165493821691599,15.687463463151904,0.0,0.70313,15.957446808510666,8200.0,8196.013289036546,8200.0,0.0104234225887124,48.74559173676074,4.489027514759942,16.5,7.164138914265751,12.5,0.0034699868139645,4.306828180999961,8.00564911022613,118.756,1.455640020637559,22.759,0.0061638835846243,37.132,25.53673011733152,14.373,34.5753,6.648957887741605,199.62724184025865,2655.0,2266.9360090792507,2606.999999999999,0.1509932453960844,215.5866929906016,0.189068111080593,0.0702263572656149,0.0916629125000553,-7.520925484777156e-06,0.0132672718436645,3.628334911440348,72.0,66.83684951750209,69.5,0.003080513605858,1.91337703770386,14.507991191343326,16.174091056461755,1.659720950131311,14.239814522082511,0.0130914095927521,8188.0,2,0.1028,-178.2422138727168,31,4.66640567779541,1
yolo11m.pt,5,115W,2,1974.381909179688,31.592061099796307,0.0706846509374429,1.116536905616736,34.36734693877551,53.0,26.4775967413442,52.0,0.0447492459347919,21.93526411374212,0.0,0.7476,0.0,8200.0,8200.0,8200.0,1.5578209574728529e-15,0.0,11.39183673469388,22.0,9.19755600814664,19.0,0.0148148043955651,7.912561498325666,22.20514285714286,123.378,1.3990856709341115,29.839,0.0288915508917135,44.2,31.59206109979633,14.361,43.56235,12.378245130861174,631.8367346938776,2655.0,2451.782077393076,2655.0,0.822916883873702,298.7798189441712,0.2805912653710542,0.0706846509374429,0.09157945500001,-2.3334128647636866e-05,0.0198334956488483,8.542857142857144,71.0,65.52953156822811,70.0,0.0115292559445792,3.97863996255644,29.0780518268741,32.60716121916717,3.5576742184565706,28.29468595339081,0.014969308562728,8188.0,1,0.05832999999999999,-186.78562456589356,30,4.065308094024658,2
yolo11m.pt,5,115W,3,2228.7946584302326,32.46697460701333,0.0733403479069661,0.7937130710549977,36.83009708737864,60.0,27.70253929866989,59.0,0.0591254456068457,25.92340183302921,0.0,0.76056,0.0,8200.0,8170.979443772672,8200.0,0.0557558849509183,184.34336112008413,15.398058252427184,26.0,11.603385731559856,26.0,0.0244950793309921,11.220549818726546,24.60521844660194,116.72,1.5638660705094505,36.067,0.0418616332850582,50.774,32.4669746070133,14.707,50.294,15.011726041270878,616.8203883495144,2655.0,2410.882708585248,2655.0,1.0374811298790088,312.8296677024737,0.3118388989425653,0.0733403479069661,0.0971230999999534,-7.155421707719976e-05,0.0228703733393729,7.432038834951449,73.0,67.07980652962515,73.0,0.0126862035457263,3.998901416407208,42.29507483677445,47.01742702941917,5.4460500967137415,40.90517819475804,0.0165799672545659,8188.0,1,0.04537000000000002,-204.8342908475711,29,3.9857192039489746,3
yolo11m.pt,5,115W,4,2490.6609375,33.88424796747964,0.0769201850000058,0.6515956555611515,38.630434782608695,71.0,29.303523035230352,68.0,0.0783925157568344,29.980526896775466,0.0,0.76815,0.0,8200.0,8183.739837398374,8200.0,0.0243614490279276,138.7364488305791,19.217391304347824,39.0,14.570460704607044,38.0,0.0391922424189879,15.487683542808092,27.826190217391307,118.084,1.7090242066336554,43.034,0.054230251922013,57.909,33.88424796747967,14.875,57.265,17.529517753073367,611.413043478261,2655.0,2382.032520325203,2655.0,1.2038595163007384,315.3478124941847,0.3365058732813673,0.0769201850000058,0.102148290000241,-0.0001362743287812,0.0258840940263913,7.989130434782602,75.0,67.91192411924119,75.0,0.015539305533606,4.514246504237134,53.93367876191699,59.3088111540124,7.040289979452453,52.00195501349477,0.01703966321477,8188.0,1,0.037780000000000036,-224.64554833539907,28,3.226726531982422,4
yolo11m.pt,5,115W,5,2757.495552884616,33.76394374120954,0.0847875423076962,0.5725523616864957,46.11299435028248,80.0,29.49648382559775,80.0,0.0945066215812868,32.052869063522614,0.0,0.77144,0.0,8200.0,8183.122362869199,8200.0,0.0206329714884356,141.30927047381925,23.83050847457627,45.0,15.481012658227847,45.0,0.049084770797067,17.593691078958873,28.866870056497174,120.884,1.8670508541056368,48.187,0.0595268567838072,63.039,33.763943741209566,14.852,61.7055,18.732844262342343,628.9830508474574,2655.0,2367.7637130801686,2655.0,1.3041780765663546,315.5095320962538,0.3514138807610253,0.0847875423076962,0.1103411400004006,-0.0002449893323695,0.0297955192825371,7.909604519774007,76.0,68.35864978902954,76.0,0.0166931089213897,4.786223829138423,61.80425861289768,69.670856974526,9.655723488948157,58.970927378162095,0.0244080361871096,8188.0,1,0.03449000000000002,-247.1232366098062,27,2.939495325088501,5
yolo11m.pt,5,115W,6,2833.740660511364,33.43044704264098,0.0990165645454081,0.5516946695632516,39.26519337016575,76.0,26.4181568088033,75.0,0.0810728598649069,29.819744581258647,0.0,0.78781,0.0,8200.0,8183.493810178817,8200.0,0.0196752103717309,139.76756949667046,21.25414364640884,46.0,14.642365887207704,45.0,0.0443553258046193,17.609278188189393,28.03189502762432,119.149,1.9370964413787315,49.82599999999999,0.0574391178410185,64.758,33.43044704264099,14.932,62.726,18.674838782836648,604.0607734806631,2655.0,2361.458046767538,2655.0,1.22592581858557,316.0570014370752,0.3506123215233289,0.0990165645454081,0.1361757599989687,-0.0003531879751093,0.03471642756453,8.176795580110507,78.0,68.9050894085282,76.0,0.0164900124259884,4.811216143858818,63.93565155070204,74.58842010528056,11.526506348637517,60.595921778809554,0.0325019334711812,8188.0,1,0.018120000000000025,-253.70441439237882,26,2.744208574295044,6
yolo11m.pt,5,115W,7,3199.3635690789474,34.12653314121036,0.104845549473784,0.5111450169750718,44.531791907514446,82.0,28.9956772334294,79.0,0.0869379633835504,32.83749585536999,0.0,0.79304,0.0,8200.0,8184.438040345822,8200.0,0.01725390898779,135.7651538382958,27.44508670520232,53.0,17.26801152737752,50.0,0.0525052318637623,20.24319538626629,28.89479190751446,120.233,2.0025766964729583,53.35999999999999,0.0615809877073078,68.341,34.12653314121037,14.981,66.423,19.75114964963637,600.5202312138726,2655.0,2356.2536023054754,2655.0,1.2844878257355208,315.4315450381889,0.3382503177083908,0.104845549473784,0.1344308500007173,-0.0004927594932842,0.0354640404198182,7.104046242774572,78.0,68.992795389049,77.0,0.0153451549176468,4.673637509996797,70.33226491547771,78.92220641579195,12.79108637931553,66.76487495304036,0.0330754420370893,8188.0,1,0.012890000000000068,-286.70402756431264,25,2.3623013496398926,7
yolo11m.pt,5,115W,8,3520.50390625,34.858574592769386,0.1180505043749576,0.5137810515186456,40.00998203572518,82.0,28.01254183948384,81.5,0.0837449980100608,33.38174207337255,0.0,0.80593,0.0,8200.0,8183.4938101788175,8200.0,-0.0260462308730343,98.13898099275764,25.502067586347152,55.0,17.612330983230503,55.0,0.0531055604700159,22.192671240702577,28.619696624072127,115.0,2.0098967747166334,55.307,0.0616589474688688,69.964,34.85857459276938,14.657,67.87615,20.74855109668341,597.9502931905231,2655.0,2361.217563209481,2655.0,1.2733300790827644,314.8361078534509,0.2379083534901791,0.1180505043749576,0.1466627550003067,-0.0004647072978208,0.0283789515852176,7.452614988306273,80.0,70.61323570611567,79.0,0.0161202370978512,4.939748473679895,70.053811421663,80.60727901167891,10.338322841241862,67.81960443133538,0.0220126443749474,8188.0,2,0.0,-318.33034288475267,24,1.98838210105896,8
yolo11m.pt,5,115W,9,3765.4842708333335,34.110351233671985,0.1279835039998821,0.485062474839116,36.48255813953489,87.0,27.9811320754717,83.0,0.0847566702523109,33.2503533972289,0.0,0.78136,0.0,8200.0,8200.0,8200.0,-7.910381676584752e-15,0.0,23.75581395348837,61.0,17.564586357039186,59.0,0.0544877542664519,22.167700188571207,29.306831395348844,120.414,2.063684408224787,55.379000000000005,0.0629937423046839,70.393,34.110351233671985,15.014,68.6164,20.255765934329887,591.5406976744184,2655.0,2347.7503628447025,2655.0,1.282791768965149,316.4042192970615,0.3251474523104222,0.1279835039998821,0.1581487400007972,-0.000752072446656,0.0416135102633224,7.767441860465112,79.0,69.28737300435414,78.0,0.016999219278537,5.069774422250738,74.93084445711561,93.03414575715486,18.178887431251905,70.32156269145659,0.0588590633452686,8188.0,1,0.02456999999999998,-341.1800167151938,23,1.8044730424880981,9
yolo11m.pt,5,115W,10,3849.080168269231,34.61346926536733,0.1400288569231634,0.4846884535374436,42.57831325301205,90.0,26.899550224887555,88.0,0.0898736584127421,34.75759427258728,0.0,0.79059,0.0,8200.0,8164.017991004498,8200.0,0.0296016419691109,204.65508990311065,26.64457831325301,63.0,17.51874062968516,62.0,0.0566719391558469,24.47133732426519,30.432759036144567,118.399,2.085084261467314,57.156,0.067788164098886,72.172,34.61346926536732,15.016,69.831,21.09414415178847,611.7469879518071,2655.0,2351.2218890554723,2655.0,1.3636378525416053,318.0154898974613,0.2784828370439471,0.1400288569231634,0.1698616600002424,-0.0008630989860139,0.0389956333439835,8.51807228915662,79.0,69.52173913043478,78.0,0.0190562592146231,5.336423284108884,74.36891698745038,85.6660715326247,12.268246434969525,71.41385154266592,0.0272133538201594,8188.0,1,0.01534000000000002,-348.983933754397,22,1.6198312044143677,10
yolo11m.pt,5,115W,11,4154.7109375,34.72845827010623,0.1472646466667053,0.4649340124024195,39.35365853658536,85.0,25.802731411229136,85.0,0.0859558450783066,33.94265348301562,0.0,0.78801,0.0,8200.0,8181.790591805766,8200.0,0.0123274523558584,146.69596888223003,26.884146341463413,63.0,17.224582701062214,62.0,0.0580289661586274,24.19561033690785,29.70529878048781,121.034,2.106658447978844,58.139,0.0685202905672766,73.161,34.72845827010622,15.022,71.5253,21.381217003239293,599.5426829268295,2655.0,2343.528072837633,2655.0,1.3581468736280988,313.75515093052456,0.2711320821489941,0.1472646466667053,0.1678596599992488,-0.0009146828785687,0.0399281702776797,8.012195121951223,80.0,69.52807283763278,79.0,0.0186466553818763,5.386465173000292,77.82776013221242,89.74063261825587,13.780818674371815,74.69545643833715,0.0313531350642011,8188.0,1,0.017920000000000047,-377.601303541019,21,1.3531861305236816,11
yolo11m.pt,5,115W,12,4233.074573863636,34.43913834586468,0.1594847290909291,0.457709720767938,46.82530120481928,92.0,30.63007518796993,87.0,0.1047830827475723,34.67011016844468,0.0,0.79287,0.0,8200.0,8200.0,8200.0,-1.8034988009088522e-15,0.0,34.09638554216867,70.0,21.13533834586466,66.0,0.0751823387841143,26.20370804125031,31.089174698795183,122.447,2.188440350716555,60.289,0.06840791783268,75.368,34.439138345864656,15.079,72.448,21.52505262705301,594.0361445783133,2655.0,2340.1353383458645,2655.0,1.334808651390769,316.4290601455321,0.2750303845282991,0.1594847290909291,0.1984650900003542,-0.001121726897544,0.0438631463682698,8.0843373493976,80.0,70.18045112781955,80.0,0.0182069060635959,5.309991414215289,78.63573567125806,92.3968229006558,14.07754681081026,75.2423135957944,0.0320489681830372,8188.0,1,0.013060000000000072,-385.05120289805996,20,1.058608055114746,12
yolo11m.pt,5,115W,13,4502.9509375,34.775309309309286,0.1768068019999191,0.4729624021182301,34.506024096385545,90.0,28.98348348348348,84.0,0.0892010609204644,34.43871735024705,0.0,0.7918,0.0,8200.0,8200.0,8200.0,-6.892506256729903e-15,0.0,24.33132530120482,67.0,20.65765765765766,63.0,0.0636416195478769,25.304272863373548,30.38446385542169,117.732,2.1307359006053272,59.01899999999999,0.0684592477993882,74.097,34.77530930930931,15.078,72.13125,21.593770172614395,569.5481927710844,2655.0,2338.153153153153,2655.0,1.2773150104484436,317.5284111058835,0.2712573271404398,0.1768068019999191,0.2105074349992718,-0.0014036533157262,0.047960140530747,8.01807228915662,81.0,70.02402402402403,79.0,0.0176600177862703,5.183946056831955,76.44184206682337,97.78444917345658,12.263247705344275,73.52658298749132,0.0257364542557162,8188.0,1,0.014130000000000087,-413.13561881936704,18,0.7993905544281006,13
yolo11m.pt,5,115W,15,4511.9109375,34.891208708708746,0.1918717844443259,0.4463092317572902,37.63253012048193,90.0,27.8993993993994,87.0,0.0927487688791248,34.901755287690065,0.0,0.78352,0.0,8200.0,8181.981981981982,8200.0,0.0141363985757504,145.9348232887682,27.89156626506024,72.0,20.57357357357357,66.0,0.068959789562646,26.6018608624225,30.572957831325297,120.873,2.185593529781223,61.231,0.069097512511779,76.258,34.8912087087087,15.027,74.61125,22.01847257107876,592.590361445783,2655.0,2340.247747747748,2655.0,1.3274849061955498,318.59956350299154,0.2670053009162159,0.1918717844443259,0.2247161399995093,-0.0017832449802253,0.0512307835428885,7.506024096385545,80.0,69.78528528528528,80.0,0.0169221424646342,5.175638214231971,82.57334129751894,118.69155521257524,20.268791566561045,78.1772059057096,0.0602526283185217,8188.0,1,0.02241000000000004,-411.265252948316,19,0.6584621667861938,14
yolo11m.pt,5,115W,14,4772.1509375,35.67082985074626,0.1788599400000384,0.4557201776325755,51.47305389221557,92.0,31.292537313432835,90.0,0.1084406414859201,36.52769676390059,0.0,0.78757,0.0,8200.0,8200.0,8200.0,3.8152433259020003e-16,0.0,38.23952095808383,71.0,22.18955223880597,71.0,0.0796027414736413,27.775671918889355,31.37294610778444,119.632,2.373227658403606,69.625,0.0696717032748083,84.655,35.670829850746266,15.03,73.8466,22.33913497532248,604.2215568862275,2655.0,2349.9402985074626,2655.0,1.3402349290218618,315.3770489475985,0.3050625559938671,0.1788599400000384,0.2082263300007071,-0.0016877124898048,0.0545634704613214,8.0059880239521,80.0,70.11492537313433,79.0,0.0177766876589896,5.410623980660869,83.67008176369345,138.05832732750696,23.340048355851096,78.27353626528662,0.0778149631619289,8188.0,1,0.018360000000000043,-437.3869739609773,17,0.46780920028686523,15
yolo11m.pt,5,115W,16,4861.18046875,34.85582359243793,0.2145516300000394,0.4672715353214822,42.79285764082543,90.5,27.24685963538268,90.0,0.0905630457154853,35.3926662508308,0.0,0.7944,0.0,8200.0,8200.0,8200.0,-4.764128574470282e-15,0.0,31.415644171779142,70.5,20.183324631249185,69.5,0.066739451894697,27.674873843070856,30.4715102481874,115.3,2.225485796335011,62.657,0.0678113699158213,77.559,34.85582359243789,14.902,74.262,22.36439936524595,579.8204824316788,2655.0,2340.730371361441,2640.0,1.274903010281005,314.97045722871826,0.1611408734588315,0.2145516300000394,0.258972219999805,-0.0014743011069332,0.03481513324269,8.071894171779142,82.5,71.9050820171431,81.5,0.0171772221803052,5.208771725647897,76.0697032293948,88.71503772908943,9.176471569953076,74.6016322235414,0.0149132263981558,8188.0,2,0.01153000000000004,-448.3293852593627,16,0.27821916341781616,16
yolo11m.pt,5,115W,17,4925.6609375,34.39494902548724,0.2186493975001212,0.4423785224394216,36.98795180722892,90.0,25.665667166416792,89.0,0.0832617353728056,34.338871365026755,0.0,0.79882,0.0,8200.0,8200.0,8200.0,8.609805687653465e-15,0.0,26.89156626506024,71.0,19.07496251874063,71.0,0.0605853409272059,26.78125762415068,30.807897590361435,115.0,2.252656340400039,62.30500000000001,0.0693001058541776,77.48,34.39494902548726,15.175,73.5921,21.968555063695177,579.397590361446,2655.0,2331.634182908546,2655.0,1.3002418114457923,315.34652589690427,0.2568403924281798,0.2186493975001212,0.2557656150012917,-0.0022073175328343,0.0561579970581162,7.825301204819283,81.0,70.31784107946027,80.0,0.017359219726599,5.189745639896836,82.81428924671272,150.46578831557562,23.495191711819054,77.75004273675427,0.0804910195250472,8188.0,1,0.007110000000000061,-452.7957689130449,15,0.039757244288921356,17
yolo11m.pt,5,115W,18,5091.4109375,34.77572103658533,0.2208460249999007,0.4266710976352942,44.713414634146346,92.0,29.39481707317073,92.0,0.1031368995850369,35.110555843988784,0.0,0.79051,0.0,8200.0,8200.0,8200.0,2.8025783966306063e-16,0.0,34.33536585365854,74.0,21.602134146341463,74.0,0.0778121171622675,27.84525940003389,30.69237195121952,119.039,2.242829125467888,62.99699999999999,0.070190890172914,77.996,34.77572103658537,14.999,74.3315,21.59222760786958,585.0,2655.0,2333.7118902439024,2655.0,1.3368964606983735,317.8862317276996,0.25908910447843,0.2208460249999007,0.2532595750004475,-0.002257722045021,0.0572187988448452,7.298780487804876,80.0,70.03201219512195,79.0,0.0172986544515659,5.105939831297162,87.25482600745353,149.57689726755066,26.45685891870254,81.5047497459286,0.0919385498284764,8188.0,1,0.01541999999999999,-467.19493010975987,14,-0.10915130376815796,18
yolo11m.pt,5,115W,19,5323.739508928571,34.66792085235918,0.2400423285715598,0.437987813059728,35.6219512195122,90.0,26.24657534246576,89.0,0.0817858606928493,35.431672723075465,0.0,0.78833,0.0,8200.0,8200.0,8200.0,-1.7304585181592737e-15,0.0,27.03048780487805,74.0,19.800608828006087,70.0,0.0617267714501686,27.483463403733086,31.106243902439022,119.012,2.260562447161202,63.248,0.0708971789883927,78.369,34.66792085235921,15.121,74.91039999999998,21.97292256336127,580.8841463414633,2655.0,2330.365296803653,2655.0,1.3246854108421156,317.0048958630885,0.2000871283097807,0.2400423285715598,0.2671593900000516,-0.0022644018207214,0.0480293801966762,7.646341463414629,81.0,70.35007610350075,81.0,0.0168715181759803,5.28826311586711,81.30791695732007,101.05438490375164,11.814951860444989,79.15270657914755,0.0211153479832686,8188.0,1,0.01760000000000006,-491.8176711158404,13,-0.19979093968868256,19
yolo11m.pt,5,115W,20,5522.825223214286,35.23994744744745,0.2465878399998473,0.43448712613871,43.36144578313253,93.0,28.93093093093093,91.0,0.1011289112606875,35.74687501457354,0.0,0.79086,0.0,8200.0,8200.0,8200.0,-6.892506256729903e-15,0.0,33.06024096385542,76.0,22.204204204204203,74.0,0.0783257629466104,28.9861266450042,31.182240963855413,119.812,2.2213710765811645,63.07000000000001,0.0692530787847287,78.281,35.23994744744745,15.211,74.58275,21.79322797931733,587.8012048192772,2655.0,2345.225225225225,2655.0,1.3137796068436,316.6522429531988,0.2597067727773428,0.2465878399998473,0.2793373499993322,-0.0026197295518234,0.0640405321324961,7.6626506024096415,81.0,70.32432432432432,79.0,0.0171166194996384,5.174717056567872,87.51859441518823,148.40420168656334,29.07469890668179,81.1070002479132,0.1103645974797646,8188.0,1,0.015070000000000028,-510.66781866217013,12,-0.4178066551685333,20
yolo11m.pt,5,115W,21,5783.3203125,34.92923372781068,0.2566920914287038,0.4269551455997021,34.213017751479285,91.0,26.965976331360945,88.0,0.0797190878658893,34.01857779639502,0.0,0.78517,0.0,8200.0,8200.0,8200.0,1.0240868302718704e-14,0.0,26.00591715976332,77.0,20.690828402366865,73.0,0.0613808454167504,27.84876696026668,31.054159763313613,123.182,2.264693254264476,64.039,0.0676944629252503,79.104,34.929233727810654,15.065,74.61825,21.590688445391525,570.7100591715975,2655.0,2338.713017751479,2655.0,1.257298850072398,316.3343587360196,0.2766260834327062,0.2566920914287038,0.3079152699994665,-0.0031413606442318,0.0710077279000725,8.81065088757397,81.0,70.65384615384616,81.0,0.0192444331792133,5.573473734346975,93.15298119154892,186.1091475250041,48.21281620122737,81.81007791520817,0.2678745681101295,8188.0,1,0.02076,-536.2339072464372,11,-0.6249302625656128,21
yolo11m.pt,5,115W,22,6021.977604166666,34.713744221879814,0.2752305133334327,0.4342855291778847,57.68518518518518,93.0,32.40061633281972,91.0,0.130685472719371,38.83674176828399,0.0,0.78163,0.0,8200.0,8200.0,8200.0,7.845252270134235e-15,0.0,47.72839506172839,81.0,25.704160246533128,79.0,0.1062827317064604,32.47754228860881,30.43287037037037,117.979,2.541932654570376,73.038,0.0709319393851597,88.24,34.713744221879814,15.202,76.3532,22.25917499241376,578.6111111111113,2655.0,2329.668721109399,2655.0,1.3386143047160004,317.252636554333,0.1788116554067385,0.2752305133334327,0.2980769449994113,-0.0024584803114273,0.0492144237075975,7.166666666666671,81.0,70.63020030816641,80.0,0.0168261932668712,5.055508227879475,81.65525629417172,96.04433111588494,10.29695127725212,79.9329977390542,0.015901900180424,8188.0,1,0.02429999999999999,-561.1831406176102,10,-0.8566780686378479,22
yolo11m.pt,5,115W,23,6250.244270833334,35.461437689969664,0.287202363333381,0.4428090744242922,36.59146341463415,92.0,27.779635258358663,90.0,0.0844244557929786,36.24739896574452,0.0,0.79751,0.0,8200.0,8183.586626139818,8200.0,0.0106904549085575,139.37951711332886,29.573170731707314,80.0,21.59726443768997,74.0,0.06875569444161,30.3353164000003,31.89540853658536,118.111,2.495330301428505,73.38,0.0726849488188152,88.488,35.46143768996961,15.108,75.02114999999999,22.44255084685328,571.6463414634145,2655.0,2337.925531914894,2655.0,1.2963525519954473,316.20287856367014,0.2339190928499556,0.287202363333381,0.3176661700013027,-0.0032330087430492,0.0671821162953078,7.902439024390247,81.0,70.61550151975683,80.0,0.0176890593576978,5.2632409209192605,84.38075282466393,125.94617937988892,20.97569602192479,80.08290646724893,0.0617939518030477,8188.0,1,0.008419999999999983,-584.0678127409781,9,-0.9308369755744934,23
yolo11m.pt,5,115W,24,6314.644270833333,35.39907241910633,0.2848150899997563,0.4200912498731525,29.104938271604937,93.0,28.29738058551618,88.80000000000007,0.0790217691912607,35.81599107325267,0.0,0.79724,0.0,8200.0,8200.0,8200.0,7.845252270134235e-15,0.0,24.469135802469136,77.0,22.31741140215717,74.0,0.0661669717601921,29.687707199858387,30.26598148148148,119.93,2.554586711463978,75.274,0.07264755516925,90.43,35.39907241910632,15.156,76.968,22.511220356679683,559.3518518518517,2655.0,2332.604006163328,2655.0,1.2910368351046346,317.21935470241743,0.2936479234191274,0.2848150899997563,0.3237848200001281,-0.0034904095439472,0.0836353597368603,7.395061728395049,81.0,70.57627118644068,80.0,0.0174098218166014,5.210288887097587,93.75170356486588,184.6225690443227,37.18937733244683,84.2651981677675,0.1573546125036415,8188.0,1,0.008690000000000087,-587.9859916664941,8,-1.2827985286712646,24
yolo11m.pt,5,115W,25,6635.844270833333,35.025067873303165,0.2950896266668981,0.4134213681086319,38.82424242424242,94.0,28.570135746606336,93.0,0.0911348089518742,36.14893961273084,0.0,0.79252,0.0,8200.0,8165.610859728506,8200.0,0.0234701845481354,200.21077732524645,29.672727272727272,82.0,22.644042232277528,81.0,0.0703211610642649,30.54852959773081,29.954412121212115,118.026,2.5501164001477936,74.209,0.0688713250837968,89.318,35.025067873303165,15.109,76.786,22.175723109648885,541.090909090909,2655.0,2326.945701357466,2655.0,1.2274702698643023,317.4628160676366,0.3046404905730301,0.2950896266668981,0.3497230150007453,-0.003450804983336,0.0898962486308161,7.709090909090904,82.0,70.78280542986425,81.0,0.0177016661195781,5.385406231136112,98.57897292421582,229.824623590288,51.053083563248656,84.72002314137731,0.2682102546300662,8188.0,1,0.013410000000000033,-619.7587677731676,7,-1.5724273920059204,25
yolo11m.pt,5,115W,26,6786.7109375,34.142019726858855,0.3326125519997003,0.4367717042990245,53.90243902439024,93.0,31.64036418816389,93.0,0.1161604514363369,39.25029148114022,0.0,0.77872,0.0,8200.0,8200.0,8200.0,-5.836109008075024e-15,0.0,45.1829268292683,81.0,25.138088012139605,81.0,0.0956976352675833,32.85292636662876,27.960554878048782,116.684,2.538865617601671,71.54,0.0672374491649828,86.682,34.14201972685888,15.142,77.228,22.94968432460464,591.5853658536585,2655.0,2341.115326251897,2655.0,1.3421727596008437,315.91475491835,0.1571756006419607,0.3326125519997003,0.3422463800005061,-0.0030067398461617,0.0522785776416082,7.439024390243901,82.0,71.00758725341426,81.0,0.017487832930315,5.319383922668294,79.39030383007744,88.16052330381156,7.93892367515197,78.16902832946431,0.0099997311834465,8188.0,1,0.027210000000000067,-638.6008016976932,6,-1.8279255628585815,26
yolo11m.pt,5,115W,27,6995.9109375,34.640905198776736,0.3324883879999106,0.4265814343851482,36.0920245398773,95.0,27.033639143730888,93.0,0.0848915192284324,35.85809740844562,0.0,0.78472,0.0,8200.0,8200.0,8200.0,7.406205081893921e-15,0.0,26.87116564417178,84.0,21.640672782874617,82.0,0.0644342075078502,31.28341780427424,29.07926993865032,119.703,2.5765492988085,74.113,0.0687128363255692,89.254,34.640905198776764,15.141,77.70905,22.74356539509408,589.969325153374,2655.0,2345.756880733945,2655.0,1.3443729732147158,317.802446531588,0.1761370229143253,0.3324883879999106,0.3591104599992831,-0.0034590245384858,0.0585635148158873,7.687116564417167,81.0,70.90366972477064,80.0,0.0175829377939331,5.301452572376443,83.22675435021931,106.67178959869352,12.241513927019335,81.20584349552459,0.0216343745884021,8188.0,1,0.021210000000000062,-657.7978896924405,5,-2.1689701080322266,27
yolo11m.pt,5,115W,28,7197.9109375,34.246800307219644,0.3292141360002278,0.402661813354059,40.9753086419753,93.0,31.568356374807987,93.0,0.1063815424630782,38.99934435900348,0.0,0.78668,0.0,8200.0,8200.0,8200.0,-1.4315448518558995e-14,0.0,34.26543209876543,85.0,25.45468509984639,79.0,0.088797515565772,32.9665243142444,28.118462962962965,115.442,2.716487355473845,77.786,0.067526757861177,93.031,34.246800307219665,15.245,78.3195,22.492015790897955,556.2037037037039,2655.0,2330.2995391705067,2655.0,1.280045365281856,317.89091490413733,0.2177031305046899,0.3292141360002278,0.358006419999947,-0.0037452775384834,0.0716709480136463,7.722222222222214,82.0,70.60215053763442,81.0,0.0177307790171434,5.194519886365077,89.12147082556835,134.47474642113292,20.29208014273027,85.05102587691016,0.0518427997175552,8188.0,1,0.01924999999999999,-675.6117632852979,4,-2.2344231605529785,28
yolo11m.pt,5,115W,29,7409.9109375,34.51189143730883,0.3385591560002649,0.4029074771375189,44.37423312883436,96.0,30.091743119266056,95.0,0.106226741269775,37.54582308202191,0.0,0.78726,0.0,8200.0,8200.0,8200.0,7.406205081893921e-15,0.0,37.52147239263804,85.0,24.363914373088686,82.0,0.0883283872363349,32.18195090237036,29.82003680981596,117.45,2.6532304138222624,76.342,0.0684459371095839,91.568,34.51189143730887,15.226,78.231,22.876088795574635,547.9141104294476,2655.0,2328.7844036697247,2655.0,1.2564416608118223,316.87372580474124,0.2722160416091007,0.3385591560002649,0.4008310200002596,-0.0047131192307782,0.0921612332969101,7.969325153374228,82.0,70.48012232415903,80.0,0.0177825262406255,5.350303885481084,94.33700240540422,169.4355312563758,34.5944181932331,85.65711334647025,0.1344769707698413,8188.0,1,0.018670000000000075,-696.5010710295795,3,-2.3566484451293945,29
yolo11m.pt,5,115W,30,7582.4975,33.70335928143714,0.3354650720000063,0.3768766615996463,37.64670658682635,96.0,24.115269461077844,93.0,0.0811729080815517,35.24520870846757,0.0,0.77615,0.0,8200.0,8200.0,8200.0,2.410263460489952e-15,0.0,27.718562874251496,86.0,18.77844311377245,82.0,0.0613024359708655,30.045803596239026,28.157964071856288,116.755,2.7330510063052755,76.866,0.0667641622919911,92.113,33.70335928143713,15.247,78.356,22.54536599025152,575.8383233532936,2655.0,2321.497005988024,2655.0,1.2948253861039694,316.219606937007,0.3177493745668661,0.3354650720000063,0.3854155600001832,-0.0051482565384125,0.1065938168170307,7.538922155688624,82.0,70.71107784431138,81.0,0.0173154541388846,5.2865831227458,106.3179546217484,235.5367091565608,57.511738079311264,89.42808806038512,0.292617138904224,8188.0,1,0.02978000000000003,-711.3365470200564,2,-2.8585803508758545,30
yolo11m.pt,5,115W,32,7981.842968749999,33.097109080318376,1.0475370424999255,1.0744588405431543,60.18991661941067,100.0,46.78454762029426,100.0,0.0915998892422922,42.861123598691705,0.0,0.77828,0.0,8200.0,8195.53903345725,8200.0,0.0116053907078357,51.54298888457104,16.65367651691765,84.0,18.941303209592125,75.375,0.0322217942653757,25.794533391823173,21.066877239409408,115.0,2.719926381604365,75.0735,0.0354295478850202,90.03399999999999,33.09710908031834,14.9605,65.718425,17.629380392101027,584.5031819041019,2655.0,2404.747630766009,2647.5,0.9191006295316704,301.2876589543836,0.5111417482553405,1.0475370424999255,1.898527199999876,0.0788143973308265,0.6054942498203695,4.337649381471444,81.5,71.57029949212,79.125,0.0076104297042873,3.853629753422743,50.042025921000096,79.31688692310466,21.759542108448887,39.21520779375631,0.2810720170468884,8188.0,2,0.027650000000000063,-781.2773590148098,0,-2.9049899578094482,31
yolo11m.pt,5,115W,31,7875.1109375,34.48701545595051,0.3397983719997864,0.3780203776472083,36.47204968944099,99.0,31.961360123647605,93.0,0.0967261422135309,39.80936089467514,0.0,0.78132,0.0,8200.0,8200.0,8200.0,3.980031556533216e-15,0.0,30.701863354037265,87.0,26.853168469860897,85.0,0.083270727960915,34.358889812189474,28.824341614906828,116.977,2.655869137675587,76.342,0.0677669612264946,91.593,34.48701545595054,15.251,77.4403,22.70294877884334,572.2360248447203,2655.0,2325.672333848532,2640.0,1.3272451934758551,315.2696462108431,0.3507625666577457,0.3397983719997864,0.4282425399989732,-0.0050825293846187,0.1191885491087685,7.850931677018636,82.0,71.20865533230294,81.0,0.018451836929354,5.603436725597333,117.355175748996,294.9522668451725,79.38782542456427,91.23057246436566,0.4576182285971442,8188.0,1,0.02461000000000002,-739.6726143625707,1,-3.220449447631836,32
yolo11m.pt,5,65W,3,2485.062082122093,26.982007035175872,0.0882221423256259,0.7934701549627751,40.54435483870967,63.0,26.6572864321608,61.0,0.0560294746623471,25.849159170512284,1.0,0.76056,745.967741935483,8000.0,7571.859296482412,8000.0,1.0312891455410431,494.8092981230777,15.185483870967742,27.0,10.834170854271356,25.0,0.0211932246137721,10.155159996955916,18.256971774193552,48.137,2.210176578868099,46.448,0.0262391247162091,59.635,26.98200703517588,13.187,39.05,11.332460256017749,193.9112903225805,2505.0,2155.311557788945,2505.0,0.2643740386254071,199.1711554490256,0.3229576878564206,0.0882221423256259,0.1246143400001528,-0.0001196063830331,0.0284920191032242,5.411290322580655,75.0,70.25628140703517,74.0,0.0078815448847349,2.911016718067827,35.57042602514162,42.297239450798806,5.905005349450355,34.00506857934904,0.0275589367008997,8188.0,1,0.04537000000000002,-233.50410547163509,27,2.2935876846313477,1
yolo11m.pt,5,65W,4,2747.92109375,26.000544662309373,0.0933958287500047,0.607085604171974,37.75982532751092,71.0,26.685185185185187,70.0,0.0613201048803676,29.36988992345789,1.0,0.76815,737.9912663755458,8000.0,7546.840958605664,8000.0,1.1565837630657907,497.8010893890274,15.624454148471616,33.0,11.859477124183009,32.0,0.0255508250918228,12.814873938596229,17.825838427947602,46.97,1.7008489850639965,30.782,0.027806557887174,44.223,26.00054466230937,13.441,39.6494,11.23876134832124,129.6943231441046,2505.0,2074.8692810457514,2505.0,0.2020755639637168,217.12090221931385,0.3389761960004878,0.0933958287500047,0.1268264750003254,-0.0001972978820464,0.0316589627519896,4.947598253275103,76.0,70.66884531590414,75.0,0.0080407102965837,2.8752813589776145,44.7467922180994,52.16476947322112,6.949286573428371,42.82846518453103,0.0241188517556236,8188.0,1,0.037780000000000036,-254.29891719674333,26,1.950899600982666,2
yolo11m.pt,5,65W,5,3016.1239783653846,25.254052631578936,0.1024639038461967,0.5175257641137794,39.71100917431193,82.0,27.87871853546911,80.0,0.0694661440692722,32.4871941707119,1.0,0.77144,665.1376146788998,8000.0,7494.279176201373,8000.0,1.117971980601446,499.96727110388446,17.504587155963304,40.0,13.27116704805492,39.0,0.0307370398205284,15.136100080281157,17.834385321100918,49.262,1.935293345309872,35.529,0.0298022624288197,48.874,25.254052631578947,13.345,39.653,11.176665117273712,84.63302752293566,2505.0,2045.5263157894733,2505.0,0.1875788530043177,238.4338388982057,0.3581678490351983,0.1024639038461967,0.13442006499954,-0.0002815252506523,0.0366992760443416,5.224770642201847,77.0,70.83409610983982,75.0,0.00878165831432,2.9087857005342386,51.13719342653223,59.68844738215869,8.037254368472976,48.797672275938645,0.0247025421523915,8188.0,1,0.03449000000000002,-277.3880539972911,25,1.6179726123809814,3
yolo11m.pt,5,65W,6,3104.1813210227274,25.32969050410316,0.1131933145454075,0.4778586040947953,43.63849765258216,81.0,27.485345838218056,78.0,0.0746944333925835,31.584031959548472,1.0,0.78781,549.2957746478869,8000.0,7471.277842907386,8000.0,0.9697838792213552,499.17435600393895,20.070422535211268,41.0,13.42907385697538,40.0,0.0341679736520713,15.833577590987842,17.195868544600934,46.838,2.3135695238955662,45.084,0.0301460907740757,58.602,25.32969050410316,13.518,39.7404,11.411534979213828,27.74647887323954,2505.0,2008.856975381008,2505.0,0.0913889541001285,263.09059180644425,0.30098656968392,0.1131933145454075,0.1475560099996528,-0.0003057455302835,0.0340696674561751,4.840375586854449,78.0,71.19226260257913,76.0,0.0087097837345986,2.911848482729484,55.30552263148657,64.80331992904956,8.964905289360042,53.00666407814304,0.0262757069818116,8188.0,1,0.018120000000000025,-283.6818837562075,24,1.525006651878357,4
yolo11m.pt,5,65W,7,3375.466488486842,25.511528571428578,0.1298067052632081,0.473081067155049,45.04285714285714,87.0,27.335714285714285,83.0,0.076586843235322,34.13463065867392,1.0,0.79304,757.1428571428569,8000.0,7520.238095238095,8000.0,1.2880747927849727,499.5902516073886,21.88095238095238,43.0,13.895238095238096,43.0,0.0368024493070021,17.04632277593634,17.4975380952381,47.705,2.385627338228599,47.302,0.0308743504050155,60.861,25.51152857142857,13.559,40.60365,11.638806720321169,4.571428571428669,2505.0,1983.625,2490.0,-0.0154338471892071,269.00508243339937,0.3233938430802641,0.1298067052632081,0.1696029699999598,-0.0004937601651716,0.041978689272656,4.152380952380952,75.0,71.06547619047619,75.0,0.0075267052735132,2.481214854500717,57.0312873428284,67.06622320848558,11.815392028641568,53.92633597629759,0.0429210089143216,8188.0,1,0.012890000000000068,-310.2944419771914,22,1.17939293384552,5
yolo11m.pt,5,65W,8,3187.18359375,26.641321368939288,0.1396455850000165,0.4650140973239234,42.11507228013592,87.0,31.5645962866163,84.0,0.0853000563355532,35.14730636966034,1.0,0.80593,663.8109773656624,8000.0,7504.246650768169,8000.0,1.293749101595596,499.7707939272348,22.2530236710246,49.5,16.710428651619107,48.5,0.0443341607908616,19.268351175042007,15.973789595691988,55.787,2.2859412735404048,46.727,0.0321730413745667,60.874,26.64132136893929,14.147,45.27435000000001,12.675200382910695,4.308083280539107,2490.0,1977.1021100071152,2490.0,0.0112278102462047,295.4833456783921,0.2037173731461764,0.1396455850000165,0.167146940000066,-0.0003790187974651,0.0285005588229167,4.244039048551521,79.5,73.9308746080496,77.5,0.0082873844033373,2.5718793242468747,58.78951567825947,68.54845895441547,7.866399375535521,57.289194846785904,0.0181076774550324,8188.0,2,0.0,-289.6731067407163,23,1.1731653213500977,6
yolo11m.pt,5,65W,9,4023.0819270833335,24.96414510278108,0.1575760799999868,0.4370835695385677,52.12135922330097,88.0,31.60459492140266,86.0,0.0927118105179106,35.00854451824197,1.0,0.78136,524.2718446601939,8000.0,7389.359129383313,8000.0,0.8659135039522953,487.6049607512023,28.689320388349515,55.0,18.287787182587667,50.0,0.0516814196992839,20.19456469820813,17.27255339805826,51.091,2.231440322536583,42.373000000000005,0.0313516718639723,55.706,24.96414510278114,13.333,40.0625,11.431844693179729,-1.5291262135922352,2490.0,2001.36638452237,2490.0,0.0677596305243353,291.1833339336043,0.2926184246493356,0.1575760799999868,0.1900842299995019,-0.000770893863445,0.0461096642920138,4.752427184466015,76.0,70.88270858524788,75.0,0.0084127738005388,2.6934518501596103,60.58686965971587,80.61040996234522,15.175007404970453,57.11526774876462,0.062733684371224,8188.0,1,0.02456999999999998,-373.0343180796308,21,1.0485645532608032,7
yolo11m.pt,5,65W,10,4107.477824519231,24.955166462668306,0.1752078538461389,0.4372341158297255,45.13235294117647,90.0,29.31089351285189,88.0,0.0830273944605508,35.16589523002265,1.0,0.79059,509.8039215686276,8000.0,7470.012239902081,8000.0,0.9800019399355796,499.09992410769775,24.25490196078432,56.0,16.56670746634027,49.0,0.0446432516559427,20.09593315340447,17.385328431372557,48.706,2.2138101175420046,41.752,0.0317727178647118,55.246,24.9551664626683,13.494,40.0166,11.349517972356724,-73.30882352941171,2490.0,1963.8800489596083,2490.0,-0.0960786323489372,288.6483510375009,0.220981118144601,0.1752078538461389,0.2034535600007075,-0.0007927545104891,0.0387176274506356,4.833333333333329,77.0,70.87760097919217,75.0,0.0084445730302127,2.67811295160254,58.82617162245882,68.23989836092804,8.766420951274073,57.07506701601192,0.0222076943125726,8188.0,1,0.01534000000000002,-381.49530953484964,20,0.8274297118186951,8
yolo11m.pt,5,65W,11,4411.90859375,25.781209617755867,0.191110385000032,0.4479142632559866,44.75247524752475,91.0,27.794081381011097,89.0,0.079250616016635,35.78691926003243,1.0,0.78801,702.970297029703,8000.0,7493.218249075216,8000.0,1.283843232905693,499.95400573892215,24.65346534653465,52.0,15.720098643649814,48.0,0.0435555087623628,20.324235604025223,18.88147524752475,49.856,2.477812365949048,50.353,0.034417498449413,63.881,25.78120961775586,13.528,41.281,12.071843210589943,36.31188118811883,2490.0,1966.5351418002467,2490.0,0.0256992489017673,315.14155069926545,0.2351935630561202,0.191110385000032,0.2219451100005244,-0.00101366019728,0.0449479323851844,4.702970297029708,80.0,70.99136868064119,75.0,0.0084908048001717,2.737360726941435,59.837391364528905,71.56046882782009,11.1839360013963,57.55835822317115,0.0349336562454235,8188.0,1,0.017920000000000047,-411.8138783646486,19,0.5680240988731384,9
yolo11m.pt,5,65W,12,4490.344957386364,24.20313990267641,0.1991287072727407,0.4016283300634369,43.82926829268293,91.0,27.5352798053528,90.0,0.0823258900691035,35.36807633250436,1.0,0.79287,570.7317073170734,8000.0,7409.9756690997565,8000.0,0.9742075417800342,491.8288521894211,25.80975609756097,63.0,16.819951338199512,55.0,0.0491501159718669,21.62293976510185,17.053126829268294,48.986,2.371427849064043,43.823,0.0314488919462741,57.396,24.2031399026764,13.573,42.824,11.974749387525929,-57.43902439024396,2505.0,1960.7116788321168,2490.0,-0.0688155270323855,293.6246935571404,0.2439037531976562,0.1991287072727407,0.235621760000049,-0.0010188108080864,0.0485682390732188,4.351219512195115,76.0,70.64111922141119,75.0,0.0078195762576911,2.5972871328573683,62.71488827312148,72.08658029717236,11.52306310188134,60.26253152722953,0.0337593887360604,8188.0,1,0.013060000000000072,-417.718910802834,18,0.5379843711853027,10
yolo11m.pt,5,65W,13,4760.54859375,25.593834532374075,0.2153378719998727,0.4239478357321762,46.66346153846154,89.0,27.6726618705036,87.0,0.0815038702337438,35.73778130800123,1.0,0.7918,533.6538461538457,8000.0,7456.8345323741,8000.0,0.9767160213501704,498.1332576777397,27.6875,54.0,17.047961630695443,53.0,0.0474603040716566,21.74128678346629,17.879697115384616,48.396,3.1517746939390467,67.42,0.0321892359545808,80.666,25.593834532374103,13.246,49.622,13.875493271728091,83.14903846153857,2505.0,2045.2517985611512,2490.0,0.1821820357833398,293.5253495732335,0.2391663987054031,0.2153378719998727,0.2699490799999693,-0.0017433689123632,0.0515015833510946,4.961538461538467,78.0,70.61270983213429,75.34999999999991,0.0083074387726916,2.809265518375411,62.63238947173432,77.83975827259707,10.399798496349929,60.370244580143726,0.0275709599810094,8188.0,1,0.014130000000000087,-444.9528925333886,15,0.4337107539176941,11
yolo11m.pt,5,65W,15,4766.82109375,25.77520075282307,0.2385649866667032,0.4099373615952557,44.040201005025125,91.0,27.52823086574655,88.0,0.0823911351172898,36.27198619031103,1.0,0.78352,693.4673366834168,8000.0,7478.042659974906,8000.0,1.3063070088605846,499.5176425503132,26.889447236180903,67.0,17.70012547051443,57.0,0.0505424974894756,23.58825308916624,18.68027638190954,48.444,2.882460575670301,60.745000000000005,0.0354117725446697,74.296,25.77520075282309,13.551,48.6812,13.956366794683834,178.0402010050252,2505.0,2044.9121706399,2505.0,0.3006417783391498,284.42912922333795,0.2203847482550315,0.2385649866667032,0.2827882000005047,-0.0016370669038255,0.0525760845290063,3.633165829145725,75.0,70.61229611041405,75.0,0.0072647698070923,2.391746446456636,65.980825387074,94.95912394027184,16.168742663689464,62.87594927312761,0.060050552831056,8188.0,1,0.02241000000000004,-444.1138209616881,16,0.420177161693573,12
yolo11m.pt,5,65W,16,4529.07109375,27.39181507033348,0.2531016787499765,0.433333175068285,45.70761814446025,91.0,31.927343132606293,89.5,0.0978813737935539,38.33148465153068,1.0,0.7944,604.7099731310254,8000.0,7491.382171645329,8000.0,1.291297842621273,499.7565248322328,28.614256361624783,65.0,20.22776197249881,59.5,0.0617649672068121,25.279562295009963,18.013975185712027,51.758,3.021855366106541,68.614,0.0384425058060533,82.775,27.391815070333493,14.161,49.8525,14.5438485534262,62.6697486960644,2490.0,2021.9172000948315,2490.0,0.1274750379622575,305.06949266801,0.1255522040156828,0.2531016787499765,0.2814378750008472,-0.0011255795168856,0.0319928070336756,4.153168958432126,79.5,73.50522364469734,77.5,0.0084522590539232,2.606531457129252,64.10321964787656,74.69118745954742,6.706299586931172,63.23583605637632,0.0115190673048131,8188.0,2,0.01153000000000004,-420.4451237552409,17,0.38812747597694397,13
yolo11m.pt,5,65W,17,5182.08359375,25.35603698979593,0.2680657300000121,0.3998285038574679,39.9234693877551,91.0,26.346938775510203,90.0,0.0781190593229751,35.03204860416266,1.0,0.79882,576.5306122448974,8000.0,7437.5,8000.0,1.1267769425655938,496.0783708246107,24.301020408163264,63.0,17.306122448979593,57.84999999999991,0.0483721829020062,23.09674999810151,15.280693877551023,51.623,3.102969128482615,65.232,0.0317970328178126,78.679,25.35603698979592,13.447,47.489,13.475542653395395,81.12244897959181,2505.0,2008.0676020408164,2505.0,0.1538193028144703,304.72490399315507,0.2281705660275821,0.2680657300000121,0.3188508300000194,-0.0015506294371451,0.0611647093466997,4.219387755102048,77.0,70.23724489795919,75.0,0.0081084809646825,2.6558254340116854,67.41747388555501,122.09864250027964,19.83729409522556,63.41728202258168,0.0865804647506695,8188.0,1,0.007110000000000061,-485.2299085594102,14,0.006244790740311146,14
yolo11m.pt,5,65W,18,5344.33359375,24.913104294478515,0.2710958499999378,0.3752132880471531,43.82266009852216,92.0,26.058895705521472,90.0,0.0842711276940797,36.25535159153656,1.0,0.79051,650.2463054187192,8000.0,7483.435582822086,8000.0,1.193388526481267,499.725544757876,26.87192118226601,60.0,16.58282208588957,56.0,0.0511992849777043,22.62270317146688,18.978660098522163,51.702,3.03414617088698,62.148,0.0340791094496615,75.59,24.91310429447853,13.442,48.46089999999998,13.687960620599618,46.25615763546784,2505.0,1994.8343558282209,2505.0,0.0896664027302786,295.9777446409519,0.2534092044403697,0.2710958499999378,0.3241089899997859,-0.0025909870544045,0.06869818367557,3.93596059113301,75.0,69.86380368098159,74.0,0.0071151767561005,2.5297935628547434,72.80253222895963,156.1547000780966,28.61583956756958,66.39718018554738,0.1544969869430137,8188.0,1,0.01541999999999999,-499.57921412256724,13,-0.15913671255111694,15
yolo11m.pt,5,65W,19,5572.828794642857,25.237060869565287,0.30529084571434,0.4055075608533613,43.4726368159204,89.0,26.03105590062112,86.0,0.0820241302312015,34.92868019446641,1.0,0.78833,696.5174129353227,8000.0,7443.478260869565,8000.0,1.291187512953858,496.7950211160244,26.855721393034823,65.0,17.13416149068323,60.0,0.0516396103111893,23.335402437189675,18.886462686567164,47.802,2.747388071786765,55.89,0.0348805664662523,69.336,25.237060869565216,13.446,48.61719999999999,13.808532276452675,132.46268656716438,2505.0,2056.6211180124224,2505.0,0.2681888248445366,276.18566408253844,0.1939124729498938,0.30529084571434,0.3473752599999897,-0.0027715508403416,0.0591997028614321,4.393034825870643,76.0,70.01739130434783,74.0,0.008258539308758,2.686926370210132,64.01558171940455,79.48262316233861,10.068071337314072,62.2357344372463,0.0247355274476407,8188.0,1,0.01760000000000006,-524.990610975851,12,-0.2262156754732132,16
yolo11m.pt,5,65W,21,5991.4193080357145,25.50218304668304,0.308406385714261,0.3745255286310008,48.8128078817734,95.0,29.345208845208845,88.0,0.0899525436369209,37.36742324266792,1.0,0.78517,600.9852216748768,8000.0,7443.488943488944,8000.0,1.0508492658222144,496.7962363907401,32.1576354679803,71.0,20.19041769041769,63.0,0.0593408282856588,26.334119581358497,18.74789655172414,49.082,2.818895930140779,58.641000000000005,0.0333367598838406,71.888,25.502183046683044,13.247,50.322,14.249255631997151,-4.729064039408968,2490.0,1993.9864864864865,2490.0,0.0140540229055853,281.7995411455926,0.2772164516703256,0.308406385714261,0.3642256800003451,-0.0029531795518251,0.0854953239201772,4.192118226600982,75.0,69.31941031941032,73.0,0.0077834242414416,2.6510749099328232,79.65130306830851,184.4658286465576,47.16311475124499,68.09197530513046,0.3506058740358959,8188.0,1,0.02076,-563.3892582298297,11,-0.5722942352294922,17
yolo11m.pt,5,65W,22,6255.200260416666,25.58726424870468,0.3385394566666037,0.393740842560968,51.46632124352332,92.0,28.458549222797927,87.0,0.0970782028165615,37.18821463501314,1.0,0.78163,637.3056994818653,8000.0,7435.233160621761,8000.0,1.257251495654591,495.7875114572305,33.64248704663212,71.0,19.53497409326425,63.0,0.0634835847762427,26.09890652672101,18.915974093264253,51.177,2.9422449882976927,61.982000000000006,0.036695935949211,75.284,25.58726424870466,13.302,49.55484999999999,14.384408978589745,38.78238341968927,2505.0,2029.2940414507773,2490.0,0.0926129843446945,268.67753331363764,0.1588728203710984,0.3385394566666037,0.3671874749996277,-0.0026285088542843,0.0537847182875225,4.336787564766837,76.0,68.96373056994818,74.0,0.008392483010543,2.7931690490791765,66.2413895775856,79.33973248985342,8.430035871577102,64.98503960696603,0.0161957094418266,8188.0,1,0.02429999999999999,-591.648885127228,10,-0.652651309967041,18
yolo11m.pt,5,65W,23,6530.666927083334,24.84582330345713,0.3463981199999883,0.3741976731378023,46.35897435897436,93.0,27.34443021766965,91.0,0.0912641697123524,36.951647616190925,1.0,0.79751,507.6923076923085,8000.0,7448.143405889885,8000.0,1.1252390849667495,497.3036231994482,29.666666666666664,68.0,18.52496798975672,65.0,0.0582742857804995,25.6776222748602,18.45649743589744,47.186,2.511971498699173,49.218,0.0352634868607492,62.412,24.845823303457102,13.194,48.652,13.870092654072025,20.461538461538566,2505.0,2005.50576184379,2505.0,0.0524014546744238,279.7523260372775,0.227874969053504,0.3463981199999883,0.3892655749997629,-0.0032550264293679,0.0789354608751893,4.410256410256409,74.0,69.1101152368758,74.0,0.0083120330553779,2.7355791343971183,70.09604977738064,106.63821309529403,18.021206742748216,66.3975889938455,0.0660968327824741,8188.0,1,0.008419999999999983,-618.1981459727176,9,-0.7056930661201477,19
yolo11m.pt,5,65W,24,6573.866927083333,25.270431122448976,0.3480004966666153,0.366421774232989,47.8469387755102,98.0,28.35969387755102,95.0,0.0903099199999203,39.333421784711845,1.0,0.79724,693.8775510204077,8000.0,7464.285714285715,8000.0,1.288378298826662,498.7228587060336,31.98469387755102,76.0,20.04209183673469,68.0,0.0606161719391615,27.924862992953777,17.825520408163264,52.96,3.3606470577605974,71.759,0.0348786320648766,84.925,25.27043112244898,13.166,49.6704,14.344265451379645,-2.525510204081684,2505.0,2013.4630102040817,2505.0,0.0239389518161748,294.2067615295648,0.2683143741921709,0.3480004966666153,0.4007463550002284,-0.0033468086540598,0.0933735354816675,4.147959183673478,75.0,68.86224489795919,74.0,0.0080834295794604,2.6623610553425285,76.78455283342855,154.4393643382068,31.629013194221805,68.96541881373237,0.1696772301118424,8188.0,1,0.008690000000000087,-621.0623966445837,8,-0.8727772831916809,20
yolo11m.pt,5,65W,25,6892.600260416667,25.32614012738853,0.3510145133333632,0.355593710057114,44.08163265306122,99.0,27.20509554140128,89.0,0.0828813593799458,37.836186965643776,1.0,0.79252,617.3469387755104,8000.0,7435.668789808918,8000.0,1.1997870573327842,495.8442249289092,29.97448979591837,78.0,19.230573248407644,72.0,0.0564044045196237,27.856576857066973,18.343505102040822,53.762,2.9969035793938144,62.65200000000001,0.0354901728596335,75.9,25.32614012738853,13.248,50.0594,14.532956060469033,51.73469387755085,2505.0,2028.9171974522287,2505.0,0.1421574634618794,276.2646188721121,0.3084145636494182,0.3510145133333632,0.4099033050000343,-0.0038074439154448,0.1082579879643221,4.443877551020407,74.0,68.70828025477707,73.0,0.0082794609553843,2.683328140335879,85.60205656413669,211.0294021086713,50.59732017876115,71.22212629498074,0.3493708238702223,8188.0,1,0.013410000000000033,-651.593319290156,7,-1.04827880859375,21
yolo11m.pt,5,65W,26,7044.73359375,24.314621447028404,0.4074818519999462,0.3810679606889518,43.22797927461139,99.0,27.516795865633075,92.0,0.0847649169730983,37.69895168580919,1.0,0.77872,678.7564766839378,8000.0,7506.459948320414,8000.0,1.353223169958071,499.9582673260816,27.207253886010363,68.0,18.6498708010336,67.0,0.0542360816594834,26.166138714544527,16.11831606217617,50.651,2.7695269756391734,54.118,0.0324562124619123,67.34,24.314621447028426,13.222,47.85719999999999,13.365925846976651,35.12953367875639,2505.0,2007.8488372093025,2505.0,0.094881741133859,315.94040199842595,0.1230313092761319,0.4074818519999462,0.4312751200001002,-0.0019808508461518,0.0501330257578163,4.419689119170982,74.0,68.45994832041343,73.0,0.0083920850846604,2.630141918025932,64.50604165657366,72.0504197098388,5.810462540978225,63.80652260313038,0.0081137313899647,8188.0,1,0.027210000000000067,-671.0550911025275,6,-1.211504340171814,22
yolo11m.pt,5,65W,27,7246.33359375,24.62378144853876,0.4031150120000166,0.3676376279301292,48.13775510204081,98.0,27.46886912325286,92.0,0.0901943706949086,36.8320130922662,1.0,0.78472,571.4285714285706,8000.0,7452.350698856417,8000.0,1.1841147676755517,497.7243655885536,33.66326530612245,73.0,19.51715374841169,69.0,0.0623458495471393,26.63491509160432,16.32487755102041,49.781,2.749334018476575,54.486,0.0322501113854189,67.699,24.62378144853876,13.213,49.61619999999997,13.954397706911417,137.21938775510216,2505.0,2058.4498094027954,2505.0,0.2422660557853249,271.72225609390495,0.1523805991570417,0.4031150120000166,0.4472996599999532,-0.0026296062307728,0.0614269070577606,4.489795918367349,75.0,68.74968233799238,74.0,0.0084551491082594,2.8121372945476257,68.35805600214172,86.70959624550879,9.472521552046148,66.97840367204903,0.0192022357364274,8188.0,1,0.021210000000000062,-689.3731944614784,5,-1.4297902584075928,23
yolo11m.pt,5,65W,29,7667.21359375,24.698374522292983,0.4086032920001162,0.3479943840296797,46.224489795918366,99.0,26.61910828025478,93.0,0.0868017718100027,36.861923692519305,1.0,0.78726,678.5714285714284,8000.0,7449.68152866242,8000.0,1.2990643819155567,497.4616080083459,33.62244897959184,70.0,19.29044585987261,67.0,0.0626919932167937,27.064531948846373,17.613688775510205,50.476,2.9879699141086884,60.591,0.0334959777055179,73.798,24.69837452229299,13.207,49.893,14.002301274460288,72.47448979591854,2505.0,2054.4076433121018,2505.0,0.1848474572403004,274.4849248215986,0.2755506688347735,0.4086032920001162,0.4719312400004127,-0.0049879446923079,0.1125909103987223,4.530612244897966,74.0,68.30955414012739,73.0,0.0083287275137604,2.7068627912466723,78.96449091280996,148.20252862719352,31.0456659412951,70.97348594046998,0.1545746531004178,8188.0,1,0.018670000000000075,-729.0788097151766,3,-1.4310429096221924,24
yolo11m.pt,5,65W,28,7461.13359375,25.33746143958866,0.4028603279998788,0.3645520723656061,51.41237113402062,100.0,29.59511568123393,96.59999999999992,0.0959386152485208,39.68211510138767,1.0,0.78668,680.4123711340208,8000.0,7440.874035989717,8000.0,1.2910105441892603,496.4918130038549,36.47938144329897,79.0,21.4280205655527,73.0,0.0675575592894283,29.516246869203965,18.283474226804124,51.608,2.8424315581778,58.78999999999999,0.035088237312112,72.02,25.337461439588687,13.23,50.085,14.683949740312364,94.17525773195894,2505.0,2020.95115681234,2505.0,0.1446807135664049,261.5081239649928,0.2077624808751574,0.4028603279998788,0.4512602400000105,-0.0038703704615482,0.0836992611914344,4.298969072164951,75.0,68.56041131105398,73.0,0.0082401957193644,2.5961363096490584,72.96130154741363,109.75427572586304,17.57367441879861,69.50299658200254,0.0580149612917642,8188.0,1,0.01924999999999999,-709.4809787137164,4,-1.5573712587356567,25
yolo11m.pt,5,65W,30,7839.93359375,24.65097686375322,0.4102037240000208,0.3370640836583308,43.86082474226804,100.0,27.753213367609256,92.0,0.0909713621944383,39.2265618943941,1.0,0.77615,623.711340206185,8000.0,7444.730077120823,8000.0,1.2474226135534707,496.9358465888024,26.50515463917526,77.0,19.38431876606684,72.0,0.0569477396765693,28.27140972023396,17.501757731958765,52.157,2.527486044239214,49.074,0.0342031363459138,62.305,24.65097686375321,13.231,48.635,13.514479103979808,36.108247422680506,2505.0,2027.9113110539845,2505.0,0.1127089473331279,314.5459879089101,0.3105238202193006,0.4102037240000208,0.4842536799998925,-0.004128967846153,0.12737802744467,4.288659793814432,74.0,68.13110539845758,72.0,0.0083355005194685,2.652211389811029,87.84462025489856,201.11950064428007,49.59939262432847,73.13439211975188,0.3188029835378076,8188.0,1,0.02978000000000003,-745.0458974758996,2,-1.6044373512268066,26
yolo11m.pt,5,65W,31,7982.13359375,25.110185514612457,0.4310192320001079,0.3491281572867256,35.03061224489796,90.0,22.36848792884371,88.0,0.0665353642365976,32.81830033262746,1.0,0.78132,571.4285714285716,8000.0,7463.786531130877,8000.0,1.105311645545585,498.6868603366897,23.642857142857142,66.0,16.0571791613723,65.0,0.0451725542191821,23.75532915366906,16.17737244897959,49.912,2.865689700226437,58.819,0.0323417325332916,71.958,25.110185514612454,13.139,49.62,14.08294186116484,99.8724489795918,2505.0,2054.047013977128,2505.0,0.2466855298511734,297.756296784927,0.3505026320878036,0.4310192320001079,0.5868156200003796,-0.0053978474615415,0.1510733752965015,4.443877551020407,76.0,68.6315120711563,73.0,0.0082114527302636,2.7028006794579635,93.72797208067576,239.90438477922885,65.55583815219228,71.9225447461988,0.4891975884120248,8188.0,1,0.02461000000000002,-760.0843306302032,0,-1.692577838897705,27
yolo11m.pt,5,65W,32,7820.77109375,26.4007272605627,0.4881635875000938,0.4025956585952127,50.02694610778444,100.0,31.270878633793863,96.5,0.1045599699009355,39.70018786611448,1.0,0.77828,619.0412471147097,8000.0,7498.502994011977,8000.0,1.3722315004549586,499.9955179059653,35.41857625531061,78.5,22.0929774529154,71.0,0.0735941707055598,29.143359150590328,16.65903367008999,52.846,2.3061723987612863,46.7775,0.0371802331714549,60.9115,26.40072726056267,14.134,50.718875,14.227993247196109,43.27158532097826,2490.0,1987.2723756397816,2490.0,0.0292641395062644,290.78516800886644,0.0677708271744575,0.4881635875000938,0.5238781450001171,-0.0021361123684435,0.0333065514444889,3.706804268557853,78.0,73.02687502090791,77.0,0.0083682987155193,2.5875229564443445,65.85179842301606,69.28890151870706,3.618108477169152,65.56456115035454,0.0034807766581779,8188.0,2,0.027650000000000063,-748.0212831368997,1,-1.9540175199508667,28
yolo11m.pt,10,115W,1,1813.600791168213,26.85490761707233,0.069735605351572,1.870756198019676,16.88552170603088,45.25,30.262626428000768,41.75,0.0079246066845808,14.173150904501332,0.0,0.68352,0.0,8200.0,8200.0,8200.0,2.855285228235909e-16,0.0,3.838108809136594,15.0,7.50586351079205,11.5,0.0018079715549858,3.8272815550196073,6.191826181136964,115.4205,1.3694566155384376,21.866,0.002871369071477,36.71975,26.85490761707228,14.85375,34.12685,5.779026293485061,145.99025409078706,2655.0,2288.9231640379485,2561.25,0.0705491982762886,182.05224530428328,0.1579577940353384,0.069735605351572,0.088035894999541,-1.6258390650049764e-06,0.0110212416348497,3.029355252152314,73.5,69.14116426091968,71.5,0.0014120578016886,1.7738318563217517,14.574147189492797,16.26632621453406,1.5895226694373712,14.349903527629088,0.0120207144124166,8188.0,4,0.16540999999999995,-178.13765952365833,31,2.4367339611053467,1
yolo11m.pt,10,115W,2,1991.4109375,34.81026990632314,0.0716584407812376,1.2472248323305788,31.873536299765806,51.0,30.55210772833724,50.0,0.0204598632717476,20.360744857560366,0.0,0.75905,25.292740046838844,8200.0,8193.67681498829,8200.0,0.0122377387901282,86.87830192492952,10.829039812646371,21.0,10.346604215456674,17.0,0.0068351988146189,7.126360764278779,21.79233021077284,118.112,1.2986397440080883,30.046000000000003,0.0143430634583593,45.206,34.810269906323185,15.16,44.53695,11.51830512966446,559.1451990632318,2655.0,2488.1118266978924,2655.0,0.3779419676138141,268.25105297935374,0.2270833974653107,0.0716584407812376,0.0941506850010227,-6.15408027060294e-06,0.0162724421896702,7.793911007025756,77.0,71.73009367681499,76.0,0.0055660698728741,3.54038040807024,28.513147794963807,32.11692006797336,3.29844377242811,27.91018026900272,0.0133822099760299,8188.0,1,0.08987999999999996,-189.366027569863,30,2.1429576873779297,2
yolo11m.pt,10,115W,3,2240.067487281977,35.97761317449203,0.0752070409302093,0.90192327552842,42.29775280898876,60.0,32.7281009110021,59.0,0.0345349482648882,25.147114492749875,0.0,0.78714,0.0,8200.0,8191.590749824807,8200.0,0.0151887231056806,100.10187171937534,18.370786516853933,30.0,13.988787666433076,26.0,0.0148686655725555,11.18136841900658,27.07664325842696,119.077,1.459463131846336,37.214,0.0230268945043408,52.508,35.977613174491935,15.294,51.769,14.608925181798789,610.955056179775,2655.0,2454.828311142257,2640.0,0.5213510003318622,286.20059383807273,0.2544755880406941,0.0752070409302093,0.1015286400003788,-3.085963501143066e-05,0.0191383559655155,9.12359550561797,79.0,73.09110021023126,78.0,0.0080796986577157,4.250079926093739,41.079278565527495,47.205124751121815,5.638465962889126,39.88988215590003,0.0188398009686715,8188.0,1,0.06179000000000001,-207.27452106955607,29,2.0880517959594727,3
yolo11m.pt,10,115W,4,2523.0171875,37.7851893634165,0.0794322915625002,0.7503410445647959,40.09354838709677,69.0,31.918614020950844,68.0,0.0401044289964572,27.60894149175257,0.0,0.82042,0.0,8200.0,8190.330378726833,8200.0,0.0175927736269725,107.2848728956402,19.36451612903226,35.0,15.538275584206286,35.0,0.0191303079539051,13.810226153906346,29.12816129032258,123.172,1.5674660097732165,43.989,0.030163699898424,59.227,37.7851893634166,15.238,57.383,17.048919248335384,619.4516129032259,2655.0,2443.4891216760675,2655.0,0.6365835888429436,292.4095376591798,0.255256966587269,0.0794322915625002,0.1037583550011731,-2.9972843930209143e-05,0.0202756457933193,9.132258064516122,81.0,73.82997582594682,80.0,0.0098237181479443,4.735989124664476,51.73360624398079,58.83030099982835,6.607400337609392,50.35735368219424,0.0163123201298407,8188.0,1,0.028509999999999924,-229.64719541336677,28,1.890059232711792,4
yolo11m.pt,10,115W,5,2796.0339693509613,37.357007228915606,0.0886843915384046,0.6625966911584327,39.48553054662379,77.0,33.922088353413656,72.0,0.0411861046038059,30.37399334865274,0.0,0.81861,0.0,8200.0,8190.361445783133,8200.0,0.017946088234695,107.11378684767644,20.823151125401928,43.0,17.69718875502008,40.0,0.0215186594234778,16.833339460668714,25.43690032154341,120.196,1.6641054680601204,46.754,0.0269602888760556,62.166,37.35700722891566,15.412,60.5402,18.13592514384753,524.3247588424438,2655.0,2415.0,2640.0,0.5617139608689462,299.6895984542786,0.2650747791187881,0.0886843915384046,0.116983369999707,-4.6666165043278696e-05,0.0235079954983267,7.482315112540192,81.0,73.63293172690763,80.0,0.0084451393492608,4.730083996910493,58.155437126677725,67.4953384745064,8.083318780055917,56.37970688263401,0.0193196281733636,8188.0,1,0.030320000000000014,-253.25000625129886,27,1.69174325466156,5
yolo11m.pt,10,115W,6,2880.020028409091,38.55271061946902,0.0917633513635833,0.5896209884321476,42.234042553191486,78.0,33.79115044247788,76.0,0.0532144180300412,32.17915435157793,0.0,0.8188,0.0,8200.0,8189.380530973452,8200.0,0.0169658812593334,112.38589639920384,24.08510638297872,46.0,18.82654867256637,45.0,0.0304004557168771,19.01033727966364,30.337744680851067,120.954,1.7233029515296645,51.04600000000001,0.037473908085966,66.438,38.55271061946903,15.392,65.034,19.653354735685745,595.8510638297871,2655.0,2409.2256637168143,2648.249999999999,0.7221115062170073,303.5319339321562,0.2642743706116396,0.0917633513635833,0.1190507199999046,-6.956307359843663e-05,0.0242507019268257,8.510638297872347,82.0,73.76548672566372,81.0,0.0108456766183688,5.0937106788580255,67.41191221485576,75.32558013738553,9.14684477999541,65.38558052688042,0.0184106586297317,8188.0,1,0.03012999999999999,-256.4842096486747,26,1.4514797925949097,6
yolo11m.pt,10,115W,7,3293.1319901315787,39.15030578512396,0.0994651963157498,0.5562989786769986,48.19485294117647,84.0,34.86042240587695,83.0,0.0586385490582615,34.791478857719696,0.0,0.82313,0.0,8200.0,8177.961432506887,8200.0,0.0335618362895919,161.12288023302912,27.83088235294117,54.0,20.544536271809,52.0,0.033882643587422,21.493161831178064,31.77090073529412,120.325,1.7846603902273652,54.374,0.0411262368818935,69.87,39.15030578512396,15.496,68.02940000000001,20.553825218846274,598.0698529411766,2655.0,2404.504132231405,2640.0,0.7589805787353959,304.00250444724526,0.2690381385910082,0.0994651963157498,0.1257490899992262,-0.0001190737212156,0.0267599312713785,8.44852941176471,83.0,73.66023875114784,82.0,0.0113137674889502,5.1602678173396175,72.83581691887277,78.92555116125641,11.092230756529588,70.37637544874161,0.0231925125595307,8188.0,1,0.025799999999999934,-294.92001490093776,25,1.2174856662750244,7
yolo11m.pt,10,115W,9,3844.577604166667,39.59591184573004,0.121954191999927,0.5365430484051499,43.74264705882353,86.0,33.955922865013775,84.0,0.0561669967099736,34.66359231305194,0.0,0.83753,0.0,8200.0,8188.9807162534435,8200.0,-0.0050733008344854,114.46272704064256,27.044117647058822,60.0,21.61340679522498,58.0,0.0347715119105493,23.270404008500048,31.82913235294118,119.186,1.814859076360668,56.374,0.0409396523153578,71.861,39.59591184573002,15.487,70.3818,21.20232494626981,604.5220588235293,2655.0,2405.3994490358127,2640.0,0.7674178682770386,304.8583516080066,0.2435083457391733,0.121954191999927,0.1510498900000129,-0.0001965290229781,0.0296968635498597,9.470588235294116,84.0,74.04132231404958,83.0,0.0123677317996725,5.607546117340197,76.7226818873361,104.27144885199893,14.766660068597911,73.79820121316847,0.0370439256610982,8188.0,1,0.011399999999999966,-348.09916205791166,23,1.066887617111206,8
yolo11m.pt,10,115W,8,3609.8886291503904,39.372796468467655,0.1107155126562374,0.5448255895328084,46.09390202658316,82.5,34.83954626020177,82.0,0.0608751100622886,34.65321767535086,0.0,0.81302,0.0,8200.0,8197.188378631678,8200.0,0.0044304803693741,28.906421358893816,28.97005298191688,55.0,22.08878271073446,53.5,0.0384711723440951,22.624435318584457,33.34660384499767,119.003,1.797065338705805,56.10775,0.0439172483243699,70.72775,39.37279646846768,14.62,68.9424875,21.16172249451329,607.6339618336127,2655.0,2415.559921923007,2655.0,0.7951377484959969,305.99132492613813,0.1944030736425097,0.1107155126562374,0.1384862462505679,-0.0001386910162388,0.021578721667862,10.418358382798544,79.75,70.15232875175207,78.25,0.0138074732433901,5.798800824721297,73.85912051606846,81.93003171086572,8.983207730491733,72.26829290395231,0.014875540089945,8188.0,4,0.03591,-325.5060374663612,24,1.039534330368042,9
yolo11m.pt,10,115W,10,3947.7570913461536,39.2909671977506,0.1345754176922547,0.5287598322169969,44.51503759398496,91.0,33.74414245548266,87.0,0.0582201868333078,35.73437817287978,0.0,0.8406,0.0,8200.0,8188.75351452671,8200.0,0.0162994261080742,115.62568543557526,29.69924812030075,65.0,21.97563261480787,62.0,0.038930062995405,24.89937323857446,31.551575187969927,120.0,1.8760291552257773,58.22,0.0427795946062057,73.711,39.2909671977507,15.491,71.584,21.66865509302849,579.7556390977443,2655.0,2392.253983130272,2640.0,0.7611393389731194,306.07983927997725,0.2455136581973822,0.1345754176922547,0.1690940699996645,-0.0002806788531825,0.0330401031010661,9.063909774436098,84.0,74.34582942830366,83.0,0.0122538097636486,5.634226386445341,76.60039924665656,89.10983140915013,10.929714878067394,74.30777605214544,0.0203589604648538,8188.0,1,0.008329999999999949,-358.0500699428782,22,0.8547178506851196,10
yolo11m.pt,10,115W,11,4207.3109375,39.83271621621621,0.1413603200000276,0.5118877737086014,49.142857142857146,89.0,39.21042471042471,85.0,0.0694153487327777,36.00917042429436,0.0,0.82705,0.0,8200.0,8200.0,8200.0,-8.358781417373788e-15,0.0,34.45945945945946,64.0,27.29054054054054,59.0,0.0486030146295963,25.447530000090367,32.98179922779923,117.3,2.223975877495784,73.05,0.0462735383718319,88.587,39.83271621621622,15.537,73.07849999999999,22.19358666681917,603.2432432432433,2655.0,2387.9247104247106,2640.0,0.8295456881679685,308.9534865958668,0.2315021577636448,0.1413603200000276,0.1655127800001537,-0.0002877941336249,0.0327252191021657,9.216216216216225,83.0,74.16988416988417,83.0,0.0129864047100221,5.72588955390292,80.16820716908865,98.1147483368795,12.118658065869504,77.81533035577344,0.0228509742421599,8188.0,1,0.02188000000000001,-382.0106267797792,21,0.782784640789032,11
yolo11m.pt,10,115W,12,4267.965482954545,39.798992233009685,0.150884294545391,0.5004202388912637,35.3035019455253,90.0,28.76990291262136,88.0,0.049348033706932,34.84565784806423,0.0,0.83091,0.0,8200.0,8200.0,8200.0,-1.546592117396929e-15,0.0,23.198443579766536,69.0,19.45339805825243,66.0,0.0329971676247431,24.850919834254423,33.75553696498054,119.878,1.9429637702198737,61.778000000000006,0.0476108714978193,77.328,39.798992233009706,15.55,74.975,22.718149298853287,595.6809338521402,2655.0,2387.3446601941746,2640.0,0.8218397609786854,308.4916524899053,0.2314916597528738,0.150884294545391,0.1800446799986275,-0.0003884142001202,0.034928455774954,9.194552529182886,85.0,74.23203883495145,84.0,0.0132498452471116,5.933412279628413,81.95753085490018,93.19700941907304,12.24403494458691,79.5311403095701,0.022318828192156,8188.0,1,0.018019999999999925,-387.03946455631444,20,0.5857937335968018,12
yolo11m.pt,10,115W,13,4569.2509375,40.02915957446815,0.1654497349999292,0.5094472187588949,44.88372093023256,92.0,33.159574468085104,90.0,0.062351847176769,35.25511705746771,0.0,0.84006,0.0,8200.0,8200.0,8200.0,6.800332261570967e-15,0.0,31.60077519379845,69.0,23.545454545454547,66.0,0.0440626646106674,25.69299409352116,32.60287984496124,120.534,2.253282381115256,74.577,0.0457877536868244,90.197,40.02915957446808,15.62,74.6421,22.85071996006044,581.1627906976746,2655.0,2388.931334622824,2640.0,0.7912220253621919,307.05367212828514,0.2056919019974048,0.1654497349999292,0.2007898299995758,-0.0003904918205832,0.034031670677102,9.434108527131784,85.0,74.4110251450677,84.0,0.0131293746529362,5.759049250709269,80.54086747622938,99.5713037510644,10.789109690668344,78.5737130374102,0.0179447995372253,8188.0,1,0.008869999999999933,-417.78758484244753,18,0.42635250091552734,13
yolo11m.pt,10,115W,15,4553.244227430556,39.696913498098894,0.1861183288889555,0.4925548801543726,43.37262357414449,92.0,33.26425855513308,91.0,0.0619270909524986,37.45862782583935,0.0,0.84349,0.0,8200.0,8177.186311787073,8200.0,0.0002473692206014,163.8778858956773,30.558935361216733,77.0,24.34980988593156,69.0,0.0447054622618,28.61949251253214,34.30905703422053,122.521,1.959824911922332,62.27400000000001,0.0468095552555997,77.799,39.69691349809886,15.525,75.961,23.02265780933286,596.4638783269961,2655.0,2388.00855513308,2640.0,0.8050502188892933,308.76802440115,0.2301080844937608,0.1861183288889555,0.2285897399988243,-0.0005154917561833,0.0428273321498173,9.40304182509506,84.0,74.12737642585552,84.0,0.0132077023395449,5.8876466955104645,84.69249911760778,144.89286058696302,20.871770827204497,80.59388932591106,0.0607335543748872,8188.0,1,0.00544,-414.90801584712875,19,0.32320457696914673,14
yolo11m.pt,10,115W,14,4841.4309375,40.03348568702288,0.1701230109999232,0.4864726518499045,46.95038167938932,91.0,31.635496183206108,90.0,0.0621451373980537,35.58634751325225,0.0,0.84893,0.0,8200.0,8200.0,8200.0,-2.2365333405231963e-14,0.0,31.946564885496187,69.0,22.080152671755727,67.0,0.0425637037424557,26.65111148691817,32.763969465648856,121.2,2.1597669679816938,70.961,0.0452902699430271,86.463,40.0334856870229,15.502,75.273,22.687225107240177,596.3358778625952,2655.0,2392.385496183206,2640.0,0.8023366242048328,307.3742780594044,0.2466127447516367,0.1701230109999232,0.2001427399995918,-0.0004624406942696,0.0419545026881039,8.74045801526718,84.0,74.04007633587786,82.0,0.0121548967288486,5.489782041611656,87.63958003195727,144.14718094764834,26.78002261311482,82.29339416057194,0.0933729980020974,8188.0,1,0.0,-442.77375439106146,17,0.30725565552711487,15
yolo11m.pt,10,115W,16,4860.747546386719,39.10468887648258,0.2016856581248987,0.4928921546313007,43.65326641512307,91.25,32.64460433906402,88.0,0.0585997932434088,37.41714360974587,0.0,0.83499,0.0,8200.0,8189.446009802562,8200.0,0.0005493180225076,78.70812270563749,32.50980517304238,72.0,24.393645913392216,69.75,0.0439425982437786,29.416977164937705,33.209396944172845,118.485,2.236861682697372,72.4725,0.0455102555897293,87.4155,39.10468887648258,14.943,75.93725,23.2032969949876,596.8687049165205,2651.25,2389.464091905332,2651.25,0.7965773347750392,308.85808358613133,0.1310237826671039,0.2016856581248987,0.2312415812499238,-0.0004669694122087,0.0264994317294298,9.335417628257218,83.0,72.51594224625244,81.75,0.012793889741944,5.743598170646079,80.40432165389086,90.04319888563128,8.277688635720848,79.34181951896423,0.0107567054535772,8188.0,4,0.013939999999999952,-446.2919947025899,16,0.14567530155181885,16
yolo11m.pt,10,115W,17,4936.5859375,39.923731827111965,0.2062406249998275,0.4843467884911223,45.31102362204725,93.0,37.73968565815324,91.0,0.0681528930739135,37.11208023952208,0.0,0.8409,0.0,8200.0,8188.212180746562,8200.0,0.0161065151143721,118.34876603232502,36.13385826771653,74.0,28.324165029469548,71.0,0.0539954539702329,29.16033560225978,33.88537007874016,117.207,2.2179289346861,73.167,0.0479112863669058,88.548,39.92373182711198,15.381,77.072,23.27503282151545,580.3937007874015,2655.0,2388.595284872298,2640.0,0.8028657585265196,308.38103337582305,0.232477881280204,0.2062406249998275,0.249489650000487,-0.0006696667112048,0.0479463835338649,8.846456692913392,85.0,74.1434184675835,83.0,0.0126520316113792,5.631013345777732,87.13414162903254,152.94631823655763,23.11298232761365,82.42798915109093,0.070361527634245,8188.0,1,0.008029999999999982,-452.1873496247679,15,0.027890849858522415,17
yolo11m.pt,10,115W,18,5096.4109375,39.62463988383346,0.2117624250001427,0.4661672128643303,47.20542635658914,92.0,33.480154888673766,91.0,0.0656248635128911,36.48240625682088,0.0,0.82378,0.0,8200.0,8200.0,8200.0,-2.1142555220045526e-14,0.0,35.406976744186046,74.0,25.1297192642788,73.0,0.0496055389195807,29.0336223562185,32.96090310077519,116.614,2.249862718282329,73.753,0.0449820125938927,89.15,39.62463988383349,15.397,76.931,22.873619732373285,588.4883720930234,2655.0,2389.646660212972,2640.0,0.8038116933162736,308.61382622565014,0.2495023568996028,0.2117624250001427,0.2472733649999099,-0.0006556836005665,0.0528352241403109,9.038759689922472,85.0,74.04646660212973,83.0,0.0124915179317333,5.690277164957312,92.33940558165492,167.19656913885828,34.72015044262402,85.00091553063709,0.1413803484026412,8188.0,1,0.025150000000000006,-466.56798740838445,14,-0.06603245437145233,18
yolo11m.pt,10,115W,19,5355.853794642857,38.86564609450331,0.2350415142856685,0.4807915953548916,39.3976833976834,93.0,32.12729026036644,93.0,0.0610297235594753,35.80595940235207,0.0,0.83032,0.0,8200.0,8200.0,8200.0,6.096969748059302e-16,0.0,29.416988416988417,77.0,24.30568948891032,74.0,0.0463452713802489,28.466158432828085,33.62672972972973,121.245,2.3488867206278337,75.827,0.0465639531048614,91.291,38.865646094503376,15.464,77.479,23.204595143868705,588.6486486486488,2655.0,2382.8158148505304,2640.0,0.8103667655593224,310.07025959122024,0.1842997216828538,0.2350415142856685,0.2616855099993699,-0.0008566175732661,0.0433180856667652,9.826254826254823,86.0,74.28833172613308,84.0,0.0134146538570147,5.8386195391824645,82.75369455761974,100.3022407156588,11.60275798647544,80.83678348373586,0.0196583780758668,8188.0,1,0.018610000000000015,-494.85829959294483,13,-0.07824420928955078,19
yolo11m.pt,10,115W,20,5547.453794642857,39.03172928709057,0.2352733842856521,0.4591563521947601,35.432432432432435,93.0,32.604046242774565,92.14999999999998,0.0575104870292912,36.40118811456577,0.0,0.83927,0.0,8200.0,8200.0,8200.0,-1.54435736730015e-14,0.0,27.0,77.0,24.692678227360307,74.14999999999998,0.044259482278099,29.92297376136022,31.82635135135135,120.024,2.5840259153815746,85.50399999999999,0.0439498431790758,100.859,39.03172928709056,15.355,76.2,22.604239593153995,579.9613899613901,2655.0,2389.421965317919,2640.0,0.7854176736648463,309.06667440619907,0.2346489304200502,0.2352733842856521,0.2736717199997656,-0.0006765541020055,0.0552066479789337,8.888030888030897,84.0,74.08959537572254,83.0,0.0121351376129822,5.73068235554644,91.40161797050683,164.0804203383776,30.095670053865863,85.00749058685462,0.1084177192061695,8188.0,1,0.009660000000000002,-511.5481969695911,12,-0.3018830716609955,20
yolo11m.pt,10,115W,21,5761.053794642857,37.9046998175183,0.2411390785713333,0.4352525898818737,52.762773722627735,97.0,35.84580291970803,93.0,0.0665266700312648,38.85884689983115,0.0,0.84067,0.0,8200.0,8200.0,8200.0,-1.4357948079012369e-15,0.0,42.54744525547445,81.0,27.818430656934307,77.0,0.053503213944786,31.811529661979044,34.3860693430657,116.568,2.438826859071339,76.887,0.0420952421029546,92.443,37.90469981751825,15.556,79.41175,23.32044284688943,596.0583941605842,2655.0,2386.300182481752,2655.0,0.7435871499449865,309.9619152494,0.2778916884887546,0.2411390785713333,0.2862408899994989,-0.0008877025544578,0.0670105457048102,8.80656934306569,84.0,73.27463503649635,82.0,0.0110043188935436,5.338225912107828,100.09065540676816,213.558725636621,52.95417336668654,87.08667265553899,0.2799067165114182,8188.0,1,0.008259999999999934,-531.4351418344659,11,-0.3834226131439209,21
yolo11m.pt,10,115W,22,5981.818294270834,39.084499034749015,0.2708006866667347,0.4810958716652437,59.07335907335907,93.0,37.65250965250965,92.0,0.0777388168189392,38.495761481009865,0.0,0.823,0.0,8200.0,8200.0,8200.0,-8.358781417373788e-15,0.0,46.71042471042471,80.0,29.6496138996139,77.0,0.0616879180251785,31.49087950707187,33.52126254826254,121.364,2.280725151952108,73.685,0.0469374793380201,89.141,39.08449903474903,15.456,77.53275000000001,23.237195391425047,595.9459459459458,2655.0,2383.0453667953666,2640.0,0.8234744534480392,309.8921952103321,0.1612199544921969,0.2708006866667347,0.3048236749997158,-0.0009659774437312,0.0436584743808666,9.227799227799224,84.0,73.93146718146718,83.0,0.0129184636039694,5.695806742656842,82.85913604853936,106.8470671274118,10.892403151680568,81.24056209308901,0.0172809101800299,8188.0,1,0.02593000000000001,-557.2569849781798,10,-0.4570549726486206,22
yolo11m.pt,10,115W,23,6232.344270833333,40.50218547595676,0.2721784100000453,0.4792965410596886,45.9488188976378,93.0,33.26594700686948,92.0,0.0644177817809702,38.15428788954566,0.0,0.83356,0.0,8200.0,8200.0,8200.0,2.5342286154202482e-17,0.0,35.88582677165354,81.0,26.20412168792934,78.0,0.0505879222769233,31.70926474620249,35.10701574803149,120.378,2.324467158837332,78.598,0.0498195632457478,94.146,40.50218547595682,15.548,79.24229999999997,23.95333448880195,577.9133858267714,2655.0,2383.8665358194307,2640.0,0.805013367308553,309.9105823252334,0.227597441173471,0.2721784100000453,0.3110861050001403,-0.0012364773214847,0.0619471096586742,9.20866141732283,84.0,74.21491658488715,83.0,0.0130983519304484,5.719475300356952,89.55158575691765,152.531919384438,24.35848354369894,84.50339613636574,0.0739867471180252,8188.0,1,0.015369999999999995,-580.6343634967052,9,-0.6440954208374023,23
yolo11m.pt,10,115W,24,6307.744270833334,39.57263555992139,0.2726251549999385,0.4495206626366519,45.09842519685039,99.0,35.54518664047151,95.0,0.0664211355833645,38.76583802593697,0.0,0.83384,0.0,8200.0,8200.0,8200.0,6.515801296134041e-15,0.0,36.62204724409449,85.0,28.31532416502947,78.14999999999998,0.053732159084209,32.78823793825021,33.24317716535434,122.022,2.353217031981403,77.664,0.0481516663455316,93.123,39.572635559921416,15.459,79.475,23.217829805306216,583.464566929134,2655.0,2381.434184675835,2640.0,0.8181766732173903,310.6692441546604,0.2534313054055127,0.2726251549999385,0.3182793200002379,-0.0011921877827186,0.0690917489180146,8.8976377952756,85.0,74.21119842829077,84.0,0.0130318826134885,5.846900034856135,96.53539559037723,185.3337004854471,36.04635437420998,88.03296232882624,0.139427851344651,8188.0,1,0.015089999999999937,-585.870685798022,8,-0.7977702021598816,24
yolo11m.pt,10,115W,25,6647.044270833333,40.17290480769231,0.2806494166666804,0.450980092003397,47.83846153846154,99.0,34.79423076923077,93.0,0.0689172483730818,38.93777043843132,0.0,0.83597,0.0,8200.0,8200.0,8200.0,-2.193392376241075e-15,0.0,38.89615384615384,86.0,27.79038461538461,80.0,0.0562987406039221,33.24553619322673,35.68794230769231,117.27,2.318975947742811,77.55799999999999,0.0485727242454494,93.16,40.17290480769231,15.602,81.53749999999998,24.772260588004013,581.5384615384614,2640.0,2380.125,2640.0,0.7986987321548955,310.13905651336466,0.296920110591045,0.2806494166666804,0.3309935699993729,-0.0011610588941438,0.083330455833983,8.93076923076923,86.0,74.40384615384616,84.0,0.012418355387931,5.6631725798035735,106.91789927892486,286.93091154411485,65.94267941931712,89.0791090782555,0.3803928498370179,8188.0,1,0.012959999999999972,-619.2928385979186,7,-0.9381155967712402,25
yolo11m.pt,10,115W,26,6789.7909375,38.78646580773045,0.323320122000041,0.4823248021886857,56.81746031746032,93.0,38.75024777006938,93.0,0.076867434017931,39.46208003378336,0.0,0.83911,0.0,8200.0,8188.10703666997,8200.0,0.0154900099949118,118.87015361000527,46.230158730158735,83.0,30.85133795837463,79.0,0.0630486162024102,33.467936532035324,31.30594047619048,120.229,2.445363299408844,79.27499999999999,0.0455421917966963,94.847,38.78646580773043,15.572,79.69419999999992,23.497694991295106,577.5,2655.0,2384.449950445986,2640.0,0.8113062704401531,309.8037514984524,0.1451450539211388,0.323320122000041,0.3424442649990851,-0.0013411422953228,0.0469283165414851,8.972222222222214,85.0,74.28840436075322,84.0,0.0128750252910041,5.70266523773731,81.48783480866342,90.93989910444569,7.775009774382963,80.41565690117085,0.0091036663092781,8188.0,1,0.00981999999999994,-638.4879747708437,6,-0.9775669574737549,26
yolo11m.pt,10,115W,27,6986.6309375,39.68830541871926,0.3248740519997591,0.4775444666067897,47.20948616600791,93.0,32.792118226600984,92.0,0.0672653981912738,37.631492117127,0.0,0.83176,0.0,8200.0,8200.0,8200.0,-9.048577962969442e-16,0.0,38.60079051383399,84.0,26.790147783251232,81.0,0.0556811481507068,32.65952589977179,33.36921343873518,119.376,2.376871448774602,78.796,0.0453285977081879,94.334,39.68830541871921,15.538,81.02,24.4423446392397,570.2371541501975,2655.0,2383.330049261084,2640.0,0.7955934706284544,309.8600421920971,0.1690989552164674,0.3248740519997591,0.3792467249987566,-0.0012044797791051,0.0549358627700995,8.73913043478261,85.0,74.22955665024631,83.0,0.012305860767608,5.617137158081693,85.24324257997328,107.98118865667868,13.504807266829449,83.10913055013708,0.025099025397042,8188.0,1,0.017169999999999908,-656.7369935036617,5,-1.2779760360717773,27
yolo11m.pt,10,115W,28,7199.9109375,39.07705202312142,0.3232977000000755,0.4511971800663733,36.6023166023166,95.0,33.58670520231214,93.0,0.0583026859047286,37.38205210251023,0.0,0.83287,0.0,8200.0,8200.0,8200.0,-1.54435736730015e-14,0.0,30.54826254826255,85.0,26.82273603082852,81.0,0.0486047250845275,32.15813802841211,33.41762548262548,115.0,2.3950629629026983,78.0,0.0466959802532691,93.592,39.07705202312139,15.592,79.536,23.632318700928703,578.9189189189187,2655.0,2378.8294797687863,2640.0,0.7981923794646332,310.80169011128294,0.2093547067251505,0.3232977000000755,0.3673501199996281,-0.0014527770948395,0.0676838951684315,8.91119691119691,85.0,74.49229287090559,84.0,0.0126125149042257,5.835529865252478,90.9560809751191,134.55304707027153,22.21041505763265,86.60748282463332,0.0596279487822358,8188.0,1,0.016059999999999963,-675.8436204598444,4,-1.3866612911224365,28
yolo11m.pt,10,115W,29,7395.5109375,37.22848802946596,0.3264243399999759,0.4190442977315666,34.313653136531364,95.0,30.79465930018416,93.0,0.0449034467269118,35.9057392035988,0.0,0.83973,0.0,8200.0,8200.0,8200.0,-6.409546702253692e-16,0.0,27.47970479704797,84.0,23.955801104972377,82.0,0.0361645856491783,30.60193963527645,26.75806273062731,121.595,2.516218223148286,78.096,0.0321364754787306,93.675,37.22848802946593,15.579,82.51725,24.273823472869488,518.4132841328415,2655.0,2381.1049723756905,2640.0,0.6646767273388294,310.3940999247459,0.2603964968673674,0.3264243399999759,0.3844508150004913,-0.0014879659351806,0.0849997546282362,7.014760147601479,84.0,73.98250460405157,83.0,0.0090268727769615,5.491552829087281,97.92762686910626,175.3192365296984,36.902715840045886,88.84141421562539,0.1420058376040329,8188.0,1,0.009199999999999986,-693.692862826518,3,-1.3971011638641357,29
yolo11m.pt,10,115W,30,7582.3109375,39.61537080867848,0.3282320599999366,0.4334344922731297,37.205533596837945,95.0,33.201183431952664,93.0,0.0557446120249045,38.22956917298124,0.0,0.84162,0.0,8200.0,8200.0,8200.0,2.269138495627609e-15,0.0,30.29249011857708,86.0,26.76134122287969,84.0,0.0448383967872002,33.30588975663614,33.99097628458498,122.682,2.884562170372676,98.707,0.0465442073172924,114.273,39.6153708086785,15.566,82.217,24.27533847722828,585.177865612648,2655.0,2392.248520710059,2640.0,0.8091853158768412,307.89292077521395,0.3138914875954089,0.3282320599999366,0.3849244500000168,-0.0015948415077977,0.1030292495898856,9.083003952569172,85.0,73.89250493096647,84.0,0.0132276787341843,5.900663807597521,109.46296358157456,232.08146705549984,60.85970396955526,91.3987500185259,0.3091186920559846,8188.0,1,0.007309999999999928,-711.3156489006202,2,-1.4194374084472656,30
yolo11m.pt,10,115W,32,7974.9636328125,36.49506677719937,0.917315086499966,1.009115068811072,51.25537746214476,99.8,48.577120188607225,97.4,0.0502776248476034,41.5027063570657,0.0,0.83063,0.0,8200.0,8200.0,8200.0,-6.757452511006143e-16,0.0,20.846986393224974,86.6,22.575975924403487,76.4,0.0261365583406677,27.868619233743978,21.60638830562405,118.0308,2.6118818452648926,79.85499999999999,0.0253043283408029,94.9114,36.49506677719937,15.0564,73.7465,20.16729081896236,536.0752314894468,2655.0,2448.21798369876,2655.0,0.546570473351261,288.2510922536511,0.3952768679791793,0.917315086499966,1.4932857839995992,0.0126427030262748,0.4450985617011395,5.592976555554449,81.2,70.75667751141117,79.0,0.0069209568964297,4.615604810821883,57.21260024784251,81.34495069932719,18.090020595275696,49.24466716534386,0.2424834309561824,8188.0,5,0.018299999999999983,-775.2504063374837,0,-1.5384941101074219,31
yolo11m.pt,10,115W,31,7856.3909375,39.75263902439029,0.3345346220000647,0.4289881957912717,50.84765625,96.0,34.40975609756097,93.0,0.0689515916951932,38.18892576598645,0.0,0.84022,0.0,8200.0,8200.0,8200.0,2.3123146257483733e-15,0.0,40.83984375,86.0,27.671219512195123,81.0,0.0559062544572813,33.03999351821247,34.76057421875,115.0,2.3826845795542213,79.125,0.0479271455904114,94.718,39.75263902439025,15.593,86.516,25.719064222980474,575.859375,2640.0,2381.853658536585,2640.0,0.7984796213093699,309.8268250345753,0.3318301755588014,0.3345346220000647,0.4035106000001178,-0.0016122218919568,0.1110086823487787,8.82421875,85.0,74.35512195121952,84.0,0.0124251399586363,5.633240683202166,116.60167253459188,290.8585558981763,76.01435160557793,92.6660439946751,0.4249928569849101,8188.0,1,0.008709999999999996,-737.990866158073,1,-1.5681124925613403,32
yolo11m.pt,10,65W,3,2335.755187136628,29.32461182205972,0.0841740332558126,0.8227902835746176,38.21951219512195,62.0,30.84887263863498,60.0,0.0293008220961259,25.48757353856659,1.0,0.78714,795.1219512195121,8000.0,7652.650822669104,8000.0,0.6164105200540438,476.12784663202143,14.921951219512197,26.0,12.38086532602072,25.0,0.0111753673455743,10.154893008983915,20.49331219512196,50.373,2.350312441242709,55.509,0.015727392237052,68.922,29.32461182205972,13.413,40.73,11.285923433748154,218.78048780487825,2505.0,2149.8171846435102,2490.0,0.1537490535675971,194.8265141105884,0.2516519593195472,0.0841740332558126,0.1109100749999015,-1.631716664189588e-05,0.0211825603926539,7.024390243902445,78.0,72.88665447897624,77.0,0.0057234632194413,3.280407159993703,36.54221557247509,41.73862564218376,4.468737037637935,35.640444968137885,0.0149547737911318,8188.0,1,0.06179000000000001,-218.06235309719204,22,4.441113471984863,1
yolo11m.pt,10,65W,4,2617.45234375,29.14297446514836,0.0913598434374819,0.6656243961096217,44.10220994475139,72.0,32.4120082815735,68.0,0.0402679520539651,29.19266845781646,1.0,0.82042,773.4806629834247,8000.0,7639.061421670117,8000.0,0.6782835890657647,480.2727568820511,17.679558011049725,33.0,14.43616287094548,31.0,0.0162443048404763,12.675499401183425,19.80421546961325,51.723,2.4394215520113707,57.479,0.018163534377247,71.092,29.142974465148377,13.613,43.844,12.413134508264177,155.9668508287291,2505.0,2079.6997929606623,2490.0,0.1395328184368727,215.2793527740317,0.2438240638668269,0.0913598434374819,0.1225249800004803,-4.4967011744848656e-05,0.0222757283011638,5.856353591160215,78.0,72.89786059351276,77.0,0.005624476633033,3.04678080434592,44.873676087836856,51.18019975637892,5.426442266310058,43.78291215808863,0.0146233567809225,8188.0,1,0.028509999999999924,-241.30693297317654,21,3.5651233196258545,2
yolo11m.pt,10,65W,5,2888.307587139423,28.31259625090125,0.1003844826922291,0.568429065664134,41.44508670520231,81.0,33.01658255227109,77.0,0.0436269497031326,32.18422791911146,1.0,0.81861,742.7745664739887,8000.0,7588.320115356885,8000.0,0.7364332644985176,492.1377421244448,18.3728323699422,38.0,15.373467916366256,36.0,0.0192387759857616,14.674564991589143,18.85078901734104,53.074,2.244336741035444,50.003,0.0181359153092841,63.543,28.31259625090123,13.54,41.4466,11.6620547589643,50.89595375722547,2505.0,2042.0656092285508,2490.0,0.0308246229355997,248.1800475425874,0.2531362160472354,0.1003844826922291,0.130797254999652,-5.8099320210311256e-05,0.02541094809857,5.927745664739874,79.0,72.66979091564528,77.0,0.0060589231700559,3.087146205453642,51.27857791492869,58.8200026527017,6.85358204189159,49.80849495762807,0.0178633655956676,8188.0,1,0.030320000000000014,-264.6112129895457,20,3.2414822578430176,3
yolo11m.pt,10,65W,6,2979.9631392045453,28.83909056603775,0.1094326504546271,0.5259896862237573,42.23262839879154,81.0,30.856603773584904,79.0,0.0443669194994174,33.17262743749966,1.0,0.8188,773.413897280966,8000.0,7605.283018867924,8000.0,0.7612116885130082,488.78981775202345,20.389728096676738,43.0,15.563018867924528,39.0,0.0212318277803757,16.623420348832656,20.241942598187315,51.206,2.5601015340943816,60.182,0.0210182137749184,73.831,28.839090566037733,13.649,45.0938,12.95960908946708,124.53172205438068,2490.0,2057.7735849056603,2490.0,0.1161824739366986,273.7853202171251,0.2503622572495764,0.1094326504546271,0.1415314749998287,-9.315685235886104e-05,0.0273978053846243,5.504531722054381,79.0,72.58716981132075,77.0,0.0057117159826804,2.928993888279593,56.5309675090865,64.97330423745564,8.093933403709745,54.82824344538484,0.020499648611357,8188.0,1,0.03012999999999999,-270.8701989664312,19,2.820272445678711,4
yolo11m.pt,10,65W,7,3357.750699013158,28.282688212927745,0.1232078073684725,0.4978068573144242,44.762195121951216,85.0,33.803802281368824,83.0,0.0512470122425428,33.73230989407344,1.0,0.82313,768.2926829268299,8000.0,7589.3536121673,8000.0,0.8083733253373103,491.9511479737146,21.21341463414634,48.0,17.731558935361218,44.0,0.0249961252097888,17.39070684710555,20.288457317073167,52.94,2.8599120207755835,67.38799999999999,0.0217979082043332,80.886,28.28268821292776,13.498,45.4256,13.368010739852494,15.228658536585272,2490.0,1998.9011406844104,2490.0,0.0296129753465177,265.53373633453566,0.2511087502183779,0.1232078073684725,0.1613681400001951,-0.0001493598820798,0.0309385585254437,5.774390243902445,79.0,72.30950570342205,77.0,0.0062581410833147,3.1207670864937,58.83364251651633,68.75447343213062,9.746295923546546,56.81458139308809,0.0274427552615401,8188.0,1,0.025799999999999934,-307.34543870804856,18,2.3311424255371094,5
yolo11m.pt,10,65W,9,3970.5577604166665,28.33660181680545,0.152041619333504,0.4787047585150905,50.76060606060606,85.0,34.04012112036336,82.0,0.0521399811826996,34.92859455117944,1.0,0.83753,781.8181818181811,8000.0,7548.82664647994,8000.0,0.8041600455429933,497.6102476773594,27.44242424242424,54.0,19.16351249053747,50.0,0.0281288498864808,19.869191480781435,21.69481818181818,50.973,2.8763505422044515,67.936,0.022867972864316,81.506,28.336601816805448,13.57,48.177,13.795908974471814,21.31818181818176,2490.0,1987.244511733535,2490.0,0.0415139639381228,282.27517300501546,0.2520471157789419,0.152041619333504,0.1944747249991451,-0.0002583596566952,0.0383216516313695,5.796969696969697,80.0,72.48145344436033,77.0,0.0061394643680562,2.9978285870333785,62.17354243653927,92.68761913438128,14.471676832827336,59.19431823636695,0.0541784387713749,8188.0,1,0.011399999999999966,-367.2076454632076,17,1.692888617515564,6
yolo11m.pt,10,65W,10,4067.43359375,27.846317485898496,0.1639635015383156,0.4565779719935545,48.53225806451613,89.0,34.9129734085415,89.0,0.0578488445465604,36.98679557409298,1.0,0.8406,680.6451612903229,8000.0,7531.829170024174,8000.0,0.7794565628642812,498.9858754870445,26.364516129032257,56.0,19.90491539081386,52.0,0.0314203358147808,21.4673032492725,18.452138709677413,51.338,2.914065748230185,67.625,0.0217091572835401,81.146,27.846317485898467,13.521,47.777,13.66438635457692,-31.74193548387097,2490.0,1975.987107171636,2490.0,-0.033746010075722,285.11327151440366,0.209479553357675,0.1639635015383156,0.1941748100005497,-0.0002527959327598,0.0343470010692068,5.267741935483869,78.0,72.22078968573732,77.0,0.0063751452408409,3.036111378302329,62.53962772779771,74.14510100909528,8.426621201619241,60.98918299608988,0.0181550044592297,8188.0,1,0.008329999999999949,-375.7199460745258,16,1.5861402750015259,7
yolo11m.pt,10,65W,11,4327.03359375,27.66367265306124,0.1772769558334706,0.445830152282575,50.45751633986928,90.0,34.47183673469388,87.0,0.0592201578837081,36.8298379297619,1.0,0.82705,483.660130718954,8000.0,7474.285714285715,8000.0,0.6092420655048313,499.3383377132224,28.127450980392155,59.0,20.15918367346939,55.0,0.0331559442700407,21.75165880014904,18.93047058823529,52.461,3.049269742955316,70.732,0.0223990924265301,84.354,27.663672653061223,13.622,47.086,13.216658547538849,22.84313725490188,2505.0,1977.5877551020408,2490.0,0.0123344933405661,275.0718597263773,0.2079603575792763,0.1772769558334706,0.2107574500005284,-0.0003172595815689,0.0368665791256941,5.428104575163388,78.0,71.71265306122449,77.0,0.0062626355599335,2.8532622042434337,63.91636576016243,88.10000420350453,10.416915552446326,62.049801951321385,0.0265615943743449,8188.0,1,0.02188000000000001,-401.0084007348195,15,1.3169269561767578,8
yolo11m.pt,10,65W,16,4674.926953125,29.691087970331164,0.2477740171874983,0.4597268102245487,50.32089471355895,94.25,37.60748952215513,91.0,0.0628770222795139,38.80686937507897,1.0,0.83499,689.3461531372111,8000.0,7548.639258830341,8000.0,0.827451933021246,496.2637159402744,32.22337618889626,67.75,24.250037637521714,60.57499999999999,0.0400723788236792,25.897241849070667,20.405464908229188,52.501000000000005,2.6133969055707515,63.481,0.0250884890827626,77.50075,29.69108797033116,14.01975,51.10085,14.597981801875903,55.21004064366287,2493.75,1988.491854164944,2490.0,0.0507303855613013,320.26556591837635,0.1191883504558726,0.2477740171874983,0.2785128774992699,-0.000455009051512,0.0296011808662761,4.746993267529309,80.5,74.56249682907327,78.75,0.005882841277597,2.753175591225758,65.32614567060372,73.5573755121986,6.374475058206478,64.58049431335463,0.009631878231125,8188.0,4,0.013939999999999952,-434.6840103185535,13,0.7511593103408813,9
yolo11m.pt,10,65W,15,4679.811371527778,28.45761900826448,0.2268861755554301,0.4304426894799092,49.480132450331126,92.0,34.93636363636364,90.0,0.0595514092132334,37.56116884441534,1.0,0.84349,701.986754966887,8000.0,7512.396694214876,8000.0,0.8399310079170346,499.8462983483451,30.480132450331126,66.0,22.16115702479339,60.0,0.0369545630746111,24.083525015530647,21.00764238410596,49.831,2.40951289635604,55.181,0.0252267034611346,68.569,28.457619008264462,13.388,51.448,14.736530415952728,44.20529801324483,2505.0,2020.5495867768595,2505.0,0.0791526714432796,297.7241630993656,0.2148983342563688,0.2268861755554301,0.2776792850003403,-0.0005755543186394,0.0487574611926599,5.503311258278146,79.0,70.91404958677685,76.0,0.0065569878395128,3.0571770532193967,69.56658438757206,117.0063697072338,18.00812851751966,66.11244586973692,0.067009411130867,8188.0,1,0.00544,-434.00573743258855,14,0.6303943395614624,10
yolo11m.pt,10,65W,13,4688.97359375,27.42525059288539,0.2074619340001118,0.4376688868029011,49.63924050632912,88.0,32.76521739130435,88.0,0.0582895351172574,36.17326846491694,1.0,0.84006,705.6962025316461,8000.0,7524.110671936759,8000.0,0.8200353926734903,499.4183371671068,29.636075949367086,63.0,20.17628458498024,54.0,0.0352432813556299,22.69940516602458,20.17150949367089,47.988,3.0023062039535304,69.227,0.0237860723036324,82.339,27.425250592885376,13.112,49.338,14.614197964266948,-18.417721518987264,2505.0,1993.5415019762845,2505.0,0.0248480825332703,281.9966698302881,0.2020094393619335,0.2074619340001118,0.2417689800001426,-0.0004550409912985,0.041909268976305,6.718354430379748,78.0,69.50750988142292,74.0,0.0079077111022639,3.600634403491956,64.32095340156893,80.32591207744687,9.201167607195265,62.66209780919615,0.0204635481334274,8188.0,1,0.008869999999999933,-436.78603780805935,12,0.6019405722618103,11
yolo11m.pt,10,65W,14,4967.15359375,27.91578822567452,0.2104704309999397,0.4196748556829113,54.554098360655736,91.0,36.23793949304988,88.0,0.0631470316258742,37.59679532201249,1.0,0.84893,590.1639344262294,8000.0,7512.67375306623,8000.0,0.771223427149635,499.83935017485,33.157377049180326,64.0,22.40883074407196,62.0,0.0377685689727418,23.631118261924183,20.58155737704917,52.138,2.557549133946217,58.095,0.024123527262717,71.396,27.915788225674568,13.301,47.74619999999998,13.77765818038493,69.04918032786873,2505.0,2012.9926410466064,2505.0,0.0694435643145054,296.21797974453284,0.2366133128508298,0.2104704309999397,0.2554204599999138,-0.0004659957797778,0.0498001059360377,5.367213114754094,76.0,70.27309893704006,75.0,0.0064046869917249,2.913692399243078,71.90425401907181,127.4147920578204,26.856255396785272,66.51765729507159,0.1395024216301281,8188.0,1,0.0,-462.387922643092,11,0.516464352607727,12
yolo11m.pt,10,65W,17,5059.03359375,28.52359688013136,0.2549060149999377,0.4276962596575846,51.70723684210526,95.0,34.19047619047619,89.0,0.0615970566322904,37.03730212066629,1.0,0.8409,753.2894736842109,8000.0,7527.914614121511,8000.0,0.8786002275126126,499.2201661776567,33.23026315789474,67.0,22.91215106732348,62.0,0.0399913076039548,25.13927706530841,20.95213815789473,51.907,2.8915006878901086,68.993,0.0254443095379843,82.476,28.523596880131365,13.483,50.4609,15.162875054837963,124.98355263157872,2505.0,2044.1256157635469,2490.0,0.1394332534269047,279.22753488935217,0.2282207975278542,0.2549060149999377,0.3105523049987823,-0.0006551824120947,0.0581748540379329,5.28947368421052,77.0,70.86863711001642,75.0,0.0064410383738092,3.0159649009472904,70.72331900322959,127.43206939129584,19.925762480687595,66.69124696804097,0.0793788185899586,8188.0,1,0.008029999999999982,-471.59413357020173,10,0.15584391355514526,13
yolo11m.pt,10,65W,18,5222.066845703125,27.34229359286292,0.2622210687501137,0.3983180804444389,51.798701298701296,94.0,35.3933495539335,91.0,0.0583710954190316,38.294481797572885,1.0,0.82378,474.0259740259744,8000.0,7461.47607461476,8000.0,0.5638514182918949,498.5136980795137,34.55194805194805,71.0,23.195458231954586,64.0,0.0387451879395472,25.801631039280924,18.90127597402597,52.002,2.7878422028171403,62.853,0.022067836845768,76.226,27.342293592862937,13.373,48.7366,13.74763241259824,-14.415584415584362,2505.0,1983.8321167883207,2490.0,-0.0179027738578324,319.1539126979485,0.2596394113996751,0.2622210687501137,0.3138870500005396,-0.0008016722632507,0.0680829239468732,5.38636363636364,78.0,70.80454176804541,75.39999999999986,0.0063822713268464,2.996333873206288,76.8555522423486,157.9786196577523,35.877619317720885,68.64436975181916,0.2179198241843018,8188.0,1,0.025150000000000006,-486.49103643779364,9,-0.023462262004613876,14
yolo11m.pt,10,65W,20,5663.090736607143,28.26300164068913,0.2853989057142046,0.4033114870225723,50.44736842105263,93.0,36.61525840853158,90.0,0.0603515815332579,38.0475777903476,1.0,0.83927,697.3684210526317,8000.0,7502.050861361772,8000.0,0.7989068079190055,499.9957939499839,33.06578947368421,67.0,24.76538146021329,62.0,0.0392154768800037,26.316819312962664,19.763171052631577,50.825,2.726957347978305,63.678,0.023507047251859,77.072,28.26300164068909,13.394,50.872,14.689425408330465,72.0394736842104,2505.0,2018.318293683347,2505.0,0.0910231663364982,303.5472570215793,0.2432911108871136,0.2853989057142046,0.3345829250000861,-0.000855770742719,0.0694350168171754,5.1875,77.0,70.89991796554553,76.0,0.0063452852249144,2.9654546430849447,76.65769968850206,153.8749740153322,29.72481684310184,70.07735348511737,0.1503580928935632,8188.0,1,0.009660000000000002,-529.9162278977817,8,-0.4699045717716217,15
yolo11m.pt,10,65W,21,5868.481138392857,28.08359598393573,0.2953650271428549,0.3949958138125786,51.12861736334405,93.0,34.90200803212851,91.0,0.0557686755444874,38.120629132344064,1.0,0.84067,710.6109324758836,8000.0,7563.855421686747,8000.0,0.7905606311948968,495.9057220089397,34.360128617363344,75.0,23.17429718875502,66.0,0.0373519346672844,26.3481353982381,20.890369774919616,49.746,2.821113081291979,65.789,0.023984007442341,79.227,28.08359598393574,13.438,50.1882,14.53911319370136,11.286173633440512,2505.0,1990.433734939759,2505.0,0.0384948256378335,333.96404080185164,0.2953863974392829,0.2953650271428549,0.3598816250002528,-0.0011229860922062,0.0872468112972839,5.623794212218655,78.0,71.17349397590361,76.0,0.0065935333515861,3.0268577290337086,86.69907199882488,231.90465899975712,57.964946739118766,71.09846484920244,0.4469942992848948,8188.0,1,0.008259999999999934,-549.8065801265514,7,-0.8291494846343994,16
yolo11m.pt,10,65W,23,6351.666927083334,27.660108108108048,0.3298551250002068,0.3966881920660527,45.97049180327869,93.0,33.19000819000819,92.0,0.0566015551017295,37.78585201757988,1.0,0.83356,665.5737704918038,8000.0,7503.685503685504,8000.0,0.7717101194603794,499.9864168780829,29.99672131147541,72.0,22.75839475839476,66.0,0.0372651613321302,26.4115002135991,18.52268196721312,49.879,2.727212768119568,62.166,0.0226812127153947,75.435,27.66010810810811,13.269,49.93,14.58509981715152,-3.983606557377016,2490.0,1997.8009828009829,2490.0,-0.0180038007034871,308.5702818950862,0.2162276953001878,0.3298551250002068,0.380708224999762,-0.0008819593248249,0.07132381346175,4.849180327868851,77.0,70.69533169533169,75.0,0.0060086963819087,2.8761869879068893,73.96366013057904,125.96695245416277,20.81545205746223,69.72758116153442,0.0792017733225957,8188.0,1,0.015369999999999995,-598.8637026330343,6,-1.27871835231781,17
yolo11m.pt,10,65W,25,6728.478125,27.88338095238096,0.350092324999999,0.3904703066591894,49.84615384615385,99.0,34.3609022556391,95.0,0.0611252882486784,38.61713717245831,1.0,0.83597,769.2307692307695,8000.0,7502.088554720133,8000.0,0.883953984659589,499.9956379201533,35.491638795986624,76.0,24.360902255639097,73.0,0.0431508109025558,28.638706569482185,21.315301003344487,51.546,2.7349265905104763,62.889,0.0252659855091635,76.259,27.88338095238096,13.37,52.711,15.151717565175304,106.35451505016728,2505.0,2032.0426065162908,2490.0,0.1200368607909018,288.680605373864,0.4389891025621659,0.350092324999999,0.4209446499991827,-0.0026771700222383,0.1536867155656517,5.444816053511701,79.0,70.39181286549707,75.0,0.0067023340843552,3.159269789430396,94.44058537425676,296.84266912854343,70.69875484142132,71.40973456073357,0.5604104040075123,8188.0,1,0.012959999999999972,-635.5799439540361,5,-1.6873024702072144,18
yolo11m.pt,10,65W,26,6868.922265625,27.348507101086017,0.3967113619999873,0.4172870577206984,51.23745819397994,99.0,35.324143692564746,94.0,0.0634725517653968,39.96182631519133,1.0,0.83911,642.1404682274251,8000.0,7507.101086048455,8000.0,0.7936393655536566,499.94957203395273,35.08695652173913,78.0,24.26817042606516,68.0,0.0435993613830053,28.236838740662755,19.9913745819398,42.484,2.6351712630463133,58.716,0.0245061609151549,72.068,27.34850710108605,13.352,50.5168,14.756783464841808,66.8227424749166,2490.0,2009.9498746867168,2490.0,0.0825318750502985,306.5144781360284,0.1268328737573544,0.3967113619999873,0.4287169049996919,-0.0012632484657876,0.0503160420946525,5.187290969899664,76.0,70.64243943191312,75.0,0.0064627568552875,2.925554175216951,66.29193471996292,75.27378461097103,6.2134197800087785,65.53883374784922,0.0087849643457891,8188.0,1,0.00981999999999994,-653.0396097340079,4,-1.945436954498291,19
yolo11m.pt,10,65W,27,7066.52234375,27.7477126148705,0.3952531720001571,0.4061989417324569,50.18729096989967,99.0,35.751044277360066,92.0,0.0600934010449488,40.07330179125928,1.0,0.83176,732.4414715719058,8000.0,7527.986633249791,8000.0,0.8835971481570722,499.2161339132998,35.07692307692308,73.0,25.126984126984127,71.0,0.0420027419316852,29.659959513454577,19.04420401337793,50.906,2.596934781621684,58.629,0.0229776694235575,72.059,27.74771261487051,13.43,50.414,14.81544257521066,4.264214046822644,2490.0,2001.2907268170427,2490.0,0.0016259150284966,289.6956759270841,0.1566978916987834,0.3952531720001571,0.4441978200006815,-0.0011749594621747,0.0619353387396812,4.9866220735786015,77.0,70.8170426065163,75.0,0.0062043442563225,2.968637560357918,69.97048293253319,91.67876258687956,11.123517446175704,68.31064723242568,0.0252728685084199,8188.0,1,0.017169999999999908,-671.2171055585187,3,-2.1211726665496826,20
yolo11m.pt,10,65W,29,7479.16234375,27.7733922558922,0.4005695620000187,0.3836267438343947,54.39057239057239,99.0,36.245791245791246,98.0,0.0682914118400743,40.35023676343811,1.0,0.83973,710.4377104377108,8000.0,7536.195286195286,8000.0,0.842162966820107,498.6881803865431,36.91582491582491,75.0,25.16498316498317,70.0,0.0470440587655184,28.68357005900212,19.71903703703704,47.88,2.783527459941403,63.831,0.0242601904352768,77.308,27.77339225589225,13.477,50.717,14.839538345892008,13.58585858585866,2505.0,1968.9015151515152,2490.0,-0.0013459670768363,306.0744329122457,0.2710728521860364,0.4005695620000187,0.4812288349988193,-0.0015252571476609,0.1085835336702564,5.1212121212121104,77.0,71.01599326599326,75.0,0.0062825788893087,2.8675439296559766,81.15524972294777,150.83176804481764,33.56047673479606,72.39691367263357,0.1710105902625917,8188.0,1,0.009199999999999986,-710.0336846225983,1,-2.2970314025878906,21
yolo11m.pt,10,65W,28,7286.12234375,27.546534109816992,0.3950721340001837,0.3886738576812232,52.766666666666666,99.0,35.625623960066555,93.0,0.0616864090250612,39.09927561216488,1.0,0.83287,616.6666666666661,8000.0,7524.95840266223,8000.0,0.7542542146437039,499.3766896207211,36.18,80.0,24.75207986688852,68.0,0.0425246904476103,28.03201342879525,18.23142666666667,50.692,2.6435630598641526,59.403,0.022894454482123,72.821,27.54653410981697,13.418,50.76970000000001,14.694603413275985,72.65000000000009,2505.0,2024.4009983361063,2490.0,0.0704626689872358,293.79674898838044,0.2171160875081624,0.3950721340001837,0.4510227650000161,-0.0012044906842702,0.0857765160176203,4.609999999999999,76.0,70.54908485856905,75.0,0.005909428528703,2.8289571100618347,75.25428733450165,118.47495290934616,21.05137127701184,70.87313325922142,0.0782525118712063,8188.0,1,0.016059999999999963,-691.5992672414307,2,-2.497654676437378,22
yolo11m.pt,10,65W,31,7854.15765625,26.772228461538425,0.4471391479999875,0.3861584330436551,58.95384615384616,100.0,39.57230769230769,100.0,0.0604295669360204,45.07929938603854,1.0,0.84022,713.8461538461543,8000.0,7521.538461538462,8000.0,0.7248342932565279,499.53587926650096,38.90461538461538,72.0,25.720769230769232,68.0,0.0393832285836127,29.72957138596013,19.010316923076928,51.285,2.275529662669672,47.457,0.0193371634812528,60.921,26.77222846153846,13.464,47.2827,12.84459274999367,-136.1538461538462,2505.0,1952.9192307692308,2505.0,-0.0978969946591217,366.1540727819273,0.3577380746065567,0.4471391479999875,0.6465968800001973,-0.0017147928643359,0.1599586978867317,5.606153846153845,76.0,70.77923076923076,75.0,0.0059721664833029,2.79142081698815,93.4532049242708,265.3656127176034,72.12957582812321,69.3296485862626,0.5957147545940454,8188.0,1,0.008709999999999996,-749.1732931655501,0,-3.3889899253845215,23
yolo11m.pt,20,115W,1,1728.2201347351074,27.926750325566683,0.0680277711718868,1.899789622059778,5.394587285011676,46.0,32.88235351270295,41.0,0.0016697646038861,12.240880102622,0.0,0.75385,4.393816110658918,8200.0,8198.901545972334,8200.0,0.0011936745985217,25.64889501222164,1.360629918665977,15.0,8.130542002628577,11.5,0.0004137962261259,3.321708376090765,4.828854425934651,121.217,1.3387917482185672,22.849,0.001373003229616,37.3885,27.926750325566665,14.5395,34.1775,5.076531370138872,158.3612264999358,2655.0,2321.5401041689825,2565.0,0.0447683654719045,164.396255280209,0.1215978832169815,0.0680277711718868,0.0814845074991353,-2.078398783507261e-06,0.008269475111822,2.3358989731950146,73.0,69.0840562041364,71.0,0.000648179370591,1.5087806322893489,14.850713744436876,16.29779873856875,1.3530247334741603,14.699977410608827,0.0083006693061825,8188.0,2,0.12658999999999998,-169.60003609225882,31,2.4499547481536865,1
yolo11m.pt,20,115W,2,2000.1432220458985,38.1438765309499,0.0725275153905883,1.3832402960775856,7.614569536423836,54.0,34.41708043694141,49.0,0.003826604575341,17.888511239783305,0.0,0.80182,0.0,8200.0,8200.0,8200.0,-1.0325447978018554e-15,0.0,2.417218543046358,21.0,11.822575306190004,19.0,0.0012038285810016,6.430101864264069,8.514059602649006,120.879,1.456616501862827,39.999,0.0036354420990731,55.561,38.14387653095002,15.562,45.289,9.557888862769712,245.08609271523164,2655.0,2558.704071499504,2655.0,0.106979199477892,214.1061505593788,0.1845844610378305,0.0725275153905883,0.0930247349999262,5.43134387103429e-06,0.0133874523387847,4.913907284768214,80.0,75.41277722608407,79.0,0.0020482944657709,2.987908258746508,28.09738384263203,32.1669494851477,3.3091426189236017,27.575741278730376,0.0138707262612931,8188.0,1,0.07862000000000002,-191.1055147435416,30,2.172572374343872,2
yolo11m.pt,20,115W,3,2265.931867732558,40.38401582014982,0.0767421466279196,1.033052021164721,20.00333333333333,59.0,36.84471273938384,57.0,0.0104456363556189,22.426669083922075,0.0,0.83665,20.0,8200.0,8195.004163197336,8200.0,0.0092269150874329,77.26607132395486,8.858333333333334,29.0,15.763946711074103,26.0,0.0045894252225077,10.065049828678433,13.670575,118.421,1.286152428012971,36.187,0.0070653197490335,51.94,40.38401582014988,15.753,50.995,12.368872284795604,317.0999999999999,2655.0,2535.05620316403,2640.0,0.1644183860637827,235.41366802431307,0.1856171228345312,0.0767421466279196,0.0986315450001711,-7.879996805210184e-06,0.0142446564572201,5.734999999999999,81.0,76.08243130724397,80.0,0.0029513313119938,3.4941177286359046,39.82090525950661,45.76673351943144,4.6528332842067694,39.09194792980377,0.0136525169913419,8188.0,1,0.043789999999999996,-211.21920017940354,29,2.0031328201293945,3
yolo11m.pt,20,115W,4,2538.6984375,42.07981500465973,0.0849098018749856,0.8932471887454265,22.42537313432836,69.0,37.1071761416589,65.0,0.012943731505317,25.792972354381988,0.0,0.84947,20.14925373134338,8200.0,8194.967381174278,8200.0,0.0096842600416165,77.54879327637353,10.397388059701491,36.0,18.28751164958061,34.0,0.0060726440984379,13.244837664139125,16.844389925373136,116.946,1.467877175628266,46.154,0.0092561405914922,61.768,42.07981500465983,15.614,56.10075,14.739067878154591,383.1716417910448,2640.0,2516.407269338304,2640.0,0.2170111868969942,250.17645221813748,0.1929983650993132,0.0849098018749856,0.1087160949999088,3.755213286583903e-06,0.0163874529427788,6.472014925373131,82.0,76.77120223671947,81.0,0.0036567236766392,3.980419239782558,48.11869096061114,56.48991955958685,6.08835041172304,47.10881325443766,0.01600927526199,8188.0,1,0.030970000000000053,-234.0236157982694,28,1.5829380750656128,4
yolo11m.pt,20,115W,5,2817.51689453125,43.59151293759516,0.090911105769286,0.7925905286625832,30.540650406504067,78.0,40.75139523084729,69.0,0.0167255013074512,27.286165855882377,0.0,0.84761,24.39024390243867,8200.0,8193.911719939117,8200.0,0.0126848309873251,85.2576619369756,15.686991869918698,44.0,21.571790969051243,38.0,0.0085513611141788,15.237983456359164,19.4874918699187,120.447,1.829576324046712,63.99300000000001,0.0112906549906668,79.754,43.591512937595134,15.761,60.589,16.388459503387605,387.1036585365855,2655.0,2510.1293759512937,2640.0,0.2356024229813794,255.1361710108115,0.2104997529872446,0.090911105769286,0.1211528449986871,-4.6303071953808e-06,0.0191367653082319,6.922764227642276,83.0,77.09842719431761,82.0,0.0041812707169705,4.335317724088832,56.32910882362971,65.86599988874818,7.346114872013572,54.998781036598366,0.0170078598946386,8188.0,1,0.032830000000000026,-257.474006418685,27,1.507608413696289,5
yolo11m.pt,20,115W,6,2889.2245738636366,44.89864500273088,0.0936493545454843,0.7007881874120975,32.79868708971554,80.0,41.06226105953032,76.0,0.0197556253042011,30.697168717203184,0.0,0.86028,26.25820568927793,8200.0,8193.446204259968,8200.0,0.0136879512288349,88.43982501925957,18.44638949671772,49.0,23.13435281267067,45.0,0.0111162057014832,18.18127287477008,23.494096280087525,123.695,2.0125328948012635,74.536,0.0143365978165196,90.36,44.898645002730746,15.824,65.238,18.502979319773,425.317286652079,2655.0,2498.225013653741,2640.0,0.2709412067502694,263.4946955012135,0.2146027009314024,0.0936493545454843,0.1216131549997044,-1.898189035092532e-05,0.0200974044259434,7.553610503282286,85.0,77.46149645002731,84.0,0.0048607122918936,4.76361112900515,65.61548926813717,75.78101313805134,8.534522857026925,64.06878113704319,0.0169178725399032,8188.0,1,0.020159999999999956,-259.46293370468396,26,1.3923883438110352,6
yolo11m.pt,20,115W,7,3323.579358552632,44.96532309380128,0.1047200442106115,0.6726815174753291,29.9956043956044,80.0,40.44925946242458,77.0,0.0189674483264677,31.29675925960615,0.0,0.85401,23.736263736263936,8200.0,8194.075699396599,8200.0,0.0127494481181243,84.10745143232987,18.307692307692307,51.0,23.770159078442127,47.0,0.0115750818897718,19.55394940353089,22.80294285714284,119.943,2.0154864630004883,74.89399999999999,0.0137978602453541,90.627,44.96532309380142,15.733,67.082,19.068337877116733,415.2527472527472,2655.0,2499.1332967635767,2640.0,0.2666427102170217,261.9164156398302,0.2093703825752614,0.1047200442106115,0.1356072599999606,-2.701561871912684e-05,0.021925275719674,7.610989010989016,85.0,77.89358200767965,84.0,0.0050150958789873,4.955941646405111,68.54060357729286,77.91281118988256,9.389011948561276,66.84489156556974,0.0187647997587445,8188.0,1,0.026429999999999954,-301.24670853468166,25,1.2230859994888306,7
yolo11m.pt,20,115W,8,3526.762860107422,46.04109386750487,0.1110918923437594,0.6393287250657489,29.84668410791915,84.5,41.656401777121246,81.5,0.0212412261902966,33.707279026859425,0.0,0.85691,0.0,8200.0,8193.632075471698,8200.0,0.0072525420548575,61.48336567058591,18.665060726930488,58.5,26.21244215682983,53.5,0.013197332266534,22.44248083924849,23.97248898344015,117.681,1.6705434422257364,62.2235,0.0165300756799195,76.9485,46.04109386750487,14.725,70.449125,20.318841270466347,409.2199054362927,2655.0,2499.576101188478,2647.5,0.2924886109347691,262.9447799245029,0.1630933312527499,0.1110918923437594,0.1402528274991254,-3.425372014424258e-05,0.0181400612188537,9.192247792766544,83.5,74.97042864097227,82.0,0.0066423107030099,5.403326167699136,73.2270946768241,80.65868438521441,8.04482641292483,72.01411380272086,0.0121063528441526,8188.0,2,0.02353000000000005,-318.6783895026107,24,1.0996997356414795,8
yolo11m.pt,20,115W,9,3880.4109375,46.664165014577215,0.1195111056667762,0.6196539951010022,34.953271028037385,90.0,40.02157434402332,85.0,0.022462584922995,34.861878247676835,0.0,0.86267,-56.07476635514013,8200.0,8186.00583090379,8200.0,-0.038168199528428,128.82998931443944,23.25467289719626,63.0,25.932361516034984,59.0,0.0148088879186919,23.93996565677845,27.25449532710281,122.445,1.8641927906097788,71.181,0.0174797038243826,86.991,46.664165014577264,15.81,72.9451,20.98387180056268,452.6635514018694,2640.0,2488.8454810495627,2640.0,0.3030468685935069,267.57752921608846,0.2165474311306009,0.1195111056667762,0.1512037699993925,-5.933325150330012e-05,0.0258798229237182,8.565420560747668,87.0,78.34577259475219,86.0,0.0058903423630878,5.383375600671743,77.65622330911852,96.49390477304443,12.961975210054366,75.3068089345104,0.0278605600353197,8188.0,1,0.017769999999999953,-352.19161839220925,23,0.8955215215682983,9
yolo11m.pt,20,115W,10,4004.746454326923,46.0934574780058,0.1349881523077434,0.6222070658431541,39.232394366197184,90.0,41.965982404692085,84.0,0.0253172322483511,34.38444054938394,0.0,0.88044,0.0,8200.0,8192.961876832844,8200.0,-0.0051568897766347,91.63084973343015,25.154929577464785,64.0,27.48739002932552,60.0,0.0162189437208039,23.687604921401263,27.66149530516433,121.137,1.626629984001012,59.34400000000001,0.0173853042320439,74.977,46.09345747800587,15.633,72.546,20.84477450870057,463.6971830985917,2655.0,2484.0791788856304,2640.0,0.30803667860854,271.1601060533579,0.1914131703701464,0.1349881523077434,0.1688796550000006,-8.758602767170137e-05,0.0258385101956333,8.866197183098592,87.0,78.2574780058651,85.0,0.0056085534255959,5.469401268675216,75.71721877195118,87.17601958999292,9.651140215792545,74.08057543599969,0.0162468041119796,8188.0,1,0.0,-365.2449916666937,22,0.8670694828033447,10
yolo11m.pt,20,115W,11,4268.7109375,46.15292959427203,0.141665950416647,0.5943907850441038,38.14558472553699,90.0,40.60918854415274,88.0,0.0237806595085251,34.96391780148343,0.0,0.86726,0.0,8200.0,8200.0,8200.0,-9.131713669846086e-15,0.0,25.97136038186158,66.0,27.08532219570406,63.0,0.0159797122337641,24.852534036724464,30.539761336515507,116.249,1.648107729426568,60.157,0.018966013491404,76.065,46.15292959427208,15.908,74.382,21.44748724904961,500.1909307875899,2655.0,2479.618138424821,2640.0,0.335798127129199,273.6235411081495,0.2112592670227521,0.141665950416647,0.1730243299994981,-9.447917633142364e-05,0.0299282448471024,9.634844868735088,86.0,77.78341288782816,85.0,0.0064009211353965,5.508421567133899,79.86453735281265,105.33340663660532,12.127720636661977,77.64745139991948,0.0230595277254003,8188.0,1,0.01317999999999997,-389.5145268289028,21,0.7172947525978088,11
yolo11m.pt,20,115W,13,4607.7709375,47.3739867758187,0.1621595844999592,0.5909343085902556,45.204030226700255,90.0,48.60768261964736,89.0,0.0264636843767323,33.75833310943361,0.0,0.84658,30.22670025188927,8200.0,8192.443324937029,8200.0,0.0174402581335601,94.92579595431056,33.36775818639798,71.0,34.81863979848867,67.0,0.0191978615774323,25.39667375756795,30.985113350125943,121.215,1.8420657820705868,71.649,0.0204475104626341,87.266,47.37398677581864,15.617,76.158,22.528810073194208,471.80100755667536,2655.0,2484.7386649874056,2640.0,0.3359125642187703,270.90204823750537,0.1695806422936848,0.1621595844999592,0.1902962049995949,-0.0001418601869799,0.0274991264935801,8.904282115869009,85.0,76.15491183879094,84.0,0.006152719300181,5.413848489828379,81.59938920608376,97.5631264348903,9.439097796040274,80.16794098287338,0.0133809563979164,8188.0,1,0.03386,-422.15451251543976,18,0.4140028953552246,12
yolo11m.pt,20,115W,12,4328.791921164773,45.316846064139945,0.1494527131818441,0.5643937997608074,27.26869158878505,92.0,44.582507288629735,90.0,0.0210967609772172,36.69825803746877,0.0,0.87609,0.0,8200.0,8200.0,8200.0,-7.0343602274259076e-15,0.0,18.97663551401869,70.0,31.68104956268221,67.0,0.0150678221832937,26.90044852185264,20.65264719626168,122.736,2.104316789059619,79.628,0.014118943928455,95.361,45.316846064139945,15.733,75.7497,22.342119407823567,406.5420560747666,2655.0,2469.935860058309,2640.0,0.278888817704811,278.92666303102817,0.1939351385553097,0.1494527131818441,0.1752883649998693,-0.0001161032130074,0.0289841326383879,6.0957943925233735,85.0,76.85247813411078,84.0,0.0041084983646838,5.286634060511009,82.34985306927392,109.29406810657274,12.185463211120956,80.2929551730466,0.0218956795518084,8188.0,1,0.004349999999999965,-393.7672232254773,20,0.3841295540332794,13
yolo11m.pt,20,115W,14,4888.4008984375,46.94023809523812,0.1661723780000557,0.5571550705838945,48.995049504950494,92.0,46.27705627705628,91.0,0.0307440988542738,37.02446899195152,0.0,0.86369,0.0,8200.0,8200.0,8200.0,6.724616710170487e-15,0.0,37.15841584158416,72.0,33.91094619666048,70.0,0.0232843795340407,28.07137268263076,31.235675742574266,121.649,1.6581722453575718,62.13399999999999,0.0204191335195803,77.835,46.9402380952381,15.701,76.2056,21.90945424343345,485.5693069306931,2655.0,2478.1632653061224,2640.0,0.3350369691745809,274.50201709453194,0.2262999729156331,0.1661723780000557,0.2028007050002997,-0.0001732351725787,0.0376048046407389,9.21287128712872,85.0,76.43661100803958,84.0,0.0062886895258482,5.610736716212438,89.52466378891327,169.44439312873394,27.29914012903528,84.24986251322292,0.0929849235276672,8188.0,1,0.016750000000000043,-447.6798949548638,16,0.25746724009513855,14
yolo11m.pt,20,115W,15,4570.699826388889,46.29965917375454,0.1797616922222409,0.5548603388258078,35.420924574209245,92.0,41.72964763061968,90.0,0.0263706346491939,37.89214319505718,0.0,0.86542,26.277372262773497,8200.0,8193.438639125152,8200.0,0.0146614471688738,88.49057347134637,25.81751824817518,73.0,30.817739975698665,70.0,0.0195380534159983,29.57351079429545,26.127197080291968,117.107,2.022757870604114,77.941,0.0174936316003832,93.653,46.29965917375456,15.712,76.91825,22.659268195013134,477.88321167883214,2655.0,2479.374240583232,2640.0,0.3298250844226932,275.17767977842715,0.1999942577739551,0.1797616922222409,0.2227031250001346,-0.0001567775583582,0.0359513062121772,8.649635036496349,85.0,75.7314702308627,83.0,0.0058601389402591,5.438785034369887,86.92933732946653,143.97292410189027,19.61358463141844,83.44380726821025,0.0509074343132636,8188.0,1,0.015020000000000033,-416.2651321127137,19,0.24607358872890472,15
yolo11m.pt,20,115W,16,4777.783581542968,47.14660167261118,0.1998009250000166,0.5887526004429215,45.66841752419633,92.0,45.638215198827,91.0,0.0285107095269295,37.82888696532841,0.0,0.86917,0.0,8200.0,8200.0,8200.0,-3.3585315637306186e-15,0.0,35.31883180702816,73.5,34.36987036846688,72.0,0.0219561710400546,29.98648318557172,27.820215999843786,121.825,1.9826179921801428,78.52600000000001,0.0190003544654847,93.471,47.14660167261121,14.945,79.4568,23.41980128493189,441.03914045261945,2655.0,2490.340881528553,2640.0,0.3217019015229324,268.36526245581723,0.1177637853449821,0.1998009250000166,0.2322663650002595,-0.000164793163454,0.0235711138520025,8.23017918627432,85.5,76.48196221521346,84.0,0.0058951999272976,5.520735684495575,80.97357895540131,89.43441761779651,7.771921222486346,80.08580497005917,0.0092748300694962,8188.0,2,0.011270000000000002,-439.15732250678354,17,0.1995144635438919,16
yolo11m.pt,20,115W,17,4984.9484375,46.74924778200255,0.2009884275001127,0.5527092822657544,36.20812182741117,93.0,44.154626108998734,92.0,0.0256986776361199,38.42224442210287,0.0,0.86267,0.0,8200.0,8200.0,8200.0,6.915631034931876e-16,0.0,27.93654822335025,73.0,33.01394169835235,72.0,0.0193537458229609,30.27302560685511,31.26652538071065,115.0,1.8246068984416537,69.667,0.0222854205728683,85.299,46.74924778200253,15.632,78.23,22.780853343340137,510.2664974619288,2655.0,2473.6501901140687,2640.0,0.3558763137354693,278.33696661898125,0.2125722163304247,0.2009884275001127,0.2439737400012744,-0.00029226025665,0.0427245554904658,9.494923857868017,85.0,75.89036755386566,84.0,0.0068028624006545,5.640364305375167,88.77198478704229,148.78714339053903,21.988947687996927,84.58198420399336,0.0613559990507872,8188.0,1,0.017769999999999953,-457.0972797840045,15,0.030228130519390106,17
yolo11m.pt,20,115W,18,5146.0734375,45.83395649509812,0.2029078512499723,0.5166705348169484,55.178921568627445,93.0,49.12071078431372,92.0,0.0377883816625977,38.32428404463678,0.0,0.86774,0.0,8200.0,8200.0,8200.0,3.89723062939439e-15,0.0,44.07598039215687,75.0,37.68995098039216,74.0,0.0304218729719126,30.724294963074243,26.329245098039216,119.132,1.9956165034494115,75.843,0.0173841486525488,91.467,45.83395649509804,15.624,78.583,22.3488686694672,445.5514705882356,2655.0,2473.924632352941,2655.0,0.3050824526646842,278.8190560397446,0.2466281918779572,0.2029078512499723,0.2401318400003219,-0.0002609632509087,0.0500427964716221,8.002450980392155,84.0,75.18811274509804,83.0,0.0054060560303745,5.511977232073477,98.49737440791036,235.45680554028283,44.03579747613127,88.71021938833162,0.1998768164697293,8188.0,1,0.012700000000000045,-470.5492734160207,14,-0.03558264300227165,18
yolo11m.pt,20,115W,19,5373.496651785715,46.58429074889879,0.2302205950000045,0.5644559544139309,39.0831234256927,95.0,42.4078036500944,92.0,0.0262090923863502,36.996893574924606,0.0,0.86426,0.0,8200.0,8200.0,8200.0,1.1554762804588706e-15,0.0,30.858942065491185,76.0,32.27879169288861,73.0,0.0205752717079773,29.87019848036112,29.039977329974818,115.0,1.9101503654878271,73.39,0.019560299841937,88.983,46.584290748898674,15.593,77.676,21.912858055882737,497.002518891688,2655.0,2479.80490874764,2655.0,0.3503084226848421,275.2448301095249,0.1602402331102337,0.2302205950000045,0.2643288850001226,-0.0002757773092656,0.0368906018095774,9.025188916876573,84.0,75.49465072372561,83.0,0.0062695569132027,5.510742671355682,84.29276288446711,111.0092778843249,12.061314624853017,82.52954085189303,0.0204742836014904,8188.0,1,0.016179999999999972,-497.15041681721544,13,-0.141182079911232,19
yolo11m.pt,20,115W,20,5569.339508928571,46.0616638855779,0.2270858892858736,0.5229976952721733,19.86157517899761,98.0,41.22526817640048,93.0,0.0151793781629892,39.37699309997581,0.0,0.86842,0.0,8200.0,8200.0,8200.0,-1.303439073461567e-15,0.0,15.071599045346062,81.0,31.93206197854589,76.0,0.0119387923245607,32.19948858285409,23.54886396181384,119.531,1.938184435146998,73.704,0.0154475126549159,89.276,46.061663885578064,15.572,78.749,22.902332412232607,404.6062052505968,2655.0,2475.169845053635,2655.0,0.271329237550286,278.1991044429303,0.2260645785005437,0.2270858892858736,0.2716779000010319,-0.0002493886075091,0.0513360758448321,6.995226730310264,83.0,74.43802145411203,82.0,0.0046108942122222,5.214759368836447,94.7619961895564,186.955895105732,32.11296456166118,88.07240319024149,0.1148397923876867,8188.0,1,0.01202000000000003,-513.3040437558279,12,-0.25556567311286926,20
yolo11m.pt,20,115W,21,5803.1966517857145,46.256016666666696,0.2359407121428375,0.5196989292011573,39.14567901234568,96.0,45.105555555555554,92.0,0.0264945696985184,37.67686644921653,0.0,0.86857,0.0,8200.0,8200.0,8200.0,3.114468809131667e-15,0.0,31.17530864197531,81.0,35.01913580246914,77.0,0.0215916115284694,31.53166551448496,26.36475802469135,116.595,1.9437687565689648,74.33500000000001,0.017874798592688,89.911,46.25601666666667,15.576,77.60285,21.459558977590504,461.62962962963,2655.0,2489.25,2655.0,0.3256300458377989,269.88550813261537,0.2717916581422019,0.2359407121428375,0.2880573149998781,-0.000293383146003,0.0641267173765537,8.395061728395063,84.0,74.98024691358025,83.0,0.0060891062846939,5.499683935993396,102.62843195113466,241.4284113033675,54.51468868186684,89.00541076305086,0.2821575565617401,8188.0,1,0.011870000000000047,-536.1688090540742,11,-0.31238454580307007,21
yolo11m.pt,20,115W,23,6261.694270833334,47.18321192482173,0.2616283983334294,0.5367160071355599,34.55584415584416,99.0,41.05703175631886,93.0,0.02171686833452,38.30718846058351,0.0,0.86719,0.0,8200.0,8200.0,8200.0,-3.552857927336597e-15,0.0,26.285714285714285,84.0,31.98250162022035,77.0,0.0161556917003912,31.90770194866253,30.10011688311689,115.103,2.013873073147275,79.455,0.0214596121116502,95.021,47.18321192482178,15.566,79.5925,22.578552142438216,469.5974025974024,2655.0,2481.960466623461,2640.0,0.341921354835434,273.55612180093146,0.2104415094639654,0.2616283983334294,0.3048561300000983,-0.0003839617813706,0.0550574750639265,8.916883116883113,85.0,75.56059624108879,83.0,0.0064544978193645,5.640337331938096,92.84850449928668,153.0557699250327,24.91566524478424,87.91094600781031,0.0720103875981982,8188.0,1,0.013249999999999984,-582.8608268636115,9,-0.4045352637767792,22
yolo11m.pt,20,115W,22,6031.527604166667,46.56179390797152,0.2615954933333796,0.5536525203564981,45.54285714285714,97.0,45.60337005832793,92.0,0.0337841111407985,36.96270968129368,0.0,0.86852,0.0,8200.0,8200.0,8200.0,-3.552857927336597e-15,0.0,37.31168831168832,83.0,36.19766688269605,77.0,0.0276347704454717,30.696840055156468,30.67498961038961,119.133,1.9416992433472755,74.885,0.0209999207447302,90.409,46.56179390797149,15.524,78.5825,22.34113494731044,494.2987012987014,2655.0,2481.104990278678,2640.0,0.3591486210314754,273.64476761111814,0.147392434743625,0.2615954933333796,0.2962336250004228,-0.0003750881213982,0.0385571966803665,10.280519480519487,85.0,75.13869086195723,83.0,0.0074189864019607,5.834303109833118,85.60767194703372,107.63531308154158,10.981738999468009,84.09930813281636,0.0164557189667544,8188.0,1,0.011920000000000042,-562.006726318571,10,-0.4088597297668457,23
yolo11m.pt,20,115W,24,6339.127604166667,47.22039632213055,0.2663828308334056,0.524112618556853,40.6243654822335,99.0,46.039315155358274,92.0,0.0284874367835183,37.447808215939496,0.0,0.86324,0.0,8200.0,8192.390615091947,8200.0,0.0107764493568594,95.25418180313665,32.70558375634518,86.0,36.70259987317692,80.0,0.0229153393204046,32.11756620898698,30.00301269035533,122.534,2.106144965864881,83.82900000000001,0.0203051313510875,99.453,47.22039632213063,15.624,80.4174,22.60874319495914,459.8223350253807,2655.0,2479.7558655675334,2640.0,0.3251235953485729,274.777399973109,0.2401363737945812,0.2663828308334056,0.3226672799994048,-0.0004167207378967,0.0639682070374694,9.42893401015229,86.0,75.40646797717184,83.0,0.0066601883948545,5.619766163759935,97.88731326359564,179.23948404589987,34.244356375229614,90.09589666463702,0.1223841565426622,8188.0,1,0.017199999999999993,-589.3010216823106,8,-0.5748357772827148,24
yolo11m.pt,20,115W,25,6702.894270833333,46.79423057324844,0.2712634299999384,0.5077425395802942,43.099489795918366,98.0,43.21528662420382,94.0,0.0262258179165507,39.07036957923452,0.0,0.86794,0.0,8200.0,8200.0,8200.0,-1.6452496861348213e-15,0.0,34.56377551020408,86.0,34.0,82.0,0.0205068853830868,33.01696147774549,27.36019897959184,120.867,1.9993063002404536,77.896,0.0188157591676932,93.556,46.794230573248406,15.66,81.951,23.176645024549384,478.73724489795904,2655.0,2483.6751592356686,2640.0,0.3447407877279921,271.9691631208746,0.3127931097799966,0.2712634299999384,0.3314869549997638,-0.0003794739863886,0.0848493318392691,8.673469387755091,85.0,75.67770700636943,84.0,0.0062429968481053,5.530858409160391,114.60772954899744,318.3552722731204,75.92127749006124,92.1613355696552,0.4388329166450632,8188.0,1,0.012499999999999956,-624.35272185619,7,-0.9371229410171509,25
yolo11m.pt,20,115W,26,6842.4109375,46.34723423423421,0.31379998899989,0.5593754458799239,44.829896907216494,99.0,45.46010296010296,94.0,0.0291585072776129,39.18219681465482,0.0,0.86769,0.0,8200.0,8200.0,8200.0,2.417951032357329e-15,0.0,36.46134020618557,88.0,36.87065637065637,83.0,0.0234379065613291,33.60259651986392,28.913708762886603,120.604,2.046616191175776,79.31400000000001,0.019973961004263,94.855,46.34723423423424,15.541,80.2881,23.4888475241623,487.9252577319585,2655.0,2483.783783783784,2640.0,0.3553697106472281,272.02669137074656,0.1066138678001906,0.31379998899989,0.3439325449988246,-0.0003930873717401,0.0334554305429355,9.587628865979385,86.0,75.93050193050193,84.0,0.0069571087408153,5.826231798353288,83.55898787700113,96.60105549928704,6.950891205366908,82.85532476551205,0.0069198174934265,8188.0,1,0.012750000000000039,-643.7986207375396,6,-0.97634357213974,26
yolo11m.pt,20,115W,27,7042.2109375,45.77245581691037,0.3164220930000374,0.5364228248643895,38.43765903307889,99.0,46.00445009535919,93.0,0.0293407264741409,39.69913045921321,0.0,0.86371,30.534351145038272,8200.0,8192.371265098538,8200.0,0.0174444867747894,95.37444251767776,31.03053435114504,86.0,37.30197075651621,82.0,0.0237111211242369,34.02268757924405,26.0801679389313,116.813,2.082147402822772,79.60300000000001,0.0170963607705101,95.305,45.772455816910366,15.702,81.10519999999998,23.68751389992569,466.4503816793895,2655.0,2480.568976478068,2640.0,0.3320425790262252,274.34133773571995,0.1490663444195811,0.3164220930000374,0.3545657599995138,-0.0004522017791776,0.0471678846971083,8.31806615776081,86.0,75.90336935791481,84.0,0.0059594596910294,5.522612139719242,87.10957214213406,115.69679101274232,12.69871477146848,85.32906076187545,0.0212514112563837,8188.0,1,0.016730000000000023,-662.1798214562568,5,-1.0147356986999512,27
yolo11m.pt,20,115W,28,7247.0109375,46.17706364209194,0.3163241959998959,0.5216758046507415,38.59848484848485,99.0,44.23062381852552,93.0,0.0264005304565635,38.49319772052417,0.0,0.86008,27.272727272727025,8200.0,8193.194706994329,8200.0,0.015401676719593,90.11126230340057,31.295454545454547,88.0,35.412098298676746,82.0,0.0207578724980028,33.4017994500029,28.11931313131314,121.045,2.0531405100773714,79.278,0.0196355894536019,94.808,46.177063642092,15.53,81.092,23.362479323080063,448.030303030303,2655.0,2480.056710775047,2640.0,0.3163052705756665,274.7050258481487,0.2037276410595394,0.3163241959998959,0.3647472700013168,-0.0004730280900079,0.0644439822611141,9.265151515151516,86.0,75.92186515437933,84.0,0.0066246514530005,5.731346900157519,93.01343707071184,151.33717719265195,23.30297535129493,88.51678232040527,0.0627669991482722,8188.0,1,0.020360000000000045,-680.8284730861752,4,-1.08895742893219,28
yolo11m.pt,20,115W,29,7447.3309375,45.86979153506005,0.32143816100006,0.5084241874650284,41.20759493670887,99.0,42.77132027795325,93.0,0.0278451486069485,37.968594412760986,0.0,0.86585,0.0,8200.0,8200.0,8200.0,-9.080039438926356e-15,0.0,32.243037974683546,89.0,34.13202779532533,80.0,0.0214584762840846,32.6031615667996,27.89832658227848,118.384,2.0431747532222,78.077,0.0183697340579373,93.72,45.86979153506002,15.643,84.6634,24.408925902970548,459.6455696202529,2655.0,2488.085912823753,2640.0,0.3298065321381366,270.10742851902427,0.2538455076658623,0.32143816100006,0.3789248699997188,-0.0005963742964284,0.0815956331622414,7.863291139240502,85.0,75.99873657612129,84.0,0.0054846290325301,5.471340218442445,99.59154148406182,187.4441454644125,38.42072285656267,90.21953059268088,0.1488285169547998,8188.0,1,0.014589999999999992,-699.7767927014036,3,-1.270553708076477,29
yolo11m.pt,20,115W,30,7622.2308984375,46.44193155893527,0.3205637719998412,0.4962533586496919,43.43401015228426,99.0,44.960709759188845,95.0,0.0254371840696763,39.78997112696341,0.0,0.86458,0.0,8200.0,8200.0,8200.0,6.915631034931876e-16,0.0,37.18020304568528,88.0,36.6660329531052,84.0,0.0212134498932647,34.91535118895178,28.8214923857868,118.84,2.041581752035413,79.243,0.0197151934903741,94.815,46.441931558935366,15.572,82.03,23.795840058860065,470.9771573604062,2655.0,2478.7262357414447,2640.0,0.3338042563972823,275.4324169517517,0.3151766900809353,0.3205637719998412,0.3944404100009706,-0.0005773253513329,0.1010342286187695,10.073604060913697,86.0,76.07224334600761,84.0,0.007065963866225,5.853825905370762,113.10276842125322,267.0617627636417,64.98700294215895,93.58512290033464,0.3301463854535623,8188.0,1,0.015859999999999985,-715.3619884153364,2,-1.2833375930786133,30
yolo11m.pt,20,115W,32,7950.05869140625,44.65735292395711,0.5608329093750285,0.771208430687214,26.77814723800748,100.0,52.45323204809873,99.5,0.0172821470090052,41.774853002631545,0.0,0.8636,0.0,8200.0,8200.0,8200.0,-4.301270588075108e-15,0.0,30.48179491117596,91.5,33.280346124780976,84.0,0.0221171354761234,33.66111989148722,27.58902522397993,123.144,2.177365541173698,81.873,0.0183418763313833,96.9645,44.657352923957184,15.0915,85.31694999999999,24.080305036474424,397.0496083550913,2655.0,2500.8714467816544,2647.5,0.2586607043569547,259.7701811778336,0.5018771900728416,0.5608329093750285,1.378068300000268,-0.007545446223043,0.3500988683280543,7.65096759330364,86.5,75.85672111543859,84.5,0.0051836958716215,5.2022938533575545,73.56125833557999,89.28596754834439,15.325376816765155,62.54580076130314,0.0764983092158533,8188.0,2,0.016839999999999966,-766.4115432686345,0,-1.5417228937149048,31
yolo11m.pt,20,115W,31,7904.9109375,45.655115581098286,0.3248571469999842,0.4784319546332296,33.73657289002558,100.0,44.99106002554279,99.0,0.0236151674396081,40.18795142667158,0.0,0.86263,0.0,8200.0,8200.0,8200.0,-2.525581972710118e-16,0.0,28.22250639386189,91.0,36.57151979565773,87.0,0.0193417132211432,35.74947855528837,27.969327365728905,119.697,2.2631417900248865,87.738,0.0186504980453888,103.324,45.65511558109834,15.586,82.839,24.47504568958096,474.93606138107407,2655.0,2482.088122605364,2640.0,0.3414494587269466,273.26156874817383,0.3468930913168509,0.3248571469999842,0.4019598950010731,-0.0005862534611502,0.1126906999591972,8.879795396419425,85.0,75.985312899106,84.0,0.0062943469359356,5.651244632668341,125.75686393093665,345.40987536521425,91.3094233023664,95.4265599088128,0.5271907753986667,8188.0,1,0.017809999999999993,-742.3679619209321,1,-1.59306800365448,32
yolo11m.pt,20,65W,2,1959.0671844482424,33.12168301997663,0.0810336134375134,1.3419848291203196,16.437132784958873,51.0,32.79524089306698,48.0,0.0058638155941182,17.105639518017117,1.0,0.80182,344.30082256169226,8000.0,7832.843713278496,8000.0,0.1298775854649291,373.1153474878545,4.873090481786134,20.0,10.868096357226792,17.0,0.0017464330759949,5.736880892008624,9.25824559341951,42.894,1.91922614444624,49.99,0.0034068161821589,63.568,33.1216830199765,13.578,39.989,8.839084346686118,112.10340775558144,2505.0,2278.0346650998827,2490.0,0.0430128430282426,169.38039597253118,0.1656249401348,0.0810336134375134,0.1041992000005848,-2.649168910642123e-06,0.0134211873744946,6.807285546415983,81.0,75.8210928319624,80.0,0.0025349008580227,3.194077102301702,25.058237536342663,28.25074234068705,2.6305230031633444,24.68111583771638,0.0110200398335375,8188.0,1,0.06735000000000002,-187.72912054618976,20,2.392935037612915,1
yolo11m.pt,20,65W,3,2228.187027616279,32.85892531272992,0.0853825159302623,0.9351925713218212,24.801178203240056,63.0,37.05187637969095,58.0,0.0108788189744131,22.78525081458972,1.0,0.83665,450.6627393225326,8000.0,7775.202354672553,8000.0,0.1948506388621602,417.4489956661558,9.394698085419734,29.0,14.70345842531273,24.15000000000009,0.0041220817193982,9.262761169211483,11.541041237113408,52.553,2.426372720385728,65.62299999999999,0.0049870406104888,79.728,32.858925312729944,14.105,42.794,10.376687159003104,98.92488954344616,2490.0,2163.1291390728475,2490.0,0.0446816685788503,206.69119849432485,0.1809627436239969,0.0853825159302623,0.1083762049997858,-5.102585656134936e-06,0.0154510543402599,5.432989690721641,81.0,76.97240618101546,80.0,0.0024790085786307,2.7672085471340826,35.72596731387983,40.56338994243923,3.860862869560864,35.135999066252644,0.0116788682746933,8188.0,1,0.03251999999999999,-208.31214038442232,19,2.2475359439849854,2
yolo11m.pt,20,65W,4,2502.9255126953126,32.391607511349505,0.0947565909374986,0.7673295756902387,28.788429752066115,74.0,38.89228229467602,68.0,0.0137051875294197,26.512542960763906,1.0,0.84947,500.8264462809912,8000.0,7734.62649607924,8000.0,0.231871216245222,441.5318871130125,12.55206611570248,34.0,17.24308708212959,31.0,0.0059080076288278,11.949160114789477,13.910715702479331,53.084,2.601599811632472,70.104,0.0066255096313699,84.27,32.39160751134957,14.166,43.5866,10.915204510095606,122.00826446281008,2490.0,2075.1939744118863,2490.0,0.0704338650085635,249.75638880368385,0.215601363037166,0.0947565909374986,0.1256440000006478,-1.000402134480742e-05,0.0204296501628798,5.489256198347121,82.0,77.22080066033843,81.0,0.0026702243676282,2.749169510039617,43.21209379969524,50.1160353105814,5.477137695261684,42.21342241658308,0.0160655906948676,8188.0,1,0.01970000000000005,-231.44478932185132,18,1.9867990016937256,3
yolo11m.pt,20,65W,5,2796.0364783653845,32.44804584269656,0.1007877273076526,0.6540729592119826,35.865107913669064,80.0,42.32674157303371,78.0,0.0181753594671129,31.246590529523896,1.0,0.84761,471.223021582734,8000.0,7724.044943820225,8000.0,0.2324735202600847,446.99425404426887,15.755395683453235,38.0,19.29483146067416,35.0,0.0079892152784934,14.355589923449548,14.00138309352518,52.768,2.566441147294658,69.191,0.0071017498503695,83.276,32.44804584269663,14.085,45.21679999999999,11.499967479178718,62.05035971223037,2490.0,2021.143820224719,2490.0,0.041892786385688,272.9822103744336,0.1950102311436478,0.1007877273076526,0.1330349199994998,-1.8004857966179417e-05,0.0196546379987082,5.415467625899282,82.0,77.07640449438202,81.0,0.0028785704589966,2.804251285920458,50.59599650214,56.88005591511265,5.801455406820812,49.60921466894073,0.0131474524556407,8188.0,1,0.021560000000000024,-256.3298842037134,17,1.7003263235092163,4
yolo11m.pt,20,65W,6,2872.3401988636365,32.08942737038761,0.1114279409091357,0.5959431361392591,40.72523364485981,81.0,42.78281177020085,78.0,0.0222172355128522,31.21742773263801,1.0,0.86028,611.2149532710282,8000.0,7742.176553012611,8000.0,0.320533124921083,437.4363007009478,18.95140186915888,43.0,20.559551611396543,39.0,0.0101878007791224,15.646606046971948,14.778448598130844,50.405,2.477887781611709,65.34,0.0075134618495763,79.514,32.089427370387675,14.174,47.457,12.200357852807072,60.28037383177548,2490.0,2005.873423633816,2490.0,0.029714702714865,293.1337604922205,0.2120148185280791,0.1114279409091357,0.1464787500004604,-3.600051807179845e-05,0.0236243746708079,5.183177570093449,82.0,76.80242877160205,81.0,0.002811505112506,2.716172555960716,55.145141163328375,62.67792964528547,7.142907131522001,53.84645853675711,0.0167778188800578,8188.0,1,0.008889999999999953,-261.3449192383869,16,1.5134174823760986,5
yolo11m.pt,20,65W,9,3855.537630208333,31.17478533007341,0.1484625360000003,0.5142541877064783,36.618395303326814,88.0,42.57114914425428,86.0,0.018990549548575,36.19515763989401,1.0,0.86267,424.65753424657487,8000.0,7623.471882640587,8000.0,0.2141025271711667,484.5149060629499,20.32876712328767,55.0,23.61955990220049,51.0,0.010598041419581,20.868595954611497,14.676598825831704,50.426,2.5999858264239504,67.318,0.0076527327194412,81.054,31.17478533007335,13.736,47.21999999999999,12.552124021757605,13.297455968688835,2490.0,1934.4572127139363,2490.0,0.0137496413395409,320.0122227999663,0.2447374573482682,0.1484625360000003,0.1865555399996992,-6.751121336881151e-05,0.0363343435721158,5.878669275929553,82.0,75.20880195599022,79.0,0.0032765496541754,2.880661561886124,63.08459070821084,92.37670002855336,13.43974890843233,60.62135433278589,0.0453874444653167,8188.0,1,0.00649999999999995,-355.4165574871765,15,0.8928148746490479,6
yolo11m.pt,20,65W,13,4593.01986328125,31.944491080797487,0.204424052499944,0.502324793983457,43.84033613445378,91.0,44.416054564533056,89.0,0.0240641620429843,37.45281094393956,1.0,0.84658,621.8487394957983,8000.0,7664.218258132214,8000.0,0.3535174936459775,472.2630238500803,25.6281512605042,59.0,26.58079748163693,54.0,0.0139954878232278,23.059961726572084,17.774128151260506,51.037,2.58298057687949,68.46000000000001,0.0101038006666001,82.512,31.94449108079748,14.052,49.652,13.490511173064238,32.993697478991635,2490.0,1987.791185729276,2490.0,0.0258488903047566,340.6904606453995,0.1520202730130183,0.204424052499944,0.2430633449998822,-0.0001603625892897,0.031076600271469,5.319327731092443,83.0,75.83997901364113,80.0,0.0032221633016771,2.8006701340892146,64.68030307334416,78.1418802549704,7.697574157786311,63.59329952136408,0.0141632744453757,8188.0,1,0.02259,-427.53716383146605,12,0.25702837109565735,7
yolo11m.pt,20,65W,15,4557.282118055556,32.71433403917413,0.2260587722222327,0.4930241457975799,47.77542372881356,96.0,44.26786659608258,92.0,0.0273421247261769,38.56398270465164,1.0,0.86542,631.3559322033898,8000.0,7641.609317098994,8000.0,0.3510724978006569,509.5018314905533,29.74152542372881,66.0,27.561672842773955,59.0,0.0165657432485455,24.65775332214221,17.80184110169491,51.657,2.381555433979018,63.767,0.0097336935635319,77.911,32.71433403917417,14.144,51.24419999999999,14.149328878955329,54.02542372881362,2490.0,1991.188459502382,2490.0,0.0334994537424308,331.8109324937951,0.1840331368442643,0.2260587722222327,0.2736982299998999,-0.0001794285368902,0.0416023049632205,4.582627118644069,80.0,75.83589200635257,79.0,0.0027094635367553,2.537503402190794,69.02432919145417,113.40331417318824,15.824038612782951,66.35442567676107,0.0525569650623017,8188.0,1,0.003750000000000031,-422.4587982073338,13,0.25182729959487915,8
yolo11m.pt,20,65W,16,4538.27734375,33.84754590775403,0.2442838790625273,0.516792440735709,39.60385026793234,96.0,46.707777253321,92.5,0.0245137075347645,38.63311446190064,1.0,0.86917,407.0737240270978,8000.0,7627.89582354007,8000.0,0.2615118031074048,482.5531537018571,24.82010293562906,68.0,30.09016878910454,63.5,0.0151298569236083,25.85027468338677,14.5531618342385,51.917,2.2421121130019825,61.272000000000006,0.0089629853627231,75.83449999999999,33.84754590775407,14.5625,52.5125,14.075575135428174,-64.24663728109397,2490.0,1963.8269508663527,2490.0,-0.0244139043512169,341.4132858350622,0.1007452707430871,0.2442838790625273,0.2775456749996464,-0.0001522110441089,0.0246342893089344,4.131449625101411,82.0,76.82760310572985,80.0,0.0025963330305969,2.5205665514795554,66.06301006760772,73.04013958332743,5.676292119219041,65.49902297050068,0.0074606911187084,8188.0,2,0.0,-421.29782977425043,14,0.21699851751327515,9
yolo11m.pt,20,65W,17,4967.439013671875,31.84798217094913,0.249341251250064,0.4671185720173051,45.384453781512605,98.0,42.905610907184055,92.0,0.0260761822898443,39.2236605630055,1.0,0.86267,644.9579831932779,8000.0,7607.236497115889,8000.0,0.3297440619430441,488.36495951932704,29.53571428571429,72.0,28.20818038804405,65.0,0.0169916016185782,26.393679150531057,18.530628151260498,52.2,2.370134459220291,61.51499999999999,0.010306918324472,75.484,31.84798217094913,13.969,51.9867,14.291636729194549,32.48949579831947,2490.0,2014.18458311484,2490.0,0.0366760349230565,325.2291814474741,0.2064312810164686,0.249341251250064,0.3005798549995234,-0.0002411155932861,0.0514718339057998,5.182773109243698,83.0,75.31410592553749,79.0,0.0030361588492526,2.749157333886514,72.09491050243047,129.2648467435004,20.494937068207268,68.17965304485747,0.0808135089035003,8188.0,1,0.00649999999999995,-462.20635597446284,11,-0.1447249799966812,10
yolo11m.pt,20,65W,18,5139.4140625,32.05578966986152,0.255924515625054,0.4557701357909955,44.38379530916844,99.0,44.864217252396166,92.0,0.0255623366601695,37.80202038455193,1.0,0.86774,597.0149253731342,8000.0,7656.549520766773,8000.0,0.3431815068331512,474.8602400156215,28.95309168443497,73.0,29.19062832800852,68.0,0.0161048214772823,25.698752005958905,16.517942430703627,50.034,2.5668686015045026,68.327,0.0092855051152477,82.283,32.055789669861554,13.956,51.05004999999999,14.057895085438076,-39.91471215351794,2505.0,1937.2124600638977,2490.0,-0.0163692178884088,353.061486609875,0.2464571017197676,0.255924515625054,0.3104044950010575,-0.000235033563666,0.0630744143799862,4.9402985074626855,82.0,75.26730564430245,79.0,0.0029525260853586,2.692415546148427,79.14395129778298,186.94142586167948,38.49602414884161,70.33323851776343,0.2365899533066641,8188.0,1,0.0014300000000000423,-478.15276407331424,10,-0.24015046656131744,11
yolo11m.pt,20,65W,20,5585.862276785714,32.10154876120182,0.2853311650000121,0.4579786153169205,39.62236286919831,98.0,44.98365840801265,95.0,0.0225362698141717,38.61461243930826,1.0,0.86842,559.0717299578055,8000.0,7655.772272008435,8000.0,0.2930530432406765,475.1157745995499,25.945147679324897,75.0,29.34422772799157,66.19999999999982,0.014664120311022,26.67706699932874,16.389495780590718,50.274,2.505424289597071,66.506,0.0095170277877328,80.428,32.1015487612019,13.922,50.1054,13.704163102325108,8.955696202531499,2490.0,1975.7696362677912,2490.0,0.0351834777625164,351.98512746759786,0.2273641938400191,0.2853311650000121,0.3396776050010885,-0.0002740843329486,0.0648740903076612,4.902953586497887,80.0,75.20400632577754,79.0,0.003045646108799,2.636075255512921,76.18753835496909,155.66206749431066,28.41729644053478,70.09399060911959,0.1391225829754712,8188.0,1,0.0007500000000000284,-522.95021806534,9,-0.41109636425971985,12
yolo11m.pt,20,65W,21,5805.602706473214,31.45600549450543,0.2910855664285918,0.4360185322356671,31.206,98.0,42.925574425574425,95.0,0.0185654782462718,39.27455238229808,1.0,0.86857,466.0,8000.0,7640.35964035964,8000.0,0.2778387195764101,479.894958671283,20.038,73.0,28.214285714285715,69.0,0.0122106207992371,27.55629123317864,13.607786,47.371,2.5682536205721123,66.801,0.0080146687057827,80.787,31.456005494505497,13.986,52.547,14.280619720616642,93.2099999999998,2505.0,1979.5429570429567,2490.0,0.0425103582399123,359.5984807191371,0.2804739019936335,0.2910855664285918,0.355498290000105,-0.0004091235732851,0.0816419046302541,3.658000000000001,81.0,74.94655344655345,79.0,0.0023239370462912,2.5162093116611977,86.10368947841215,235.76619228374724,53.60599021289981,72.14373511423024,0.3875994243507446,8188.0,1,0.0006000000000000449,-543.5652906776843,8,-0.4416283071041107,13
yolo11m.pt,20,65W,22,6044.443229166666,31.51591975982531,0.3281194991666173,0.4700449003349627,42.91703056768559,99.0,44.12772925764192,92.0,0.0255110246765265,39.36741963737101,1.0,0.86852,556.7685589519651,8000.0,7623.362445414848,8000.0,0.3101447213613587,484.5427814561568,29.77510917030568,73.0,29.949781659388645,66.0,0.0167873146735841,27.66886798209935,16.340441048034936,47.791,2.501243834885208,65.017,0.0092514966800894,78.829,31.515919759825326,13.812,50.27399999999999,13.66886836215667,-81.94323144104806,2490.0,1961.3728165938865,2490.0,-0.0558413460086922,360.15721819178856,0.1261141725114677,0.3281194991666173,0.3699217500002305,-0.0001997640013215,0.0413805191222751,5.286026200873351,80.0,74.69868995633188,78.0,0.0032580799293609,2.608735415328987,68.08469998984724,87.73038695997035,8.526237755303669,67.04874308255759,0.0156825189665547,8188.0,1,0.0006500000000000394,-570.5183260190971,7,-0.49011877179145813,14
yolo11m.pt,20,65W,24,6361.058463541666,31.887171875000003,0.3320801074999811,0.4412123110050156,47.228448275862064,99.0,44.924030172413794,96.0,0.0266240179353168,40.319068819627375,1.0,0.86324,601.2931034482754,8000.0,7596.982758620689,8000.0,0.3071910641442162,490.50417381539273,32.05818965517241,78.0,30.6875,69.0,0.0182550796034908,28.77359180097804,17.680377155172412,52.037,2.4216634922252727,63.271,0.0101266966869304,77.22,31.887171875,13.949,51.2025,13.973129347576412,-50.30172413793116,2490.0,1958.6476293103449,2490.0,-0.040456717980857,373.0522372806112,0.2390820094975734,0.3320801074999811,0.3938107750000199,-0.0003772320484065,0.0793943794152656,5.489224137931032,83.0,75.14331896551724,79.0,0.0033409944501511,2.818301215819308,79.08105296646497,146.54464658795598,29.51591699685412,72.27171835338365,0.1393053109778454,8188.0,1,0.005929999999999991,-599.1208427171365,6,-0.8360276818275452,15
yolo11m.pt,20,65W,25,6725.647395833334,31.583738414006127,0.3357080633333074,0.4241166262316713,40.30927835051546,100.0,43.74510813594232,97.0,0.0209501146208077,40.61756042013937,1.0,0.86794,465.97938144329873,8000.0,7631.307929969104,8000.0,0.2213679532683303,482.45023321294906,27.48865979381443,75.0,29.814624098867142,71.0,0.0145549150737112,28.58706023196996,15.283577319587629,50.978,2.51990435573978,65.74499999999999,0.0080515141469778,79.588,31.58373841400618,13.843,52.824,14.40486696751338,74.0103092783504,2505.0,2005.7672502574665,2490.0,0.0749305158578568,357.86204816744333,0.3265286899856686,0.3357080633333074,0.4200125450008272,-0.0005110876366415,0.1096183141378507,4.305154639175257,80.0,74.86663233779609,79.0,0.0024514459313456,2.526732234631286,97.38573757276885,280.1959395358451,73.34784156169295,74.4694653794442,0.5672623512317576,8188.0,1,0.0012299999999999534,-634.1999310384682,5,-1.045224905014038,16
yolo11m.pt,20,65W,32,7858.99609375,33.40492635317361,0.4863046212499625,0.507641862431577,40.06886113058441,100.0,47.71332477919167,99.5,0.0252087295050216,41.310742007577865,1.0,0.8636,499.4317336902254,8000.0,7677.743221603541,8000.0,0.3204057703462936,467.3298196424975,28.802609776304887,79.5,33.93714326731825,75.0,0.0176069149729644,30.54481559031529,15.08511733902662,44.475,2.1494986354516588,57.1845,0.0092364172997741,71.7705,33.40492635317358,14.586,52.58275,14.170259698475828,29.89803071824599,2490.0,1964.6808049824403,2490.0,0.0036320050835235,367.438788229767,0.059745858223683,0.4863046212499625,0.5177105700001903,-0.0004890789088112,0.0290798679254515,4.020616914154616,80.5,76.30265221393822,79.5,0.0025829579657273,2.4060387414373023,66.01735745649044,72.10012920018855,3.4710858383301737,65.80300886974258,0.0028696664678694,8188.0,2,0.005569999999999964,-753.0993463237892,0,-1.2543418407440186,17
yolo11m.pt,20,65W,27,7069.7140625,32.30414818820979,0.3926732029999948,0.4698138273796598,41.40692640692641,100.0,45.938885884261765,97.0,0.0232691895536676,39.73436741090913,1.0,0.86371,567.0995670995671,8000.0,7679.286100594916,8000.0,0.3152131221357785,466.7509979994361,27.344155844155846,72.0,31.71227690643591,70.0,0.0154020814377764,28.57619052381817,17.52624025974026,53.73,2.4369316145203856,64.78999999999999,0.0098458692630947,78.723,32.304148188209844,13.933,50.8102,14.394789704462273,-56.88311688311683,2505.0,1947.9718766901028,2490.0,-0.0232049768015155,357.95630660060675,0.137618515157076,0.3926732029999948,0.4400200200010659,-0.0004366245682593,0.0540391031388323,4.573593073593074,81.0,74.81287182260681,78.0,0.0029075623775461,2.6470034335430563,70.22354678892748,96.19774145055942,10.918439658151758,68.75946663465182,0.0241743961811967,8188.0,1,0.00546000000000002,-672.1771019068509,4,-1.3560811281204224,18
yolo11m.pt,20,65W,29,7479.3740234375,31.61296544391288,0.3990481999999792,0.4350033433467234,48.263829787234044,100.0,44.11855396065923,94.0,0.0270825420066238,39.73414149378531,1.0,0.86585,519.1489361702133,8000.0,7609.782030834663,8000.0,0.2943455881825293,487.799042337946,33.51489361702127,86.0,30.53003721424774,71.0,0.018169021723471,29.15077081439829,17.114297872340426,50.87,2.4465278379916264,63.522,0.0091421025621441,77.342,31.61296544391281,13.82,51.054,14.116859191085029,-44.01063829787245,2490.0,1954.122807017544,2490.0,-0.0557936582721387,367.4867605896947,0.2610937107350313,0.3990481999999792,0.4825498999994124,-0.0005063258037804,0.1041889753001295,5.061702127659586,81.0,74.77352472089314,78.0,0.003063308408638,2.609181181644906,81.24468850466813,162.82865159279388,33.819132342419834,72.67292522557803,0.1732746245985646,8188.0,1,0.0033199999999999896,-710.6565722971858,3,-1.567549228668213,19
yolo11m.pt,20,65W,30,7656.5140625,32.04563873775846,0.3958582650000607,0.42285103171826,42.35511982570806,100.0,45.20457018498368,98.0,0.0252552972098127,40.21122874384057,1.0,0.86458,642.7015250544664,8000.0,7675.19042437432,8000.0,0.3633205785687313,468.303657051219,29.015250544662308,77.0,31.35146898803047,72.0,0.0168934227203734,29.292908884229057,17.044847494553373,51.002,2.579664605111956,68.702,0.009477305468391,82.667,32.04563873775843,13.965,51.39794999999999,14.304293489433162,-13.692810457516543,2490.0,1978.792165397171,2490.0,-0.0042252617194756,348.79847283246824,0.3201786107994344,0.3958582650000607,0.4902988000003461,-0.0006440628544833,0.1267453493611938,4.864923747276691,80.0,74.93906420021763,78.0,0.0030260039653214,2.5838680073578506,93.87903259777768,254.5442000491369,58.556098751571966,75.78470036490306,0.389051467462126,8188.0,1,0.004589999999999983,-726.5901727786098,2,-1.6000022888183594,20
yolo11m.pt,20,65W,31,7901.41734375,31.712511789925053,0.409000569000018,0.4184011408548105,43.32832618025751,100.0,45.935691318327976,99.0,0.0243855614597928,39.33077827204244,1.0,0.86263,542.9184549356223,8000.0,7662.379421221864,8000.0,0.3018908682066344,472.8984283793425,30.311158798283262,80.0,31.682207931404072,72.0,0.0165516793216302,29.12094149030081,16.574454935622313,52.798,2.336995583665665,60.25099999999999,0.0096534057490091,74.112,31.71251178992497,13.861,51.796,14.08520066133284,-10.010729613733927,2490.0,1965.6511254019288,2490.0,0.0238367170758332,371.3883124279199,0.3587349875847206,0.409000569000018,0.5094061749999127,-0.000685269357939,0.1467228140423651,5.197424892703864,81.0,74.90675241157557,79.0,0.0031610711211082,2.634157575118506,104.50836725413212,321.0455817663825,83.45329076396152,75.7945155817097,0.6376535879746894,8188.0,1,0.00653999999999999,-751.0081813839593,1,-1.7626124620437622,21
yolo11n.pt,1,115W,3,1251.5481468023256,17.35190163934426,0.0757080674418745,0.437892979852083,8.893442622950818,38.0,8.096311475409836,37.0,0.037829436824809,12.726672114739888,0.0,0.57042,0.0,8200.0,8200.0,8200.0,1.621897266718905e-15,0.0,1.459016393442623,7.0,1.4405737704918034,7.0,0.0067099613588006,2.3163162526440195,1.7590901639344274,119.328,1.339161579115437,7.692999999999998,0.0076209981081073,23.237,17.35190163934426,15.544,22.985,2.4459615290925143,0.0,2010.0,2010.0,2010.0,-9.776786262262588e-16,0.0,0.7064645886561741,0.0757080674418745,0.1099195400009193,-0.0010454993506478,0.0534850687232778,-1.3934426229508148,69.0,67.92008196721312,69.0,-0.0033901142053855,0.743666146562872,45.52604992410873,56.27649398345325,10.270601179437683,39.625895910013455,0.050894609918584,8188.0,1,0.02737999999999996,-104.85239546209334,31,1.9214860200881958,1
yolo11n.pt,1,115W,4,1362.91015625,16.054798245614013,0.0764250156249843,0.3067470516942557,10.833333333333334,40.0,5.868421052631579,39.0,0.0377568648097267,12.306939390280917,0.0,0.58282,0.0,8200.0,8200.0,8200.0,-2.9423610161625043e-14,0.0,1.956140350877193,9.0,1.99561403508772,8.0,0.0067723592772539,2.285533848762276,1.775517543859646,117.343,1.421444209442769,8.291000000000002,0.0079433667909885,22.821,16.054798245614037,14.53,22.52375,2.438991775375185,7.894736842105203,2040.0,2012.565789473684,2040.0,0.0184350372649304,8.389899200065376,0.6958097306727322,0.0764250156249843,0.1009194849998948,-0.0020992059567436,0.0531772695386797,1.1666666666666643,60.0,58.8859649122807,60.0,0.0031709048753848,0.6353445249905901,60.3032607456845,76.26256189827217,14.34221108067332,52.33888364024548,0.0565653693885017,8188.0,1,0.014979999999999993,-108.10014308997552,28,1.813826084136963,2
yolo11n.pt,1,115W,1,1206.602818080357,15.565465053605871,0.0604159012276935,0.9399669484392598,13.191134642801472,33.142857142857146,10.893208612107369,32.285714285714285,0.041231972890792,13.71086753186722,0.0,0.4819,10.919017288444072,8200.0,8194.557823129251,8200.0,0.0202385318713944,30.05540412840071,1.0290898982615542,3.857142857142857,1.2896367628594043,3.7142857142857135,0.0035836448115651,1.3337144201081,2.088345489164064,117.10828571428571,1.1956818278230714,4.978142857142857,0.0063736953123545,18.60828571428572,15.565465053605871,13.630142857142856,18.504571428571428,1.9195056325597832,0.0,2010.0,2010.0,2010.0,1.086867392865068e-16,0.0,0.5804902242499638,0.0604159012276935,0.0775785992855535,-0.0002188699488,0.0356365152542719,2.0067650882970005,57.71428571428572,56.02015524104515,57.42857142857143,0.0046966740509059,0.946075822328898,17.704223911441854,20.25600661099273,2.59543432306866,16.578831687688954,0.0217601835014676,8188.0,7,0.1159,-113.83766580614352,25,1.516971230506897,3
yolo11n.pt,1,115W,5,1368.4801682692307,16.983082608695646,0.0875640115385137,0.2974213683014715,7.582608695652173,41.0,5.6,26.0,0.0328281735530516,10.448881779156208,0.0,0.58543,0.0,8200.0,8200.0,8200.0,1.2617745100451126e-14,0.0,1.895652173913044,10.0,1.3347826086956522,6.0,0.0080752826768105,2.530012664627552,2.2551652173913066,120.763,1.496901392152651,10.212,0.008519108601031,25.422,16.983082608695653,15.21,24.28595,2.900712753812815,73.9565217391305,2415.0,2039.282608695652,2415.0,0.1968310855418295,99.16130097263752,0.6982061717308774,0.0875640115385137,0.1642063500003132,-0.0025005833504085,0.061137733277704,-0.0434782608695627,68.0,65.46304347826087,67.0,0.000481612368925,0.7666581052095868,68.81636698143959,94.31394110620325,20.40791068262784,57.10108424853084,0.0879454969562564,8188.0,1,0.012369999999999992,-105.9852197995437,30,1.4419276714324951,4
yolo11n.pt,1,115W,2,1220.8193359375,16.16443813387424,0.0656503031250181,0.5306001316672235,9.284552845528454,34.0,7.626774847870182,34.0,0.0360642958163574,12.839256372658667,0.0,0.55542,0.0,8200.0,8200.0,8200.0,1.094309324172686e-16,0.0,0.845528455284553,5.0,1.843813387423935,5.0,0.003766566231577,1.5159554594491749,1.6705447154471518,115.717,1.291476995804277,6.3050000000000015,0.0071167569434109,20.876,16.16443813387424,14.571,20.5358,2.135086842324192,0.0,2010.0,2010.0,2010.0,1.205094451278682e-15,0.0,0.6141900493543806,0.0656503031250181,0.0852299800001219,-0.0007035013232608,0.0403217629164849,0.3658536585365795,60.0,58.49290060851927,60.0,0.0016353166709763,0.6698750331972745,33.61492368171883,41.318623244991535,6.802501815002222,30.46444425688928,0.040951807349767,8188.0,1,0.04237999999999997,-107.04039266639128,29,1.434041142463684,5
yolo11n.pt,1,115W,6,1443.5291193181818,17.31216035634744,0.0908248590905548,0.2620624208197244,7.348214285714286,45.0,5.799554565701559,30.0,0.0297534202990773,11.186210879147982,0.0,0.59097,0.0,8200.0,8200.0,8200.0,1.329690063534311e-15,0.0,2.482142857142857,12.0,1.4922048997772828,9.0,0.009015404602821,3.21405000118727,4.04825892857143,115.0,1.910853372373656,18.003000000000004,0.0138312545073708,33.081,17.312160356347437,15.078,29.57659999999997,4.495816218051038,120.9375,2655.0,2071.369710467706,2655.0,0.4082445116131075,182.07497799700823,0.726517627802149,0.0908248590905548,0.1675233200000547,-0.0038717625635201,0.0659858611719343,0.0357142857142775,68.0,64.543429844098,67.0,0.0008562678969137,0.9525526811333188,81.30019781928421,113.73486607629344,25.845433649017824,66.06120901346883,0.1010611980026734,8188.0,1,0.006830000000000003,-108.17930159500635,27,1.2540361881256104,6
yolo11n.pt,1,115W,7,1515.553042763158,17.15852954545453,0.0929826421051027,0.2279207731106899,10.527272727272727,45.0,6.120454545454545,40.0,0.0384283305370191,12.756514904967624,0.0,0.59015,0.0,8200.0,8145.454545454545,8200.0,-0.2738556594723159,249.95867427031857,3.0363636363636366,15.0,1.8772727272727272,12.0,0.0111282036111193,4.028131962515381,4.323918181818181,119.631,2.02931142250614,19.934,0.0139872037984794,34.82,17.158529545454545,14.886,30.09424999999997,4.752230834426346,175.909090909091,2655.0,2081.829545454545,2655.0,0.5142369020501106,202.90533067905147,0.7145844709680321,0.0929826421051027,0.1840793199984542,-0.0044659654386027,0.0664439521178847,0.8909090909090907,67.0,63.39772727272727,66.0,0.0029664174636514,0.9739770009333422,92.4656543616166,126.96364691654829,28.40645982020253,75.28286830231782,0.0943785565129131,8188.0,1,0.007650000000000046,-109.81805420401602,26,1.1894543170928955,7
yolo11n.pt,1,115W,8,1652.415178571429,16.273369298485612,0.0931501276786202,0.1893500277926678,6.949515440658169,45.142857142857146,5.026402804105994,26.428571428571427,0.030682805912505,11.232375697117536,0.0,0.59235,15.727391874180936,8200.0,8156.464895462478,8200.0,-0.112988863515658,178.54877948439054,2.067724490207204,15.142857142857142,1.7788756178077765,9.0,0.0095258183487656,3.681384729543877,4.15971314303517,118.07942857142858,2.013969795329964,18.77942857142857,0.0149058874124599,32.76,16.27336929848561,13.980571428571428,29.1736357142857,4.530795222609696,154.7230190646267,2659.285714285714,2077.545081491707,2659.285714285714,0.4972996618281148,193.4152955675339,0.4986354336959117,0.0931501276786202,0.1487752214287232,-0.00580248199577,0.0487924107318,1.4795980334917729,61.85714285714285,57.533064653065125,60.285714285714285,0.0053080024587889,1.2735132678948542,97.92124442094098,135.51049861284935,24.048111218333,86.66044131205533,0.063298632486874,8188.0,7,0.005449999999999955,-116.50047192960683,24,1.0146465301513672,8
yolo11n.pt,1,115W,9,1661.1109375,16.946531590413944,0.1181439466668962,0.2224589027118596,6.982456140350878,42.0,4.603485838779957,21.0,0.0257866528675896,9.503563650216746,0.0,0.59503,-105.26315789473664,8200.0,8147.712418300654,8200.0,-0.3246257682871949,244.9716449698819,2.56140350877193,17.0,1.5816993464052287,9.0,0.0099051809825885,3.795906026081901,4.085491228070174,115.065,1.9137839402102577,17.575000000000003,0.0131500235155134,32.432,16.946531590413944,14.857,28.336799999999982,4.258128702677541,130.13157894736833,2655.0,2071.0130718954247,2655.0,0.4045127449119034,181.56037498244507,0.6292913972123014,0.1181439466668962,0.245869620000303,-0.0065695478571732,0.0743469692701867,2.175438596491233,68.0,63.226579520697165,66.0,0.0063499331762322,1.276941240672263,92.78576975004982,134.021533395741,30.65540123032059,76.1782575740022,0.1091569165908738,8188.0,1,0.00277000000000005,-123.79372252368147,21,0.954753041267395,9
yolo11n.pt,1,115W,10,1688.0955528846157,17.196943310657606,0.1121658692311309,0.1928910094558393,6.863636363636363,52.0,6.015873015873016,23.0,0.0238909549833919,11.60370658672342,0.0,0.5978,0.0,8200.0,8172.789115646258,8200.0,-0.1385169452396396,178.64106190116846,2.336363636363637,20.0,2.199546485260771,6.0,0.008931404729724,4.220251335675933,4.139027272727274,115.628,2.0997917680883016,21.175,0.0131656447194262,36.11,17.196943310657595,14.935,29.78,4.811781245223888,152.4545454545455,2655.0,2079.625850340136,2655.0,0.4836214205962129,197.3024616485467,0.6701208660148726,0.1121658692311309,0.2383266600001658,-0.0085121961539478,0.0751646894264764,0.5454545454545467,70.0,63.276643990929706,65.0,0.0020882478865672,1.2815182261522815,108.00598686535832,140.0537635239655,31.479407380913955,89.15367988985868,0.08494883687611,8188.0,1,0.0,-118.7567360166779,23,0.7671341300010681,10
yolo11n.pt,1,115W,11,1746.3776041666667,16.8850324825986,0.1186131833333092,0.1820715866770318,13.69158878504673,37.0,5.283062645011601,28.0,0.0409797538325029,10.614688675519892,0.0,0.58503,-100.93457943925203,8200.0,8147.099767981438,8200.0,-0.3561215129768532,246.3368504196157,5.429906542056075,16.0,2.334106728538284,13.0,0.0161266389683267,4.50673345959665,4.068448598130843,123.04,2.1165490819653976,20.981,0.0141795615328813,35.738,16.885032482598607,14.757,30.377,4.768493761695132,126.58878504672884,2655.0,2068.364269141531,2655.0,0.4147331786542937,185.036660378052,0.6964639182616563,0.1186131833333092,0.2511699449991281,-0.0114634496503895,0.0826098024218047,0.757009345794394,68.0,62.40603248259861,64.0,0.0030574590670096,1.098347541286765,113.7832318238392,142.60602801942508,33.550254319262145,92.7384266307854,0.0869430963953286,8188.0,1,0.012769999999999948,-122.37298793471517,22,0.7652450203895569,11
yolo11n.pt,1,115W,12,1814.347301136364,17.031082159624415,0.125227754545697,0.1777303480277538,11.150943396226417,48.0,4.786384976525822,29.0,0.0380538195421322,12.282240416740343,0.0,0.59321,0.0,8200.0,8171.830985915493,8200.0,-0.1601896819683847,181.6846816517983,4.160377358490567,21.0,2.2464788732394365,12.0,0.0143707374429799,5.030218477392889,4.527669811320754,120.762,2.1002188624747267,21.287,0.0153943069021651,35.769,17.031082159624415,14.482,31.005000000000003,4.937665086590453,194.7169811320755,2655.0,2082.676056338028,2655.0,0.5526544027909019,203.94667727908663,0.6609736161466466,0.125227754545697,0.269339850000506,-0.0119144118180305,0.082772241763994,1.0,68.0,61.52112676056338,64.0,0.0036157543137319,1.2618544546352932,118.3274504532585,150.3032778987972,37.61631733176214,95.82540263165912,0.1010605219386511,8188.0,1,0.004589999999999983,-127.34616396656584,20,0.6568227410316467,12
yolo11n.pt,1,115W,13,1893.5109375,16.740805869074496,0.1405661199998576,0.181014625129742,5.427272727272727,47.0,3.760722347629797,23.0,0.023594920620548,10.6307442651826,0.0,0.59506,0.0,8200.0,8175.620767494357,8200.0,-0.1311833472237267,169.29480803972635,1.7454545454545454,22.0,1.9616252821670428,10.0,0.0090987742694023,4.808839591444665,4.758481818181815,115.004,2.130184190587684,21.007,0.0141637368040236,35.661,16.740805869074492,14.654,29.62299999999999,4.628409841385064,170.0454545454545,2655.0,2072.776523702032,2655.0,0.4554583949750573,184.9417874116893,0.6278771475366868,0.1405661199998576,0.2999960249998364,-0.0128094193939901,0.0882582544658102,1.854545454545452,66.0,61.67268623024831,65.0,0.0054587952609462,1.30248893825626,115.09553973065364,161.31960650949765,39.969301761681145,92.4831673522266,0.1205968975162602,8188.0,1,0.0027399999999999647,-137.20962851247896,19,0.4464336931705475,13
yolo11n.pt,1,115W,14,1955.5109375,16.85753537735849,0.1375911099996301,0.1656747860306277,6.462264150943397,42.0,4.32311320754717,24.0,0.0290538487574877,9.979074035692168,0.0,0.58566,0.0,8200.0,8171.698113207547,8200.0,-0.1624672349871224,182.10235406202355,1.3867924528301887,19.0,2.096698113207548,10.0,0.0088265205720987,4.26731638123348,4.313754716981128,121.378,2.1533990104363774,21.755000000000003,0.01431185672342,36.301,16.85753537735849,14.546,30.72704999999995,4.866354632971459,146.0377358490564,2655.0,2069.3278301886794,2655.0,0.4375953432356508,186.40455744643523,0.629743263879851,0.1375911099996301,0.2858430249989394,-0.0159028624241755,0.0866470746920187,0.7641509433962241,67.0,61.39150943396226,64.0,0.0028855251454254,1.1233052580403908,126.3485183956808,175.31661547831058,44.21666486576476,101.75075991492209,0.1224705467286788,8188.0,1,0.01214000000000004,-137.87335887651847,18,0.395911306142807,14
yolo11n.pt,1,115W,16,2154.219308035714,16.45884636247587,0.1305611285712748,0.1341625483142701,6.788067133113633,41.85714285714285,4.217499027652319,21.57142857142849,0.028291445532801,10.026998170304196,0.0,0.59366,-30.158730158730187,8200.0,8172.139976557999,8200.0,-0.2074676140298172,132.58632260713463,2.409195395468559,20.714285714285715,1.906309380935279,9.771428571428537,0.0112841781586054,4.786443148082368,4.50403646041481,119.1422857142857,2.254000674916218,23.068,0.0161474798515905,37.10385714285714,16.45884636247587,14.035857142857145,30.961171428571426,5.125545527138796,163.60212847538008,2657.1428571428573,2078.198873201104,2655.0,0.5234534340469137,196.73691416350883,0.4394414434121986,0.1305611285712748,0.2319749042852857,-0.0186814884353292,0.0612711478214421,1.153330579713762,63.85714285714285,58.12422762118533,61.285714285714285,0.0044254029510492,1.3230798545940403,141.67293830817258,179.375595411022,36.21057371298448,124.75696032269124,0.0735344827386539,8188.0,7,0.0041400000000000325,-143.85993788245187,16,0.3655913770198822,15
yolo11n.pt,1,115W,15,1979.1553819444443,16.96880188679243,0.1476936777774729,0.1670789838758464,12.19811320754717,48.0,6.202830188679245,27.0,0.0415912972977228,12.226301354875105,0.0,0.58276,0.0,8200.0,8171.698113207547,8200.0,-0.1700238505679123,182.10235406202355,5.169811320754716,24.0,3.018867924528302,14.0,0.0179786053321368,5.781772157776789,4.2361037735849045,121.515,2.377421827960636,25.992,0.0162469895545533,40.342,16.968801886792452,14.35,29.488649999999986,5.365583205512655,164.29245283018872,2655.0,2078.7735849056603,2655.0,0.505764280822725,194.04921973458505,0.6081465519998452,0.1476936777774729,0.3051467599998431,-0.0174718850000317,0.0898194008925463,1.6037735849056602,64.0,60.639150943396224,63.0,0.0051529033933927,1.0900386161798403,122.57449834203278,162.52422584283843,37.5104251060617,101.5615578521932,0.0936491248162732,8188.0,1,0.015040000000000053,-140.37386786048702,17,0.2620769143104553,16
yolo11n.pt,1,115W,17,2180.4609375,16.978934117647054,0.1563519500000438,0.1561582034244936,10.971698113207546,63.0,5.861176470588235,36.0,0.0450691719685482,15.411134966927587,0.0,0.5927,0.0,8200.0,8171.764705882353,8200.0,-0.1547576245486362,181.89315849494287,4.726415094339623,32.0,2.976470588235294,12.0,0.0205081990276844,7.274090152263208,4.766735849056607,120.537,2.1642701329412075,22.445,0.0163494894561597,36.747,16.978934117647057,14.302,32.221,5.377374924441521,176.4622641509436,2655.0,2082.8470588235296,2655.0,0.539625767926092,204.15596724548053,0.5867414826416661,0.1563519500000438,0.3139826500001617,-0.0220926952380458,0.0917381749569413,1.0283018867924554,64.0,60.38823529411765,62.0,0.0031676853574275,0.9164396279600208,131.55284269304894,186.11367968709607,42.85964733172805,108.72905646520704,0.106144308511908,8188.0,1,0.005099999999999993,-156.20495669440518,14,0.22153021395206451,17
yolo11n.pt,1,115W,20,2334.7109375,16.632577197149637,0.1695602428571874,0.1410111914444805,5.619047619047619,34.0,3.4489311163895486,27.0,0.0223028640259111,8.9067686262219,0.0,0.58805,0.0,8200.0,8171.496437054632,8200.0,-0.1650003135970918,182.73429462982924,2.1333333333333333,18.0,1.9453681710213773,16.0,0.0099419925798104,4.834491935599486,4.570752380952387,121.398,2.264952662083896,23.344,0.0154294531992531,37.672,16.632577197149644,14.328,31.722,5.09150153053984,147.42857142857156,2655.0,2069.750593824228,2655.0,0.444994266801966,186.9999988082332,0.5090894451039839,0.1695602428571874,0.3159117199997125,-0.0238501678570303,0.0863213299478622,1.6666666666666643,65.0,59.70071258907363,63.0,0.0055345865423427,1.3188652956192244,137.98528470752552,187.6267465610909,42.107105849416975,117.95217831131002,0.0931204864693917,8188.0,1,0.009750000000000036,-166.02727720264394,13,0.20585505664348602,18
yolo11n.pt,1,115W,18,2198.7109375,16.641919047619027,0.1576913375001822,0.1457936929549335,6.657142857142857,56.0,4.8,21.0,0.032814244978713,12.678553319906586,0.0,0.58695,0.0,8200.0,8171.428571428572,8200.0,-0.1729844597434537,182.94640678379568,2.0761904761904764,30.0,2.4309523809523808,8.0,0.0132363076240309,6.357035401267679,4.4671714285714295,119.12,2.1766119578127863,21.882,0.0148195707296688,36.223,16.641919047619048,14.341,30.574,4.9668048302724905,165.85714285714266,2655.0,2083.714285714286,2655.0,0.5415774141900735,205.2118865157351,0.563912563755622,0.1576913375001822,0.3123168150004857,-0.0204608773809533,0.0889241264117808,0.7904761904761912,64.0,60.34285714285714,63.0,0.0026835267125744,0.9084636054619796,136.56210403080146,188.7488633342531,43.13381883685565,114.14704374600916,0.0997643600617932,8188.0,1,0.010850000000000026,-154.7123363119183,15,0.148015096783638,19
yolo11n.pt,1,115W,19,2335.8537946428573,16.564152019002375,0.1745297714283619,0.1521546139884802,5.352380952380952,32.0,3.482185273159145,28.0,0.022630774005857,8.888209969377167,0.0,0.58063,0.0,8200.0,8171.496437054632,8200.0,-0.1669301418263089,182.73429462982924,2.0761904761904764,17.0,1.7885985748218527,13.0,0.0102002679244858,4.349948882534489,4.780523809523807,121.682,2.2456326141735268,23.028,0.0153372286380076,37.197,16.564152019002375,14.169,30.402,5.040031711591688,153.57142857142844,2655.0,2069.750593824228,2655.0,0.4490396692274379,186.9999988082331,0.5669247499335939,0.1745297714283619,0.33634808999941,-0.0300791035711621,0.0989452470229913,0.8952380952380992,66.0,60.07838479809976,63.0,0.0032519213852307,1.3925602300971534,134.3230792448991,203.7010920986326,50.85684311183631,108.86394822214504,0.1433499409503587,8188.0,1,0.01717000000000002,-171.58155793479924,11,0.12221847474575043,20
yolo11n.pt,1,115W,21,2378.7109375,16.65759574468084,0.1716245857140685,0.1361358556511085,9.961904761904762,48.0,5.139479905437352,17.0,0.0320745521158952,10.82405720544344,0.0,0.58525,0.0,8200.0,8143.262411347518,8200.0,-0.3329521823588615,254.6879510634149,2.533333333333333,29.0,2.1962174940898347,7.0,0.0103113705389956,6.001322539030188,4.73264761904762,115.091,2.256267985852726,23.159,0.0150859198961442,37.584,16.65759574468085,14.425,29.631,5.002895379614413,178.14285714285734,2655.0,2077.304964539007,2655.0,0.5104846642224823,190.2988669689853,0.4982641101843527,0.1716245857140685,0.3162661600003046,-0.0240919857144165,0.0855143714865785,0.6476190476190453,64.0,60.32860520094562,63.0,0.0024192939764828,0.9216644890751312,141.76682653034496,185.0102264172008,40.98868419179869,122.36009143227648,0.0835946951614405,8188.0,1,0.01254999999999995,-167.78781303957027,12,0.06329083442687988,21
yolo11n.pt,1,115W,23,2526.7109375,16.67135849056605,0.1945320833334941,0.14100496083345,13.50943396226415,61.0,5.75,29.0,0.0398496548358404,14.316626763549872,0.0,0.58359,0.0,8200.0,8200.0,8200.0,2.5900264892539705e-15,0.0,7.009433962264151,39.0,3.162735849056604,13.0,0.0211083823332625,8.385433690364936,5.077792452830192,119.895,2.3089899975327697,24.164,0.0157706943427712,38.494,16.67135849056604,14.33,32.69699999999994,5.272955816808332,164.29245283018872,2655.0,2066.2853773584907,2655.0,0.4301827756393596,182.0330318701492,0.5003616322428728,0.1945320833334941,0.3533470749994194,-0.0332739685715101,0.0973363907403536,1.679245283018865,64.0,59.615566037735846,62.0,0.0052985256728143,1.2250695630527526,137.39734850770668,167.74013571250754,39.22979105389569,118.23242524252504,0.0815220864613808,8188.0,1,0.014209999999999945,-185.06733130259818,8,-0.24404338002204895,22
yolo11n.pt,1,115W,22,2442.044270833333,16.56410023866349,0.1826486000005995,0.1375186235846128,10.096153846153848,36.0,4.219570405727923,20.0,0.0308916683115904,8.763914884992406,0.0,0.57983,0.0,8200.0,8142.72076372315,8200.0,-0.3425791643352378,255.8401309876158,3.105769230769231,22.0,1.992840095465393,6.0,0.0103230521519681,4.6574749425819775,4.50660576923077,121.995,2.2813795772494734,23.486,0.0145437201160853,37.789,16.564100238663485,14.303,30.39579999999999,5.022804066141699,179.85576923076906,2655.0,2076.6229116945105,2655.0,0.5127211063023129,190.29807306195315,0.5162444040044579,0.1826486000005995,0.3376489000015681,-0.0270320971427281,0.0942913176495581,0.875,64.0,59.6945107398568,62.0,0.0033210602988268,1.0757662249059403,145.1707550118122,206.00114083071333,51.31461732151488,120.44986931149646,0.1249464490067292,8188.0,1,0.01797000000000004,-175.24912254416816,10,-0.26307186484336853,23
yolo11n.pt,1,115W,24,2528.044270833333,16.567316784869984,0.1911064500000066,0.1319217123659177,12.295238095238094,63.0,5.803782505910165,32.0,0.0460355542195188,15.18994892487803,0.0,0.585,0.0,8200.0,8174.468085106383,8200.0,-0.1455476682883075,173.1658719095813,4.59047619047619,40.0,3.430260047281324,14.0,0.0217814146726002,8.72426206805705,3.966209523809523,118.787,2.233795639967323,22.71,0.0143507522816737,37.008,16.567316784869977,14.298,30.099,4.925732640554037,135.14285714285734,2655.0,2069.468085106383,2655.0,0.4347237733565978,186.6024162421189,0.4878202267027119,0.1911064500000066,0.339590699999917,-0.0337812542858175,0.0932255917633537,1.019047619047619,67.0,59.529550827423165,62.0,0.0040710538982991,1.4597682826071865,148.0090888411712,214.288467049572,50.50198351059965,125.58445829535933,0.1164233526064955,8188.0,1,0.012800000000000034,-180.7684954630917,9,-0.40493083000183105,24
yolo11n.pt,1,115W,25,2673.7109375,16.52012790697672,0.1999633999997362,0.1321368377883836,6.439252336448599,35.0,3.841860465116279,33.0,0.024421076145028,9.699346239252524,0.0,0.59266,0.0,8200.0,8172.093023255814,8200.0,-0.1630053969125049,180.8578799555682,3.130841121495328,21.0,2.269767441860465,20.0,0.0124626681794976,5.7749875620009385,4.729336448598131,120.996,2.260938911025381,23.049,0.0155265127146096,37.351,16.520127906976743,14.302,30.821049999999907,5.071899732145947,161.63551401869154,2655.0,2069.720930232558,2655.0,0.449654915310773,184.8897629552439,0.4285082547661,0.1999633999997362,0.3391376499998841,-0.0285825314286089,0.0856859675509825,1.6728971962616797,65.0,59.69069767441861,63.0,0.0056630036989397,1.367277715191653,140.68957727761574,177.5829418031418,37.63446792627268,125.02287918705612,0.0715562728333392,8188.0,1,0.005140000000000033,-195.6619058191617,7,-0.44939136505126953,25
yolo11n.pt,1,115W,27,2831.11015625,16.61146171693733,0.2260563599997112,0.1390787618520521,6.08411214953271,36.0,3.417633410672854,29.0,0.0234753922432657,9.301201926433226,0.0,0.58716,0.0,8200.0,8200.0,8200.0,1.3916497545841648e-14,0.0,2.364485981308411,21.0,1.888631090487239,14.0,0.0108342775949207,4.985979016921073,4.659373831775701,115.0,2.3539168717543304,24.771,0.0157246005623602,39.102,16.611461716937356,14.331,31.149,5.321198472702309,156.72897196261692,2655.0,2066.8677494199537,2655.0,0.4243039443155481,182.881812796624,0.3815028366597186,0.2260563599997112,0.3557747999999264,-0.031916220000312,0.0862411425848604,1.6635514018691566,65.0,59.65661252900232,62.0,0.0055533073136807,1.2590080563924604,133.36447042703054,176.82364756111951,37.94701357601361,119.43924072755344,0.0809608232764319,8188.0,1,0.010639999999999983,-214.77082753185542,3,-0.4575790464878082,26
yolo11n.pt,1,115W,26,2716.3109375,16.602303317535537,0.2152645400001347,0.1374571994843076,7.380952380952381,39.0,5.123222748815166,24.0,0.0288591668728514,10.097579881917744,0.0,0.59317,0.0,8200.0,8171.563981042654,8200.0,-0.1571236033424061,182.52291794367247,2.657142857142857,24.0,2.5213270142180093,13.0,0.0121354031813218,5.422724708366629,4.14949523809524,122.309,2.391114006336127,25.433,0.0151920761800378,39.698,16.602303317535547,14.265,30.46,5.26186910396298,122.85714285714266,2655.0,2069.6090047393363,2655.0,0.4277797883957026,186.8008956371939,0.4126224380517436,0.2152645400001347,0.3525313999994978,-0.0350402100000792,0.0888229793209426,1.028571428571432,65.0,59.48341232227488,62.0,0.003824139406959,1.2115008574576716,136.72460416140885,171.6333760177588,39.65079211837986,120.78162060497158,0.0841027867103312,8188.0,1,0.004630000000000023,-202.48304505052417,6,-0.5634509921073914,27
yolo11n.pt,1,115W,28,2801.9109375,16.649717339667433,0.2106272000004537,0.125245833716184,4.104761904761904,27.0,3.0950118764845604,12.0,0.0144204806237204,6.095479327359149,0.0,0.58235,0.0,8200.0,8171.496437054632,8200.0,-0.1611406571386782,182.73429462982924,1.276190476190476,15.0,1.6389548693586695,8.0,0.0057983297336676,3.330247592367088,4.91669523809524,121.057,2.329589098043792,24.442,0.0161963999054383,38.787,16.649717339667458,14.345,31.585,5.135467021428445,200.1428571428573,2655.0,2085.9619952494063,2655.0,0.5944908228626727,202.1196195286204,0.4442769681765852,0.2106272000004537,0.3554049400001531,-0.0373808299997108,0.0935768138317248,1.4380952380952363,66.0,59.679334916864605,63.0,0.0052087672096453,1.419000864394155,152.4299766430192,191.1407213072847,44.94238747765105,132.93629692622645,0.0869303670439538,8188.0,1,0.015449999999999964,-203.7608040621976,5,-0.6548902988433838,28
yolo11n.pt,1,115W,29,2921.9109375,16.705680094786736,0.2111501399998815,0.121634713476119,7.733333333333334,45.0,3.841232227488152,16.0,0.0244714423459767,9.812503214506274,0.0,0.58241,0.0,8200.0,8200.0,8200.0,2.5406355652499336e-14,0.0,2.847619047619048,28.0,1.9881516587677728,2.0,0.0097086898055124,5.6875478766369545,4.519466666666672,121.576,2.3755393240401106,25.419000000000004,0.0163257088466098,39.685,16.705680094786732,14.266,31.330199999999994,5.377202156139605,236.28571428571425,2655.0,2099.36018957346,2655.0,0.7336115411118977,206.6591468212645,0.4406850630695419,0.2111501399998815,0.3551672199999302,-0.0365498099999968,0.0930507127629903,1.1714285714285708,66.0,59.59952606635071,62.0,0.0047771802875986,1.3899775861785828,157.39544580515414,197.8148782954061,46.65857915881499,137.34302994076288,0.0878777027140193,8188.0,1,0.015390000000000015,-213.12795080449962,4,-0.7808232307434082,29
yolo11n.pt,1,115W,31,3113.1109375,16.807956730769234,0.2248513399998046,0.121912632050716,3.394230769230769,36.0,4.151442307692308,30.0,0.0186389442662737,9.600362965721382,0.0,0.5829,0.0,8200.0,8171.153846153846,8200.0,-0.1660210293303709,183.80229602393064,2.0384615384615383,22.0,2.329326923076923,18.0,0.0121142844760336,5.752483203670039,5.798942307692304,122.175,2.267319021010825,23.961,0.0188231374307412,38.109,16.80795673076923,14.148,31.577,5.268748051651514,276.3461538461538,2655.0,2103.894230769231,2655.0,0.8210239963728765,208.72893344963865,0.3875363216306241,0.2248513399998046,0.3587613200001214,-0.0369668300003468,0.0871380612172411,0.6826923076923066,65.0,59.18990384615385,62.0,0.0024928991005527,1.2822733681841942,152.90966952841566,184.0454623011868,39.29084045273988,137.86886927170164,0.0660256580016299,8188.0,1,0.014900000000000024,-231.9528535331329,0,-0.813315212726593,30
yolo11n.pt,1,115W,30,2963.1109375,16.616885167464112,0.217482419999942,0.1204626799693745,13.865384615384617,62.0,5.007177033492823,21.0,0.0413961325030485,13.649138857539374,0.0,0.5818,0.0,8200.0,8174.162679425837,8200.0,-0.1605932255257879,174.17582367981834,4.8173076923076925,44.0,2.488038277511962,2.0,0.0156805959464423,9.081823714924523,5.498894230769231,117.205,2.791919155272106,32.311,0.0168392989072217,46.393,16.616885167464115,14.082,31.371999999999968,5.527316774317861,251.82692307692287,2655.0,2096.16028708134,2655.0,0.7063206020126415,208.8505925340684,0.4104521609498511,0.217482419999942,0.3552245799997763,-0.0385025300000052,0.0892661292575793,1.0096153846153868,63.0,59.43301435406698,63.0,0.0034403327733491,1.120304557354547,154.75613485248965,185.71588501731327,41.526680409503605,137.94218401656553,0.0720043413949518,8188.0,1,0.016000000000000014,-216.87076037355348,2,-0.8206931352615356,31
yolo11n.pt,1,115W,32,3153.235677083333,16.733140860980253,0.2013356291669954,0.1050429001685826,10.272749967153509,59.833333333333336,5.503217433725716,37.97499999999982,0.0387261195459807,13.895447035315,0.0,0.58293,0.0,8200.0,8195.145631067962,8200.0,-0.0301998526727596,30.7783834643638,4.617522096391385,39.16666666666666,2.92462340489755,20.433333333333167,0.0194630109415754,8.82411971359949,5.567955126365585,118.83966666666667,2.540917066372716,28.36,0.0190928637701172,42.53083333333333,16.733140860980253,14.170833333333334,31.81335833333331,5.743976264685699,239.2995815601917,2655.0,2089.9022649590056,2655.0,0.6976233866720056,203.33716362487323,0.2593900141040759,0.2013356291669954,0.2838397100004309,-0.041838801666563,0.0597457180105563,1.3995925990428393,65.33333333333333,58.53836665698788,61.37499999999998,0.0051452713758344,1.4511979681795986,175.83822062404624,198.3897132341375,28.89500288522608,164.1906191252922,0.0483594864936592,8188.0,6,0.01487000000000005,-220.15731140535405,1,-0.9474974870681763,32
yolo11n.pt,5,115W,3,1257.2783793604651,18.96521988795519,0.059160207906969,0.3739954505242712,28.2247191011236,43.0,17.491596638655462,43.0,0.0582857287914626,17.565182710954996,0.0,0.57236,0.0,8200.0,8200.0,8200.0,-5.274604056180972e-15,0.0,4.544943820224719,8.0,3.3781512605042017,7.0,0.0090059927697086,2.876520219111591,7.028067415730337,115.0,1.3814234770164198,11.976,0.0143422351594449,26.199,18.965219887955183,14.223,25.29035,4.225629597310452,136.2640449438204,2325.0,2092.436974789916,2325.0,0.2895236930382553,110.86627107211795,0.4359531401567437,0.059160207906969,0.0777015600006052,-9.93588805572768e-05,0.0257910784093689,2.3595505617977537,64.0,61.22408963585434,63.0,0.0046922139818766,1.2150697425910877,53.29693301155376,61.55324695966839,7.931006162066274,50.70976093791923,0.0221437993902028,8188.0,1,0.03917000000000004,-99.09894235088602,31,2.5426886081695557,1
yolo11n.pt,5,115W,4,1363.9859375,20.67736378205128,0.0588857743749144,0.304400644584475,24.44871794871795,40.0,15.90224358974359,40.0,0.0613982220027164,17.342562732935182,0.0,0.59409,0.0,8200.0,8200.0,8200.0,-1.2160925898543436e-14,0.0,5.314102564102565,10.0,4.041666666666667,10.0,0.0134788986294604,4.014180925702466,10.725346153846155,121.784,1.5131039106231847,16.848999999999997,0.0254852753426348,31.287,20.67736378205128,14.438,29.883,6.311710530021003,360.0961538461538,2550.0,2197.8125,2550.0,0.8338744289418404,215.6299992452795,0.4300483929600158,0.0588857743749144,0.0748418350003703,-0.0001237404413733,0.025323732638138,3.46153846153846,65.0,61.64423076923077,65.0,0.0078213606618098,1.7655078583873858,71.06719188438538,79.34605769115247,9.60757972373239,67.92812088252016,0.0182763591286091,8188.0,1,0.01744000000000001,-99.77893797689816,30,2.2124338150024414,2
yolo11n.pt,5,115W,5,1457.6955528846154,22.157151618398625,0.0616651584617172,0.2732648531217691,25.273972602739725,48.0,15.136286201022148,42.0,0.0648942356855644,18.281216894618147,0.0,0.59408,0.0,8200.0,8200.0,8200.0,-3.899627753087277e-16,0.0,6.390410958904109,12.0,4.098807495741056,12.0,0.0161461343670213,4.724482100322118,14.007541095890408,117.383,1.6629393811343594,22.308,0.0356931469717388,36.846,22.15715161839864,14.538,36.1225,8.529338589796799,477.1232876712329,2655.0,2261.243611584327,2655.0,1.2228113739696178,304.59902472979644,0.524679041391877,0.0616651584617172,0.0784160949994657,-0.0002286184112858,0.0323544162289719,4.212328767123289,66.0,62.173764906303234,66.0,0.0105062450467567,2.352379627965384,86.7928273364224,98.73326730734564,14.18647149505956,81.08306416019484,0.026716595028261,8188.0,1,0.017449999999999966,-101.55289211602437,29,1.8300292491912842,3
yolo11n.pt,5,115W,2,1202.4484375,17.809958382877568,0.0567271418748987,0.5051540179857689,28.923809523809524,39.0,20.024970273483948,39.0,0.0467791062637713,16.52528332137373,0.0,0.5584,0.0,8200.0,8200.0,8200.0,-1.082486843587498e-15,0.0,3.5666666666666664,6.0,2.972651605231867,5.0,0.0055523120108036,2.044792983053247,4.885890476190477,119.705,1.182091476431541,7.045000000000002,0.0078003872617591,21.053,17.809958382877525,14.008,20.889,2.723722876618112,0.0,2010.0,2010.0,2010.0,-1.8314678891355928e-15,0.0,0.3296283560327826,0.0567271418748987,0.0728601750015514,-5.652003251943392e-05,0.0186988745186612,2.5714285714285765,61.0,59.63020214030916,61.0,0.0042331486866468,1.2064003244073909,36.34364673918434,40.83181346454578,4.465685673459649,35.25649158229462,0.0150979956960446,8188.0,1,0.05313000000000001,-102.65825347719874,28,1.7428065538406372,4
yolo11n.pt,5,115W,1,1277.8208587646484,17.640739935179152,0.0561807473046794,0.9909351943992076,22.54301461496938,34.25,22.13835677742321,33.0,0.0201762705590019,12.887773161517806,0.0,0.49867,0.0,8200.0,8200.0,8200.0,-2.356737575575672e-15,0.0,1.9075987306908235,4.0,2.3628072771417705,3.75,0.0016756757275393,1.1904174075605396,2.9431162156898503,120.031,1.1989642037877892,7.050250000000001,0.0027266946641508,21.16775,17.64073993517917,14.1175,19.051925,1.896306908042137,-20.28629032258061,2171.25,2015.05933226066,2010.0,-0.0133601516739228,28.11086060773707,0.1959245297218774,0.0561807473046794,0.0719802125002445,-7.5768364670760435e-06,0.0109951736924501,2.2110458881167148,61.75,60.24954839872308,61.5,0.0022084720985159,0.9425472407142956,18.148091813593688,20.51943975838053,2.09558777558565,17.808510364264137,0.0133389827533291,8188.0,4,0.11286000000000002,-120.6364136449422,24,1.707444429397583,5
yolo11n.pt,5,115W,6,1561.7291193181818,22.40244288224958,0.0647474454543374,0.2417501580937275,19.084507042253524,43.0,13.657293497363796,43.0,0.0589266149109996,16.702723446514074,0.0,0.60945,0.0,8200.0,8200.0,8200.0,-1.0773997091339354e-14,0.0,4.894366197183099,14.0,4.325131810193322,13.0,0.0159756429614594,5.0433708800009125,13.86676056338029,120.99,1.7290525057288035,24.221,0.0373904539716329,38.735,22.40244288224956,14.514,37.622,9.102718715954124,490.5633802816901,2655.0,2266.1862917398944,2655.0,1.3056195372214778,315.60852665413466,0.5079925935312063,0.0647474454543374,0.0844449950005582,-0.0002926060410629,0.0328912227408692,4.507042253521135,68.0,62.40070298769771,67.0,0.0115828818066105,2.621608100249082,99.71016819161196,116.4727216972058,17.843783417663918,92.66774863313246,0.0320254314181359,8188.0,1,0.0020799999999999708,-105.05295932838864,27,1.533539056777954,6
yolo11n.pt,5,115W,7,1657.7425164473684,22.64235304659497,0.0693226042103273,0.2242324112342289,20.52517985611511,46.0,11.5,45.0,0.0589419209518579,16.57077251645543,0.0,0.60882,0.0,8200.0,8178.4946236559135,8200.0,-0.0124323305657195,159.19789697481073,5.597122302158274,16.0,3.8082437275985663,16.0,0.016225607292584,5.388904384371126,13.907978417266182,120.316,1.8470253473187124,27.237,0.0385810125021242,41.821,22.64235304659498,14.584,38.976,9.716033766017036,440.8273381294962,2655.0,2248.844086021505,2655.0,1.2118802729269538,309.8254492842133,0.4855880315597916,0.0693226042103273,0.0898924800014356,-0.0002814840397481,0.0336622269210913,4.330935251798564,68.0,62.66666666666666,67.0,0.0117679606339921,2.7415559509625305,108.95597750136524,131.13999794173628,20.904390706442165,100.97716437140387,0.0368106007319744,8188.0,1,0.00270999999999999,-109.71669463121353,26,1.2562288045883179,7
yolo11n.pt,5,115W,8,1839.18828125,22.15700299892576,0.0772995318749735,0.2141271761686724,23.23703585147247,46.0,14.243455080767088,44.0,0.0658622084389189,17.756764120123695,0.0,0.60436,0.0,8200.0,8189.43661971831,8200.0,-0.0098226539475091,78.90781435344972,8.8739863422962,17.5,5.293969324421103,17.5,0.0250716171548234,6.888125047761502,13.918205505761843,115.0,1.83764764482516,26.446,0.0393136753716462,40.6995,22.15700299892576,14.2535,38.797525,9.820110802732495,436.71014724711927,2655.0,2249.972572014005,2655.0,1.2218484904914175,309.1144557868423,0.3157274795065164,0.0772995318749735,0.1006701849998193,-0.0002487584183067,0.024283294338123,4.183792146820313,68.0,62.822148285191375,67.5,0.0113637595895475,2.662639631233553,108.54896451044304,131.42306243627192,18.62807273176297,103.50644862951518,0.0294303796258671,8188.0,2,0.00717000000000001,-126.24707654707605,23,1.093776822090149,8
yolo11n.pt,5,115W,9,1841.964270833333,22.355566003616623,0.0779470613333493,0.1936167416028494,22.217391304347824,46.0,13.397830018083182,46.0,0.065286860131081,17.611565193481088,0.0,0.60902,0.0,8200.0,8178.300180831827,8200.0,-0.0200104281294987,159.9027856226304,8.108695652173914,19.0,5.377938517179024,18.0,0.0244887903284633,7.206337733277363,14.683021739130432,115.246,1.853766529252518,26.795,0.040129866401299,41.442,22.35556600361664,14.647,39.7636,9.762268880908168,444.021739130435,2655.0,2240.6962025316457,2655.0,1.2180603054698278,306.6997723889101,0.5296748559905716,0.0779470613333493,0.100665599999047,-0.0005880133456631,0.04128659848663,4.260869565217384,69.0,63.02350813743219,68.0,0.0113519442614491,2.5938773347774755,126.31164771679492,156.73908234531007,26.06775096656269,115.4629802079451,0.0425912440721448,8188.0,1,0.0025100000000000122,-119.3900031592896,25,1.0092824697494507,9
yolo11n.pt,5,115W,10,2022.9878605769231,22.744829588014987,0.083904532307329,0.1908394288992298,21.81954887218045,52.0,13.179775280898877,49.0,0.066562577143635,18.36636834248468,0.0,0.60855,0.0,8200.0,8179.775280898876,8200.0,-0.0276608877608334,154.4688436501969,8.646616541353383,21.0,5.421348314606742,21.0,0.0273727338118299,7.714012328031957,15.3396015037594,122.069,1.9155562292257395,28.963,0.0434337986102177,43.569,22.74482958801498,14.606,41.3406,10.200637768440991,475.2631578947367,2655.0,2248.7640449438204,2655.0,1.3373329978826825,308.31207823184354,0.5025351055804494,0.083904532307329,0.1118107600021175,-0.0008657664903881,0.0421649730017418,4.248120300751872,69.0,63.00749063670412,68.0,0.0117005555228291,2.5718040555414787,130.30872701851996,170.92331960430167,28.502614972797897,119.18307301173644,0.0478434410567006,8188.0,1,0.0029799999999999827,-135.33820616825346,22,0.9267091751098633,10
yolo11n.pt,5,115W,11,2165.844270833333,22.499924271844662,0.0813750116669931,0.1664483272843475,32.5703125,57.0,14.823300970873786,56.0,0.0903487186064961,21.137502694773392,0.0,0.60176,0.0,8200.0,8176.699029126214,8200.0,-0.0426970102428882,165.58450955594444,13.90625,26.0,6.687378640776699,25.0,0.0378111017497867,9.212345870051053,16.1776640625,122.687,1.964984391317477,29.682,0.0459707362950064,44.212,22.49992427184466,14.53,42.064,10.59937736457172,458.5546875,2655.0,2229.1747572815534,2655.0,1.318896150504328,305.499826869303,0.5291954216816067,0.0813750116669931,0.1253545200026564,-0.0010158335676877,0.0430632836134601,4.1328125,70.0,62.84466019417476,68.0,0.0115608744277414,2.5134870434401906,148.75811452453993,186.2103098285652,32.678159240894225,135.1766319249789,0.048256279939883,8188.0,1,0.009770000000000056,-139.97940978271495,20,0.7965971231460571,11
yolo11n.pt,5,115W,12,2187.147301136364,22.63682974559688,0.0850315927273847,0.1604038072972285,31.48031496062992,60.0,15.246575342465754,58.0,0.0890382180269368,22.049177002131604,0.0,0.60046,0.0,8200.0,8153.033268101762,8200.0,-0.0917318982387575,232.7105592204304,14.47244094488189,29.0,7.244618395303327,28.0,0.0396800715149073,10.315419148657954,16.20988188976378,119.377,1.9846860406209847,30.318,0.0469123775109358,44.927,22.63682974559687,14.609,42.7305,10.765774434318324,452.00787401574826,2655.0,2230.009784735812,2655.0,1.3177354631921223,304.9157753236871,0.4952671236257172,0.0850315927273847,0.1162794599982589,-0.0009597856349133,0.0421133523474053,3.952755905511808,69.0,62.72994129158513,68.0,0.010979498820076,2.457757357720659,154.72579211758824,200.593605653848,34.0404602018297,141.12401773388575,0.048402235023713,8188.0,1,0.011070000000000024,-138.56879242242434,21,0.733792781829834,12
yolo11n.pt,5,115W,14,2345.0309375,22.734265624999992,0.0916862859998946,0.148887170006523,27.5,62.0,13.81640625,54.0,0.0800342930671427,20.420708994424285,0.0,0.60664,0.0,8200.0,8176.5625,8200.0,-0.0461341710440375,166.05927734923455,12.4140625,31.0,7.01953125,28.0,0.0371627735148373,10.084777812637888,16.747414062500003,123.632,2.050209176264078,31.981,0.0479980408176548,46.61,22.734265625,14.629,43.277,11.100340073256463,473.671875,2655.0,2229.19921875,2655.0,1.354614597280876,305.50809906308484,0.4782667960337212,0.0916862859998946,0.1331843850002768,-0.0013165478847378,0.043850506245401,5.4609375,71.0,63.45703125,70.0,0.0156573654455773,3.3439119959298327,167.84255475047354,215.0014820058288,39.31886831145989,152.69459164281224,0.054877947007379,8188.0,1,0.004890000000000061,-147.43368088931268,18,0.4943864643573761,13
yolo11n.pt,5,115W,13,2291.4309375,22.5238508946322,0.0883769299999403,0.1531222149110771,23.792,55.0,13.151093439363818,52.0,0.0739165839717905,19.290214090034883,0.0,0.6078,0.0,8200.0,8176.143141153081,8200.0,-0.0469578657819683,167.50845024135467,9.912,27.0,5.862823061630219,26.0,0.0313362662197937,9.16943825948666,16.861087999999995,122.088,2.009514279407109,30.693,0.0483579864957475,45.262,22.523850894632204,14.569,42.8095,10.864667814128786,490.1999999999998,2655.0,2230.526838966203,2655.0,1.4167343689711462,303.08941193250934,0.5362296381598384,0.0883769299999403,0.128642619999482,-0.0013454904153528,0.0473903291955453,4.128,69.0,62.82107355864811,68.0,0.0118299876325429,2.533236961584022,163.2374785015644,210.3857668112497,37.28112531468745,147.09721190822964,0.0521600825878427,8188.0,1,0.003730000000000011,-145.38990978398866,19,0.4941277801990509,14
yolo11n.pt,5,115W,15,2534.266493055556,22.68305599999997,0.0929387199998826,0.1405422793550437,28.872,63.0,12.836,60.0,0.0780925683702734,20.26457756776588,0.0,0.6041,0.0,8200.0,8178.4,8200.0,-0.0461377845511444,159.54134260435444,13.592,32.0,6.588,32.0,0.0372363409453637,10.254864991797795,17.053688,118.097,2.032750789840664,31.442,0.0491808844035375,46.109,22.683056,14.667,43.9562,11.182172453904652,459.2399999999998,2655.0,2222.85,2655.0,1.3435145740582948,303.28720299412566,0.4980771059661159,0.0929387199998826,0.1245129999995697,-0.0016071303425717,0.0462906486897367,4.168000000000006,71.0,63.282,69.0,0.0122199368797473,2.90834592165375,177.39934667731652,232.22712231197,39.6437677716498,161.39667083879502,0.0499396868418498,8188.0,1,0.007430000000000048,-161.1260010022786,17,0.4143746793270111,15
yolo11n.pt,5,115W,16,2552.1429687500004,22.64087994470976,0.0980402799999922,0.1386091948278397,32.02467138523761,63.5,15.265424729831617,57.0,0.0907542302902828,21.473432144844445,0.0,0.59674,0.0,8200.0,8175.395828097512,8200.0,-0.0482002632648419,169.97719762771487,17.00525783619818,35.0,8.007294546368435,32.0,0.0479841812981987,11.836771253412335,16.712738186720593,118.865,2.0622732443590968,32.367999999999995,0.0506096244950999,46.665,22.640879944709727,14.297,43.82185,11.525312654270197,435.32608695652175,2655.0,2225.762597386278,2655.0,1.3314090718500426,302.4355876215416,0.3399534121330658,0.0980402799999922,0.131443570000033,-0.001378290966232,0.033902941460496,4.153522076171214,70.0,63.334537572254334,69.5,0.0125292043401033,2.812585803806204,174.11744898375954,229.7313249969708,35.59416266809151,163.45829131083337,0.0421239499768527,8188.0,2,0.01478999999999997,-161.66897707744198,16,0.31365150213241577,16
yolo11n.pt,5,115W,17,2617.9109375,23.105560483870985,0.1019201449999855,0.1385248279307097,26.048387096774192,60.0,13.44758064516129,55.0,0.0773302572030423,20.05399149276481,0.0,0.60463,0.0,8200.0,8175.806451612903,8200.0,-0.054284652194688,168.66217798000042,13.080645161290322,34.0,7.112903225806452,30.0,0.0391077648687826,10.77310695699081,17.603701612903222,121.4,2.0956860160912947,33.846,0.051316111330741,48.422,23.105560483870967,14.576,44.63,11.557149886558276,473.3467741935483,2655.0,2223.266129032258,2655.0,1.3835446697782,303.4373270271848,0.4799130517409816,0.1019201449999855,0.1312524549979569,-0.0020452924577803,0.0489128078208263,4.596774193548384,72.0,62.92540322580645,69.0,0.013024825394203,2.8363424594160644,185.54453550988296,273.1165379309167,48.95839207256977,166.79725092622678,0.0696238372072932,8188.0,1,0.006900000000000017,-166.33454529103815,15,0.19630643725395203,17
yolo11n.pt,5,115W,18,2695.8109375,22.889414000000013,0.1061375449999104,0.1349681226914767,28.592,69.0,14.492,60.0,0.082444169776679,21.850810877402235,0.0,0.61153,0.0,8200.0,8176.0,8200.0,-0.0552962211849062,168.0,15.144,39.0,7.634,34.0,0.0430333721334885,11.981988315801347,17.693904000000003,115.78,2.0559722498793547,32.438,0.0503033490693962,47.06,22.889414,14.622,44.356,11.293845828529978,469.56,2655.0,2224.47,2655.0,1.3671853887415537,300.8467535141438,0.4718636116246957,0.1061375449999104,0.1439436200016642,-0.002295856679164,0.0500824453126364,4.280000000000001,72.0,62.938,69.0,0.0124364177456708,2.766614537661508,186.37999894586696,248.1311172244728,42.97105404036685,169.59126009571057,0.0531561359435819,8188.0,1,0.0,-172.40422049257364,13,0.10314901918172836,18
yolo11n.pt,5,115W,19,2663.9680803571428,22.82447474747472,0.1097506257140984,0.1318421255332099,29.48780487804878,63.0,13.531313131313132,62.0,0.0821699098863784,20.121111313690115,0.0,0.59375,0.0,8200.0,8175.757575757576,8200.0,-0.0599570209077674,168.82894881435294,15.926829268292684,38.0,7.460606060606061,36.0,0.0426627843011544,11.4115820854646,17.48423577235771,118.897,2.096784286582319,33.256,0.0504403745236088,47.858,22.824474747474746,14.602,45.0502,11.515880719349765,445.73170731707296,2655.0,2210.6666666666665,2655.0,1.302158155935748,298.6015554026618,0.4819380607945854,0.1097506257140984,0.1656947699982992,-0.0028405489635437,0.0528930037276449,4.528455284552848,70.0,62.882828282828285,70.0,0.0126607263704038,2.83099869603959,191.6304366730865,256.5252793629826,45.98483737863253,173.11974192744205,0.0575838014003508,8188.0,1,0.017780000000000018,-167.09163582874402,14,-0.004708955064415932,19
yolo11n.pt,5,115W,20,2850.825223214286,22.96337171717172,0.1094696799998928,0.1256896476798688,31.10569105691057,70.0,15.044444444444444,65.0,0.0935818284714719,23.356915452148915,0.0,0.608,0.0,8200.0,8200.0,8200.0,9.74691129867342e-15,0.0,16.04878048780488,43.0,8.26060606060606,39.0,0.0489818189733299,13.339194304124804,17.99621951219512,120.795,2.069905089959249,33.018,0.0520459907947174,47.532,22.96337171717172,14.514,44.7838,11.646295352149677,477.1951219512193,2655.0,2223.4242424242425,2655.0,1.3964316668051853,303.2110006702534,0.4869150416997563,0.1094696799998928,0.1486145700007908,-0.0025455379832566,0.0533024338020068,4.943089430894304,71.0,63.08080808080808,70.0,0.0141323447350612,3.112298081322772,202.41170025403144,263.2407775303834,51.64628812845699,182.6989902593995,0.0651038994359182,8188.0,1,0.003530000000000033,-180.05615550922323,12,-0.28401485085487366,20
yolo11n.pt,5,115W,21,2895.547433035714,22.86277888446213,0.1118449914283701,0.1217660623029232,30.704000000000004,71.0,15.958167330677291,66.0,0.093099109852183,23.96096267055,0.0,0.59713,0.0,8200.0,8176.095617529881,8200.0,-0.0660208418122236,167.67182071793005,17.512,44.0,9.390438247011952,41.0,0.0544418675342083,14.457209432972052,18.106983999999983,115.937,2.174932463428309,35.010000000000005,0.0509881637720969,49.725,22.862778884462152,14.715,45.8506,11.759061330709809,474.7199999999998,2655.0,2222.0019920318723,2655.0,1.3679013307136172,302.97927360642285,0.4543133898469635,0.1118449914283701,0.1529838800001015,-0.0025686954622365,0.0508126771932274,4.927999999999997,73.0,63.05776892430279,69.0,0.0139603251735143,2.9977829461157373,208.21743075975408,287.7002032601837,59.5116621138842,187.75986060537377,0.0816902063768215,8188.0,1,0.014399999999999968,-181.47282271723964,11,-0.28459686040878296,21
yolo11n.pt,5,115W,22,3052.3109375,23.15543505154639,0.1185786666663868,0.1248063915678404,33.1900826446281,68.0,13.729896907216494,67.0,0.0917684604032619,22.79091953808432,0.0,0.5974,0.0,8200.0,8175.257731958763,8200.0,-0.0687916339275474,170.5243144588481,17.619834710743802,42.0,8.05360824742268,41.0,0.0489166369516259,13.878010952996052,19.03494214876033,119.874,2.16605733765518,35.495999999999995,0.0551269910392059,50.156,23.15543505154639,14.66,46.411,12.254490675582831,495.7438016528927,2655.0,2216.134020618557,2655.0,1.440687727004502,300.7743487111184,0.4456634831093125,0.1185786666663868,0.1781487650001507,-0.0029830707452878,0.052846181609,4.36363636363636,72.0,63.56082474226804,70.0,0.0134110026643609,3.264130477387269,201.518259480205,245.7083915848013,39.53728652281463,185.53084309756608,0.0384932794916863,8188.0,1,0.014129999999999976,-198.54508790176965,8,-0.383005827665329,22
yolo11n.pt,5,115W,23,2988.044270833333,23.290231884057977,0.1207339366662684,0.1222574513579375,28.1,68.0,14.70807453416149,64.0,0.0913581932475541,22.93061992722902,0.0,0.5999,0.0,8200.0,8177.639751552795,8200.0,-0.0575089548897563,162.27235570492354,15.441666666666668,44.0,9.039337474120083,37.0,0.0516381425800348,13.591820444587707,19.073866666666667,123.4,2.1160373260918,34.559,0.0556241035791656,49.283,23.29023188405797,14.724,46.7721,12.298069760175656,473.0,2655.0,2216.987577639752,2655.0,1.4054230092476578,301.1031887583849,0.4418062580906223,0.1207339366662684,0.1667226449986628,-0.0031800781979779,0.0533410087830742,4.733333333333341,72.0,63.2712215320911,70.0,0.0140214286885765,3.254387062692771,209.0934689549612,283.168380855501,52.33298089944444,190.5015328339402,0.0626426339458269,8188.0,1,0.01163000000000003,-189.1627167597808,10,-0.4803406596183777,23
yolo11n.pt,5,115W,24,3042.3109375,23.11685288270375,0.1259326166670992,0.1212985738594691,27.56,71.0,12.514910536779324,57.0,0.0738731149434261,20.022732516750164,0.0,0.59633,0.0,8200.0,8200.0,8200.0,1.5661823255136716e-14,0.0,16.592000000000002,47.0,7.840954274353876,39.0,0.0444376050658673,12.67135247880211,18.04364,121.707,2.111662874167607,34.090999999999994,0.0515225076216954,48.815,23.11685288270378,14.724,45.6649,11.849999659856326,459.2399999999998,2655.0,2219.0159045725645,2655.0,1.3284069063139676,301.87350013708846,0.4311190906388716,0.1259326166670992,0.1883572300001105,-0.0031841299888254,0.0542919551792934,4.912000000000006,73.0,63.2882703777336,70.0,0.0136139150677419,3.0532714896842927,207.73511354895825,276.6185404449098,45.88169962893683,190.57810943008985,0.048781951648717,8188.0,1,0.015199999999999991,-194.50911866848685,9,-0.7507266402244568,24
yolo11n.pt,5,115W,25,3131.5109375,23.429836327345328,0.1275234566669193,0.1195141487041293,24.864,76.0,14.415169660678645,69.0,0.079159577259823,24.34440365756108,0.0,0.59999,0.0,8200.0,8176.047904191617,8200.0,-0.0601188062122728,167.835669857292,15.576000000000002,51.0,8.844311377245509,45.0,0.0476115179998568,15.610136445756648,18.018344,119.342,2.119818478716085,34.469,0.0514403690149581,49.667,23.42983632734531,15.198,46.147,11.876503602051349,495.3600000000001,2655.0,2221.1377245508984,2655.0,1.4081456211083845,302.6626729657927,0.4350882222529353,0.1275234566669193,0.1704986250008004,-0.0034330593770686,0.0554839540567591,4.447999999999993,73.0,63.84231536926148,70.0,0.0123736908652814,2.947492223489022,214.4777426931603,317.26453456921047,51.29480564715043,196.04236470234588,0.0571981940632988,8188.0,1,0.011539999999999995,-200.21279619406158,7,-0.8030513525009155,25
yolo11n.pt,5,115W,26,3279.3509375,23.46579471544717,0.1429039800001192,0.1289752099501217,25.317073170731707,62.0,12.233739837398376,49.0,0.0738474855820138,19.43543197603071,0.0,0.59668,0.0,8200.0,8200.0,8200.0,-5.070839592511482e-15,0.0,14.495934959349594,42.0,7.315040650406504,29.0,0.0403250695772306,11.45601066178364,18.45445528455284,115.0,2.1048509372446715,34.482,0.0532033164013036,49.392,23.46579471544716,14.91,46.59439999999999,12.160614104514424,461.4634146341464,2655.0,2210.579268292683,2655.0,1.3373995159292829,298.5658808034709,0.3791061484480016,0.1429039800001192,0.2115882400015833,-0.004021171615403,0.0541757774557354,4.455284552845527,73.0,63.823170731707314,72.0,0.0133392506264494,3.254645164946936,194.8968944139423,230.81676608195625,36.70643186934627,181.9403490370129,0.0354710873825848,8188.0,1,0.01485000000000003,-223.4655282708817,6,-1.0680007934570312,26
yolo11n.pt,5,115W,27,3403.9109375,23.30545742574261,0.1434635920004802,0.1238327642781963,25.63492063492064,73.0,14.0,72.0,0.0770501273729857,22.037322077703443,0.0,0.59539,0.0,8200.0,8150.0990099009905,8200.0,-0.1338394709036001,239.56435316204792,14.88888888888889,50.0,8.489108910891089,48.0,0.0456975511215717,14.11692265143343,18.61838095238096,115.0,2.197811399463144,36.095,0.0515125734933742,51.221,23.30545742574257,15.126,47.509,12.164119526058062,474.8809523809523,2655.0,2207.4356435643563,2655.0,1.3188876341050275,294.0287052680665,0.4515324836372464,0.1434635920004802,0.2083828000017091,-0.004524404307656,0.0647784720074974,3.8412698412698334,71.0,64.5940594059406,70.0,0.0107179662065585,2.4201228093451204,205.61575344542248,264.111258466766,42.901981510783,188.2010594012564,0.043535339123179,8188.0,1,0.016140000000000043,-232.13316359439463,3,-1.1119601726531982,27
yolo11n.pt,5,115W,28,3413.3509375,23.4726910569106,0.1380075360000773,0.1156931520019744,27.54471544715447,74.0,13.623983739837398,74.0,0.0817195543631404,22.434069482835948,0.0,0.58881,0.0,8200.0,8200.0,8200.0,-5.070839592511482e-15,0.0,16.902439024390244,50.0,8.540650406504065,50.0,0.0487865333989347,15.006515318887184,18.95268292682927,118.041,2.157400695012817,35.604,0.053613705885678,50.64,23.47269105691057,15.036,47.32064999999999,12.349730300619932,490.6097560975609,2655.0,2210.0,2655.0,1.3924227345370557,297.7164103229947,0.4083073876921729,0.1380075360000773,0.2008626399998319,-0.0041079035385337,0.056349496506025,4.341463414634148,72.0,64.54471544715447,72.0,0.012180562145533,2.9898256536719465,220.26498500700524,304.2485734300265,48.63413499927108,202.88747130435183,0.0487518908069679,8188.0,1,0.022720000000000073,-224.299421178771,5,-1.1429578065872192,28
yolo11n.pt,5,115W,30,3503.9109375,23.497281573498967,0.1391931279997516,0.1090220040568748,26.71666666666667,75.0,15.192546583850932,63.0,0.092801135524964,24.13527667248407,0.0,0.59022,0.0,8200.0,8200.0,8200.0,-5.9854196148820095e-15,0.0,16.466666666666665,53.0,9.62111801242236,37.0,0.0573551716844649,15.280785685703746,19.113875,117.601,2.203446379022568,36.96,0.0560393398525768,51.775,23.497281573498963,14.815,48.0267,12.5726796037126,461.125,2655.0,2213.726708074534,2655.0,1.3730917943028258,299.21132330637704,0.4184824840751969,0.1391931279997516,0.2011049399996408,-0.0042788761538731,0.0582498859715329,4.849999999999994,73.0,63.95652173913044,70.0,0.0137545445386621,3.095474208018664,240.14997598391267,389.4449646933768,72.8083998431142,215.52788152051247,0.0919174309861507,8188.0,1,0.02131000000000005,-225.7759521523923,4,-1.2978273630142212,29
yolo11n.pt,5,115W,29,3583.9909375,23.40388295687885,0.1427057080004306,0.1151678512869175,30.719008264462808,73.0,14.77618069815195,72.0,0.0859272890331787,23.638125839748973,0.0,0.59681,0.0,8200.0,8200.0,8200.0,-1.92987011151669e-14,0.0,18.51239669421488,50.0,8.796714579055442,49.0,0.050487954994188,15.608984588487084,17.993314049586772,122.453,2.119904636825125,34.774,0.0534460727965766,49.614,23.403882956878853,14.84,46.0615,12.244132756281545,489.2975206611573,2655.0,2224.281314168378,2655.0,1.4472458791979432,303.5133034642674,0.4379651521448924,0.1427057080004306,0.2028275599986954,-0.0042731609999939,0.0625001271163531,4.553719008264466,72.0,64.11088295687885,70.0,0.0126326380239598,2.871660124258751,223.96142940624915,342.39925556767565,57.44123585747224,203.215417283186,0.0657810935839204,8188.0,1,0.014720000000000066,-241.15209197146422,2,-1.5414166450500488,30
yolo11n.pt,5,115W,31,3692.4709375,23.35252806652809,0.1436275079994811,0.1081956584413991,22.75,79.0,14.457380457380458,79.0,0.0859543352800614,25.369673331494205,0.0,0.59677,0.0,8200.0,8177.546777546778,8200.0,-0.0640522424754737,162.602951219629,13.558333333333334,55.0,9.392931392931391,54.0,0.054567011154148,17.118684152825274,19.32845833333333,122.387,2.21140939657065,36.989,0.05659214853219,51.642,23.35252806652807,14.653,48.032,12.480347612291917,493.125,2655.0,2216.7879417879417,2655.0,1.450291577884939,298.8978798139964,0.4410413268111576,0.1436275079994811,0.1946191199989697,-0.0045457689230869,0.0633456666946713,3.9000000000000057,71.0,63.49272349272349,69.0,0.0117825933178628,2.712956719637998,242.6616736468392,405.3131452130681,77.38754662023156,215.8360917889906,0.1017044089022512,8188.0,1,0.014759999999999995,-244.4174202899113,1,-1.6823080778121948,31
yolo11n.pt,5,115W,32,3681.26171875,23.300574474672107,0.1516757249999955,0.1103249897740245,29.06263252964737,77.0,15.158958607576425,70.0,0.0962991469470263,24.414822337772648,0.0,0.60002,0.0,8200.0,8187.421383647799,8200.0,-0.0388092396507086,85.95899151330761,19.04908505458258,55.0,9.698807956706158,48.0,0.0625872463995586,17.16042989958708,18.97280672268908,117.239,2.199561591371445,36.994,0.0612102400445997,51.2435,23.300574474672125,14.2495,48.677,13.204106183142564,479.9128249430612,2655.0,2219.182389937107,2655.0,1.5207251962887116,301.46280178661743,0.2308637540783302,0.1516757249999955,0.18032758499985,-0.003402097894741,0.0361269726046641,4.247310139008871,72.0,63.370018526644245,70.0,0.0132907427014001,3.0226974486042004,218.76678500341512,240.10098216718623,26.91523909435333,211.5360219397886,0.0175032880916887,8188.0,2,0.01151000000000002,-245.86582460606127,0,-1.964833378791809,32
yolo11n.pt,5,65W,5,1444.2775841346154,16.418771587743727,0.0741968846153842,0.2436443402044342,23.033519553072622,41.0,13.13649025069638,40.0,0.0483228333816845,15.348623918949109,1.0,0.59408,759.7765363128492,8000.0,7444.289693593315,8000.0,1.61947660400389,496.8866689297201,4.815642458100559,9.0,2.481894150417827,9.0,0.0100697154470984,3.375576835870914,7.627474860335193,54.416,1.6596247687823855,14.95,0.0155855334559045,27.249,16.418771587743734,12.299,24.787,4.839109665764829,123.01675977653622,2340.0,2048.377437325905,2220.0,0.2143616145514016,81.49401190029486,0.461998085340788,0.0741968846153842,0.0970760350011005,-0.000272108779856,0.0342788186305589,3.4581005586592184,64.0,60.2200557103064,63.0,0.0064109921915735,1.656098377312312,72.01246461427282,86.18042417834411,12.81361656711483,67.388274129279,0.0316612530258083,8188.0,1,0.002729999999999899,-107.2788212534429,5,2.020212173461914,1
yolo11n.pt,5,65W,26,3279.93296875,18.26855208333332,0.1608861520000937,0.1130445018192612,26.89583333333333,73.0,11.109375,67.0,0.0599005036043503,19.817838370138418,1.0,0.59668,722.2222222222226,8000.0,7329.861111111111,8000.0,1.7525682565995953,470.1624809442522,13.34027777777778,41.0,5.223958333333333,38.0,0.0298630158490945,11.514341101351128,13.027680555555552,54.435,3.150167552277052,45.236,0.0317830825986487,57.549,18.268552083333333,12.313,37.77225,9.729230401864532,195.7291666666665,2505.0,2096.2760416666665,2505.0,0.5346870055007135,210.9479148020468,0.4135799192807605,0.1608861520000937,0.2576598799998461,-0.0043989596922885,0.0665392817575909,3.472222222222221,66.0,60.348958333333336,66.0,0.0080210295632079,2.1126517758593506,174.57519453565823,207.37017734421693,33.45510125530437,161.60495901465066,0.0367248159518909,8188.0,1,0.00012999999999996348,-234.68404488287626,4,-0.8829060196876526,2
yolo11n.pt,5,65W,27,3345.37296875,18.21679487179486,0.160180380000238,0.1080730787018699,35.54109589041096,73.0,12.8,66.0,0.0762347288505594,22.42615993817599,1.0,0.59539,726.0273972602736,8000.0,7292.307692307692,8000.0,1.7208102415452022,454.8229384336764,18.938356164383563,43.0,6.685470085470086,38.0,0.0405635055642068,13.167048127919609,13.313246575342468,55.295,3.233938813858724,46.453,0.0314750020079815,58.912,18.216794871794875,12.459,38.14159999999998,9.36073878552937,300.0,2505.0,2118.333333333333,2505.0,0.6966197578194406,199.12415059562048,0.3737626263991021,0.160180380000238,0.2158140800002,-0.0038083339230643,0.0598694395264951,3.335616438356162,66.0,60.24786324786325,65.0,0.0077577019579917,1.9711855207887528,180.27879091924967,230.33921218439733,34.70254596787992,168.55996970390424,0.0370538554454711,8188.0,1,0.0014199999999999768,-237.04481602701648,3,-0.9418146014213562,3
yolo11n.pt,5,65W,28,3415.93296875,17.869714532871978,0.1577494520002073,0.1006763455343105,25.5,63.0,12.166089965397925,59.0,0.0616696302610585,20.05813589313517,1.0,0.58881,604.166666666667,8000.0,7339.100346020761,8000.0,1.491641837300293,473.4039515565552,13.42361111111111,40.0,6.036332179930795,35.0,0.0324152607084245,12.156863798371184,10.811951388888891,55.428,3.285223157426956,46.335,0.0281418061817036,58.706,17.86971453287197,12.371,35.553,9.108332519757983,272.5,2505.0,2128.5726643598614,2505.0,0.7003916530822545,203.76791299650105,0.3988725185251224,0.1577494520002073,0.2191396400012307,-0.0044417660769389,0.0629219212152806,2.909722222222221,67.0,60.141868512110726,64.29999999999995,0.0072487839899967,2.081541376418465,193.37993756403225,276.7451749214146,46.57121079063359,177.4966546315685,0.0579978944125944,8188.0,1,0.008000000000000007,-238.6700470026333,2,-1.1388921737670898,4
yolo11n.pt,5,65W,31,3703.05296875,18.172920552677024,0.1684297800000058,0.0987374519562895,34.11111111111111,74.0,13.412780656303973,61.0,0.075137323318906,22.21679744728567,1.0,0.59677,687.5,8000.0,7340.241796200346,8000.0,1.723056036569277,473.7903717032544,20.71527777777778,46.0,7.454231433506045,39.0,0.0447766444332202,13.735569418184864,11.483291666666666,56.636,4.332435162074263,66.447,0.029538617450154,78.733,18.172920552677027,12.286,40.03260000000001,9.866763029189045,215.1041666666665,2505.0,2082.79792746114,2505.0,0.4894657481485699,216.6440828837804,0.4023700669995617,0.1684297800000058,0.2388583399999331,-0.0047563796923322,0.0677711018633237,3.4791666666666643,67.0,60.29879101899827,65.10000000000002,0.0082176375999749,2.1519598464776206,204.47366465810472,331.042967562074,63.36681240519437,184.0529626055376,0.0960392944063518,8188.0,1,3.999999999992898e-05,-263.5081074222129,0,-1.3206909894943237,5
yolo11n.pt,5,65W,29,3586.039375,18.39834125636673,0.1577711600000475,0.1000940566239211,31.53061224489796,77.0,14.400679117147709,71.0,0.0772606161972141,23.38928112459247,1.0,0.59681,680.2721088435374,8000.0,7308.998302207131,8000.0,1.5976636115008334,462.08045992039246,20.65986394557823,46.0,8.898132427843803,45.0,0.0505658624417796,15.0889770730092,13.329891156462589,50.561,2.9959766063652857,42.782,0.0321530034960086,55.121,18.398341256366724,12.339,34.9202,9.059437916279691,211.63265306122457,2505.0,2088.3870967741937,2505.0,0.4955587829215317,210.92293647353887,0.4022160971066046,0.1577711600000475,0.2125428999996073,-0.0039884939231104,0.0634581002112007,3.632653061224488,66.0,60.34974533106961,64.0,0.0082165892744828,2.001676912356119,198.98107353923567,274.549703095042,44.109007358187576,183.81052658794712,0.0491395335327069,8188.0,1,0.0,-251.9972897985051,1,-1.394801139831543,6
yolo11n.pt,10,115W,3,1257.683030523256,20.35828926353152,0.0579264886046879,0.3930947370116331,28.284697508896794,41.0,21.71251109139308,40.0,0.0337463546072911,17.212509987885625,0.0,0.61108,0.0,8200.0,8200.0,8200.0,-8.505310749015986e-15,0.0,4.900355871886122,8.0,3.972493345164152,7.0,0.0059070711522779,3.0160980824626185,7.711533807829179,120.349,1.345103198285619,12.614,0.0096534872754924,27.384,20.3582892635315,14.77,25.967,4.195785129124017,180.80071174377235,2340.0,2109.5164152617567,2325.0,0.2496200985146741,119.55612020974712,0.293041935249226,0.0579264886046879,0.0764697600014187,-3.348937130920874e-05,0.0169748903229099,2.629893238434164,66.0,63.39307897071872,65.0,0.0033990691361517,1.356853848263372,53.381698121892114,60.96126188594222,7.035503721800755,51.78977825625032,0.017370232210418,8188.0,1,0.059840000000000004,-98.77207795128173,31,2.4069032669067383,1
yolo11n.pt,10,115W,4,1368.1984375,22.595059177532647,0.0585187212500841,0.330558492409797,27.317269076305223,42.0,19.93179538615848,41.0,0.0398336400417419,17.590441523316418,0.0,0.62517,0.0,8200.0,8200.0,8200.0,-9.380155343502106e-15,0.0,5.903614457831325,10.0,4.804413239719158,9.0,0.0085060333474044,3.808987495248852,10.921465863453816,116.425,1.5090467226527275,19.206000000000003,0.0156264667678095,34.097,22.5950591775326,14.891,31.7546,6.626614276220244,335.1204819277109,2655.0,2248.269809428285,2655.0,0.4771745760980915,228.1785194348017,0.3281241501741841,0.0585187212500841,0.0752819600013026,-4.489879361553646e-05,0.0192014056794638,4.116465863453826,68.0,64.50150451354062,67.0,0.0058844471701314,2.09628982641683,70.62981495388155,80.55211901788014,9.3363365025813,68.35419357346687,0.017473377341065,8188.0,1,0.04574999999999996,-100.3309144414264,30,1.9993090629577637,2
yolo11n.pt,10,115W,2,1203.5960632324218,19.076307142857143,0.0567525940625387,0.5413149577454398,27.5,40.0,23.196428571428573,39.0,0.022813408869815,15.366080040671614,0.0,0.5703,0.0,8200.0,8200.0,8200.0,6.818161529358936e-16,0.0,3.511428571428572,6.0,3.4135714285714287,6.0,0.0028407106330156,1.970413688046451,5.045739999999999,116.169,1.1428312532786555,7.0909999999999975,0.004095050933335,21.801,19.076307142857143,14.71,21.584,2.6074281247358027,0.0,2025.0,2011.275,2025.0,-6.805761489564631e-05,4.183225430215302,0.2541611002931819,0.0567525940625387,0.072895510001399,3.99600629971273e-06,0.0144243017514271,2.84571428571428,65.0,63.34428571428571,65.0,0.0025954998665087,1.3261260136509023,36.165836447895714,41.48157691226648,4.688784236076223,35.24067988497747,0.0168082875256391,8188.0,1,0.10061999999999993,-103.04052182082714,28,1.9382669925689697,3
yolo11n.pt,10,115W,5,1469.8254657451923,24.54367172264352,0.0598377634613196,0.2937276846023643,25.556521739130435,44.0,17.586132177681474,40.0,0.0396269582362277,17.14990002756411,0.0,0.63013,0.0,8200.0,8200.0,8200.0,-4.98457476037802e-15,0.0,6.595652173913043,12.0,5.0823401950162514,12.0,0.0100426596714519,4.524609743582457,15.09133913043478,121.536,1.5260552872146136,22.63,0.0244614667206247,37.455,24.543671722643555,14.825,36.927,9.162139130516785,475.304347826087,2655.0,2316.273022751896,2655.0,0.778587838485184,308.98433764221403,0.3471193794195177,0.0598377634613196,0.0773962349992871,-4.7065085634929714e-05,0.0207708473185451,5.021739130434781,70.0,65.67822318526544,70.0,0.007925593089505,2.587877457622455,86.66747295817906,98.29276324279104,11.583043318545291,83.55927278652561,0.0178621237474277,8188.0,1,0.04078999999999999,-101.75979624713257,29,1.8591976165771484,4
yolo11n.pt,10,115W,6,1579.0382102272729,24.72937107623323,0.0649111031819385,0.2675351262589702,25.39461883408072,45.0,17.007847533632287,42.0,0.0420777186528747,16.934751632535914,0.0,0.64532,0.0,8200.0,8200.0,8200.0,8.553099862898935e-15,0.0,7.188340807174887,13.0,5.437219730941704,13.0,0.0120210773372635,4.9515006903208105,14.606946188340812,121.464,1.5760206711224043,24.199,0.0247763631440083,38.974,24.729371076233186,14.775,37.657,9.265501003963838,458.4080717488792,2655.0,2316.440582959641,2655.0,0.7876708472397939,308.33375038514026,0.3813408822786611,0.0649111031819385,0.091189444999145,-8.370989541403629e-05,0.0247532573570816,4.20179372197309,70.0,65.60650224215247,69.0,0.0070524398782549,2.515619878095895,97.13339229473772,115.04399040408217,15.973815981970612,92.4341092028998,0.0270445800108339,8188.0,1,0.025599999999999956,-107.39178971623407,27,1.707637071609497,5
yolo11n.pt,10,115W,7,1662.5109375,25.2588144690782,0.0687644284211465,0.2481297056517068,28.341121495327105,48.0,17.01166861143524,44.0,0.0482842275773496,18.0301149388179,0.0,0.64841,0.0,8200.0,8185.997666277713,8200.0,0.0106383327574399,128.86712193990428,8.598130841121495,16.0,5.879813302217036,15.0,0.0147347962782155,5.851190503097098,16.551785046728966,116.026,1.606369928789488,25.791000000000004,0.0288813794058807,40.575,25.25881446907817,14.784,39.464,10.049350269174424,527.4532710280373,2655.0,2335.081680280047,2655.0,0.921583324035913,320.9718401196624,0.3778824089484433,0.0687644284211465,0.0903813449993322,-0.0001058444790837,0.0259848678617456,5.051401869158873,70.0,65.62543757292882,70.0,0.0087088099198372,2.782418015455376,107.25454853148038,130.60715860497052,18.6477989880814,101.7968179293024,0.0302289957783189,8188.0,1,0.02250999999999992,-110.2270168862342,25,1.4936645030975342,6
yolo11n.pt,10,115W,1,1168.563144683838,18.1722742023746,0.0566094945507663,1.0285991374265582,16.503689896511062,34.0,24.27404737072311,33.0,0.0087493136383422,11.429606286094778,0.0,0.46471,0.0,8200.0,8200.0,8200.0,2.819474585111404e-16,0.0,1.5700090339280406,4.0,2.448062456740083,4.0,0.0008352107410296,1.1836986769919515,2.61643788090352,115.0165,1.067823982692655,5.01125,0.001420129455315,19.4045,18.172274202374595,14.39325,19.320325,1.6629312852629052,0.0,2010.0,2010.0,2010.0,2.42443121188626e-16,0.0,0.1585789717361732,0.0566094945507663,0.0693406700004515,-3.0132564238044314e-06,0.0089380475127763,2.086460213905651,63.25,62.28292668604304,63.25,0.0011848369133402,0.9210697582108244,17.931618783539307,19.97834994530104,1.856911698250136,17.68318854663243,0.0108210798056469,8188.0,4,0.20620999999999995,-109.90147718087927,26,1.251570701599121,7
yolo11n.pt,10,115W,9,1972.1642708333327,25.201166246851447,0.0702853579999888,0.1968081101863544,26.07070707070707,51.0,17.34130982367758,49.0,0.0507837547458085,19.57304040324168,0.0,0.66069,0.0,8200.0,8171.284634760706,8200.0,0.0079254380731411,183.39538185659845,9.106060606060606,21.0,6.958438287153652,20.0,0.017849196485598,7.524236947468993,16.860439393939398,120.039,1.693096247294941,27.617,0.032647875243632,42.668,25.201166246851383,15.051,41.185,10.819990433215777,504.9242424242425,2655.0,2302.197732997481,2655.0,0.9685491240215406,320.54324550156144,0.4178858393351582,0.0702853579999888,0.0924017549998097,-0.0001540749649338,0.0293712558207974,5.116161616161612,71.0,65.78841309823677,71.0,0.0093830138755698,2.944587614980568,135.77794491953586,165.24519597786414,24.09072763407428,128.04942958391737,0.0314804819823796,8188.0,1,0.010229999999999961,-125.42802558235316,23,1.120408058166504,8
yolo11n.pt,10,115W,8,1806.31025390625,25.376574891895345,0.0679372378125108,0.2154456103794237,24.72561217941037,48.0,17.271253724280136,46.5,0.0501983957919071,19.25799188167409,0.0,0.65898,0.0,8200.0,8184.319174306949,8200.0,0.0122418344238808,115.85592970206568,8.826221693915599,18.5,6.540634201877992,17.94999999999999,0.0180300518558555,7.252655178179068,17.453387553777596,116.8535,1.6493804679866235,27.20725,0.0337734521126655,41.838,25.37657489189536,14.63075,40.492175,10.78432899079371,526.7671312097143,2655.0,2321.8607124206314,2655.0,1.0145427819125057,320.6113283280788,0.2752690925378679,0.0679372378125108,0.089463506250422,-9.523297741215136e-05,0.0188274402441817,5.27175185533663,70.75,65.05475582524124,69.75,0.0099946419839437,2.9741556373511484,121.92941452818806,143.26637893002652,17.971320623231122,117.79748704952094,0.0218518372109027,8188.0,4,0.01193999999999995,-115.02904213929152,24,1.1007497310638428,9
yolo11n.pt,10,115W,10,2063.187860576923,25.62355266579977,0.0734124138462133,0.1881086852511935,27.776041666666664,54.0,16.841352405721718,53.59999999999991,0.0570927203485721,20.58281647860188,0.0,0.66685,0.0,8200.0,8184.395318595579,8200.0,0.000474980156373,135.94893013029596,10.53125,23.0,7.166449934980494,22.0,0.0215369196798,8.278373159593018,18.696307291666663,115.0,1.7312587594151023,29.283,0.0371581639061523,44.361,25.62355266579974,15.078,43.2628,11.53206386114044,510.625,2655.0,2296.014304291288,2655.0,1.0098719347947234,320.4294680716042,0.4405895689938586,0.0734124138462133,0.101468135000141,-0.0002330293637826,0.0323447437753019,5.145833333333336,73.0,66.10273081924578,72.0,0.0099675641328761,3.1031014028481843,145.81628527424567,175.69819500846444,27.727708298174445,136.21674422732264,0.0361589568142128,8188.0,1,0.004069999999999907,-129.71385705445869,22,0.963902473449707,10
yolo11n.pt,10,115W,11,2239.5609375,25.87276043068644,0.0744030458333933,0.1750011072873426,30.36756756756757,57.0,17.41049798115747,55.0,0.0623524690871868,20.783308025532936,0.0,0.65094,0.0,8200.0,8183.849259757739,8200.0,-0.0019308988638626,138.27523957795316,12.475675675675676,26.0,7.800807537012113,25.0,0.0257452304165019,8.94626695800094,18.83568108108108,117.041,1.7410202564460169,30.036,0.0389053503803226,45.045,25.872760430686405,15.009,43.4896,11.847052447093947,509.0270270270271,2655.0,2289.528936742934,2655.0,1.0420661823192134,319.6243697257098,0.4438853257848876,0.0744030458333933,0.0994860649985639,-0.000265719088479,0.0330264202391437,5.205405405405408,72.0,65.89905787348587,71.0,0.0104726103166405,3.09113031035153,158.21279890585708,191.5973312944016,29.92075166571593,147.84340986028576,0.0357652917458636,8188.0,1,0.019979999999999998,-140.42659791996581,20,0.8831685185432434,11
yolo11n.pt,10,115W,12,2221.9109375,25.69363772048844,0.0748813709091006,0.1603312346793294,31.65217391304348,58.0,16.189959294436907,56.19999999999993,0.0617580839176334,21.19872393495721,0.0,0.66327,0.0,8200.0,8183.717774762551,8200.0,-0.0026978766631461,138.82924557259508,12.76086956521739,28.0,7.297150610583446,26.0,0.0250131236711458,9.409998148299154,19.723570652173915,115.0,1.803209047469951,31.377,0.0404913372379402,46.331,25.693637720488464,14.954,44.29,12.054789350628274,519.2934782608695,2655.0,2288.955223880597,2655.0,1.0688038586111217,317.7387787308091,0.4351008445667204,0.0748813709091006,0.0963834149993999,-0.0003387439018944,0.0325809477248635,5.032608695652172,73.0,65.85481682496608,72.0,0.01013727156179,3.064539914087559,170.96390106285938,205.0410352351529,31.49839175369032,160.2534763227952,0.0339443832509366,8188.0,1,0.007649999999999935,-131.17850050042057,21,0.7953265905380249,12
yolo11n.pt,10,115W,13,2338.8709375,25.615720108695623,0.0828837019999991,0.1633173624618857,25.836956521739133,61.0,15.796195652173912,57.0,0.0538428591895728,20.207733309971644,0.0,0.66287,0.0,8200.0,8169.021739130435,8200.0,-0.0078918948855022,190.30044770566207,11.173913043478262,30.0,7.376358695652174,27.0,0.0231799129303069,9.507630562596324,19.067190217391307,121.522,1.7817574445040276,30.632,0.0394596644409636,45.641,25.61572010869565,15.009,44.11375,12.016098320289183,515.2989130434785,2655.0,2289.5584239130435,2655.0,1.0620944192083044,319.6283326665021,0.4305889352125201,0.0828837019999991,0.1057288000009066,-0.0003614202580316,0.0356888049906514,5.114130434782602,73.0,65.70516304347827,72.0,0.0101841111053588,3.067851442527298,168.87295454939206,214.59523483000137,35.06434792358315,156.84627600248996,0.0431133063808412,8188.0,1,0.008050000000000002,-144.90327717024516,19,0.6271542310714722,13
yolo11n.pt,10,115W,14,2436.0509375,25.838659973226232,0.0826723080000738,0.1525815468296956,26.47311827956989,65.0,16.6760374832664,63.0,0.058007229272641,21.32415719667551,0.0,0.66044,0.0,8200.0,8182.329317269076,8200.0,-0.0060801477475938,144.5426104957686,11.758064516129032,33.0,8.294511378848728,31.0,0.0264668946606917,10.278661400344705,19.54551612903225,115.0,1.823353070508224,32.048,0.0401327618685376,47.113,25.83865997322624,15.065,44.87899999999999,12.315975845962468,499.3548387096776,2655.0,2277.6706827309235,2655.0,1.0159827565627997,317.8049652975972,0.4585963054484437,0.0826723080000738,0.1015248000005158,-0.0004371398247784,0.0379132150117296,5.763440860215056,74.0,66.38420348058902,72.0,0.011308758136156,3.4148140929268176,181.43036489760183,226.77966079722424,34.65843388771428,169.34328239617426,0.0364920213770075,8188.0,1,0.010479999999999934,-147.16790430694073,18,0.47333255410194397,14
yolo11n.pt,10,115W,16,2544.3224609375,25.98841812879594,0.0891761925000395,0.1448305231001965,28.26444083675994,63.75,17.862038793395538,61.5,0.06463514242423,23.076612656113284,0.0,0.66065,0.0,8200.0,8183.979359791192,8200.0,-0.0052816846292157,117.45833078005332,14.647246359681173,36.0,9.286055952541748,34.0,0.0337273579907053,12.694594597362476,20.018099375689506,118.9315,1.8296709870583767,32.87025,0.043686810261793,47.5345,25.98841812879593,14.66425,45.264075,12.748416234699024,503.96109431637456,2655.0,2285.920746201125,2655.0,1.0960475520058723,317.575759840968,0.2822664515074852,0.0891761925000395,0.1158665687495158,-0.0003952234270999,0.0252658495892586,5.529887119073884,73.25,65.87073124749243,72.0,0.0117876808892057,3.414716971976631,187.22052705158,231.8648552340109,31.26249702659856,179.5548272934094,0.0280594974268613,8188.0,4,0.010270000000000001,-151.89806034346356,17,0.3242458999156952,15
yolo11n.pt,10,115W,15,2590.4664930555555,26.011435862068986,0.0848126155556706,0.1470731939880428,33.574585635359114,67.0,18.288275862068964,64.0,0.0715875987397835,22.633534788612856,0.0,0.66016,0.0,8200.0,8183.448275862069,8200.0,-0.0043455738912902,139.95752710582977,15.403314917127071,36.0,9.38896551724138,34.0,0.0335877278474136,11.562383224335594,19.85239779005525,116.785,1.8289647773491244,32.525,0.0418755104553563,47.574,26.011435862068968,15.049,45.1966,12.415550166168432,526.5745856353592,2655.0,2288.255172413793,2655.0,1.098557300957758,319.24645715227695,0.4123380454211941,0.0848126155556706,0.1113707849997808,-0.000473975243035,0.0349714681252844,4.944751381215468,74.0,65.99724137931034,72.0,0.0103897318497501,3.190934244939737,188.6283287521131,240.06961382041123,36.44600664058037,176.86048121171382,0.0373324133805907,8188.0,1,0.010759999999999992,-158.13372375094107,16,0.305355042219162,16
yolo11n.pt,10,115W,17,2668.8359375,26.172427566807325,0.0896468399998866,0.1380162015582469,33.6045197740113,69.0,17.547116736990155,65.0,0.0692299294272247,24.62781098606361,0.0,0.65339,0.0,8200.0,8166.2447257383965,8200.0,-0.0196313709307368,198.41096384385608,17.016949152542374,37.0,9.69479606188467,36.0,0.0346816546174119,13.273959085241495,20.99200564971751,118.335,1.8721610700775064,33.92100000000001,0.044646577464121,48.999,26.172427566807315,15.078,46.417,13.035784409471129,533.898305084746,2655.0,2277.4050632911394,2655.0,1.1265527312645618,314.4372718827185,0.4314622365129625,0.0896468399998866,0.1213917299995955,-0.000572014971869,0.0386792260826708,4.9152542372881385,74.0,66.0365682137834,72.0,0.0106681477000246,3.209744574587692,204.53857705264323,278.15442076839616,43.366173464742666,189.6330088157206,0.0449522821196938,8188.0,1,0.017529999999999935,-158.34002697392913,15,0.16015088558197021,17
yolo11n.pt,10,115W,18,2751.9859375,26.11892747559273,0.0931891800001722,0.1352223018852475,35.279329608938546,71.0,18.96373779637378,68.0,0.0729978079066808,24.22687562082387,0.0,0.67092,0.0,8200.0,8183.26359832636,8200.0,-0.007617991455998,140.72517495951735,17.932960893854748,41.0,10.345885634588564,39.0,0.0369809209682871,13.320856454607965,20.01945810055866,122.59,1.8487359423591403,33.216,0.0428244458936714,48.287,26.11892747559275,15.071,45.88259999999999,12.775248039210805,522.6536312849162,2655.0,2279.916317991632,2655.0,1.1011103450435744,317.33394053804767,0.398282732476946,0.0931891800001722,0.1219008749976637,-0.0006048595522653,0.0371156412477545,5.245810055865917,74.0,65.93305439330544,72.0,0.0111877692300729,3.3383755331998803,205.0396154678318,252.08714967520805,36.85806682369586,193.1554714824912,0.0323139128054724,8188.0,1,0.0,-164.5290963556239,14,0.1284150928258896,18
yolo11n.pt,10,115W,19,2833.939508928572,25.88925307797539,0.1019730628569959,0.1389477069179505,28.857142857142858,73.0,16.097127222982216,64.0,0.0609282602945554,23.061806682297608,0.0,0.66112,0.0,8200.0,8181.9425444596445,8200.0,-0.0125708763025195,146.09200850092688,15.016483516483518,42.0,8.80984952120383,36.0,0.0312110404980672,12.99281970933346,20.26546153846154,116.111,1.927865583826384,34.921,0.0423405661133781,49.911,25.88925307797538,14.99,46.1765,12.91595266184565,506.7857142857142,2655.0,2272.65389876881,2655.0,1.0476659550747818,314.8082634414758,0.4142098312423374,0.1019730628569959,0.1404233199978989,-0.0007662861481877,0.0422382451572605,5.961538461538467,74.0,66.68262653898769,74.0,0.0119208894970204,3.720827129013328,200.02009357415005,253.92323046387668,40.93444772953763,186.3237159664905,0.0418823091974494,8188.0,1,0.00979999999999992,-176.778551928558,13,-0.09993568062782288,19
yolo11n.pt,10,115W,20,2930.768080357143,26.26582889200565,0.1005765328573033,0.1320863001290557,27.151685393258425,65.0,17.479663394109398,59.39999999999998,0.0630231243733763,21.52971641259477,0.0,0.6544,0.0,8200.0,8183.169705469846,8200.0,-0.0085414817391388,141.11376482191022,14.01123595505618,37.0,9.890603085553996,35.799999999999955,0.0337381245263284,12.252570331177017,20.47281460674157,120.573,1.8790573944164355,34.236999999999995,0.0434186349374677,49.355,26.26582889200561,15.118,45.984,12.862231554103168,504.7752808988762,2655.0,2279.2005610098176,2655.0,1.0744230560150383,315.28487156556434,0.3979036396546894,0.1005765328573033,0.1340622950005126,-0.0008558650144421,0.0400197684877704,5.382022471910119,74.0,66.44460028050491,74.0,0.0115732773718403,3.5496995726699327,214.3306064047506,307.8677932320733,51.05491643342933,198.85354398103703,0.0567422762686544,8188.0,1,0.01651999999999998,-179.0194994254932,12,-0.24014639854431152,20
yolo11n.pt,10,115W,21,2998.053794642857,26.33605084745763,0.1005968471425668,0.1261582705447887,30.220338983050844,71.0,17.49576271186441,69.0,0.0676755092906504,23.54035443934808,0.0,0.65348,0.0,8200.0,8183.050847457627,8200.0,-0.0101438681145725,141.60405813020623,15.536723163841806,44.0,9.96045197740113,43.0,0.0355994655804522,13.78819259957403,21.070802259887,122.406,1.9084486239459093,35.165000000000006,0.0449420022311776,50.261,26.336050847457624,15.096,46.376,13.179204802606757,525.1694915254238,2655.0,2274.576271186441,2655.0,1.1141441464623076,315.8218873379253,0.405687080489258,0.1005968471425668,0.1359926049992282,-0.0008232688776229,0.0408108412236921,5.248587570621474,75.0,66.05084745762711,73.0,0.0111440196977688,3.391616761010445,224.9883552249224,319.30437038948907,53.17074649415211,208.75405737357343,0.0558502901531273,8188.0,1,0.01744000000000001,-179.82189920963322,11,-0.4092532694339752,21
yolo11n.pt,10,115W,24,3107.2109375,26.436718487394906,0.1138518566665273,0.1254112284983424,31.853932584269664,72.0,18.96358543417367,71.0,0.0678886825574392,25.12286484151324,0.0,0.65585,0.0,8200.0,8200.0,8200.0,-5.274604056180972e-15,0.0,18.623595505617978,48.0,11.88655462184874,47.0,0.0401888846241622,15.970552861989614,20.77429775280899,117.91,1.881814493115716,34.607,0.044592681454343,49.749,26.436718487394955,15.142,47.43135,13.302910802681945,521.7977528089887,2655.0,2280.1050420168067,2655.0,1.1031075186672905,318.21536477351225,0.3942494136483274,0.1138518566665273,0.1528576649996465,-0.0010249851903308,0.0448860277335518,5.011235955056179,74.0,66.56302521008404,73.0,0.0105282062216308,3.231424802508394,226.0946222921077,294.51688006377697,46.6197327570723,210.8002513327132,0.0425166554761347,8188.0,1,0.015069999999999917,-189.52979364785108,9,-0.5133459568023682,22
yolo11n.pt,10,115W,23,3066.6764973958334,26.3371963788301,0.1116063383336343,0.1277999152093514,32.40782122905028,69.0,17.696378830083564,68.0,0.0679436790364559,23.704653545253493,0.0,0.64454,0.0,8200.0,8200.0,8200.0,-1.2249534752647267e-14,0.0,18.9608938547486,45.0,10.8050139275766,45.0,0.0393609309013535,14.997339687483109,21.85524022346368,115.0,1.923439354415076,35.521,0.045731451998632,50.658,26.33719637883008,15.137,47.6155,13.71106456359266,520.3072625698323,2655.0,2268.0710306406686,2655.0,1.0868647458469498,313.5526357732151,0.3659701184292897,0.1116063383336343,0.1490533650028737,-0.0008956566073809,0.0408445848574195,6.094972067039109,75.0,66.77994428969359,73.0,0.0127415187314683,3.717614324308781,220.5166198381837,314.5615619400758,47.9307644069951,206.08148554470205,0.0472439342932962,8188.0,1,0.02637999999999996,-188.28883568852814,10,-0.5570932626724243,23
yolo11n.pt,10,115W,22,3093.6776041666667,26.474899713467043,0.1109318116664629,0.1334958449501281,27.50574712643678,66.0,17.05157593123209,62.0,0.0650671039631303,21.46437520545536,0.0,0.64294,0.0,8200.0,8200.0,8200.0,-4.150841182503726e-15,0.0,15.172413793103448,43.0,10.627507163323784,39.0,0.0367775128913009,12.78750463830182,21.084620689655168,118.22,1.940328407509302,36.273,0.0457795511266647,51.37,26.47489971346705,15.097,47.622,13.502899520786364,499.1379310344828,2655.0,2265.9240687679085,2655.0,1.0799038440858173,313.6598338473042,0.3793302071120193,0.1109318116664629,0.1512372750015856,-0.0009103937899392,0.0420797870947509,6.086206896551722,75.0,66.21489971346705,74.0,0.0127679990678561,3.798613274906012,211.0723974377585,268.86359438622844,40.14310484399287,198.3200280380084,0.036170876541041,8188.0,1,0.027980000000000005,-195.67352153655506,8,-0.5607762336730957,24
yolo11n.pt,10,115W,25,3255.6776041666667,26.496490883590432,0.117368918332977,0.1243945789850638,33.88202247191011,74.0,18.54978962131837,69.59999999999991,0.0700478971865153,24.35330420337125,0.0,0.65103,0.0,8200.0,8184.852734922862,8200.0,-0.0100114111547258,133.96745296246215,18.71348314606741,49.0,11.339410939691444,47.19999999999993,0.0387778636045873,15.464380760437171,20.90417415730337,120.434,1.9145554112381336,35.685,0.0446162873741141,50.729,26.49649088359046,15.044,48.13,13.389291997271767,509.66292134831474,2655.0,2276.276297335204,2655.0,1.081476730818714,315.20032715786914,0.3960607001487005,0.117368918332977,0.1614654599976347,-0.0011606902167427,0.0464852159706545,5.792134831460672,75.0,66.38008415147264,74.0,0.0117283483038802,3.5310677228857794,231.76685706189085,376.9388711643924,63.35415720182669,213.00358182627784,0.0747218426138423,8188.0,1,0.019889999999999963,-203.0668984976181,7,-0.8123968839645386,25
yolo11n.pt,10,115W,26,3331.3909375,26.63339712230217,0.1253496640000958,0.1284033607869883,35.08670520231214,75.0,19.30791366906475,72.0,0.0788311693882497,26.58598393308754,0.0,0.65211,0.0,8200.0,8165.46762589928,8200.0,-0.026166088891779,200.614964695636,20.63583815028902,51.0,12.467625899280575,47.0,0.0468550291437326,17.027401597278804,21.57552023121388,120.384,1.9033246028367805,35.588,0.0472249610904538,50.692,26.63339712230216,15.104,48.479,13.802033813345767,496.3005780346821,2655.0,2267.179856115108,2655.0,1.0815870805293566,314.9965684819042,0.3507027600130898,0.1253496640000958,0.1541014900003574,-0.0013848942712964,0.043960473131547,5.173410404624278,75.0,66.23741007194245,73.0,0.0111041446083915,3.402882260784505,218.3125166111869,267.3862445473194,35.00979646874151,207.4197821541837,0.025717094451355,8188.0,1,0.018809999999999993,-214.01578488195022,6,-1.088283896446228,26
yolo11n.pt,10,115W,27,3416.2309375,26.761000000000035,0.1249041960000613,0.1237985625613943,35.0632183908046,75.0,18.820916905444125,69.0,0.0778832169809108,24.80931907972081,0.0,0.64699,0.0,8200.0,8182.808022922636,8200.0,-0.0127033531153442,142.60016976500438,20.660919540229884,50.0,12.080229226361032,48.0,0.046656099005982,16.43200399367998,21.827517241379304,119.235,1.9185008034079445,36.276,0.0475759304910627,51.341,26.761,15.065,48.86,14.047771660773742,521.0344827586205,2655.0,2269.255014326648,2655.0,1.1199456070649243,315.8307882872685,0.3343363677762333,0.1249041960000613,0.1560309049984425,-0.0012328280335972,0.0417600152106712,5.862068965517238,76.0,66.37392550143267,73.0,0.0124122169628966,3.6121820001867135,227.286599220862,276.2334069264606,38.68628757271827,216.1656762915053,0.028971197748525,8188.0,1,0.023930000000000007,-217.27828097509686,5,-1.1077269315719604,27
yolo11n.pt,10,115W,28,3480.1509375,26.84882514450866,0.126414367999896,0.1212170450779564,34.53179190751445,73.0,17.84393063583815,70.0,0.0717089139581464,25.293112467771287,0.0,0.64139,0.0,8200.0,8200.0,8200.0,1.2202229883920936e-14,0.0,21.791907514450862,49.0,11.27601156069364,44.0,0.0447926089954481,16.645760182978442,21.895693641618497,115.253,1.9372914725335129,37.081,0.0481628587666456,52.014,26.84882514450867,14.933,48.84774999999999,13.913076247659353,514.5086705202311,2655.0,2271.914739884393,2655.0,1.1190623577170686,316.758072125596,0.3436532299170187,0.126414367999896,0.1586480999989362,-0.0011934058871711,0.0434427058710828,5.369942196531795,75.0,66.69364161849711,74.0,0.011542369890412,3.559374990420334,235.1793928874295,304.4805910110064,48.51041203444058,221.4938099443176,0.0425472403896852,8188.0,1,0.029529999999999945,-220.49152581231115,4,-1.3016595840454102,28
yolo11n.pt,10,115W,30,3557.5909375,26.64977387640448,0.1335550119999971,0.1186403623286803,30.078651685393258,74.0,17.478932584269664,71.0,0.0665757150145661,24.19616937334853,0.0,0.65328,0.0,8200.0,8200.0,8200.0,4.635195722135114e-15,0.0,19.46629213483146,51.0,11.394662921348315,49.0,0.0423365029603421,16.08614885542023,20.966955056179778,119.433,1.9519865437229136,36.961000000000006,0.04540438116206,52.02,26.64977387640449,15.059,49.008,13.624132682455386,495.2528089887642,2655.0,2267.696629213483,2655.0,1.0533381221171816,314.5326532947538,0.3438323796883726,0.1335550119999971,0.1663496349996421,-0.0012554121488375,0.0459205375952681,5.146067415730343,75.0,66.23314606741573,73.0,0.0110979500454442,3.4182461813322345,243.7320498758927,389.4847877106109,71.9534464345892,224.62653816391887,0.087152112624223,8188.0,1,0.01763999999999999,-226.3148896269296,3,-1.329976201057434,29
yolo11n.pt,10,115W,29,3592.7909375,26.80682344428368,0.1261303259998385,0.1165914958637108,32.33720930232558,75.0,16.7178002894356,74.0,0.0673541883600916,23.74971920182669,0.0,0.65584,0.0,8200.0,8200.0,8200.0,-2.1395384474049288e-15,0.0,20.50581395348837,51.0,10.536903039073806,50.0,0.0416119868091852,15.318604267965446,21.57833139534884,120.05,1.85736292490923,34.689,0.0476375290463064,49.79,26.806823444283648,15.101,48.923,13.927088989029116,505.6395348837209,2655.0,2268.56005788712,2655.0,1.103344839713848,314.232099314582,0.3561691810051645,0.1261303259998385,0.1597417250002763,-0.0012112222473068,0.0449237349112769,5.779069767441854,75.0,66.4630969609262,74.0,0.0125044690122419,3.7969080597300304,246.9654407323188,348.15151260897545,61.08929629247786,229.92091529230743,0.061186819105904,8188.0,1,0.015079999999999982,-226.68941726347228,2,-1.4356766939163208,30
yolo11n.pt,10,115W,32,3730.6953125,26.81316529723856,0.1458458849999487,0.122144182121794,34.639107759583275,74.25,18.775859876027862,70.75,0.0782547995720906,25.8747710940396,0.0,0.62894,0.0,8200.0,8200.0,8200.0,3.3189646847399644e-15,0.0,22.659092958156105,52.75,12.095969821083846,50.5,0.0511847877858477,18.24846213884796,22.66427185365803,115.0,1.932218968880531,37.1565,0.0518276214179178,51.79575,26.81316529723857,14.63925,49.4674375,14.610286529689898,516.3030545471541,2655.0,2267.6089306420504,2655.0,1.1610250555482626,314.260170674029,0.1788170082833132,0.1458458849999487,0.1654799187497473,-0.0009038345497245,0.0264289484710909,5.338349355229054,75.5,66.47499375456886,73.75,0.0120116554833941,3.552367999047817,223.76939046005987,239.3156584375795,20.529287773083425,219.5104807631432,0.0095066321342329,8188.0,4,0.041979999999999906,-246.73007385156183,0,-1.6775386333465576,31
yolo11n.pt,10,115W,31,3661.5909375,26.603971469329533,0.1333124479999242,0.1144077600998858,35.565714285714286,78.0,19.58345221112696,76.0,0.0760057061340941,26.61942829918119,0.0,0.6509,0.0,8200.0,8182.881597717546,8200.0,-0.0110778427468816,142.29913226102417,21.04,52.0,11.978601997146932,51.0,0.0443933052206946,17.389335403556966,21.559999999999995,118.841,1.8820498307075448,35.002,0.046646102846274,50.07,26.603971469329533,15.068,48.976,13.70824255441639,520.3714285714286,2655.0,2272.4037089871613,2655.0,1.1169935152816766,316.10577318927614,0.3535398471815263,0.1333124479999242,0.1674130050008898,-0.0012673668955544,0.0471312624932883,5.285714285714285,75.0,65.99001426533523,73.0,0.0113202663559296,3.446127082473224,253.2408409101457,411.9024276682446,75.74445994165958,232.5364245056668,0.0894611039152931,8188.0,1,0.020019999999999927,-231.96003534046585,1,-1.7155672311782837,32
yolo11n.pt,10,65W,5,1480.4237379807691,19.153497164461267,0.067130543076907,0.2571569332944567,29.424242424242426,42.0,17.199432892249526,41.0,0.0405767456584437,17.371481084407066,1.0,0.63013,837.121212121212,8000.0,7541.587901701323,8000.0,1.1728027998884176,498.2674446841586,6.386363636363637,10.0,3.52930056710775,10.0,0.0087499198061146,3.907434589145362,12.460840909090908,55.91,1.7064768757032036,20.271,0.0164919220268045,32.685,19.15349716446125,12.414,30.03814999999999,6.582870256885674,284.8295454545455,2505.0,2129.574669187145,2475.0,0.3586531974816286,160.98602893841243,0.3726412960111148,0.067130543076907,0.0895324200009781,-8.082409266368652e-05,0.0250156125741086,4.700757575757571,68.0,62.34404536862004,66.0,0.0061605926839699,2.2446675912694034,77.85690304895293,90.10076776936631,11.861510536376452,74.48174513159876,0.0232105669461447,8188.0,1,0.04078999999999999,-107.18810515200991,18,2.051833152770996,1
yolo11n.pt,10,65W,4,1378.78046875,17.250987920621192,0.0675470725000536,0.2913134329429375,27.162629757785467,41.0,17.779982743744608,41.0,0.0332294217150411,16.35000311614314,1.0,0.62517,826.9896193771629,8000.0,7567.730802415876,8000.0,1.0351286734866387,495.3912982724885,4.826989619377162,8.0,3.009490940465919,8.0,0.0058663406363849,3.0746950155867365,6.707391003460209,55.212,2.012348519385543,22.341,0.0086049929142059,34.715,17.250987920621224,12.374,22.5966,4.293556046400401,0.0,2160.0,2022.7480586712684,2100.0,0.0145777127306725,34.59768071560664,0.3290221624366309,0.0675470725000536,0.0894604900010563,-4.303151700672706e-05,0.0222244838602315,2.882352941176471,64.0,61.753235547886106,64.0,0.0035521849110895,1.4495917031575414,61.24873214296986,71.38641130034028,8.324556696675788,59.21796240683593,0.0184725999345284,8188.0,1,0.04574999999999996,-105.80204201502268,19,2.0239458084106445,2
yolo11n.pt,10,65W,6,1589.502059659091,19.3763146176186,0.0725168945455069,0.2341850273010688,24.608527131782942,45.0,15.72023233301065,41.0,0.037910158594809,17.248038095547,1.0,0.64532,794.573643410853,8000.0,7527.589545014521,8000.0,1.1611338013256076,499.2382367226009,5.949612403100775,11.0,3.838334946757018,11.0,0.0092811125181545,4.528922001722355,11.565306201550388,52.566,2.005644559707106,26.384,0.016110957983068,38.862,19.376314617618583,12.478,32.5426,7.337161324569485,217.84883720930247,2505.0,2135.024201355276,2475.0,0.3097273249380082,174.08486874123375,0.3567887640563719,0.0725168945455069,0.0980389900014415,-7.729125688205431e-05,0.0258732131780976,3.949612403100773,68.0,63.079380445304935,67.0,0.0056049798858007,2.224890178279948,86.79266498851892,103.7529808897557,14.436238174527205,82.73934008901585,0.027665723352738,8188.0,1,0.025599999999999956,-113.18442483602333,17,1.9210288524627686,3
yolo11n.pt,10,65W,11,2214.872135416667,20.816342015855053,0.083362715833194,0.1577551640140275,27.30454545454545,54.0,15.345413363533408,50.0,0.047540037009664,19.2504989249848,1.0,0.65094,872.727272727273,8000.0,7441.67610419026,8000.0,1.4853053339115931,496.5866723720792,10.418181818181818,22.0,5.583238958097395,21.0,0.0181271219176755,7.874772421999154,15.425668181818176,56.652,2.029703392066625,29.821,0.0261638667314647,42.251,20.81634201585504,12.43,35.6757,9.61177903832928,274.9772727272725,2505.0,2165.6058890147224,2505.0,0.495518095730319,206.38368442656164,0.4024182412137112,0.083362715833194,0.1149949100001322,-0.0003485040409054,0.0335466774883923,4.740909090909085,69.0,63.69082672706682,68.0,0.0079079632549944,2.7435904294364306,140.82292719073453,177.41065782346843,28.002978877307875,131.9534745246379,0.0395422821550931,8188.0,1,0.019979999999999998,-146.48039523005497,16,0.8761239051818848,4
yolo11n.pt,10,65W,14,2454.69546875,20.41138368246968,0.0956075630000305,0.1393916179528224,29.004424778761063,59.0,14.7651598676957,55.0,0.0485958501589569,20.54931892608977,1.0,0.66044,792.0353982300885,8000.0,7420.066152149945,8000.0,1.3132518296765043,493.5692251020967,12.084070796460177,28.0,5.966923925027563,25.0,0.0204673391973344,9.37924517440618,15.112637168141593,53.103,2.6842374261503665,42.415,0.0250536710789222,54.789,20.41138368246968,12.374,38.881,10.29068172656411,301.7920353982299,2505.0,2146.3230429988976,2505.0,0.4663087764869401,195.91757472017463,0.4501378177750641,0.0956075630000305,0.1263050900003691,-0.000450243300932,0.0430365797716256,4.287610619469035,70.0,63.56339581036384,69.0,0.0072027655614214,2.690811827695545,157.90943678191738,201.6126620289094,34.05001133927447,146.4319302856358,0.0464962954962054,8188.0,1,0.010479999999999934,-161.69371344011248,15,0.5092921853065491,5
yolo11n.pt,10,65W,15,2613.1110243055555,20.676565268065275,0.0961555655554952,0.1325444551397284,34.532710280373834,62.0,16.87878787878788,58.0,0.0588259807807652,22.33338710130067,1.0,0.66016,691.5887850467288,8000.0,7437.062937062937,8000.0,1.226345537320155,496.0231104584303,15.86448598130841,30.0,7.555944055944056,28.0,0.0269768945306835,10.720860364382196,15.685476635514023,54.967,2.4776358808066945,38.72,0.0270797417271594,51.229,20.676565268065268,12.509,37.915,10.14855535833178,232.14953271028023,2505.0,2115.472027972028,2505.0,0.3932446114068952,189.6925307189839,0.4143487418832171,0.0961555655554952,0.1242714800013345,-0.0005379640770462,0.0398419376129886,4.247663551401878,70.0,63.35198135198135,68.0,0.0074210153499659,2.5909339946604617,167.7922135129658,219.3835930293506,36.161546247659714,155.99721049264588,0.0464462203470386,8188.0,1,0.010759999999999992,-171.84916518858108,14,0.2804022431373596,6
yolo11n.pt,10,65W,17,2691.48046875,20.283759237187137,0.1040147912499605,0.1241065284012046,33.68899521531101,68.0,16.37187127532777,65.0,0.0592379592382437,22.2552099446554,1.0,0.65339,794.2583732057419,8000.0,7419.547079856972,8000.0,1.4179610019071178,493.4848808630915,15.636363636363637,35.0,7.425506555423123,32.0,0.0276823024503949,11.161459642825372,15.365913875598087,54.964,3.490181438863176,58.369,0.027063280771558,70.794,20.283759237187127,12.425,38.854,10.244431040506932,271.3636363636365,2505.0,2134.272943980929,2505.0,0.4752601505128225,203.3808597948781,0.389930273907895,0.1040147912499605,0.1318038350007555,-0.000634120983353,0.0405585160425696,4.464114832535884,69.0,63.07866507747318,68.0,0.0075863128340648,2.602100578265975,175.50506583251723,254.39545547066533,39.97770139391014,163.43829368600925,0.0518867329724549,8188.0,1,0.017529999999999935,-175.1435755108319,12,0.09977762401103973,7
yolo11n.pt,10,65W,19,2815.784040178572,20.191827586206884,0.1159253828570789,0.1231971233429032,34.304761904761904,64.0,16.902497027348396,62.0,0.0596432939118238,23.046816973273664,1.0,0.66112,819.0476190476193,8000.0,7419.738406658739,8000.0,1.4553182320883402,493.51603482999633,16.738095238095237,34.0,7.928656361474435,32.0,0.0290787463177249,12.085393714671888,14.411319047619047,52.33,2.728182962379796,42.681,0.0260657949578502,55.087,20.19182758620689,12.406,39.897,10.33588777201416,206.0,2505.0,2103.5136741973843,2505.0,0.3407826819188129,198.98058298529665,0.4000503970977014,0.1159253828570789,0.1510569850003776,-0.0008150806438652,0.0463759954456775,4.257142857142853,69.0,63.463733650416174,68.0,0.0075696399369438,2.5922100158275354,176.49015037586437,231.5638282571912,38.27425229187651,163.8985313805222,0.0470297298725426,8188.0,1,0.00979999999999992,-187.27863070678526,11,0.04450703412294388,8
yolo11n.pt,10,65W,18,2749.58046875,20.33088730723606,0.1032768987500503,0.1166506105515612,30.609523809523807,73.0,16.271648873072362,70.0,0.0537289589560503,23.42800972910887,1.0,0.67092,823.8095238095239,8000.0,7403.32147093713,8000.0,1.4608490647861851,490.5642282293315,14.89047619047619,37.0,7.207591933570582,35.0,0.0249991076261369,11.64228963570292,15.07674761904762,55.307,1.8960313643704176,26.157000000000004,0.0269933662870008,38.548,20.33088730723606,12.391,34.8437,9.377837150850388,131.92857142857156,2505.0,2102.0106761565835,2505.0,0.3074080731731338,194.74583278673524,0.4224867318911192,0.1032768987500503,0.1325017050001406,-0.0007116721179159,0.0436331194327587,4.771428571428565,69.0,63.10438908659549,68.0,0.0081642092900545,2.711255429284148,188.489576154244,235.5175527079549,42.42165078393591,174.2887346333221,0.0506524496257022,8188.0,1,0.0,-174.45098355645393,13,-0.02490551769733429,9
yolo11n.pt,10,65W,20,2957.412611607143,20.18280452920142,0.1141919314287016,0.1152356715418728,32.45933014354067,69.0,16.3134684147795,64.0,0.0554265159885841,22.842794818008404,1.0,0.6544,693.7799043062196,8000.0,7431.466030989273,8000.0,1.2502707467163972,495.2808244739914,16.10047846889952,39.0,7.936829558998808,34.0,0.028029813226419,12.540454298020755,14.341818181818176,53.656,3.7396190351443854,63.127,0.0258030555468636,75.476,20.18280452920143,12.349,39.66409999999998,10.61275167597018,266.62679425837314,2505.0,2109.8510131108465,2505.0,0.3912577561568705,190.28366747577684,0.3858845845173744,0.1141919314287016,0.143172050000976,-0.0007894223462452,0.044064906014601,4.301435406698566,70.0,63.15137067938021,68.0,0.007575990932982,2.683054119559417,188.24040516322128,270.12463947901045,44.80215189198446,175.14372293884404,0.0566463655128754,8188.0,1,0.01651999999999998,-194.6932403032482,9,-0.03821300342679024,10
yolo11n.pt,10,65W,21,3017.4983258928573,19.99405509964834,0.1134212471428067,0.1079881268973385,35.16901408450704,69.0,16.561547479484172,66.0,0.0574129534959647,23.90053683311917,1.0,0.65348,788.7323943661968,8000.0,7378.663540445486,8000.0,1.3756553891024308,485.0540831523593,19.51173708920188,39.0,8.38335287221571,36.0,0.0309058432620592,13.493936965575784,15.384737089201876,57.26,3.373252682552944,55.10099999999999,0.026463218261774,67.445,19.9940550996483,12.344,40.8762,10.555546014323676,263.3802816901407,2505.0,2117.584994138336,2505.0,0.4112120109815761,189.0079459178269,0.365878282432865,0.1134212471428067,0.139574884999547,-0.0007127047205015,0.0414983710960036,4.023474178403752,69.0,62.81594372801876,67.0,0.0069095216272941,2.5471182634855505,200.16507976741897,309.72461695107245,54.46009806912594,185.1504945414616,0.0740253058076099,8188.0,1,0.01744000000000001,-194.66009088433847,10,-0.1975359171628952,11
yolo11n.pt,10,65W,22,3104.45546875,20.105113116726816,0.1255237616664696,0.1147122466882467,33.5024154589372,72.0,17.22503008423586,61.0,0.0620968949388222,24.4409679392564,1.0,0.64294,816.4251207729467,8000.0,7413.95908543923,8000.0,1.4613159664483897,492.5413292522225,17.07729468599034,39.0,8.703971119133573,33.0,0.031799232475584,13.054692730231316,15.640671497584538,54.098,2.265145176532794,33.306999999999995,0.0279832453250937,45.541,20.10511311672684,12.234,35.6005,9.662855076543645,216.01449275362305,2505.0,2102.0938628158847,2505.0,0.3694358452973209,197.91271422854496,0.3853871528011316,0.1255237616664696,0.172457640000175,-0.0011468501889402,0.0483752451175285,4.777777777777772,69.0,62.82912154031288,68.0,0.0079986148425971,2.6281213769517744,188.41486358588,254.1211886889458,40.40225770451118,175.2656206914545,0.0459812685326799,8188.0,1,0.027980000000000005,-209.30999508347267,6,-0.2979389727115631,12
yolo11n.pt,10,65W,23,3077.8888020833333,20.54718925518923,0.1238417199998366,0.1106347503706433,38.794117647058826,76.0,19.107448107448107,70.0,0.0711187812326818,25.008729722885032,1.0,0.64454,789.2156862745096,8000.0,7406.593406593406,8000.0,1.4333967461762789,491.1977283214727,21.25490196078432,43.0,10.014652014652016,40.0,0.0383301692443561,13.812092531277852,16.280088235294116,52.816,3.921606940942045,68.07900000000001,0.0288756300272371,80.578,20.547189255189256,12.499,39.56549999999996,10.731864136908897,158.16176470588243,2505.0,2091.996336996337,2445.0,0.3058574200562382,169.8802314187129,0.3866848570359337,0.1238417199998366,0.1600222399982158,-0.0011874340983694,0.0478877177932209,4.210784313725497,68.0,63.03907203907204,68.0,0.0073433513829481,2.4466841568851385,202.1768908531203,334.8784126437022,55.74040659494741,185.72093475470413,0.0760111385206512,8188.0,1,0.02637999999999996,-200.4683952065487,8,-0.33294326066970825,13
yolo11n.pt,10,65W,24,3141.85546875,20.50893983152824,0.1256470350002322,0.1073703117012368,31.90821256038648,74.0,16.401925391095066,68.0,0.0572880525155328,24.07533695468868,1.0,0.65585,777.7777777777783,8000.0,7403.128760529483,8000.0,1.4003807509961903,490.5262102716282,18.41062801932367,44.0,8.802647412755716,39.0,0.0324316496756255,14.155983124242166,15.8141884057971,52.493,3.390277633615677,57.025000000000006,0.0278183721138371,69.531,20.50893983152828,12.506,38.961,10.58234238314322,124.71014492753602,2505.0,2087.1119133574007,2505.0,0.2621893433216321,190.7830106442675,0.3463327410987011,0.1256470350002322,0.1562496450031176,-0.0011084759961197,0.0435156820425548,4.589371980676326,69.0,63.0517448856799,68.0,0.0078124843166053,2.7139553264078207,202.60059412997109,262.1204407621461,40.168158221172085,191.0112721717281,0.0393081322805959,8188.0,1,0.015069999999999917,-203.6820785382688,7,-0.5379084348678589,14
yolo11n.pt,10,65W,25,3288.3221354166667,21.08514441747572,0.1333490683333972,0.1124673745498207,28.771844660194176,71.0,16.421116504854368,66.0,0.0564294301411643,23.324194503537605,1.0,0.65103,762.135922330097,8000.0,7439.320388349514,8000.0,1.3944634563021063,496.3043267290205,15.223300970873789,41.0,8.487864077669903,40.0,0.0300658366748564,13.549436569841784,16.50928155339806,53.1,3.856174678728335,68.858,0.0295523184075653,81.308,21.08514441747573,12.45,44.219,12.296796505526077,215.8252427184466,2505.0,2123.5376213592235,2505.0,0.4120812282363086,206.5387808671995,0.40024081098338,0.1333490683333972,0.1685130099984233,-0.0011289071158489,0.053371739253637,4.640776699029118,70.0,62.99514563106796,68.0,0.007915200561097,2.6894211540478623,208.31305360124355,365.5944744813148,70.88016414392752,187.4778752671552,0.1157754449903973,8188.0,1,0.019889999999999963,-220.56450626486875,5,-0.6974315047264099,15
yolo11n.pt,10,65W,26,3360.03546875,20.070837153196656,0.1393149999999877,0.1075449491537441,34.14009661835749,77.0,16.83232810615199,75.0,0.0623349115768681,26.019147018846823,1.0,0.65211,758.4541062801927,8000.0,7384.800965018094,8000.0,1.35613519268241,486.5482322845676,18.743961352657006,45.0,8.768395657418576,42.0,0.0337899139432855,15.400544065014754,15.185149758454108,52.416,2.1819219430528447,31.33,0.027403177191906,43.793,20.07083715319662,12.463,35.323,9.457461803762191,194.2753623188405,2505.0,2079.607961399276,2505.0,0.3128024764922173,202.05830945329907,0.3240304235243078,0.1393149999999877,0.1805070099992008,-0.0013642550396279,0.0451422984532849,4.85507246376811,68.0,62.98431845597105,68.0,0.008222832063556,2.660708191805188,195.8446819090693,246.4278640193264,31.960855092185373,186.62742705381527,0.0266325784066811,8188.0,1,0.018809999999999993,-228.04313907335015,4,-0.985092043876648,16
yolo11n.pt,10,65W,28,3514.79546875,19.756178528347416,0.1444204700001137,0.101899878159646,33.6183574879227,72.0,17.29794933655006,64.0,0.0612388190197197,24.229487027858,1.0,0.64139,787.4396135265697,8000.0,7390.832328106152,8000.0,1.4022418935720835,487.9369010571727,19.666666666666668,40.0,9.6875753920386,39.0,0.0358018637722864,14.491629880109151,13.65168599033816,52.862,2.659826136142718,40.175,0.0251738018313354,52.548,19.756178528347405,12.373,39.264,9.854739122962002,122.536231884058,2505.0,2081.670687575392,2505.0,0.2652479114549154,228.4774462021352,0.3482445145419746,0.1444204700001137,0.2071236349998796,-0.0014261759663582,0.0502936364651134,4.420289855072461,70.0,62.94933655006032,68.0,0.0074889372352788,2.571503888743339,208.6825939055464,287.5547093418962,52.896547519095805,193.8783331751929,0.0642513417992658,8188.0,1,0.029529999999999945,-239.1067356755538,3,-1.3078720569610596,17
yolo11n.pt,10,65W,29,3563.83875,21.265564310544622,0.1455281199999444,0.106715089477637,32.95348837209302,80.0,15.35457705677868,75.0,0.0543575435307387,25.14950659220868,1.0,0.65584,693.0232558139533,8000.0,7402.085747392815,8000.0,1.1889943084206955,490.319078903092,18.38139534883721,46.0,8.629200463499421,44.0,0.0303968549491169,15.132376260715018,16.180241860465113,40.0,1.8955528012963256,26.758000000000003,0.0274538203303464,40.31,21.26556431054461,13.552,36.8145,9.588384123503907,163.81395348837214,2505.0,2061.292004634994,2505.0,0.2519846817563878,209.347284512672,0.3715065949738706,0.1455281199999444,0.1700265800001943,-0.0014588292437209,0.0540646563341282,5.674418604651159,74.0,66.15063731170336,71.0,0.0090420623633153,2.77557989295095,217.09951969721723,325.4779720776899,62.8230154369951,199.2742021267853,0.0837374692237195,8188.0,1,0.015079999999999982,-241.07397458603774,2,-1.3151631355285645,18
yolo11n.pt,10,65W,30,3592.23546875,19.5394267589389,0.1501998540000204,0.0978273015478905,36.51851851851852,77.0,17.57670126874279,75.0,0.0614288398900979,26.809672404695508,1.0,0.65328,675.9259259259261,8000.0,7409.457900807381,8000.0,1.1715454792422952,491.7337981812864,17.875,45.0,8.627450980392156,44.0,0.0301258760490668,15.691175704896123,14.56399537037037,52.412,1.951643744233925,25.77,0.0249034075243394,38.134,19.53942675893887,12.364,34.763099999999994,9.065556656395156,166.3888888888887,2505.0,2080.813148788928,2505.0,0.2739370921359573,199.5668658489089,0.4423665691764786,0.1501998540000204,0.1795136650007407,-0.0017482316974831,0.066443394104797,4.907407407407412,67.0,61.09688581314879,65.0,0.0080727375331198,2.5662752869778136,223.38436415641507,376.45397934720165,71.54877156138252,199.7338825641996,0.1025885332821834,8188.0,1,0.01763999999999999,-243.29286668826805,1,-1.4693869352340698,19
yolo11n.pt,10,65W,31,3632.59875,21.51831372549021,0.1538703860000532,0.1068074593229491,33.87962962962963,76.0,16.002306805074973,76.0,0.0574112155565979,24.324507303916853,1.0,0.6509,750.0,8000.0,7410.611303344867,8000.0,1.2864057674815976,491.94477424838726,17.24074074074074,46.0,8.321799307958477,46.0,0.0299698442948924,14.39383510516547,15.319245370370368,51.571,3.602559242742616,64.11,0.0265844902189964,77.521,21.518313725490195,13.411,37.60679999999999,10.322494308906204,190.34722222222217,2505.0,2054.031141868512,2505.0,0.2372680648000553,240.04561792326737,0.3620223099011873,0.1538703860000532,0.181155555000987,-0.0013162526050415,0.0557045125651265,3.8148148148148096,72.0,67.03575547866205,72.0,0.00650137219193,2.312368723207069,224.4200845319145,397.8910017092396,80.67692354583116,201.46826693467364,0.1292335321930308,8188.0,1,0.020019999999999927,-246.68457958429389,0,-1.7556768655776978,20
yolo11n.pt,20,115W,3,1258.2489780159883,21.91039151712884,0.0572410453487294,0.4180579048134633,18.830065359477125,44.0,27.114192495921696,42.0,0.0116894842247588,15.41279066674666,0.0,0.62844,0.0,8200.0,8200.0,8200.0,1.955044933993812e-15,0.0,2.7777777777777777,8.0,5.070146818923328,8.0,0.0016407795920978,2.583457545158036,4.0736318082788685,120.189,1.26533567318166,12.719,0.0026029230921925,27.724,21.910391517128875,15.005,26.5713,3.836677072298426,37.1568627450979,2370.0,2130.309951060359,2310.0,0.0292867412555461,124.89173849657074,0.2256642636359036,0.0572410453487294,0.0724854699983552,1.3653337485218368e-06,0.0129172583483704,2.657952069716771,68.0,65.80532898314301,67.0,0.001797988281375,1.410422590821996,53.508171239165215,60.55686931655968,6.269247260148769,52.409944327939975,0.013727472461529,8188.0,1,0.06745000000000001,-98.76775450826062,31,2.561138391494751,1
yolo11n.pt,20,115W,4,1372.0296875,23.29991571609627,0.0597830539062044,0.3482350293163511,24.878172588832484,44.0,25.58048162230672,42.14999999999986,0.0172937598218224,16.105605988435578,0.0,0.65837,0.0,8200.0,8200.0,8200.0,6.915631034931876e-16,0.0,4.9213197969543145,10.0,5.8776932826362485,10.0,0.0033615520953461,3.479197167451936,7.890395939086293,115.0,1.4394901856588904,18.312,0.0054400372599548,33.54,23.29991571609633,15.228,29.71295,5.069202018193914,213.6548223350253,2565.0,2207.5380228136883,2430.0,0.1451226764351633,170.83604941171006,0.2498321378433338,0.0597830539062044,0.0782128599996212,-5.326280283576739e-06,0.0149357281641903,3.1522842639593875,69.0,66.59695817490494,69.0,0.0023209481821157,1.540263462237843,68.62771966955631,79.39914175282703,8.913106495367598,66.90859263020798,0.0168678237308124,8188.0,1,0.03752,-101.72154831509447,30,2.3748719692230225,2
yolo11n.pt,20,115W,5,1474.852801983173,27.39620944992953,0.0616664884615252,0.3378856067867216,23.31073446327684,46.0,22.80677009873061,43.0,0.0171533482612381,16.816881818855293,0.0,0.65253,0.0,8200.0,8200.0,8200.0,1.2624328825860552e-15,0.0,6.104519774011299,13.0,6.034555712270804,12.0,0.0044436513856627,4.709869208586138,13.441330508474577,120.452,1.380774959730693,22.809000000000005,0.009891115390616,37.828,27.39620944992948,15.019,36.336,7.984994732134124,427.2457627118642,2655.0,2399.6826516220026,2655.0,0.3087254455336454,275.51414585288035,0.2771695065205037,0.0616664884615252,0.0795909550008218,-1.4764013641480957e-05,0.0170920701757332,5.406779661016941,72.0,68.04019746121297,71.0,0.0044420015570299,2.4730862648277907,83.27165606479329,95.39959326686213,10.475953650162618,81.08131539092881,0.0158267861035197,8188.0,1,0.043359999999999954,-104.32006885374594,28,2.1142561435699463,3
yolo11n.pt,20,115W,2,1204.1453125,20.034419493344828,0.0545422165624415,0.5463608233544074,15.756013745704466,40.0,27.97638471446973,39.0,0.0085179016746714,14.014647633334064,0.0,0.59496,0.0,8200.0,8200.0,8200.0,5.394969139782121e-15,0.0,1.6821305841924392,6.0,4.0124516960068695,6.0,0.0008700821800271,1.625346533162109,2.937668384879725,115.0,1.1012048543422364,7.095000000000001,0.0015636509403739,22.062,20.03441949334478,14.967,21.7952,2.257611572741641,0.0,2055.0,2011.030485186776,2010.0,3.918292143545289e-05,5.637802374002084,0.2144545701635149,0.0545422165624415,0.0711399549994894,-6.285766814436012e-06,0.0116968276086637,1.5584192439862503,66.0,65.22155431515672,66.0,0.0008420595045048,0.7884083932170682,37.395815277554696,41.76901403261261,4.255162396627411,36.66884344002301,0.0129475103583649,8188.0,1,0.10092999999999996,-102.43020208465516,29,1.9671255350112915,4
yolo11n.pt,20,115W,6,1586.0609375,28.19706325301204,0.0646403538636481,0.3037780244317277,23.49096385542169,46.0,22.767319277108435,43.0,0.01822012705118,17.233100278921473,0.0,0.65627,0.0,8200.0,8200.0,8200.0,3.934931203308353e-15,0.0,7.210843373493976,15.0,6.850903614457831,14.0,0.005584730371164,5.5115212648923375,13.427015060240963,120.695,1.4108561463666054,24.708,0.0099740599997995,39.782,28.197063253012047,15.074,38.607,9.054338095626578,388.41867469879526,2655.0,2400.519578313253,2655.0,0.2728461104740702,293.8022466879012,0.2812568472368559,0.0646403538636481,0.0846666749983341,-4.767608151417324e-06,0.0181805421319643,5.099397590361448,73.0,68.5625,72.0,0.0042680797851914,2.5871573022579253,95.91723503745705,113.64928948088672,13.99511970045334,92.82127403968668,0.0212892289526278,8188.0,1,0.03961999999999999,-108.55670397679042,27,1.904180884361267,5
yolo11n.pt,20,115W,7,1687.6898848684211,29.16800864779878,0.066978751842132,0.2790909732785823,25.78616352201258,49.0,23.80817610062893,47.0,0.0206169925124222,18.571830527070325,0.0,0.67367,37.73584905660391,8200.0,8190.566037735849,8200.0,0.0230195762371195,105.97997486780088,8.320754716981133,17.0,7.882861635220125,16.0,0.0066914753716364,6.503600018043212,17.672286163522013,121.458,1.4283457092688483,26.578,0.0141252759769066,41.662,29.168008647798743,15.084,40.2923,9.792476721299334,536.7924528301887,2655.0,2428.9033018867926,2655.0,0.4136027929439625,306.09440612463936,0.2810141085046815,0.066978751842132,0.0882807750031133,-2.3694686618603984e-05,0.018821974237673,5.80503144654088,74.0,68.86949685534591,73.0,0.0051104800305817,2.8270838140210035,108.09651722228558,129.7009298492045,16.169141689613127,104.51075613500382,0.0223743553029794,8188.0,1,0.022220000000000018,-111.8983585353996,26,1.54780113697052,6
yolo11n.pt,20,115W,1,1211.6254638671876,18.486841955700463,0.0564059615429682,1.042765181201666,5.384067907280443,35.0,26.825174391424348,33.5,0.0018386746719371,9.316258284626352,0.0,0.51167,0.0,8200.0,8200.0,8200.0,-1.4191371785020345e-15,0.0,0.5239203773888439,4.0,2.7253527791157737,4.0,0.0001687793685666,0.991822442415895,0.95644611421028,120.157,1.114946098654898,6.2715000000000005,0.000310428325303,20.6135,18.48684195570045,14.342,19.30645,1.2830721704925137,0.0,2010.0,2010.0,2010.0,2.4702799351115837e-16,0.0,0.1391604949729014,0.0564059615429682,0.0706947175001232,8.328872547576942e-07,0.0078511966384349,0.4782656011204338,65.0,63.91123643971768,64.5,0.0001534514807502,0.4777274823283921,17.96388042664855,20.062272286307525,1.8659996411083213,17.72868942325116,0.0107900139335202,8188.0,2,0.18422000000000005,-114.24112312390815,25,1.5152069330215454,7
yolo11n.pt,20,115W,8,1877.4569946289064,29.350101784511857,0.0687530182812366,0.2522033529340564,28.964634466622098,47.5,23.815651833225083,46.375,0.0241646313084335,18.63310803788314,0.0,0.66206,6.081081081081265,8200.0,8195.446880269814,8200.0,0.0114783306945029,52.06861760056527,10.8887761436348,18.0,8.823563631054885,18.0,0.00911653731884,7.278422328992624,18.673723175914425,118.865,1.4539100732947627,28.215,0.0164016238091423,42.6575,29.350101784511885,14.4425,41.344025,10.51788762190618,536.5411613026454,2655.0,2434.9815500628656,2655.0,0.4689925490394871,304.03376176563006,0.2367306893451472,0.0687530182812366,0.0904448774999991,-3.1464483719917334e-05,0.0163171894300329,6.695850444083657,73.0,67.57845431685328,71.5,0.0066199228636346,3.109139913048732,119.52910678425395,139.31094128232252,16.257352919556766,116.36471694099748,0.0185074616973268,8188.0,2,0.03383000000000003,-123.80027265519455,23,1.3403453826904297,8
yolo11n.pt,20,115W,9,1878.2286979166668,29.40418059071733,0.0713715973333698,0.2331803707820406,28.858108108108105,52.0,22.7957805907173,47.0,0.0256749761587317,19.52725194937771,0.0,0.67555,0.0,8200.0,8189.873417721519,8200.0,0.0237547300326033,109.7695361452091,11.067567567567568,21.0,8.80168776371308,19.0,0.0099000613844147,7.9745585237895105,19.0678277027027,117.922,1.4974741385549986,28.843,0.0169900544555911,44.032,29.4041805907173,15.189,41.881,10.709481153082576,537.2128378378379,2655.0,2416.1012658227846,2655.0,0.4768079484163213,308.794085457587,0.2986131214859858,0.0713715973333698,0.0913518700001077,-3.758364217477313e-05,0.0213124954651584,6.141891891891888,75.0,69.32573839662447,73.0,0.0059051129063616,3.0086043947547365,131.01775105886165,158.34268513009343,20.57015232655665,126.10058253231846,0.0246498757581094,8188.0,1,0.020340000000000025,-118.04539039041906,24,1.1352208852767944,9
yolo11n.pt,20,115W,10,2085.7801682692307,30.229851885098785,0.0729946707691991,0.220661808575444,30.363309352517984,56.0,24.11490125673249,54.0,0.0283681096428364,21.586436259286668,0.0,0.6915,0.0,8200.0,8189.228007181328,8200.0,0.0264570236876923,113.18284124866383,12.287769784172662,24.0,9.665170556552962,23.0,0.0115037404506951,9.316117412439835,19.84961510791367,120.778,1.4919027778045857,29.826,0.0191266779828021,45.1,30.229851885098743,15.274,43.96809999999999,11.432181518485384,543.8848920863311,2655.0,2417.2755834829445,2655.0,0.5206614012878397,310.4562525316089,0.3068845872274438,0.0729946707691991,0.0941334299997834,-4.753054781207544e-05,0.0224009394088088,5.985611510791372,75.0,69.4129263913824,74.0,0.0060262468344394,3.0610270773663406,142.2517659725467,170.67194804075797,21.921465963847307,136.996302533083,0.0237478257636544,8188.0,1,0.004390000000000005,-132.42664468409305,22,1.0315781831741333,10
yolo11n.pt,20,115W,11,2244.4942708333333,30.156448905109524,0.0759294737500871,0.2081602995942142,30.343065693430653,58.0,24.014598540145982,55.0,0.0279738571265936,21.721187947732687,0.0,0.68307,0.0,8200.0,8178.102189781021,8200.0,0.0527203432801594,160.61711667934816,13.321167883211675,27.0,10.070255474452557,24.0,0.0120814308724095,9.922767005438647,20.332817518248174,121.91,1.5204044794621527,30.669000000000004,0.0195521138952649,45.85,30.15644890510949,15.181,44.075,11.65850796539339,536.2773722627735,2655.0,2407.6368613138684,2655.0,0.5267701579887561,311.0564900915987,0.3131276297948878,0.0759294737500871,0.0969447900019076,-7.643644017375972e-05,0.0237756161469379,6.065693430656936,76.0,69.44890510948905,75.0,0.0065115730906398,3.1794186859828346,151.028029034335,184.04527115338004,24.988666605003782,144.87127931645097,0.0273760670638164,8188.0,1,0.012820000000000054,-143.5592312744847,20,0.7871770262718201,11
yolo11n.pt,20,115W,12,2257.392755681818,30.04967614678895,0.0793298695453234,0.1986530740503322,28.705882352941178,58.0,22.2302752293578,53.0,0.0270629333386336,20.873168785634984,0.0,0.68044,0.0,8200.0,8177.981651376147,8200.0,0.051594254829609,161.05033583480142,12.963235294117649,29.0,9.906422018348623,25.0,0.0123171553885661,10.118855822737572,20.901415441176475,115.0,1.5333942294390996,30.781,0.0208916666869364,46.078,30.049676146789,15.297,44.8217,11.859331419212271,530.018382352941,2655.0,2399.4495412844035,2655.0,0.5377281945992972,313.2508882885267,0.3233968195831438,0.0793298695453234,0.1018081800008076,-0.0001084519571424,0.0256550275089033,5.970588235294116,76.0,69.97064220183486,75.0,0.0064234291290293,3.2395294355389943,158.37922697242075,192.93178363414847,27.5534260284428,151.26710870416906,0.0302659825090239,8188.0,1,0.015449999999999964,-140.9904905750382,21,0.7176727652549744,12
yolo11n.pt,20,115W,13,2421.5209375,30.219142447418708,0.0804345120000653,0.186973998139891,36.70498084291188,60.0,23.914913957934992,59.0,0.0376098674056034,22.703707704677708,0.0,0.68473,0.0,8200.0,8177.055449330784,8200.0,0.0548598132286546,164.33809174274552,17.13409961685824,30.0,11.107074569789676,29.0,0.017369149528458,11.140421622520297,21.19740613026821,122.325,1.5634129949983266,32.008,0.0221836877407112,47.245,30.21914244741874,15.237,45.328,12.225361331128395,543.67816091954,2655.0,2396.543977055449,2655.0,0.5775202478401112,314.7880580463318,0.3385350006210989,0.0804345120000653,0.1039883650017145,-0.0001338982283036,0.0272298975698998,6.122605363984675,76.0,69.6300191204589,75.0,0.0070120372569642,3.383095050690321,169.2685263343779,206.3755282429601,28.15616628550002,161.62216537087272,0.0276690734593679,8188.0,1,0.011160000000000059,-151.2237390169601,18,0.45666253566741943,13
yolo11n.pt,20,115W,14,2420.2009375,30.75446826923084,0.0806464134999078,0.1771598260721559,34.80384615384616,62.0,25.87692307692308,59.0,0.0357859378710452,22.71343735955416,0.0,0.67599,0.0,8200.0,8176.923076923077,8200.0,0.0069128420763376,164.80219450483497,17.776923076923076,32.0,12.4625,30.0,0.0186685087399446,11.749244554274703,21.67628461538462,118.772,1.5616267392289809,32.821,0.0225559729462511,48.027,30.75446826923077,15.206,46.242,12.532523819698124,555.6923076923076,2655.0,2408.163461538461,2655.0,0.5829858954552131,313.4984698336146,0.3204429967820547,0.0806464134999078,0.1024878699994587,-0.0001230785940905,0.0258425784216352,6.784615384615378,76.0,69.79807692307692,76.0,0.0078254119061756,3.583294057396789,181.7211097798327,224.36089809083217,31.697354556549573,173.59730448541282,0.0304253284104944,8188.0,1,0.01990000000000003,-144.0145947125985,19,0.44084712862968445,14
yolo11n.pt,20,115W,15,2640.799826388889,30.52154640151513,0.0868800316666238,0.1767808611918642,37.83712121212121,65.0,24.660984848484848,60.0,0.0386842277963083,23.65292426535884,0.0,0.67989,0.0,8200.0,8200.0,8200.0,-5.2428981779292855e-15,0.0,19.704545454545457,34.0,12.440340909090908,32.0,0.0199335475892238,12.622439789811532,21.81853409090909,115.149,1.57888461371039,32.977999999999994,0.0229611996274808,48.19,30.52154640151516,15.212,46.391,12.678346291576627,539.943181818182,2655.0,2396.6335227272725,2655.0,0.5723090447263414,316.0587623569237,0.3359751107879078,0.0868800316666238,0.1156100349984626,-0.0001545651537582,0.0291895282644508,6.492424242424249,76.0,70.04261363636364,75.0,0.0072090282994679,3.381528812282826,182.24472266719548,231.8636579431821,34.90758199697552,172.6518707723084,0.0366884708812155,8188.0,1,0.016000000000000014,-166.5947694558069,13,0.28299012780189514,15
yolo11n.pt,20,115W,16,2625.70859375,31.00266560164269,0.0895367996874937,0.1735313520997982,35.19878189300411,63.5,25.790522587268995,63.0,0.0356852200048246,23.589696492907628,0.0,0.6854,0.0,8200.0,8181.839835728953,8200.0,0.0206578973659797,144.48264989881022,19.046748971193416,36.5,13.798339835728951,35.5,0.0191891140061703,13.425137023406911,22.162215810699585,119.01,1.5609686860711465,33.781000000000006,0.0232157665581225,48.38,31.00266560164271,14.599,46.677800000000005,12.874754646288247,547.7437037037037,2655.0,2407.549974332649,2655.0,0.5823029349181987,311.5108539498738,0.2507165588348883,0.0895367996874937,0.1146794150001595,-8.508722437874336e-05,0.0223224511340755,6.675695473251032,75.5,69.12866324435318,74.5,0.0075655834781593,3.4776161700883894,185.399988508586,228.5234108530746,30.01361592521252,178.7462964463284,0.0262275503795801,8188.0,2,0.01049,-161.5246636275315,17,0.2251276969909668,16
yolo11n.pt,20,115W,17,2705.7609375,30.889479492187448,0.0916898175000369,0.1666029845476353,31.63671875,72.0,24.990234375,68.0,0.0343169859988555,25.04542557299772,0.0,0.68755,-89.0625,8200.0,8166.015625,8200.0,-0.0925161826764939,199.06358847328,16.234375,41.0,12.904296875,38.0,0.017118209534368,13.943966447423245,21.939800781250003,121.449,1.5925486867605452,34.584999999999994,0.0237115457194138,49.193,30.8894794921875,14.608,47.555,13.159495085817008,539.296875,2655.0,2393.642578125,2655.0,0.5921513460231742,313.5674942041638,0.3253280318805439,0.0916898175000369,0.1237563550012055,-0.0001897616887317,0.0298292678707732,6.00390625,76.0,69.99609375,76.0,0.0065303022852442,3.44686003722387,195.42956153196985,262.258331076467,38.179352369686,185.4077198920496,0.0381659958929922,8188.0,1,0.008340000000000014,-165.51019171320775,15,0.03932751342654228,17
yolo11n.pt,20,115W,19,2728.9489955357144,31.041792864221986,0.0970824035712212,0.1586111506536133,35.861111111111114,67.0,24.98810703666997,67.0,0.0381936919445873,26.152291981800143,0.0,0.69432,0.0,8200.0,8200.0,8200.0,-9.805631046846335e-15,0.0,19.31746031746032,40.0,13.458870168483648,39.0,0.0202941910359802,15.518924254657469,22.90637301587301,116.608,1.6213947506237714,34.989000000000004,0.0261149768654481,50.331,31.041792864222003,15.342,48.302,13.509094946635534,551.1309523809523,2655.0,2382.324083250743,2655.0,0.6393105613831944,314.4561668924727,0.3094532797109412,0.0970824035712212,0.122271054999328,-0.0002555529966564,0.0300424681873355,6.543650793650798,78.0,70.21902874132805,76.0,0.0077456942211281,3.614006812527824,204.9936053770149,255.42226848671865,36.03151039559711,195.71002881136224,0.0308947231354767,8188.0,1,0.0015699999999999603,-161.67739783959854,16,0.018404804170131683,18
yolo11n.pt,20,115W,18,2792.4859375,31.38480199004972,0.0902257456247298,0.1573176200464855,35.51394422310757,70.0,24.74228855721393,69.0,0.0385578897430662,25.04865420236326,0.0,0.69078,0.0,8200.0,8177.313432835821,8200.0,0.0060574886886065,163.42949631972843,19.147410358565736,41.0,13.108457711442789,40.0,0.0206149675060181,14.60386298344573,22.61574103585658,117.245,1.5705372305878251,34.0,0.0249808703703331,49.291,31.38480199004975,15.291,47.6258,13.093268557316994,560.199203187251,2655.0,2397.6417910447763,2655.0,0.6378666811050246,315.8524925649293,0.3182166704702386,0.0902257456247298,0.1192863600019336,-0.0001877485308549,0.0287113363633962,6.573705179282868,77.0,69.85572139303483,75.0,0.0076044062673966,3.5134538296276814,209.6567363232865,258.78935554045137,39.71748725414809,199.4995982063285,0.0358877216479183,8188.0,1,0.005110000000000059,-165.82630622421286,14,-0.03166714310646057,19
yolo11n.pt,20,115W,20,2954.053794642857,31.40726911618665,0.1002050492855882,0.1573583474856608,34.972111553784856,74.0,24.245283018867923,68.0,0.0405659625262563,25.51974944649061,0.0,0.69589,0.0,8200.0,8188.083416087388,8200.0,0.0275690163177541,118.9869561043888,19.529880478087648,44.0,13.475670307845084,42.0,0.0232154972938178,15.775773474587286,22.58658565737052,115.0,1.5713241357417305,34.111999999999995,0.024970362214569,49.351,31.407269116186693,15.239,47.90089999999999,13.134167372093382,546.6334661354581,2655.0,2392.715988083416,2655.0,0.6101726638325788,310.91353490844847,0.3163650330238639,0.1002050492855882,0.1357141449982009,-0.0002573898871662,0.031701373726393,6.422310756972109,77.0,70.13505461767626,76.0,0.0071661697662889,3.4906077088035428,209.9228115634415,275.8558504683387,40.30078462102341,199.59074061227423,0.0368559605475898,8188.0,1,0.0,-181.93238892015853,11,-0.3051457107067108,20
yolo11n.pt,20,115W,22,3172.310872395833,31.834908350305483,0.106128269999984,0.1535719885829985,31.44081632653061,70.0,24.13645621181263,68.0,0.0373962765723047,25.73081938175768,0.0,0.68408,0.0,8200.0,8163.340122199593,8200.0,-0.0256989384190499,206.5136962047505,18.293877551020408,44.0,13.786150712830958,43.0,0.0219798914550592,16.396968687168933,23.71233469387755,123.097,1.6433532468296852,37.073,0.0280795821864564,52.316,31.8349083503055,15.243,49.78985,14.294105294306336,538.1632653061224,2655.0,2380.661914460285,2655.0,0.6355777053877871,317.14351630519013,0.30598135730396,0.106128269999984,0.1284533250009189,-0.0003255873706579,0.0324732721029162,6.387755102040813,78.0,70.26578411405295,77.0,0.0078270184686599,3.8007436224690943,216.4898355498273,271.0965918710997,36.30076978372191,207.29632170583105,0.0281162015735741,8188.0,1,0.011809999999999987,-199.22145688614577,7,-0.35259267687797546,21
yolo11n.pt,20,115W,21,2998.3966517857143,31.71446853146852,0.099239727143088,0.1498731049309994,31.368,70.0,24.29270729270729,69.0,0.0333219475135642,25.257104256976668,0.0,0.68252,0.0,8200.0,8176.023976023976,8200.0,0.0561354812851806,167.91777465631773,17.12,45.0,13.334665334665337,44.0,0.0176763117122398,15.924926493678331,22.993159999999992,119.098,1.7518502618094274,40.341,0.0259340708871966,55.559,31.714468531468533,15.218,48.397,13.510730803787276,546.54,2655.0,2394.98001998002,2655.0,0.6120292880771927,313.467044539593,0.3224022266562689,0.099239727143088,0.1248277150007197,-0.0002726102739923,0.0319951090036921,6.356000000000009,78.0,70.08191808191808,76.0,0.0074835822859775,3.679367469050952,224.1573906288002,328.8196714887587,51.11929444950366,211.6088043019436,0.0520072125328995,8188.0,1,0.013369999999999993,-179.21861330369902,12,-0.4283345937728882,22
yolo11n.pt,20,115W,23,3081.544270833333,31.954591983556035,0.1066633408333776,0.1481905885188502,35.28395061728395,73.0,26.04727646454265,71.0,0.0424986564641575,26.57019296980845,0.0,0.68449,0.0,8200.0,8164.234326824255,8200.0,-0.0245271661813929,204.0578948072824,21.1522633744856,47.0,15.435765673175744,46.0,0.0257311571947748,17.361261390682852,24.45136213991769,120.296,1.6443958986251626,37.327,0.0289715468328052,52.546,31.95459198355601,15.219,49.672,14.26666771796907,551.4814814814813,2655.0,2383.79753340185,2655.0,0.6589653475225126,316.34375956855104,0.3071919333912133,0.1066633408333776,0.1369324449993655,-0.0003194003163415,0.0327661178925712,6.44855967078189,78.0,70.40082219938336,76.0,0.0077021268158708,3.723992285558438,227.68808277294,331.17888002540064,48.901268232302805,215.6317233296589,0.0461274710175692,8188.0,1,0.011399999999999966,-185.16745148224916,10,-0.4722389876842499,23
yolo11n.pt,20,115W,24,3144.4609375,31.908990927419385,0.1097643441665544,0.1459362275901968,31.37903225806452,72.0,25.255040322580644,67.0,0.0347220774417373,26.6286907709672,0.0,0.68735,0.0,8200.0,8200.0,8200.0,9.703287248184618e-16,0.0,19.310483870967744,47.0,15.139112903225806,45.0,0.0220598091133229,17.31185737189029,23.393846774193552,119.799,1.645555013614672,37.236,0.0269912017274956,52.508,31.90899092741936,15.272,49.2494,14.002241773962137,529.6572580645161,2655.0,2384.7580645161293,2655.0,0.6028550394737703,314.5949808103948,0.3112934708587521,0.1097643441665544,0.1428292549986508,-0.0003125005927449,0.0341689236721413,6.193548387096783,78.0,70.09274193548387,76.0,0.0074148970202635,3.547129084182632,228.5676055894816,272.5708351164258,38.16758576934169,218.6502382192785,0.0278843177411807,8188.0,1,0.008539999999999992,-189.63860300391684,9,-0.5007833242416382,24
yolo11n.pt,20,115W,25,3220.4109049479166,31.584612549800774,0.113729205833412,0.1436837160737945,35.59362549800797,73.0,24.006972111553782,72.0,0.0372073231456252,25.63649802665987,0.0,0.68757,0.0,8200.0,8188.04780876494,8200.0,0.0281726029617578,119.1628071453181,21.151394422310755,48.0,14.266932270916335,47.0,0.0227826955003456,16.838004293769686,23.521729083665345,118.938,1.61255737804899,35.716,0.0259095340428141,50.932,31.5846125498008,15.216,49.076,13.793927497311184,537.6693227091632,2655.0,2389.840637450199,2655.0,0.6032543980711729,314.32178062439846,0.3051084731130823,0.113729205833412,0.1450237350014503,-0.0003198503899611,0.0346997443401958,7.207171314741032,78.0,70.53585657370517,77.0,0.0085617204401542,3.761795415007193,235.5696390507123,385.44761366810405,63.41050995582222,219.8204042382871,0.0724575856252763,8188.0,1,0.008319999999999994,-196.4666024617796,8,-0.7270981669425964,25
yolo11n.pt,20,115W,26,3392.9709375,32.22151502590678,0.1230248460000802,0.1524633432289021,38.38589211618257,75.0,26.22487046632124,73.0,0.0422223907748758,29.212783827852803,0.0,0.68849,0.0,8200.0,8188.808290155441,8200.0,0.0255268245984289,115.34642362997953,24.145228215767634,49.0,16.483937823834196,48.0,0.0262349816581032,19.83049938193859,24.14595850622408,120.844,1.6138285229043692,36.828,0.0291809057455786,52.0,32.22151502590673,15.172,49.74,14.518866608123696,537.0746887966807,2655.0,2386.414507772021,2655.0,0.6561157082512014,314.7420922914361,0.2766810703829526,0.1230248460000802,0.152697055000317,-0.0004237161968162,0.0340386460750001,6.443983402489621,78.0,70.2860103626943,77.0,0.0080404156027707,3.750379758304328,219.2974432577008,267.35166596079364,33.73514591813102,211.33942325750223,0.0236645390387021,8188.0,1,0.007399999999999962,-218.93848280068008,6,-1.044631004333496,26
yolo11n.pt,20,115W,28,3534.4709375,31.826426041666704,0.1215422389999003,0.1381519671596037,39.770833333333336,76.0,27.39270833333333,75.0,0.0489058758201777,29.22981762683893,0.0,0.68054,0.0,8200.0,8188.75,8200.0,-0.0265869429111705,115.64357958831955,25.20833333333333,53.0,17.202083333333334,52.0,0.0315633751772734,20.73937468503785,25.126262500000003,117.679,1.6324484543750315,36.878,0.0301368739752864,51.955,31.826426041666664,15.077,49.86,14.57998281344541,543.375,2655.0,2375.3125,2655.0,0.6634854204485884,315.4608174460816,0.4312058585431789,0.1215422389999003,0.1548417450019769,-0.0005738145868512,0.0524097255172122,7.1875,77.0,69.39895833333334,76.0,0.0092459206769972,4.085568983009656,247.0798382788853,368.1208640180693,55.09765702448158,230.372586768152,0.0497269297489323,8188.0,1,0.015349999999999975,-221.59036189744216,5,-1.3308404684066772,27
yolo11n.pt,20,115W,27,3782.84140625,29.91678793969848,0.1222960340001009,0.1355075746313768,33.57661290322581,76.0,23.469346733668345,73.0,0.0362825862360699,25.844914647587487,0.0,0.68925,0.0,8200.0,8200.0,8200.0,3.705194945972559e-15,0.0,20.286290322580644,51.0,14.009045226130652,48.0,0.0211753416911227,17.56890007491009,24.374350806451613,115.039,1.6742773355535845,36.187,0.0282388418298128,50.089,29.91678793969849,13.902,47.62,14.121371093774702,566.9758064516127,2655.0,2379.497487437186,2655.0,0.6801653293253516,319.0571832361584,0.3186680375009682,0.1222960340001009,0.1606259699996371,-0.0004380026678628,0.0389718371489638,9.641129032258064,71.0,61.12763819095478,69.0,0.0119879536345029,4.582991271508419,232.9225110513535,328.9874394551725,46.26968173403745,220.77576121542683,0.039461182711308,8188.0,1,0.006639999999999979,-251.80270548368364,0,-1.4756073951721191,28
yolo11n.pt,20,115W,29,3716.997578125,31.676168857431804,0.1269144470000174,0.138626325986901,37.00809716599191,80.0,25.71991911021233,74.0,0.0397961182379254,27.43654168457152,0.0,0.67531,0.0,8200.0,8175.733063700708,8200.0,-0.0513562325067909,168.91251984917147,23.2834008097166,56.0,15.930232558139537,50.0,0.025329290828732,19.173841140243542,23.6015060728745,120.555,1.6429701531847296,36.837,0.0260768646126902,52.043,31.676168857431747,15.206,49.898,14.151253719689649,531.3765182186235,2655.0,2377.0677451971687,2655.0,0.602445263745884,313.5788499042171,0.2910948344439787,0.1269144470000174,0.1629662349967475,-0.0004060974575418,0.0369441399380191,7.0,78.0,69.99393326592518,77.0,0.0084007259836113,3.947322959117341,241.9802688012995,350.37826013792187,57.042715237110365,228.50038498766045,0.0555700093577855,8188.0,1,0.020580000000000043,-240.93681859139014,3,-1.5983390808105469,29
yolo11n.pt,20,115W,30,3613.1309375,32.35202935222669,0.1288647410003613,0.138967862777026,34.64777327935222,80.0,24.88056680161944,74.0,0.0378724003988248,26.988149800203978,0.0,0.68624,0.0,8200.0,8200.0,8200.0,7.845015475778547e-15,0.0,21.68016194331984,57.0,15.309716599190285,53.0,0.023827389297731,18.798990699946845,23.767627530364365,117.863,1.7105263907097417,40.054,0.0267718256655508,55.339,32.35202935222672,15.285,50.33745,14.23012607902147,538.6639676113359,2655.0,2390.769230769231,2655.0,0.6250416593530138,310.81072221716755,0.3020373139206172,0.1288647410003613,0.1620282300016697,-0.0004943299759986,0.0389219602308251,6.368421052631575,78.0,70.00708502024291,77.0,0.0076591183226659,3.6853674997422137,249.2230789586559,397.2428456950364,67.89917969003235,232.8022371915982,0.0742253989887794,8188.0,1,0.009650000000000047,-228.10312230548644,4,-1.6673017740249634,30
yolo11n.pt,20,115W,32,3785.20078125,32.72245540215075,0.1432518149999907,0.1464648213103861,37.34489003397931,77.5,26.470562152272134,75.5,0.0425734776975534,28.76921343172382,0.0,0.68083,0.0,8200.0,8194.303797468354,8200.0,-0.0131962324270553,58.18311435206795,25.41000149359621,55.5,17.541020219558643,53.5,0.0290676164376719,20.991492465659203,25.62270124341884,118.725,1.6569027532692413,39.447,0.0300779661670293,54.212,32.722455402150786,14.765,50.9625,15.171981229117211,532.2867424666742,2655.0,2385.8108477091973,2655.0,0.6433161789775134,314.5382412954766,0.1706810425944165,0.1432518149999907,0.1698198099997852,-0.0004487301230658,0.0245660473062378,6.364241439826749,78.0,70.17645438930585,77.0,0.0075641679026442,3.8286136479440094,227.647270007389,272.98526492055873,26.38851744155548,223.41663799887675,0.01364102532275,8188.0,2,0.015059999999999962,-251.01609240610418,1,-1.9016270637512207,31
yolo11n.pt,20,115W,31,3808.2309375,31.8414278403275,0.130379658000129,0.1339185313566995,35.37295081967213,80.0,26.14227226202661,74.0,0.0443943991498728,26.72133814266561,0.0,0.68758,0.0,8200.0,8175.435005117707,8200.0,0.0569777928666301,169.92514494678002,23.02868852459016,56.0,16.65916069600819,52.0,0.029208324707743,18.555444055753924,24.46823770491803,120.577,1.6426713105420203,37.084,0.0280724791495763,52.305,31.841427840327533,15.221,50.395,14.300174000600627,555.8606557377047,2655.0,2391.740020470829,2655.0,0.6723203915336866,315.19176136625515,0.3269120838504066,0.130379658000129,0.1677457149990004,-0.0005564277731721,0.0426226856885255,6.754098360655746,78.0,70.01330603889457,77.0,0.0083339029396938,3.82643220776598,257.01261201882306,398.28317642437366,74.89264484742081,237.76715229586912,0.0849120772396129,8188.0,1,0.00831000000000004,-244.53191894054402,2,-1.9017255306243896,32
yolo11n.pt,20,65W,7,1364.3643092105262,22.18008786885241,0.0745012160525795,0.2360633597689388,29.06036745406824,47.0,19.834098360655737,43.0,0.0188532084715158,17.040492313469326,1.0,0.67367,910.7611548556432,8000.0,7638.032786885245,8000.0,0.5742585681076207,480.5694015901265,8.341207349081365,15.0,5.6262295081967215,13.0,0.0053651072981195,5.275427156641526,16.092123359580054,53.176,2.536509338135041,45.53,0.0104468608606959,56.26,22.180087868852457,10.73,33.964,9.171137416211424,369.01574803149606,2520.0,2261.5081967213114,2520.0,0.2469253307541692,225.691841478293,0.3167995795936746,0.0745012160525795,0.1000709549978637,-4.7933243752298426e-05,0.0236019539246747,8.598425196850393,59.0,53.011803278688525,58.0,0.0066329451336254,3.5043567769730752,97.97189992747737,118.21411989026544,16.153200923172747,93.95819787773296,0.0271840480892458,8188.0,1,0.022220000000000018,-84.49975176818334,22,1.41403067111969,1
yolo11n.pt,20,65W,9,1546.1494791666669,24.13050329670332,0.0768384930000441,0.2060168342945867,26.75366568914956,52.0,20.39267399267399,51.0,0.0189430226883587,19.5828572475512,1.0,0.67555,903.2258064516128,8000.0,7612.454212454212,8000.0,0.6319614358154054,487.1899527918272,9.994134897360704,21.0,7.829304029304029,20.0,0.0069778896303243,7.8726692737372606,18.91924340175953,54.875,1.738877945647017,31.099,0.0135493736415193,41.96,24.1305032967033,10.861,36.3536,10.296474486550576,353.70967741935465,2520.0,2252.164835164835,2505.0,0.2661239719049208,221.5454838194564,0.4135309956289847,0.0768384930000441,0.103890125001817,-7.566698885632636e-05,0.031775098512939,9.070381231671554,65.0,57.57435897435897,63.0,0.0078715362000678,3.744172768087933,123.72930482024366,150.35889771899787,21.190412155804687,117.12879376740024,0.0293314587277971,8188.0,1,0.020340000000000025,-89.16580631556721,21,1.1902059316635132,2
yolo11n.pt,20,65W,10,1733.9582481971154,24.445082881487235,0.0777973969230095,0.1901763815746929,30.29503105590062,60.0,23.0859798605732,56.0,0.0252126980660374,21.951383791826125,1.0,0.6915,822.9813664596277,8000.0,7604.182804027885,8000.0,0.6328978028129277,489.0255037775507,11.31055900621118,24.0,9.143299767622,22.0,0.0093440584775864,8.817123398347151,18.05999068322982,51.72,1.689092248129369,29.53,0.014302313919831,41.29,24.445082881487217,11.76,36.7105,10.195403908391912,302.37577639751544,2505.0,2211.924864446166,2505.0,0.2608778943866053,210.59208280080733,0.326418387094063,0.0777973969230095,0.1049800150027294,-9.246119407724732e-05,0.0253945008237254,7.090062111801238,67.0,60.89078233927188,65.0,0.0066377724594004,3.190273792406682,134.38611531274032,159.5252133634728,22.665285947450872,128.53900510188367,0.0284455021663169,8188.0,1,0.004390000000000005,-101.1618773348788,20,1.1242347955703735,3
yolo11n.pt,20,65W,11,1889.0153645833327,24.56795550351292,0.0800831191666475,0.1788616825698835,33.853125,62.0,22.25136612021858,56.0,0.0289885089256029,22.206944151491328,1.0,0.68307,790.625,8000.0,7594.847775175644,8000.0,0.6020865834633397,490.9214800191885,14.171875,27.0,9.279469164715069,24.0,0.0122608642636103,9.539103548949942,17.820903125,49.796,1.7281047254391753,30.346000000000004,0.0145295929531853,42.456,24.56795550351288,12.11,37.244,10.433564726309898,282.46875,2505.0,2206.7798594847777,2505.0,0.2225661245419381,206.22313071330785,0.3149955601801733,0.0800831191666475,0.1040267050017064,-8.697161964542936e-05,0.0252258269828737,6.278125000000003,68.0,62.240437158469945,67.0,0.0058075503640754,2.93780778183169,142.96367142399336,171.79477231921092,22.637164770147542,137.35728720942734,0.0250722135731256,8188.0,1,0.012820000000000054,-111.40203723337947,18,1.007419228553772,4
yolo11n.pt,20,65W,12,1898.0524857954545,24.6316248995984,0.0832032127270973,0.1707858605279461,32.09967845659164,63.0,22.795180722891565,57.0,0.0278457437332179,22.37189809033034,1.0,0.68044,807.0739549839227,8000.0,7604.016064257028,8000.0,0.6754656391173519,489.06099658066967,13.813504823151126,28.0,9.857831325301206,27.0,0.0118718534882848,10.16157958757007,17.116948553054662,51.644,1.7782830072535805,31.411,0.0140452297637179,43.802,24.6316248995984,12.391,37.162,10.256858719110724,235.369774919614,2505.0,2178.746987951807,2505.0,0.1908580474991776,210.50254517955867,0.3186972937012635,0.0832032127270973,0.1067561800016846,-9.539589942653988e-05,0.0265166387233764,6.475884244372999,70.0,63.87389558232932,68.0,0.0061306287430046,2.965829709982524,150.39764114127172,180.3397519163066,24.342376327983647,144.2252000455732,0.0261965376355414,8188.0,1,0.015449999999999964,-108.19799853212123,19,0.952824592590332,5
yolo11n.pt,20,65W,13,2072.01703125,24.45780273752011,0.0875899750001372,0.1647891023336672,35.435483870967744,68.0,22.90740740740741,59.0,0.0301878508921507,23.166733601749684,1.0,0.68473,848.3870967741941,8000.0,7583.735909822866,8000.0,0.6937666364105408,492.9384316586979,15.432258064516128,31.0,10.270531400966185,27.0,0.0130522718947759,10.550740121380931,17.77823225806452,47.76,2.8137032888252667,56.291,0.0145019945552001,68.817,24.45780273752013,12.526,38.338,10.541571657117847,274.74193548387075,2505.0,2170.555555555556,2505.0,0.2284490821115736,199.993189631766,0.3160485200824159,0.0875899750001372,0.1154521200025555,-0.0001139505898127,0.0276826819728491,6.13548387096774,71.0,65.33091787439614,69.0,0.0058238196402041,2.919338700625875,155.25620322908136,190.2453185529702,26.569008684164,148.41881162746807,0.0292855091418629,8188.0,1,0.011160000000000059,-123.04309269602318,16,0.7291697263717651,6
yolo11n.pt,20,65W,14,2068.79703125,24.997970833333287,0.0877708099997289,0.156720867742233,33.693333333333335,66.0,23.88,63.0,0.0313795565135809,24.153480080518417,1.0,0.67599,843.333333333333,8000.0,7600.0,8000.0,0.7668199769583154,489.8979485566357,14.093333333333334,30.0,10.785833333333333,29.0,0.0132070612549036,11.031846293295102,17.63897,48.52,1.9762404048461928,37.013000000000005,0.016267989300687,49.402,24.997970833333333,12.389,36.9733,10.228583264557347,184.5,2505.0,2155.1875,2505.0,0.1716988171519581,212.27141197945144,0.3316878176442429,0.0877708099997289,0.1143578200017145,-0.0001323930045761,0.0291125084216775,5.7933333333333294,71.0,66.24166666666666,70.04999999999995,0.0059762541501765,2.897400654993292,167.7901059123318,223.1536366097372,31.75518630491932,159.5063324588577,0.0358176125074322,8188.0,1,0.01990000000000003,-116.17748781635206,17,0.7187365889549255,7
yolo11n.pt,20,65W,15,2289.5959201388887,24.795491554054035,0.0912511561111184,0.1508411513767269,35.99324324324324,73.0,24.277027027027028,66.0,0.0342678479971566,25.1589060438564,1.0,0.67989,804.0540540540533,8000.0,7591.216216216216,8000.0,0.7557240517318434,491.6091963126773,16.523648648648646,34.0,11.057432432432432,32.0,0.0156716096346086,12.230683011226736,16.49653378378379,50.054,2.056583548216147,38.172,0.0154564355655397,50.994,24.795491554054056,12.822,37.1414,10.078653087040706,208.6824324324325,2505.0,2163.52195945946,2505.0,0.1976915818201106,207.36036784524973,0.3326420081262562,0.0912511561111184,0.1159000549980191,-0.0001838706366468,0.0303539678126449,5.682432432432435,73.0,67.05743243243244,72.0,0.0059078694667788,2.8134712428997406,172.55560762694,225.3201180179865,31.494886359982463,164.3814789780217,0.0333136283684327,8188.0,1,0.016000000000000014,-135.29140293788666,14,0.5575147271156311,8
yolo11n.pt,20,65W,17,2355.4361328125,25.26164109121907,0.0994410956249794,0.1477673686703426,36.713310580204784,77.0,24.63768115942029,67.0,0.035550899655265,26.20330075738661,1.0,0.68755,829.3515358361774,8000.0,7569.479965899403,8000.0,0.8020999017063258,495.14900215856005,17.36518771331058,37.0,12.03921568627451,33.0,0.0165220311816411,13.276911613532254,17.883399317406145,47.219,1.97615823214876,36.917,0.0172025481066256,49.921,25.261641091219094,13.004,37.893,10.462250877249076,249.52218430034145,2505.0,2151.6751918158566,2505.0,0.265030335778142,237.2054789769342,0.3076950281563492,0.0994410956249794,0.1295546149998699,-0.0002185148729899,0.0305975307182262,5.665529010238899,74.0,68.02983802216539,72.39999999999986,0.0059480005206363,2.8827552164331096,180.24088657866923,250.9696831428664,37.12476747345615,170.95547764388905,0.0424249026519163,8188.0,1,0.008340000000000014,-138.0234889131604,13,0.5062880516052246,9
yolo11n.pt,20,65W,18,2418.23203125,25.1964736394558,0.1023254268751998,0.1432355511615018,38.29251700680272,77.0,22.796768707483,65.25,0.0339593290270789,24.433590888537207,1.0,0.69078,795.9183673469388,8000.0,7586.734693877551,8000.0,0.7217360090694687,492.4196308820024,18.56122448979592,40.0,11.09608843537415,33.0,0.0160918509380288,12.614783938510737,16.995268707482996,50.059,1.6522947058277004,28.528,0.0161439907054851,41.632,25.196473639455785,13.104,37.23725,10.077050657056525,168.1632653061224,2505.0,2106.25,2505.0,0.1518505469759594,247.2949960088566,0.3164427465567171,0.1023254268751998,0.1341480300005059,-0.0002426302204664,0.0323801391229767,5.319727891156475,73.0,68.42006802721089,73.0,0.0055701052633132,2.689815510098322,185.85600404570133,260.7886800007832,39.81758632411809,175.90935654686808,0.0458983073313348,8188.0,1,0.005110000000000059,-141.31739492477033,12,0.3133186995983124,10
yolo11n.pt,20,65W,19,2377.5213169642857,25.12219298245613,0.1059362049999046,0.140071041359823,41.57543859649123,78.0,24.727192982456145,73.0,0.0392559105579976,27.03574886482814,1.0,0.69432,817.5438596491231,8000.0,7571.929824561404,8000.0,0.7742307232340201,494.7990504624739,21.31578947368421,40.0,12.667543859649124,38.0,0.0197953247197992,14.32685489423122,17.25006315789474,52.063,1.919099978002256,34.984,0.0167904599641484,48.212,25.12219298245614,13.228,37.243,10.174273079751412,120.10526315789456,2505.0,2097.684210526316,2505.0,0.1372782559932159,228.6850978118575,0.3121095702626115,0.1059362049999046,0.1320149999995919,-0.0002706515801144,0.0330637034177721,5.575438596491239,74.0,68.78771929824562,73.0,0.0059439468393104,2.778145928204548,187.53917085129183,233.79160574427112,32.68088813592257,179.3532248962204,0.0303671278340402,8188.0,1,0.0015699999999999603,-135.16479235518756,15,0.22712917625904083,11
yolo11n.pt,20,65W,20,2602.3688895089285,25.07971540469974,0.1091748999998994,0.1369037710667015,43.56097560975609,75.0,26.556135770234988,69.0,0.0414046372434273,26.839490494302435,1.0,0.69589,780.4878048780492,8000.0,7601.392515230636,8000.0,0.7439493106313925,489.6116398281452,21.846689895470384,41.0,13.45953002610966,37.59999999999991,0.0205808598507307,14.253009336593149,16.645198606271776,46.009,2.060629443598693,38.411,0.0161563916852538,51.68,25.07971540469974,13.269,37.547,10.07942405252308,186.84668989547023,2505.0,2132.8067885117493,2505.0,0.1980060778828109,232.79523887685792,0.3357882690112495,0.1091748999998994,0.1385686750003514,-0.0002790393181875,0.0366596506904424,4.940766550522653,75.0,69.42645778938207,74.0,0.0053290208817953,2.6807237768883563,195.142710259302,301.145448257955,44.45832452517101,183.19229053581387,0.0519040824961861,8188.0,1,0.0,-155.3374577103445,11,0.02256641536951065,12
yolo11n.pt,20,65W,21,2969.4044642857143,24.999570811744345,0.1086666071427316,0.1293627876255582,38.99307958477509,79.0,25.51036269430052,71.0,0.0378679796426092,26.9125972206388,1.0,0.68252,837.3702422145325,8000.0,7567.357512953368,8000.0,0.7988420385799574,495.4421918334539,19.972318339100347,44.0,13.090673575129534,39.0,0.0192287261935596,14.657325862725568,17.305197231833915,51.23,3.1777745545407114,65.947,0.0170157741328414,79.443,24.999570811744388,13.496,37.6694,10.68225738563392,128.2525951557095,2505.0,2115.2720207253888,2505.0,0.1586031520252397,241.13261695194376,0.3269479796018605,0.1086666071427316,0.1376021599970044,-0.0002876236334179,0.0355283276555052,5.463667820069205,74.0,68.45509499136442,73.0,0.0057816194957162,2.633182196459331,206.36696879515188,344.91383836017167,53.04193256152677,193.2516395990617,0.0660630024630644,8188.0,1,0.013369999999999993,-185.9907138314833,6,-0.1512165665626526,13
yolo11n.pt,20,65W,22,2808.590364583333,24.69762006861063,0.1231733241664187,0.1382767255840921,40.123711340206185,74.0,25.71097770154374,72.0,0.037870709297077,27.972597462894203,1.0,0.68408,793.8144329896913,8000.0,7571.183533447685,8000.0,0.7205112070237507,494.9069655661581,20.127147766323024,40.0,13.447684391080616,38.0,0.0191573984709821,15.53732596261297,16.994807560137453,49.583,1.7359567391876185,29.882,0.01595465932555,42.874,24.697620068610632,12.992,37.108,10.113690395483069,90.41237113402076,2505.0,2081.6680960548883,2505.0,0.0618697611006341,251.9362932235087,0.4452206160846884,0.1231733241664187,0.1431947899985971,-0.000444218289815,0.0548393032705719,6.278350515463927,75.0,67.72384219554031,72.0,0.0065855066478119,2.968831394942901,189.88713416048984,245.8903789723752,34.837266715300565,178.61010205648043,0.0336586789791672,8188.0,1,0.011809999999999987,-178.6336802381672,7,-0.20568734407424927,14
yolo11n.pt,20,65W,24,2796.5236979166666,25.22315062388593,0.1210487483331841,0.1272179505016985,37.90357142857143,81.0,26.44295900178253,75.0,0.03804993137941,28.07725605934185,1.0,0.68735,803.5714285714284,8000.0,7568.627450980392,8000.0,0.792333001124435,495.2678800123564,20.74642857142857,44.0,14.593582887700537,44.0,0.0208445972269933,16.154850979119807,17.16188571428571,48.125,1.966923194480639,36.298,0.0176746422485282,49.612,25.22315062388592,13.314,37.2987,10.14493100735432,126.64285714285734,2505.0,2087.6069518716577,2505.0,0.1469162750386761,253.3847512069044,0.2774777515262835,0.1210487483331841,0.1480625849986608,-0.0003531784241929,0.0335883345125628,5.110714285714295,76.0,69.67647058823529,74.0,0.005579834097982,2.7422811495767347,206.5845379419198,260.16305829453785,35.42912131903051,198.2672297770523,0.0294120392404747,8188.0,1,0.008539999999999992,-165.7375160502125,9,-0.2922711968421936,15
yolo11n.pt,20,65W,23,2740.040364583333,24.96678409090908,0.1201006891667323,0.130370781547617,34.06643356643357,77.0,23.56555944055944,73.0,0.0317583979362337,26.9112937246016,1.0,0.68449,825.174825174825,8000.0,7563.811188811189,8000.0,0.7939217769702879,495.9114156606025,19.006993006993007,43.0,12.909090909090908,40.0,0.0178668928178951,15.27259719391825,17.160125874125875,51.013,2.085050273613533,38.908,0.016595894809382,52.057,24.96678409090909,13.149,37.60124999999999,10.368949833604647,126.60839160839168,2505.0,2072.832167832168,2505.0,0.1382227956687279,218.16237011561216,0.3030402872810853,0.1201006891667323,0.1618971350002539,-0.0003752264195518,0.0363953473477429,5.33916083916084,74.0,69.05681818181819,73.0,0.0058564359685289,2.673573539373596,204.3588948235242,322.7687193422875,51.92319761236235,191.5059785216532,0.0645558745986792,8188.0,1,0.011399999999999966,-164.0949461635232,10,-0.31873172521591187,16
yolo11n.pt,20,65W,25,2870.973697916667,25.14179385964906,0.1241736674999325,0.1248779500431963,43.526315789473685,78.0,26.433333333333334,75.0,0.0414503080930105,28.2230454132374,1.0,0.68757,782.4561403508769,8000.0,7574.561403508772,8000.0,0.7440392240829283,494.4093416459707,22.905263157894737,44.0,14.100877192982455,43.0,0.0211288048730497,16.192845483254867,16.635154385964913,49.249,1.8644254368512343,33.486000000000004,0.0163287573077703,46.875,25.141793859649123,13.389,37.421,9.996630523320688,139.9473684210525,2505.0,2086.0263157894738,2490.0,0.1311370499264542,256.3142075494251,0.3253337294994924,0.1241736674999325,0.1550714250028249,-0.0003600278800629,0.0403978823533829,4.543859649122808,75.0,69.80350877192983,74.0,0.0048625444423524,2.4203062668517075,222.6394400202387,425.6936703574192,80.73685812272097,201.3309303279906,0.1315041588320946,8188.0,1,0.008319999999999994,-171.3280023668022,8,-0.6008506417274475,17
yolo11n.pt,20,65W,29,3365.54703125,25.17803778558876,0.1413858669998808,0.1227523690231457,33.77816901408451,82.0,23.67486818980668,79.0,0.0306959075574296,29.088702915133755,1.0,0.67531,813.3802816901407,8000.0,7565.905096660808,8000.0,0.783539270473394,495.63748671194105,19.18661971830986,47.0,12.971880492091389,47.0,0.0171044337160231,17.47066585326798,15.868841549295777,50.587,3.1000430083028743,64.408,0.0158043339983579,78.053,25.17803778558876,13.645,37.69299999999999,10.34461823365918,56.40845070422529,2505.0,2060.18014059754,2505.0,0.0763763919615395,245.52405855931704,0.2838665551335423,0.1413858669998808,0.1746180450014435,-0.0004788536015625,0.0401347190098253,5.16197183098592,76.0,70.701230228471,75.0,0.0057345362291117,2.590441107180716,219.85664068794551,378.29596904439705,62.57919663539983,205.1124388551824,0.0810178644462485,8188.0,1,0.020580000000000043,-218.5249053690084,2,-0.9607839584350586,18
yolo11n.pt,20,65W,26,3039.46703125,25.519528786536764,0.1387497529999018,0.1361857044540715,39.48581560283688,81.0,26.29583702391497,74.0,0.0384256716719598,29.402541878903367,1.0,0.68849,812.0567375886521,8000.0,7573.073516386183,8000.0,0.8011515448575992,494.6314397639503,20.663120567375888,46.0,14.445527015057571,44.0,0.0203329186762304,17.21563597877262,16.77345390070922,50.941,2.9315980175726764,61.375,0.0163638929947854,74.813,25.51952878653676,13.438,38.8024,10.865263666286356,116.91489361702132,2505.0,2088.2550930026573,2505.0,0.109362864546215,282.3997388779747,0.2685370134425053,0.1387497529999018,0.1639438749998589,-0.0004866109372917,0.0372594442864789,5.198581560283685,76.0,70.25686448184234,74.0,0.0056791568012575,2.5954769713536345,194.63973672304783,238.8021008857426,31.00574334930437,187.3877209714269,0.0253758897457408,8188.0,1,0.007399999999999962,-196.6187162994513,5,-1.0699454545974731,19
yolo11n.pt,20,65W,28,3182.96703125,25.111348837209302,0.1381405019999874,0.1238890833667462,34.64874551971326,77.0,26.55813953488372,77.0,0.0354660272833092,28.95035725323012,1.0,0.68054,788.5304659498206,8000.0,7580.500894454382,8000.0,0.7785538623168453,493.4770572093949,19.354838709677416,46.0,14.677996422182469,46.0,0.0199177149455519,17.648224272063562,16.91177777777778,50.118,2.2311824172893195,42.63,0.0171702039085321,56.028,25.111348837209302,13.398,37.4438,10.105030779361178,81.39784946236568,2505.0,2067.008050089445,2505.0,0.097417299653422,272.5736461961613,0.2752966056748396,0.1381405019999874,0.168962655001269,-0.0004402724164328,0.0380296113068149,4.767025089605738,77.0,70.44007155635063,74.0,0.0052363068141025,2.479159069274337,213.1607863367744,308.793803415608,46.400989906457895,202.692183643596,0.0473848886314345,8188.0,1,0.015349999999999975,-201.70519770628428,4,-1.1260781288146973,20
yolo11n.pt,20,65W,30,3261.42703125,25.32547803163444,0.1458038299998588,0.1230850564529862,37.10915492957746,82.0,25.34622144112478,78.0,0.0379245008871987,28.47857994352018,1.0,0.68624,767.6056338028166,8000.0,7583.479789103691,8000.0,0.7302958273364495,492.98187067193794,20.897887323943664,49.0,13.768892794376098,48.0,0.0209651288872186,17.03816193264369,16.9976514084507,50.002,1.8640911709950947,33.703,0.0165069017698657,47.209,25.325478031634447,13.506,37.51805,9.935994489155735,79.75352112676046,2490.0,2070.5404217926184,2490.0,0.0990756131355208,261.8714629905678,0.2898390735878328,0.1458038299998588,0.1781437750001714,-0.0004526316543616,0.0422596470127169,4.66901408450704,77.0,70.76977152899825,75.0,0.0049335314156609,2.271099108461536,222.11807702139373,372.2980124572132,68.55772163875315,205.7559118990841,0.0952675382129218,8188.0,1,0.009650000000000047,-207.75521659187646,3,-1.2457154989242554,21
yolo11n.pt,20,65W,32,3323.7046875,26.531771294422064,0.1673147981249257,0.1386625570345147,33.893059532331186,81.5,24.88832707860511,77.0,0.0356573426104193,29.15488107133946,1.0,0.68083,766.8814125507038,8000.0,7575.890392625926,8000.0,0.7759212777820483,494.206626808847,19.399054521593893,50.5,14.161748387060795,47.0,0.0202922535964902,18.3837550513377,15.904439975542823,52.325,2.573967327601993,53.9705,0.0158910700761794,68.535,26.531771294422047,14.5645,44.117024999999984,11.201848611568964,-5.636408375089442,2490.0,2037.872502523267,2490.0,0.0808975325694122,308.7992909913537,0.1652773250680285,0.1673147981249257,0.1947962050000569,-0.0004310703885376,0.0278372314844192,4.331543784299697,81.0,75.51234913837169,79.0,0.0047072841362148,2.3911220402244124,195.0113323789589,235.9055683869196,23.108450589036387,191.31024020227795,0.0144481592990162,8188.0,2,0.015059999999999962,-222.8921848875177,1,-1.3075909614562988,22
yolo11n.pt,20,65W,31,3460.72703125,25.34253940455344,0.148872371000034,0.1217033525263761,36.72280701754386,83.0,24.69614711033275,79.95000000000005,0.0342718635034437,29.73837412903156,1.0,0.68758,800.0,8000.0,7563.047285464098,8000.0,0.7607230308808036,496.0091126134766,19.91929824561404,50.0,13.718038528896672,46.0,0.0183279094991017,18.30647843579034,16.889631578947373,50.277,2.554716359180931,51.237,0.0168481252168213,64.743,25.342539404553417,13.506,37.70575000000001,10.12107544487648,-6.315789473684163,2505.0,2023.3581436077056,2490.0,0.012992269200692,269.8340550547815,0.3150709514253597,0.148872371000034,0.1811190200000055,-0.0005063008910848,0.0469053595719298,4.9157894736842,77.0,71.00525394045535,75.0,0.0052609139478636,2.5810790172876774,229.2166359010405,399.4025840831213,80.51506335310721,208.23205670575985,0.1233848988376202,8188.0,1,0.00831000000000004,-226.20280798245483,0,-1.3298908472061157,23
yolo11s.pt,1,115W,2,1405.2734375,18.85876725838266,0.0627792171876535,0.5919693228027074,13.055555555555555,45.0,9.702169625246547,41.0,0.0503277172094489,16.19177644621021,0.0,0.67045,0.0,8200.0,8200.0,8200.0,9.271188604820612e-15,0.0,2.626984126984127,12.0,2.439842209072978,12.0,0.0117077113495621,4.135504421383621,4.676666666666666,118.572,1.83834921577866,19.541,0.0188622433974526,34.669,18.858767258382645,15.128,33.644,5.961615378914298,183.80952380952385,2595.0,2119.733727810651,2595.0,0.6699635129045522,199.6404018375708,0.6330410547818909,0.0627792171876535,0.0792396300013933,-0.0006001596451664,0.0397418218668536,0.7380952380952408,70.0,66.44970414201184,70.0,0.0032917205250179,1.4291053570472083,35.12252370358985,41.76616032657423,6.754753363839731,31.857676626036824,0.0369868685623037,8188.0,1,0.03237000000000001,-125.18772822605443,31,2.2972347736358643,1
yolo11s.pt,1,115W,3,1515.7341933139537,18.76231376518216,0.0729263999999729,0.4560893328548909,9.073170731707316,45.0,7.093117408906883,40.0,0.0381059032067892,13.275477118013931,0.0,0.68949,0.0,8200.0,8200.0,8200.0,1.6077179806018102e-14,0.0,2.333333333333333,17.0,2.19838056680162,13.0,0.0114360711350142,4.589320181204864,5.218951219512196,118.237,2.064510831914652,23.645,0.0206008393300589,38.735,18.76231376518219,15.09,36.20994999999997,6.757156396557897,227.92682926829275,2655.0,2132.732793522267,2655.0,0.7920381102830102,237.5868080381036,0.6529303738813158,0.0729263999999729,0.1185470700002042,-0.0010794055421311,0.0476158616178007,0.910569105691053,70.0,65.51214574898785,69.0,0.0035427154248549,1.4393452778814615,47.12745417622335,58.55846146751093,11.30127595635798,41.137365892202446,0.0575051843189934,8188.0,1,0.013329999999999953,-130.6447955491103,30,2.2175209522247314,2
yolo11s.pt,1,115W,4,1614.5234375,18.716351293103457,0.0730639218749047,0.3418725071656457,12.14655172413793,45.0,7.25,41.0,0.0470376251991053,13.50726177615786,0.0,0.69168,0.0,8200.0,8200.0,8200.0,-4.109204025199097e-15,0.0,3.284482758620689,17.0,2.331896551724138,14.0,0.0145382318246575,4.59358809380046,5.150905172413792,118.247,2.268871711958484,27.630000000000003,0.0215878301904924,42.465,18.71635129310345,14.835,36.661,7.142681392114978,133.44827586206884,2655.0,2092.3060344827586,2655.0,0.5063707695375487,214.77851735057013,0.7375561234540032,0.0730639218749047,0.1003407100011827,-0.0023857706561293,0.0538887429824008,0.6293103448275872,69.0,64.39224137931035,69.0,0.003067483188664,1.478737279484097,63.43437543286975,76.4785290073199,14.384455269828404,54.74658213459357,0.0514206430795903,8188.0,1,0.011140000000000039,-132.34877872786456,29,2.059072494506836,3
yolo11s.pt,1,115W,1,1411.58056640625,17.29126233783204,0.0595971550780393,1.0304430079478497,13.467375275311989,37.0,12.786005086040229,36.0,0.046221737423976,15.594355154697404,0.0,0.64549,0.0,8200.0,8200.0,8200.0,-8.092395865050145e-15,0.0,1.7274135319009307,8.0,2.228619635517452,7.5,0.0070668356036962,2.770118837945461,2.5029425530780616,119.758,1.2683664469362768,7.157500000000001,0.0086909068492852,21.93125,17.29126233783203,14.77375,21.464225,2.814486129584348,0.0,2010.0,2010.0,2010.0,-2.320036447509364e-15,0.0,0.3362760156912059,0.0595971550780393,0.0805396550001659,-0.0001538272062688,0.020344600565266,0.2511556576553353,65.5,64.69741121937989,65.5,0.0010966681895583,0.6222327870253591,17.52358192835511,20.131765158558352,2.5984393942316792,16.80242051819623,0.0222961075276303,8188.0,4,0.05732999999999999,-134.54058979727367,28,1.9904115200042725,4
yolo11s.pt,1,115W,5,1701.2493990384614,18.575359649122824,0.0825001423076733,0.3064939628937691,11.789473684210527,52.0,7.907894736842105,47.0,0.0522419075799244,15.73172370262033,0.0,0.69545,0.0,8200.0,8200.0,8200.0,-2.9423610161625043e-14,0.0,3.780701754385965,23.0,2.9649122807017543,20.0,0.019313095058805,6.3707525576026,5.37847368421053,119.678,2.473599481675168,31.121,0.0228314931412017,45.948,18.57535964912281,14.827,36.736,7.179950535097159,193.5526315789475,2655.0,2112.9605263157896,2655.0,0.7080299638171322,217.4995124489075,0.7354568022073661,0.0825001423076733,0.1752330749986868,-0.0022219030085702,0.060675290843254,1.1052631578947398,69.0,63.66228070175438,67.0,0.004524187087817,1.5880524512349057,74.16376933462922,95.88542491914434,21.9689233119305,60.60595606433216,0.0877473393365703,8188.0,1,0.007369999999999988,-137.4771751950714,27,1.9163881540298462,5
yolo11s.pt,1,115W,6,1808.983664772728,18.146313465783656,0.0989917545456674,0.299389234752266,9.0,51.0,6.783664459161148,43.0,0.0443549313621636,14.266062100386788,0.0,0.69778,0.0,8200.0,8173.509933774834,8200.0,-0.107660106973336,176.31323223622502,2.8672566371681416,25.0,2.6997792494481234,19.0,0.0174963164494574,6.463886770423021,4.838088495575226,120.682,2.4585158899696844,30.268,0.0206664997117446,44.613,18.146313465783667,14.345,36.017,6.8965794550548685,108.4513274336282,2655.0,2082.450331125828,2655.0,0.4530147540818585,200.2836296386074,0.6880767049918097,0.0989917545456674,0.1780371900003956,-0.0037048973461455,0.0681139202891408,1.2654867256637203,69.0,62.72847682119205,68.0,0.0047938438040318,1.7273303988692743,73.73146016475518,105.5307177706728,23.41140080854233,60.61110874878012,0.1008205659843413,8188.0,1,0.0050400000000000444,-148.1614679211615,26,1.7116098403930664,6
yolo11s.pt,1,115W,7,1903.553042763158,18.249862831858422,0.1004838684206525,0.2619738307844884,9.36283185840708,51.0,7.013274336283186,40.0,0.0378496904584588,14.020206684404195,0.0,0.69839,0.0,8200.0,8173.451327433629,8200.0,-0.1185121578269929,176.5037536841911,4.690265486725664,29.0,3.1261061946902653,20.0,0.0196736029632197,7.308591735544152,4.849159292035395,119.484,2.552183565932972,31.958,0.021580711652513,46.577,18.249862831858408,14.619,37.152,7.33735218745685,125.70796460177009,2655.0,2087.0907079646017,2655.0,0.5187567580843293,199.50491422171496,0.6696570902984926,0.1004838684206525,0.1965435999994948,-0.0042773384210975,0.0672897349485107,0.8761061946902657,70.0,62.26327433628319,67.0,0.0041689120518938,1.896474578631222,84.56147980244162,117.8733686925126,26.28510546464356,69.6629231141472,0.0966216164862968,8188.0,1,0.004430000000000045,-152.20796597419914,25,1.4219958782196045,7
yolo11s.pt,1,115W,8,2089.6015625,18.27103303339404,0.0958351906250242,0.218725648489402,7.7414909981915745,56.5,6.735570228232228,45.75,0.0432419328794076,15.04999904993432,0.0,0.69795,0.0,8200.0,8166.078772630437,8200.0,-0.1554689796021731,170.0025886115667,3.052658258373578,31.25,3.004649515675996,20.75,0.0202004203793054,7.669253796647688,5.080775508611643,116.56,2.65133915118672,33.883,0.0243117669317248,48.440250000000006,18.27103303339404,14.55725,39.09782499999999,7.673040852539591,178.01267565624755,2655.0,2106.511330449791,2655.0,0.697696446417859,217.07823092159947,0.4212025675607238,0.0958351906250242,0.1453802312501011,-0.0050696216912141,0.041910966442257,1.1799171940948163,70.5,63.71453993902094,68.0625,0.0056679053735738,1.7582740666308698,92.8115232564505,127.353080933409,21.97293918549276,83.9281029662549,0.0585865047660765,8188.0,4,0.004870000000000041,-162.25798807692587,24,1.1913695335388184,8
yolo11s.pt,1,115W,10,2195.787860576923,17.763576496674055,0.1220778461535631,0.2168539158698025,13.616071428571429,69.0,7.96230598669623,35.0,0.0475495293971443,16.56649299115857,0.0,0.70282,0.0,8200.0,8173.392461197339,8200.0,-0.1342150187390983,176.69489365020655,7.223214285714286,42.0,3.87139689578714,18.0,0.0265273499074491,9.58270580778578,5.475464285714285,121.321,2.7030592633747053,33.488,0.0211999518605,48.016,17.763576496674055,14.528,37.537,7.410994649156382,143.97321428571422,2655.0,2078.6474501108646,2655.0,0.4637246629907967,198.909861280893,0.5925077469798695,0.1220778461535631,0.2370604599993382,-0.0093995752745336,0.0723320695806028,1.7589285714285694,69.0,61.84257206208426,66.0,0.006353890731184,1.71197854728357,96.74703554960432,133.15792121496358,29.013748888975307,81.91494456267588,0.0899357504264086,8188.0,1,0.0,-173.98253461942159,22,1.0586744546890259,9
yolo11s.pt,1,115W,9,2106.1776041666667,18.45727069351228,0.1212657999991885,0.2486928551611493,9.945945945945946,65.0,6.449664429530201,39.0,0.0449825120706482,14.93240679924175,0.0,0.69362,0.0,8200.0,8173.154362416108,8200.0,-0.1233398827975422,177.46570610511043,3.684684684684685,38.0,2.834451901565996,14.0,0.0202269346357738,8.083422625588954,4.98881981981982,119.819,2.667675021817124,34.67,0.0237059866062023,49.238,18.457270693512303,14.568,42.607,8.311456559158492,156.8918918918921,2655.0,2093.691275167785,2655.0,0.5554063444530947,216.74095815976165,0.6900354472499916,0.1212657999991885,0.2631331699991276,-0.0079746171428268,0.0836777005385681,1.315315315315317,67.0,61.71364653243848,66.0,0.0051128277777539,1.486213117997437,93.0835933639688,133.34087722388625,32.05230642172231,74.21713294317296,0.1185693096797051,8188.0,1,0.009199999999999986,-169.77985478946536,23,0.9482834339141846,10
yolo11s.pt,1,115W,11,2305.2109375,18.079473804100225,0.1324228666671842,0.2176487044521104,8.128440366972477,64.0,6.469248291571754,29.0,0.0394721389323068,14.737129812379216,0.0,0.69952,0.0,8200.0,8175.398633257403,8200.0,-0.1179517583549137,170.0482662231886,3.73394495412844,41.0,3.400911161731208,15.0,0.0208812624639379,9.04247628152282,4.990880733944955,119.261,2.658871630937512,33.494,0.0223036884745983,48.071,18.07947380410023,14.577,38.16029999999994,7.622179260093794,118.34862385321094,2655.0,2081.993166287016,2655.0,0.4751728285444375,203.1073023381861,0.5827413748292241,0.1324228666671842,0.2543872200001713,-0.0110413846153793,0.077168283380462,1.2568807339449537,69.0,61.75398633257403,65.0,0.0053536425193677,1.6924261970954668,97.48022852885306,120.68518561369476,27.08150411935173,83.06722454246575,0.0771813704770053,8188.0,1,0.0032999999999999696,-184.2969837853406,21,0.8185585737228394,11
yolo11s.pt,1,115W,12,2383.4382102272725,17.930096330275262,0.1365131000003946,0.2039744194459647,10.422018348623851,73.0,6.986238532110092,25.0,0.0427822785854779,16.25004710163905,0.0,0.7013,0.0,8200.0,8172.477064220184,8200.0,-0.1372563356178105,179.6385563898795,5.403669724770642,48.0,3.731651376146789,15.0,0.0241069470093538,10.397777110161089,4.9484220183486265,117.617,2.802606247862174,35.756,0.0216954425249953,50.251,17.93009633027523,14.495,38.43175,7.673599844186699,136.10091743119256,2655.0,2081.0091743119265,2655.0,0.4841152576777784,201.8876286321949,0.5859000428907412,0.1365131000003946,0.2733637499986798,-0.0123021309090373,0.0799830311453792,1.1376146788990835,70.0,61.70412844036697,66.0,0.0048648539081497,1.9125566303346464,104.50194237614733,130.43309758033098,31.0138332317032,87.90365173719816,0.0880769301049998,8188.0,1,0.0015199999999999658,-189.18780124646344,20,0.6758315563201904,12
yolo11s.pt,1,115W,13,2522.1109375,17.97465509259261,0.1515448399994056,0.2095358638501114,13.98148148148148,71.0,8.340277777777779,45.0,0.0514577963773668,17.486302785552603,0.0,0.70043,0.0,8200.0,8172.222222222223,8200.0,-0.1428905690438266,180.4486863212413,7.749999999999999,48.0,4.298611111111111,18.0,0.0294560721645003,10.6743114062179,6.7111481481481405,117.146,2.6831112892883766,33.791000000000004,0.0243217522759788,48.228,17.974655092592595,14.437,38.53674999999998,7.617694346487122,231.9444444444444,2655.0,2102.3263888888887,2655.0,0.7500493418996238,207.289814224926,0.5517864903329197,0.1515448399994056,0.2947893000002293,-0.0149569963636388,0.0836203953913359,1.018518518518519,68.0,61.01851851851852,64.0,0.004325416600431,1.5574283259263668,102.36306287590553,134.51285576874088,33.00484561990307,85.78319129870067,0.103960621439013,8188.0,1,0.0023900000000000032,-204.33634898929816,19,0.5619041323661804,13
yolo11s.pt,1,115W,14,2634.3109375,18.02906590909092,0.1531530900003417,0.1972290824140782,13.572727272727274,46.0,5.55,25.0,0.0415997171285163,11.249535343939565,0.0,0.69604,0.0,8200.0,8172.727272727273,8200.0,-0.1369278297361583,178.83923248096366,6.181818181818182,20.0,2.690909090909091,15.0,0.0191580628938259,5.614098251148951,5.569172727272729,118.814,2.714727443273734,34.519000000000005,0.0235654426980981,48.944,18.02906590909091,14.425,37.61609999999988,7.602154225356818,249.681818181818,2655.0,2107.6022727272725,2655.0,0.7939014288672603,211.94872556248595,0.5432216643392661,0.1531530900003417,0.3003280449998781,-0.013836478182246,0.083196076448687,1.9363636363636367,67.0,60.929545454545455,65.0,0.0067639107827848,1.7378251226820245,108.08238570695212,139.5926909041798,33.39220638945084,91.41180239960394,0.0954509790527467,8188.0,1,0.006780000000000008,-212.19050349205583,18,0.4757544696331024,14
yolo11s.pt,1,115W,15,2699.3776041666665,17.749340909090915,0.1738585666672507,0.2057249979828629,12.236363636363636,65.0,7.311363636363636,31.0,0.0493238131864881,15.723198204463984,0.0,0.69822,0.0,8200.0,8172.727272727273,8200.0,-0.133546895668611,178.83923248096366,6.236363636363636,46.0,4.215909090909091,21.0,0.028642216878468,10.381636829732718,5.3453636363636345,118.065,2.6637045421660988,32.868,0.0216932919450654,47.279,17.749340909090908,14.411,38.534,7.40200325877204,134.8636363636365,2655.0,2081.829545454545,2655.0,0.4830710291985937,202.90533067905147,0.5078971112720769,0.1738585666672507,0.3325601399999868,-0.0155466366664162,0.0883022637802004,1.6181818181818173,66.0,60.69772727272727,65.0,0.0053434958576513,1.4497630897939584,102.51019547042296,140.92106784472347,34.697241309135244,86.27702555899137,0.1145660051322249,8188.0,1,0.0046000000000000485,-221.72187326309003,17,0.22769847512245178,15
yolo11s.pt,1,115W,17,2929.4609375,17.890542334096097,0.178649375000532,0.1880078944945192,12.761467889908255,56.0,6.851258581235698,33.0,0.046980063608486,13.563760085640874,0.0,0.69716,0.0,8200.0,8200.0,8200.0,1.0365320746433548e-14,0.0,6.08256880733945,39.0,3.5583524027459954,14.0,0.024909345397415,8.576451450467124,5.106614678899081,118.411,2.769396202460244,35.192,0.022505884316991,49.546,17.89054233409611,14.354,39.76559999999997,7.889823230577722,130.18348623853217,2655.0,2080.8466819221967,2655.0,0.4785734766014923,201.6850453068646,0.4488813852986062,0.178649375000532,0.317227210000783,-0.0187000690478141,0.080192378932969,1.4403669724770651,67.0,60.75972540045767,64.0,0.0057327586578776,1.5704443883082917,107.6895700478306,144.2000518824028,29.788423713486527,95.15846333047274,0.076515207307539,8188.0,1,0.005659999999999998,-239.42969021853554,15,0.06511013209819794,16
yolo11s.pt,1,115W,16,2921.28125,18.37823664599612,0.1509821281251788,0.1730158243382685,9.784558813440905,61.5,6.573116663377716,33.0,0.0443404660878151,14.79304400893736,0.0,0.69805,0.0,8200.0,8192.600896860986,8200.0,-0.0390571766632128,46.52939086687335,4.81298781208575,43.75,3.6588457329141697,19.25,0.0252620841907686,9.921665121564278,5.657832815969675,117.0535,2.8517093564580507,37.8655,0.0273157906843722,52.395,18.37823664599612,14.5295,41.49572499999998,8.412968427977097,197.0254589465285,2655.0,2101.5702476699043,2655.0,0.7394683588936571,220.04043666352985,0.3236917295872094,0.1509821281251788,0.2375448862501683,-0.0166582806547076,0.0524999999437924,1.147602483282249,70.75,63.063468172667726,66.5,0.0052395208653739,1.736300916273464,116.57620062564266,141.66559033596604,24.08058526104865,107.67891477369432,0.0515137274453524,8188.0,4,0.004770000000000052,-231.19690046498263,16,0.04100289195775986,17
yolo11s.pt,1,115W,18,3001.4609375,18.15755429864253,0.1834561499999836,0.1850619447247006,4.018181818181818,58.0,5.785067873303167,31.0,0.0256410256410256,13.356797161941834,0.0,0.69768,0.0,8200.0,8200.0,8200.0,-2.3905141092873743e-14,0.0,2.1727272727272724,39.0,2.8710407239819005,17.0,0.015808163862871,8.599648698663394,6.551881818181823,115.0,2.703557934763824,34.649,0.0261143855354261,49.09,18.15755429864253,14.441,37.886,7.830316676038821,300.818181818182,2655.0,2122.8054298642533,2655.0,0.9627521784890362,234.31435196361195,0.4780866026396241,0.1834561499999836,0.3320375500001318,-0.0206393404760525,0.0877079274868374,0.7999999999999972,69.0,61.38235294117647,65.0,0.0037105309218667,1.6778988914449418,112.260458892553,150.93546482145717,31.719768735475952,98.11608932162596,0.0798374023915451,8188.0,1,0.005140000000000033,-244.90846501675298,14,-0.1455112099647522,18
yolo11s.pt,1,115W,19,3208.7109375,18.01320919540231,0.1905662428575202,0.1806689262197027,7.564814814814815,63.0,5.733333333333333,37.0,0.0343041707911951,14.74309241463134,0.0,0.69791,0.0,8200.0,8200.0,8200.0,5.955007256222985e-15,0.0,3.9814814814814814,42.0,3.154022988505747,23.0,0.0205211265757642,9.724560736440123,6.699546296296305,121.064,2.763472042100395,35.43900000000001,0.0248547541538071,49.779,18.0132091954023,14.34,40.33049999999995,7.917744438766421,235.27777777777783,2655.0,2101.0344827586205,2655.0,0.7023334504480742,216.58867464240404,0.4328656884802593,0.1905662428575202,0.3265160599985391,-0.0262424999993007,0.0824895879156167,1.7222222222222214,68.0,60.88275862068966,64.0,0.0066100822670303,1.7466030674052309,112.61328008582178,151.16249054399873,31.743806302735173,99.70286297875772,0.0794582112809277,8188.0,1,0.00490999999999997,-264.65250880182583,13,-0.17298050224781036,19
yolo11s.pt,1,115W,20,3250.425223214286,17.958620370370355,0.1975841428570025,0.1774169306386965,12.925925925925926,79.0,9.314814814814817,41.0,0.0561769806865534,19.16081946951863,0.0,0.69929,0.0,8200.0,8200.0,8200.0,-6.008093644130068e-15,0.0,6.574074074074074,59.0,5.069444444444445,20.0,0.0332845719266471,12.91728642479708,6.06098148148148,116.156,2.8724923705782484,37.182,0.0248561976105124,51.586,17.95862037037037,14.404,40.835,7.925612051044331,231.1111111111113,2655.0,2106.597222222222,2655.0,0.7467237871716408,216.2252336313933,0.4741548761459925,0.1975841428570025,0.3513271299980259,-0.029190864285478,0.0936854847847741,1.2962962962962976,68.0,60.72916666666666,64.0,0.0053999983329432,1.6424014852918545,116.1392635745651,154.65217593391,33.42513121145988,101.22269788863872,0.0828300847572277,8188.0,1,0.003530000000000033,-267.90098066231945,12,-0.2358696162700653,20
yolo11s.pt,1,115W,22,3426.7109375,18.08598383371826,0.209111699999994,0.1719086738927833,12.703703703703702,41.0,5.875288683602771,39.0,0.0430701745050251,12.00666342986458,0.0,0.69864,0.0,8200.0,8200.0,8200.0,-2.9134481605886204e-15,0.0,6.87962962962963,31.0,3.193995381062356,22.0,0.0246371425969876,7.991870058956141,7.854777777777777,122.552,2.840929223004659,37.098,0.0274056289902784,51.381,18.085983833718245,14.283,39.663,8.034316132995507,380.55555555555566,2655.0,2130.242494226328,2655.0,1.061455462017927,233.94892722536457,0.4085481099189461,0.209111699999994,0.345998599998893,-0.0286512800002778,0.0854321897969352,1.268518518518519,66.0,60.57274826789838,63.0,0.004736155307935,1.264142562889935,116.7606619913647,137.14881815580912,28.600485030113123,105.2069300761298,0.06000033834228,8188.0,1,0.0041799999999999615,-283.1645504710658,10,-0.3893294930458069,21
yolo11s.pt,1,115W,21,3364.139508928572,18.25613333333333,0.2045462000008098,0.1778201285734024,10.333333333333334,40.0,6.225287356321839,39.0,0.0420585272408399,12.431876143915536,0.0,0.70059,0.0,8200.0,8200.0,8200.0,5.955007256222985e-15,0.0,5.074074074074074,27.0,3.333333333333333,27.0,0.0239644457144023,8.112522839408427,6.942296296296293,118.582,2.73069872408177,35.519,0.0272755686017812,49.852,18.25613333333333,14.333,40.81519999999993,8.267489459275634,299.0277777777778,2655.0,2116.862068965517,2655.0,0.8888513085020907,221.64661593252464,0.4422870960121104,0.2045462000008098,0.3530720700007803,-0.0304748035715809,0.0904681447986705,1.7037037037037024,68.0,60.84137931034483,66.0,0.0065460822203788,1.8345691795390184,115.06353493614516,141.98657209156391,28.75390551674465,102.66629250466084,0.0624479603880889,8188.0,1,0.0022299999999999542,-278.4656250567274,11,-0.4098309278488159,22
yolo11s.pt,1,115W,23,3589.3776041666665,18.395590277777792,0.2206122666666488,0.1764475159935446,8.518518518518517,72.0,6.4907407407407405,43.0,0.0414668431365194,16.967422691282152,0.0,0.69947,0.0,8200.0,8172.222222222223,8200.0,-0.1393183048177328,180.4486863212413,3.2777777777777777,57.0,3.861111111111111,24.0,0.0239603669191662,12.688911996476332,8.219305555555557,122.144,3.455556415430177,49.262,0.0300675262873993,63.567,18.39559027777777,14.305,42.45894999999999,8.76416592824302,331.1111111111113,2655.0,2130.1041666666665,2655.0,1.0242541112295915,234.87693937316527,0.4051726271868217,0.2206122666666488,0.3638166999999157,-0.0362122971428367,0.0893860516749657,1.1111111111111145,66.0,60.379629629629626,64.0,0.0046111977385186,1.465451470016642,115.48958951817254,137.68869403644436,28.01702901663048,104.25530886164928,0.0588516284320117,8188.0,1,0.003349999999999964,-300.0640281552327,9,-0.5017510652542114,23
yolo11s.pt,1,115W,24,3630.0442708333335,18.127144469525952,0.218785816666544,0.1652484211082359,8.018181818181818,69.0,6.878103837471783,34.0,0.0402463994284469,16.399734183224258,0.0,0.69644,0.0,8200.0,8200.0,8200.0,-1.1035790681372916e-14,0.0,4.818181818181818,49.0,3.905191873589165,19.0,0.0261091300793863,10.952392160513458,6.93285454545455,121.372,2.825707054197682,36.823,0.0264522238089493,51.222,18.12714446952596,14.399,41.364,8.14261019497157,276.0,2655.0,2116.388261851016,2655.0,0.8474970123489506,225.93957930501549,0.4116543757794828,0.218785816666544,0.3667702249995273,-0.0349215285715347,0.0900641387892705,2.2090909090909108,69.0,61.00902934537246,66.0,0.0079295253906857,2.0926421042704573,122.65467316143668,151.46714356887426,32.2682282161963,109.69632476943828,0.0692121022244063,8188.0,1,0.006380000000000052,-300.8126991155756,8,-0.5838027596473694,24
yolo11s.pt,1,115W,25,3795.7109375,18.424503464203216,0.2234879166662722,0.1647061557930116,6.611111111111112,75.0,5.711316397228638,32.0,0.0361982335460693,16.324149677740596,0.0,0.6946,0.0,8200.0,8200.0,8200.0,-2.9134481605886204e-15,0.0,2.3703703703703702,56.0,3.355658198614319,16.0,0.0206470119399419,11.76141071779012,7.010250000000001,119.732,2.8374713110490224,37.944,0.0285134297740552,52.279,18.42450346420324,14.335,41.47079999999999,8.383342164012069,347.7777777777778,2655.0,2132.4942263279445,2655.0,1.059145106302968,239.24537943979792,0.3705359255484421,0.2234879166662722,0.354077650000363,-0.03035912285694,0.0828103020508302,1.5833333333333357,67.0,60.74133949191686,65.0,0.0058209730041659,1.5174352549962438,121.97996591908212,139.01704894382783,27.35953821487339,111.8628710353578,0.0503084005970006,8188.0,1,0.008220000000000005,-316.13909382162603,7,-0.6932604312896729,25
yolo11s.pt,1,115W,26,3850.7109375,17.929422273781903,0.2485978999997314,0.1714314125180996,8.990654205607477,70.0,6.283062645011601,29.0,0.0416431350683765,15.864819486799837,0.0,0.69198,0.0,8200.0,8200.0,8200.0,1.3916497545841648e-14,0.0,5.317757009345795,54.0,3.953596287703016,18.0,0.0287010557743844,11.895237980077477,5.633897196261682,121.298,2.965683957243541,38.895,0.0244384884020696,53.173,17.929422273781903,14.278,41.1005,8.255041278422524,168.7850467289718,2655.0,2095.3016241299306,2655.0,0.5951276102088211,218.50212924500573,0.3501557324193204,0.2485978999997314,0.3828801400006341,-0.0382188600004156,0.0870479797523109,0.8598130841121474,67.0,60.51044083526682,64.0,0.003641402423305,1.357032910708312,114.21424432876378,137.51454924482653,27.86277765826365,104.586563281621,0.0595125113463588,8188.0,1,0.01083999999999996,-325.9061242357838,6,-0.8566399812698364,26
yolo11s.pt,1,115W,28,4075.9109375,18.755006960556848,0.2400850799996988,0.1608141909471499,7.308411214953272,50.0,6.7981438515081205,41.0,0.0373296582072819,13.633199422186532,0.0,0.6957,0.0,8200.0,8200.0,8200.0,1.3916497545841648e-14,0.0,3.88785046728972,30.0,3.6032482598607887,30.0,0.0221667655893091,8.64525880987048,6.191551401869162,120.095,3.2918676132641083,47.462,0.0302819679011013,61.739,18.755006960556845,14.277,49.871,10.19796554582008,330.8411214953271,2655.0,2136.890951276102,2655.0,1.0446141117646035,237.0178406489057,0.3514700250923513,0.2400850799996988,0.3690761999991082,-0.0397295300001133,0.0843827090917933,1.5607476635514033,69.0,60.104408352668216,65.0,0.0068298590502227,2.0278236445707294,127.03229314007392,147.4131906859755,29.73794562203661,116.62532298981314,0.0548016519588306,8188.0,1,0.007120000000000015,-341.36761334822353,4,-0.9693309664726257,27
yolo11s.pt,1,115W,29,4236.3109375,18.33145958429561,0.256414919999952,0.1620848187168797,12.555555555555555,60.0,7.122401847575058,48.0,0.0501057471835241,16.793028404880097,0.0,0.7005,0.0,8200.0,8200.0,8200.0,-2.9134481605886204e-15,0.0,8.018518518518519,46.0,4.780600461893765,38.0,0.0341369468893122,12.428284533771286,6.475731481481482,121.37,2.985468764684999,40.467,0.0274705505771306,54.728,18.33145958429561,14.261,41.35079999999998,8.662285255967785,329.0277777777778,2655.0,2133.7759815242493,2655.0,1.0107983631506685,236.8809606924673,0.3435627877818062,0.256414919999952,0.3914283399986743,-0.0446292199998424,0.0880946247440323,1.4259259259259238,66.0,60.10392609699769,63.0,0.0058574834239736,1.6856433079818187,122.95815423329172,145.44434857206105,28.96780890144807,113.09794297463436,0.0555030211325115,8188.0,1,0.0023199999999999887,-359.43885188207855,3,-1.055527687072754,28
yolo11s.pt,1,115W,27,3997.5109375,18.4172791762014,0.252605659999972,0.172307739322522,10.926605504587156,73.0,7.5972540045766594,44.0,0.0441192922254601,17.99498510771862,0.0,0.69451,0.0,8200.0,8200.0,8200.0,1.0365320746433548e-14,0.0,7.146788990825688,57.0,4.521739130434782,25.0,0.0320035407707733,12.91399498763426,7.171366972477067,117.295,2.8694792262415,38.577,0.0293185705834765,52.848,18.41727917620137,14.271,39.757,8.391193241617694,350.6422018348626,2655.0,2140.2631578947367,2655.0,1.111000949324588,254.874199403113,0.3524615532429558,0.252605659999972,0.39018122000125,-0.0374366000010923,0.0890337832815521,1.4403669724770651,67.0,60.52173913043478,67.0,0.0064310198207815,2.1526650388473527,116.89399950696102,140.6066336673482,28.78854369668526,106.88596605477088,0.06065337277553,8188.0,1,0.00831000000000004,-339.3038009523778,5,-1.0682886838912964,29
yolo11s.pt,1,115W,30,4291.5109375,18.460527906976736,0.2543245999993814,0.1564988791906425,5.962616822429906,76.0,5.797674418604651,24.0,0.0359981571334293,16.003880174450906,0.0,0.69399,0.0,8200.0,8200.0,8200.0,-9.672801666087406e-15,0.0,1.3457943925233646,61.0,3.2116279069767444,9.0,0.0192321464754422,12.229181822493002,6.889906542056076,118.204,3.008906369303103,41.328,0.0297316208962353,55.546,18.460527906976743,14.218,42.778999999999975,8.814117290574927,343.31775700934577,2655.0,2145.6627906976746,2655.0,1.1254130319041609,246.91226247323945,0.3466156592819555,0.2543245999993814,0.3901297400007024,-0.0444789600001968,0.0881528889004052,2.1028037383177605,67.0,60.14186046511628,64.0,0.0074598363380535,1.7681592791216434,128.7750973953395,158.35087651685024,31.75381468105932,117.95948956598365,0.0608034242050817,8188.0,1,0.008830000000000005,-362.0683885918052,2,-1.2206039428710938,30
yolo11s.pt,1,115W,31,4471.5109375,18.46570138888889,0.258159059999889,0.1537770358965871,6.3240740740740735,80.0,5.780092592592593,24.0,0.0369569339732449,16.617852737975994,0.0,0.69541,0.0,8200.0,8147.222222222223,8200.0,-0.28336985973504,246.06470593356707,1.490740740740741,68.0,3.4375,9.0,0.0210176398407484,13.590600688833932,7.96782407407407,115.729,2.9280772423047083,39.663,0.0299425781596528,54.069,18.46570138888889,14.406,41.88404999999999,8.503065583963425,357.6388888888887,2655.0,2133.75,2655.0,1.0824139218281437,243.0759912043968,0.3635595949263565,0.258159059999889,0.4012351999997918,-0.0500363899998774,0.0938562032801286,2.0,68.0,60.875,65.0,0.0070803765404644,1.7032444529974746,132.82387150435295,173.54134750333083,36.24844121543504,120.08100742237492,0.0744777248550267,8188.0,1,0.007410000000000028,-378.79637057435286,1,-1.7161613702774048,31
yolo11s.pt,1,115W,32,4562.37109375,18.94014981606056,0.2596488000000931,0.153415078274932,13.987848084979188,71.5,7.51643674616482,59.86249999999998,0.0554384877525448,18.922801881962105,0.0,0.69445,0.0,8200.0,8193.166287015945,8200.0,-0.0368067355616939,44.75951588285963,9.13975344373035,56.75,4.99237793254607,44.76249999999996,0.0387217275552324,14.431543828564497,8.960382150440026,116.866,2.990651297231766,42.179,0.0359395974746836,56.644,18.94014981606056,14.465,42.501525,9.138054590960936,464.8153877031051,2655.0,2163.809416694012,2655.0,1.5076171836263383,272.8119564225027,0.2074541233572727,0.2596488000000931,0.3422602075009308,-0.0422104050003553,0.0591972520274416,2.225129777400753,72.0,63.13628359541698,68.25,0.0087530407433356,2.2120579090912065,131.3208520207404,147.1484883901432,19.28151051797084,125.50405991176518,0.0352552040336178,8188.0,4,0.008369999999999989,-384.72354039115305,0,-1.7602925300598145,32
yolo11s.pt,5,115W,2,1428.7984375,21.948854671280262,0.0588157021874621,0.6454686498509542,27.222222222222225,41.0,20.34717416378316,40.0,0.0407519441641269,16.943031644634146,0.0,0.68278,0.0,8200.0,8200.0,8200.0,-8.867636171607473e-15,0.0,6.574074074074074,11.0,4.97923875432526,11.0,0.0096425561823872,4.462793294336976,9.993537037037042,121.253,1.3737846667441247,15.812,0.0154237199347487,30.153,21.94885467128028,14.341,29.3725,6.00314475485455,243.05555555555569,2460.0,2191.6782006920416,2430.0,0.3806174055355117,176.5059873580301,0.3143219425393126,0.0588157021874621,0.0801602499992441,-2.877772644839202e-05,0.0184870657633768,3.870370370370374,65.0,62.213379469434834,65.0,0.0060446009238389,1.8224300285454376,35.15694476597996,40.39570650567227,4.797070765784423,34.004524737721184,0.0186178701499789,8188.0,1,0.048819999999999975,-126.87178184162336,31,4.652368068695068,1
yolo11s.pt,5,115W,3,1591.5481468023256,25.177680706521745,0.0600544758140025,0.5040108056808297,28.418478260869563,46.0,19.383152173913043,46.0,0.0546751802012764,19.00864902853137,0.0,0.71016,0.0,8200.0,8200.0,8200.0,-7.269041870145662e-15,0.0,8.760869565217392,15.0,6.205163043478261,15.0,0.0169031777066912,6.150735682008987,16.189125,120.31,1.550460523152488,24.509,0.0318364264073277,39.037,25.17768070652174,14.528,38.36275,10.019923172650747,461.4945652173915,2655.0,2332.948369565217,2655.0,0.9283496007098484,318.08242548043364,0.3982083744708888,0.0600544758140025,0.079228310000326,-7.656194885134473e-05,0.0239141951935952,5.326086956521735,68.0,63.92527173913044,68.0,0.0102268513446319,2.7209158528575923,52.2737694656044,60.50627307709281,7.635003092692295,49.95464466780855,0.0213329442373734,8188.0,1,0.021440000000000015,-134.21970802085178,30,4.5980916023254395,2
yolo11s.pt,5,115W,1,1460.5167358398437,19.115826220838727,0.0564999861718909,1.0800057318725027,25.564894464356826,38.0,25.205113186286,37.0,0.0224218716092815,14.98498599965662,0.0,0.67183,0.0,8200.0,8200.0,8200.0,-3.4250627253181488e-15,0.0,3.808791318199921,8.5,4.293592618625253,8.0,0.0033059340036635,2.6730670118204296,4.515994195539629,121.645,1.1294973110248718,7.3875,0.0040564802730913,21.59,19.115826220838777,14.2025,21.1286,2.6080354360531155,0.0,2010.0,2010.0,2010.0,-9.921002930126293e-16,0.0,0.184702510049443,0.0564999861718909,0.071347685000137,-9.337367128086907e-06,0.0104573012372929,2.365452011150932,66.0,63.98313083642935,65.0,0.002427787223484,1.0694773583420203,17.967742022112855,19.80120773429566,1.7550792127056625,17.699557782843485,0.0095871109744979,8188.0,2,0.05976999999999999,-139.26108115844605,29,3.8717758655548096,3
yolo11s.pt,5,115W,4,1752.2734375,25.66613333333329,0.0627794449998418,0.4028264014896514,31.133333333333333,51.0,19.86060606060606,51.0,0.0702860783760877,20.83649100036876,0.0,0.7091,0.0,8200.0,8200.0,8200.0,-1.5018033701785897e-15,0.0,12.236363636363636,22.0,7.624242424242424,21.0,0.0271211491636699,8.317999114845097,18.041678787878787,121.538,1.6724763111960768,28.282000000000004,0.0413301344084394,42.926,25.66613333333333,14.644,42.316,11.331269461249006,543.6363636363635,2655.0,2319.840909090909,2655.0,1.2472959387793894,311.25529883637165,0.4343485539693739,0.0627794449998418,0.0859590149988434,-0.0001497132233742,0.0272681611546811,5.266666666666666,70.0,64.58484848484848,69.0,0.0116578028708222,2.953746589746165,67.31909528083325,78.48707097637653,11.071385978980716,63.71512204368923,0.0270475194628534,8188.0,1,0.022500000000000075,-142.13374719045314,28,3.8515920639038086,4
yolo11s.pt,5,115W,5,1854.8220552884616,26.12519267515925,0.0649064592308814,0.3391387506538295,30.777070063694268,56.0,18.53980891719745,55.0,0.0731944331459229,21.83486098200799,0.0,0.71299,0.0,8200.0,8200.0,8200.0,-1.6630440612787e-14,0.0,12.089171974522293,26.0,7.697452229299363,25.0,0.0293876118450668,9.74961341088613,19.34977707006369,117.944,1.8048096558090787,32.431000000000004,0.046884995777731,47.151,26.12519267515924,14.72,45.825,12.443515701450266,519.4585987261148,2655.0,2301.1146496815286,2655.0,1.2557879048384062,318.26990444963604,0.448944254077549,0.0649064592308814,0.0853309349999108,-0.0002073101910504,0.0291393819242229,6.375796178343947,72.0,65.43789808917198,71.0,0.0146535188537909,3.5361144121918624,81.9941531228483,95.26846296339856,13.875413199241692,77.03393559359463,0.0286369051236092,8188.0,1,0.018610000000000015,-144.48874370772123,27,3.287571668624878,5
yolo11s.pt,5,115W,6,1931.420028409091,26.258629382303848,0.0670465400001954,0.2934250408718239,25.85234899328859,60.0,18.537562604340568,57.0,0.0736905433247162,23.60027817531517,0.0,0.71218,0.0,8200.0,8179.966611018364,8200.0,-0.001675032523538,153.7489190331878,11.161073825503356,29.0,8.297161936560935,28.0,0.0328238814970323,11.317330895127316,19.562912751677857,118.518,1.9378391483864843,36.063,0.0501731021602336,50.885,26.25862938230384,14.822,48.494600000000005,13.103649627188792,500.2348993288592,2655.0,2288.414023372287,2655.0,1.2739677612073637,317.1252690406632,0.5047721174203447,0.0670465400001954,0.0873413200011782,-0.000346738513626,0.0338432239616065,5.671140939597322,73.0,66.03672787979967,71.10000000000002,0.0139588277005711,3.320194692946856,96.39197057852088,113.42855002425254,17.35097434434711,89.49007659429563,0.0324015672706186,8188.0,1,0.019419999999999993,-144.7016247607925,26,2.8619251251220703,6
yolo11s.pt,5,115W,7,2128.1425164473685,26.480056506849323,0.0702195989473885,0.2656312782878779,32.18493150684932,66.0,19.001712328767123,65.0,0.0813658083107553,24.505765266861296,0.0,0.72323,0.0,8200.0,8179.45205479452,8200.0,-0.0079527606020284,155.67696102637657,16.308219178082194,35.0,8.89041095890411,34.0,0.0409243638243379,12.525657660622564,19.907883561643832,121.641,1.9968990619911484,38.023,0.0522348094440237,52.878,26.480056506849312,14.855,50.2901,13.58018539281824,497.2602739726026,2655.0,2277.8938356164385,2655.0,1.2940497083686553,317.26101840222475,0.4877951731444394,0.0702195989473885,0.0876292800003284,-0.0003974177365655,0.0342527814266744,5.479452054794514,73.0,65.95205479452055,72.0,0.0141536244405203,3.4568419188317074,107.15187644382893,127.33561864260489,19.350348369005857,99.68726829734096,0.0326120436281096,8188.0,1,0.008369999999999989,-158.29873896770215,25,2.2088804244995117,7
yolo11s.pt,5,115W,8,2345.67734375,26.65661975900069,0.078344486249989,0.260983194706842,26.29071969696969,62.5,17.06731303750695,59.5,0.0725422443914231,22.929442624942023,0.0,0.72103,0.0,8200.0,8178.280631764821,8200.0,-0.0036090116965474,159.9360615765276,13.990530303030305,35.5,8.754834701285112,33.5,0.0388366850180725,12.761703723440322,20.46191477272728,121.82,2.009955411782605,39.2445,0.0569190747365961,53.5645,26.656619759000687,14.32,51.0337,14.264428309001929,486.8087121212122,2655.0,2287.30289231876,2655.0,1.3471298007592298,318.0306673187646,0.3286674244322863,0.078344486249989,0.1036890599995558,-0.0004243313537263,0.0259284406966821,5.246527777777779,72.5,66.04482848827703,72.5,0.0142671435937954,3.4988279267591937,107.26132459520346,130.31248771964988,18.44159376737509,102.13744545550132,0.0296499000047602,8188.0,2,0.01057000000000008,-178.61764805349935,23,1.926693081855774,8
yolo11s.pt,5,115W,9,2374.2309375,26.74500522648082,0.0809763066663193,0.2406346383346471,34.89510489510489,71.0,20.526132404181183,68.0,0.0949525179034431,26.24088054679132,0.0,0.714,0.0,8200.0,8179.094076655052,8200.0,-0.0137056815919506,157.00334513325652,18.27272727272728,42.0,10.860627177700348,41.0,0.0507419865782671,15.153388219125784,20.89031468531468,120.343,2.1051033463345563,41.426,0.055911231377762,56.301,26.745005226480835,14.875,52.274,14.334809960772796,505.1748251748254,2655.0,2271.820557491289,2655.0,1.330260606238464,316.7400436585688,0.4804409462185905,0.0809763066663193,0.1086884799984545,-0.0006875858150756,0.0389043333960532,4.552447552447546,74.0,66.23344947735191,73.0,0.0129000286328185,3.535464369805646,120.76319194380856,148.60394728700882,24.986784844366333,111.14362176440667,0.0428106268865198,8188.0,1,0.01760000000000006,-176.08768173665217,24,1.6784034967422485,9
yolo11s.pt,5,115W,10,2482.9263221153847,26.9073745583039,0.0895641000003357,0.2409934785686419,33.24113475177305,72.0,19.90989399293286,72.0,0.0933918770436485,26.038921825069565,0.0,0.7316,0.0,8200.0,8159.717314487632,8200.0,-0.0294240714516487,216.1400653806524,17.78723404255319,45.0,10.726148409893993,44.0,0.0506184366029889,15.781780041501271,21.078709219858155,116.026,2.113138161316922,42.010000000000005,0.0577751511863523,56.859,26.90737455830389,14.849,53.441,14.639493817314763,510.5319148936169,2655.0,2268.1007067137807,2655.0,1.3560054539759967,310.6340639084483,0.4772171568700336,0.0895641000003357,0.1214456599998811,-0.0008406855900318,0.0427415251597835,5.574468085106375,74.0,66.20141342756183,73.0,0.0144997270861119,3.602374283125056,121.18855678195466,151.46421747854347,25.192154552796577,111.65187837495736,0.0432123014351207,8188.0,1,0.0,-186.68298009822485,22,1.5619171857833862,10
yolo11s.pt,5,115W,11,2604.0015625,26.599068181818176,0.095090510000288,0.2299380871765021,25.496503496503497,71.0,14.723776223776223,69.0,0.0699076919999155,23.16580388538713,0.0,0.71596,0.0,8200.0,8179.020979020979,8200.0,-0.01846660138806,157.27271172580123,14.531468531468532,46.0,8.625874125874127,42.0,0.0409273106479257,14.21082131397486,21.17159440559441,117.271,2.1434209503237898,42.082,0.0573621883063709,57.013,26.59906818181818,14.931,54.296,14.810032739037588,485.1398601398601,2655.0,2257.867132867133,2655.0,1.2787342401503357,309.1684592458921,0.4324346423926139,0.095090510000288,0.1301750499997069,-0.0008901803167411,0.0411204306869058,6.0,74.0,66.42832167832168,73.0,0.0157493499980733,3.8069822650562912,125.16474024099854,157.3907504688857,27.340094081060087,115.67926178928565,0.0477129209561207,8188.0,1,0.015639999999999987,-196.31397681279228,21,1.243172287940979,11
yolo11s.pt,5,115W,12,2688.529119318182,26.69742599277981,0.0963841654546823,0.2144340936751854,20.63768115942029,79.0,16.947653429602887,73.0,0.0761151839980154,26.29132408096691,0.0,0.72639,0.0,8200.0,8178.339350180506,8200.0,-0.0211726209075745,159.76105918774675,11.652173913043478,53.0,10.059566787003613,51.0,0.0458873154298827,17.081194628029674,21.525492753623183,116.395,2.264637797529664,45.642,0.0602137221520486,60.46,26.697425992779785,14.818,56.24,15.39077969488109,480.8695652173915,2655.0,2255.604693140794,2655.0,1.3101908941144875,310.79298375371604,0.4590491447622097,0.0963841654546823,0.1428990100008376,-0.0011999241847123,0.0442450687205912,5.884057971014499,76.0,66.88628158844766,75.0,0.0156159018380834,3.828884083049521,135.4092487831231,165.44000304405165,28.76150935394053,124.50177830965532,0.0451155949803887,8188.0,1,0.005210000000000048,-199.49185114458095,20,0.9540066123008728,12
yolo11s.pt,5,115W,13,2848.0309375,26.613497335701577,0.1028421579999121,0.2105376536868048,27.42142857142857,71.0,17.63943161634103,70.0,0.0853054942471569,26.44360615733255,0.0,0.72246,0.0,8200.0,8178.685612788632,8200.0,-0.0302600711905233,158.5022446258888,16.735714285714288,48.0,10.779751332149202,48.0,0.0531961964838873,17.524643352357543,21.67722857142857,120.241,2.258778665641888,45.216,0.0594035337845625,60.114,26.6134973357016,14.898,57.101,15.559336017258266,479.1428571428573,2655.0,2254.023090586146,2655.0,1.2841375630905687,312.80604963595204,0.422463905197191,0.1028421579999121,0.1477799350019267,-0.0012981315006078,0.0434470996875494,6.242857142857147,76.0,66.85968028419182,75.0,0.0158026161109191,3.812644835778092,136.1380058885856,173.55929663423964,27.173671869500986,126.40730467763136,0.0398417021040601,8188.0,1,0.009140000000000037,-214.28232441056153,19,0.7043046951293945,13
yolo11s.pt,5,115W,14,2987.4309375,26.79616304347828,0.1077397060001385,0.2062150520168662,32.130434782608695,79.0,18.005434782608695,74.0,0.087989994248141,25.614795023312727,0.0,0.71692,0.0,8200.0,8178.260869565217,8200.0,-0.0239720246472372,160.04488973309537,19.731884057971016,56.0,10.914855072463768,51.0,0.0538113093448517,17.374237455293084,21.4383768115942,119.583,2.243306248826183,45.141000000000005,0.0601559673432532,60.112,26.79616304347826,14.971,56.326,15.35539519589019,486.521739130435,2655.0,2253.043478260869,2655.0,1.320713013627384,310.1945011511704,0.4709146147913735,0.1077397060001385,0.1557636250003269,-0.0016426100984366,0.050736202148791,5.934782608695656,76.0,66.76992753623189,74.0,0.0152321883219425,3.6894337958390633,142.8903608417831,180.78529430143493,33.16815520637963,129.94280864273006,0.0538811390367812,8188.0,1,0.014680000000000026,-226.13810917305761,18,0.5887008905410767,14
yolo11s.pt,5,115W,15,3159.7331597222224,27.424042435424333,0.1130403755556876,0.2066682704103653,38.17037037037037,79.0,19.88929889298893,75.0,0.1038885514721917,28.01012461697136,0.0,0.725,0.0,8200.0,8180.073800738008,8200.0,-0.0280819793318339,153.34401096020187,23.77037037037037,55.0,12.45940959409594,52.0,0.0652714208844685,18.767297409322016,21.861629629629626,119.528,2.279277394905795,47.528,0.0634767813620069,62.507,27.424042435424354,14.979,58.19915,16.212737448324695,477.55555555555566,2655.0,2254.815498154981,2655.0,1.3332903235385474,311.4681682509593,0.4092203352241831,0.1130403755556876,0.1645805200016183,-0.001627736469027,0.046258420378766,5.355555555555554,76.0,66.70664206642067,74.94999999999993,0.0149808617090267,3.6815978222804406,143.86855075030817,179.30415763662197,34.15728949899155,132.69594979902098,0.0563683164028529,8188.0,1,0.00660000000000005,-241.84121457989457,17,0.4060206115245819,15
yolo11s.pt,5,115W,16,3335.4168457031246,27.13343450570689,0.1202401474999532,0.2037314586493445,36.06088723930718,77.5,19.2052000145863,74.0,0.1021906427141627,27.87426794071947,0.0,0.71807,-43.90243902439033,8200.0,8156.313313641833,8200.0,-0.138720780525352,214.4574155970556,23.707758925415344,56.5,12.88514021077198,53.5,0.067144892383409,19.804670898451484,22.530987451396257,119.6,2.3231627391662224,48.51350000000001,0.0666557817782843,63.014,27.13343450570689,14.5005,58.1965,16.44341586596655,470.41887592788953,2655.0,2255.55888305437,2655.0,1.3652696481835167,309.4172127233487,0.2946726195596613,0.1202401474999532,0.1586830425000925,-0.0014681770075025,0.0357901813849922,5.311947684694239,76.0,67.12610582357874,75.5,0.015737029216024,3.930755932186967,139.43946456232055,168.93740763678008,23.001985866446795,133.22224787879148,0.0274548006111521,8188.0,2,0.013530000000000042,-259.036375744179,16,0.2981669306755066,16
yolo11s.pt,5,115W,17,3405.0609375,27.085139194139185,0.1267237574997125,0.2019018006520031,24.102941176470587,75.0,16.92124542124542,73.0,0.0773736000175461,24.86275932754305,0.0,0.71275,0.0,8200.0,8200.0,8200.0,9.436906553212928e-15,0.0,15.154411764705882,56.0,10.73076923076923,51.0,0.0498023386137033,17.30280964908897,21.555286764705883,118.815,2.2760451610800456,46.69,0.0610330504877441,61.647,27.085139194139195,14.957,57.291,15.81758564787552,440.7352941176469,2655.0,2247.197802197802,2655.0,1.236772150580581,306.0495442108241,0.3665350255873787,0.1267237574997125,0.1598531650008225,-0.0018298240431669,0.0464486956976859,6.058823529411768,75.0,67.04761904761905,75.0,0.0165210232130715,3.889678721716228,144.81863904057164,210.3342066663868,36.505628256213214,134.1500625882133,0.0635434411969756,8188.0,1,0.018850000000000033,-265.4349690358999,15,0.02563202567398548,17
yolo11s.pt,5,115W,18,3532.6109375,27.55507832422587,0.1300795275001292,0.199130642702464,23.82481751824817,78.0,18.2896174863388,78.0,0.0839616942428956,27.94350763557371,0.0,0.7152,0.0,8200.0,8200.0,8200.0,-1.1181883855310624e-14,0.0,15.124087591240876,57.0,12.151183970856104,55.0,0.0557143530555042,19.89546688126091,22.15551094890511,115.0,2.22405464716536,46.36,0.0629125200793383,61.284,27.555078324225864,14.924,57.273,16.21845227431376,467.4087591240877,2655.0,2243.715846994536,2655.0,1.2772493391495428,305.5964625868468,0.3780784595601005,0.1300795275001292,0.1704735349991096,-0.0021264103470737,0.0491802673775545,4.817518248175176,76.0,67.45901639344262,75.0,0.0140855969047903,3.762127413512917,148.1978294232494,198.04948494350583,30.87363783986992,138.37688640114504,0.0434002194203804,8188.0,1,0.01640000000000008,-275.7476175741582,14,-0.3212512135505676,18
yolo11s.pt,5,115W,19,3715.682366071429,27.68531491712709,0.1388963971424215,0.2023889734601207,36.79259259259259,80.0,18.1841620626151,75.0,0.0945411558437976,26.553798332473168,0.0,0.71952,0.0,8200.0,8200.0,8200.0,2.731017570707521e-15,0.0,25.25925925925926,60.0,12.00184162062615,53.0,0.0643340005060759,18.82873270418469,22.642051851851846,119.648,2.2632937420999464,47.628,0.0647227616184595,62.66,27.68531491712708,15.032,58.736,15.939547476722971,596.1111111111113,2655.0,2280.5524861878453,2655.0,1.6236570850027645,318.0152082205578,0.357470448847542,0.1388963971424215,0.190588480000224,-0.0025655644538071,0.0496513574298079,5.666666666666671,76.0,67.32412523020258,75.0,0.0158001815637266,3.973427844925508,145.52928559511614,182.2298775610925,27.91816382697044,136.79260507036608,0.0368021260120801,8188.0,1,0.01207999999999998,-295.0309445483487,13,-0.4739367961883545,19
yolo11s.pt,5,115W,20,3789.1109375,27.2209597069597,0.1436138999996598,0.195465409262504,29.051470588235293,80.0,20.666666666666668,80.0,0.091503665983313,29.81915373014347,0.0,0.72133,0.0,8200.0,8200.0,8200.0,9.436906553212928e-15,0.0,20.86764705882353,63.0,14.214285714285714,63.0,0.0670356026409898,23.10011371820116,22.42308823529411,119.311,2.278979164137956,47.046,0.0631233257023572,62.036,27.220959706959707,14.99,58.298,15.939598725830615,481.2132352941176,2655.0,2251.236263736264,2655.0,1.3249564617828538,306.21534870715175,0.3631498325437972,0.1436138999996598,0.2002123999984178,-0.0025961874789792,0.0521533637358381,5.691176470588232,76.0,66.98717948717949,75.0,0.015065393489827,3.731587337763843,150.4793854570794,212.49020739557275,37.50289884695918,139.26228589326917,0.0621120208040373,8188.0,1,0.010270000000000001,-300.7989411554305,12,-0.6756291389465332,20
yolo11s.pt,5,115W,21,3927.568080357143,27.57651009174314,0.1442003599998965,0.1893591753700066,36.11764705882353,76.0,17.970642201834863,76.0,0.0924622530734241,25.712722381111792,0.0,0.72416,0.0,8200.0,8200.0,8200.0,-7.43385051006815e-15,0.0,25.014705882352946,59.0,11.93394495412844,57.0,0.0627281717203465,18.96339409573079,22.297691176470583,120.85,2.262287714886716,47.479,0.0638663824774793,62.386,27.57651009174312,14.907,59.546,16.42548923423114,463.5661764705883,2655.0,2244.880733944954,2655.0,1.281581175165904,304.6500993325204,0.3435848175482295,0.1442003599998965,0.1777788999999756,-0.0023880383754072,0.0495450543809534,6.404411764705884,77.0,67.2605504587156,76.0,0.0169451972743932,4.24112712966998,159.59025461556047,249.13253760134725,54.760194323611394,145.6307043894694,0.1177381550053706,8188.0,1,0.007440000000000002,-310.89443142038135,10,-0.7996003031730652,21
yolo11s.pt,5,115W,22,3886.577604166667,27.43831970260224,0.156061573333136,0.1946394246548041,28.649253731343283,83.0,19.202602230483272,82.0,0.0955255207711023,30.082504776034583,0.0,0.72553,0.0,8200.0,8200.0,8200.0,2.483653016535441e-15,0.0,19.83582089552239,67.0,13.524163568773234,63.0,0.0680627104229046,22.75047227229911,22.68187313432836,118.876,2.377623728679452,50.206,0.0655731434534426,65.238,27.438319702602232,15.032,60.188,16.35744166703202,550.4104477611941,2655.0,2266.9795539033457,2655.0,1.5178694004085564,314.9944437318809,0.3248373342985834,0.156061573333136,0.1932005549993845,-0.0030602039599622,0.0506946254679787,6.104477611940297,77.0,67.16914498141264,76.0,0.016510483467111,4.054372050785705,148.5506053325406,182.9221741650922,26.081602788878,140.97000004631386,0.0308261793823134,8188.0,1,0.00607000000000002,-309.5640313293988,11,-0.9614311456680298,22
yolo11s.pt,5,115W,23,4195.777604166667,27.14551898734173,0.1597942133332253,0.1885955153088871,33.927536231884055,77.0,17.707052441229656,76.0,0.0866458633903682,26.918084246199538,0.0,0.72064,0.0,8200.0,8200.0,8200.0,2.643473387771403e-16,0.0,26.695652173913043,62.0,12.379746835443038,59.0,0.0673990246832178,20.421607407894328,24.33073188405797,115.0,2.383560985891324,49.622,0.0663068829060704,64.703,27.14551898734177,15.081,59.324,16.460542424143178,555.217391304348,2655.0,2257.025316455696,2655.0,1.4680778323341803,313.29861901312745,0.3411974592159042,0.1597942133332253,0.1913429299995186,-0.0031775230255626,0.0545213795867006,5.239130434782609,78.0,67.52079566003617,74.39999999999998,0.0142300398817766,3.5476632785018296,154.7118765225692,228.03340003258137,38.87533813786301,143.93512455946805,0.0631394873708988,8188.0,1,0.01096000000000008,-338.64688547845424,9,-1.2514994144439697,23
yolo11s.pt,5,115W,24,4246.577604166667,27.646580223880616,0.1600772266661806,0.1843994953767868,26.798507462686565,85.0,18.669776119402982,79.0,0.0893565249510813,28.52684485816505,0.0,0.72151,0.0,8200.0,8200.0,8200.0,-5.5215799729707706e-15,0.0,18.171641791044777,66.0,13.052238805970148,62.0,0.0636857481505956,21.971595355149667,23.1070895522388,117.819,2.33008927246474,49.32599999999999,0.0668740772849583,64.419,27.6465802238806,15.093,59.354,16.43541317657116,558.2462686567164,2655.0,2265.4757462686566,2655.0,1.535688458454348,313.41181507669256,0.3340943372540013,0.1600772266661806,0.2076634999990346,-0.0030649694327007,0.0534808949524961,5.738805970149258,76.0,67.59141791044776,75.0,0.0157570498678746,3.7984483581889688,162.75926396474227,272.179616657592,47.21835402250364,149.92763492866317,0.0841647530703333,8188.0,1,0.010090000000000043,-340.2315045042449,8,-1.5338369607925415,24
yolo11s.pt,5,115W,30,4379.8309375,27.544964944649443,0.1912907920003635,0.1756366053294747,36.32592592592592,86.0,23.666051660516604,86.0,0.1121030580001779,32.730943734768005,0.0,0.71542,0.0,8200.0,8200.0,8200.0,3.12317956731142e-14,0.0,26.91111111111111,71.0,17.60147601476015,70.0,0.086286139768292,26.827930550081163,22.83364444444444,119.911,2.365368775415924,50.021,0.0648549507734433,65.154,27.544964944649443,15.133,61.008,16.298992622999783,550.2222222222222,2655.0,2265.719557195572,2655.0,1.5018330726806637,312.98562082403777,0.3517012783912978,0.1912907920003635,0.2487940400009392,-0.004449142000043,0.0672772160910117,4.629629629629633,78.0,67.77859778597787,74.0,0.0128984917467357,3.392370355898928,179.4362973097268,350.5424312644283,76.98598304151852,156.82929474170916,0.1840783536649244,8188.0,1,0.016180000000000083,-349.3961278939044,6,-1.9206000566482544,25
yolo11s.pt,5,115W,25,4492.644270833333,27.489086642599265,0.1697213366666498,0.1866193811490918,21.347826086956523,82.0,16.157039711191334,79.0,0.0710297321822249,26.50636247934653,0.0,0.7155,0.0,8200.0,8200.0,8200.0,-5.7672247523038065e-15,0.0,14.521739130434783,65.0,10.889891696750905,64.0,0.0497554826942936,20.592762888494885,22.81565942028985,119.155,2.283888177743527,47.67699999999999,0.0635672602822628,62.782,27.48908664259928,15.105,59.3,16.21751680880142,540.0,2655.0,2269.2779783393503,2655.0,1.4531415493806397,313.5610109142844,0.3335604552386188,0.1697213366666498,0.1983995449993017,-0.003227433748642,0.0566123263222346,5.340579710144922,77.0,67.73646209386281,76.0,0.0146916110723633,3.761270300074667,160.67850811863855,298.8170615437276,51.3627788438657,147.30027756676566,0.1021836572967902,8188.0,1,0.016100000000000003,-366.3836878717939,4,-1.9983785152435303,26
yolo11s.pt,5,115W,29,4294.1509375,27.5641862567812,0.1944201000002794,0.18479420167137,38.7463768115942,83.0,23.49728752260398,81.0,0.1143206402882863,32.33594694165509,0.0,0.7222,0.0,8200.0,8200.0,8200.0,2.643473387771403e-16,0.0,28.99275362318841,68.0,17.839059674502714,66.0,0.0873719155202299,26.3312696591796,23.051963768115943,118.391,2.431270757485652,51.85300000000001,0.0642936867383087,67.016,27.564186256781195,15.163,60.108,16.270394787754697,552.282608695652,2655.0,2270.886075949368,2655.0,1.4802150085022996,310.4455347710535,0.3265411012071246,0.1944201000002794,0.2457606199997825,-0.0044662113077216,0.0634861535508905,5.84782608695653,77.0,68.08679927667269,76.0,0.0159879772806424,3.946714163053333,163.7517887396648,271.27848036266624,52.93698183256431,149.16153216646998,0.1045072086187894,8188.0,1,0.009400000000000075,-345.43195170147425,7,-2.023150682449341,27
yolo11s.pt,5,115W,26,4548.7909375,27.808817005545247,0.1868936839998059,0.199895856070877,37.14814814814815,87.0,18.41589648798521,80.0,0.0994910947261044,29.16621444808067,0.0,0.71618,0.0,8200.0,8200.0,8200.0,-2.1020970989980242e-14,0.0,28.140740740740743,71.0,13.805914972273568,63.0,0.0747635276722453,23.26249077437518,22.78354074074074,118.649,2.355583841877834,50.462,0.0657106550289162,65.506,27.808817005545286,15.044,60.831,16.680337612048216,588.2222222222222,2655.0,2280.5268022181144,2655.0,1.61335097639331,316.99220344519864,0.2757544931135739,0.1868936839998059,0.2400086000001464,-0.0036632622307941,0.0515367730974949,4.903703703703698,77.0,67.57486136783734,76.0,0.014694365058253,3.93388476954292,144.87071212832458,165.23428359173317,21.86315823201368,139.1165257357065,0.0227753262060146,8188.0,1,0.01541999999999999,-376.97248370968515,3,-2.2514781951904297,28
yolo11s.pt,5,115W,31,4487.7509375,27.567588235294107,0.196184995999356,0.1744628125049377,39.35294117647059,88.0,23.362132352941178,86.0,0.1113888408523732,32.540011002476724,0.0,0.71849,0.0,8200.0,8200.0,8200.0,1.0777197518178622e-15,0.0,31.529411764705884,73.0,17.522058823529413,71.0,0.0887357517896915,26.442353201257813,23.03575,121.783,2.443811893335951,52.224,0.065536455441825,67.37,27.56758823529412,15.146,61.134,16.330752035685254,578.4926470588234,2655.0,2275.340073529412,2655.0,1.5736458796098949,315.9678527672515,0.3490224168126054,0.196184995999356,0.2561280200003238,-0.0046170345385717,0.0684729614460665,6.161764705882348,78.0,68.15073529411765,78.0,0.0171847653349951,4.31942425908023,182.78855349838875,375.5148787402261,83.70278192920571,158.014122548402,0.2096919665269589,8188.0,1,0.013110000000000066,-359.4814488680176,5,-2.4774694442749023,29
yolo11s.pt,5,115W,27,4715.9109375,27.79252389705881,0.1846699200004513,0.1900904875807586,19.33823529411765,83.0,18.174632352941178,83.0,0.0748511820461369,28.51916312422249,0.0,0.72044,0.0,8200.0,8200.0,8200.0,1.0777197518178622e-15,0.0,14.0,70.0,13.216911764705882,66.0,0.0572784017555524,23.39315528081269,23.428595588235297,118.37,2.3482933842833447,50.173,0.066316914448125,65.265,27.792523897058825,15.092,61.41265000000003,16.666259028551725,550.6985294117649,2655.0,2274.402573529412,2655.0,1.5073978511775783,312.31606597629,0.3062021291217096,0.1846699200004513,0.2324437800009035,-0.0041749596923685,0.0565463226888739,6.25,77.0,67.62867647058823,77.0,0.0164640436741375,4.129118409116551,154.20079115553014,201.43335513069783,28.94106529003489,146.20681050781852,0.0352253909712448,8188.0,1,0.011160000000000059,-389.42662822472073,1,-2.5071775913238525,30
yolo11s.pt,5,115W,28,4815.21734375,27.44742518248174,0.1834517119995143,0.1798313264180306,28.072992700729927,85.0,18.81569343065693,84.0,0.0879911654192769,30.20792860817382,0.0,0.7184,0.0,8200.0,8200.0,8200.0,-2.2024124680315225e-14,0.0,22.12408759124088,70.0,13.804744525547443,69.0,0.0685507272691078,24.55093423171634,23.369744525547446,120.65,2.404925036178988,50.873000000000005,0.0658191413169049,66.009,27.44742518248175,15.136,60.584,16.644320645983125,555.2189781021898,2655.0,2263.3576642335765,2655.0,1.491082692611844,309.1435718055686,0.3051598730569333,0.1834517119995143,0.2330724399987956,-0.0039607477692474,0.0559821011458489,5.883211678832112,78.0,67.68430656934306,77.0,0.0157924073328271,3.866000271054861,162.6243750533611,240.32233050288303,37.85114204991469,152.62872008561098,0.0541734749195336,8188.0,1,0.01319999999999999,-395.4353073601298,0,-2.6227047443389893,31
yolo11s.pt,5,115W,32,4708.04296875,27.568601115760096,0.2195848600000089,0.189060160958178,45.59114414996768,86.0,21.266527998204523,82.5,0.1234524978893686,29.962710093855527,0.0,0.71163,0.0,8200.0,8200.0,8200.0,-3.320220649755569e-15,0.0,36.687588881706525,71.5,16.43873338783886,70.0,0.0985902609998334,24.50052784354299,23.82743810601164,119.96,2.388002034018605,51.3515,0.0738006861209239,65.8175,27.56860111576011,14.466,62.2191,17.143629923042987,577.8446994182289,2655.0,2277.097280334728,2655.0,1.7131102116453154,315.6056516363608,0.1719696088115325,0.2195848600000089,0.2526080075001119,-0.0030688935338548,0.0384087690001927,5.425145442792505,76.5,66.97000993924237,75.0,0.0162729757398627,3.9341179266869983,149.00890671040696,161.76933294306383,16.02728910217648,145.86889229644842,0.012868546471106,8188.0,2,0.019970000000000043,-388.798678720283,2,-3.343512535095215,32
yolo11s.pt,5,65W,11,2306.49765625,21.465373887240343,0.1060044483332603,0.2068568288349168,29.083333333333336,75.0,17.299703264094955,74.0,0.0714562399048799,26.01361946246736,1.0,0.71596,666.6666666666661,8000.0,7402.077151335312,8000.0,1.506303372168176,490.3173622353103,14.36309523809524,41.0,9.02225519287834,40.0,0.0367058346303587,14.038874924915762,15.501559523809522,51.703,1.8718518583030208,27.29,0.0348995547246754,40.18,21.46537388724036,12.89,38.3629,10.16301825128418,123.39285714285734,2505.0,2065.660237388724,2505.0,0.271477638987485,211.71821173101443,0.4472767802176772,0.1060044483332603,0.128911430001608,-0.0010158988969108,0.0474133283392518,3.994047619047621,71.0,65.60979228486647,70.0,0.0086521860328855,2.4844846055216374,111.78721964292494,135.36671658573567,22.79621614421125,103.7692301875656,0.0415854325451853,8188.0,1,0.015639999999999987,-172.68286628990873,20,1.6697858572006226,1
yolo11s.pt,5,65W,10,2183.8130408653847,21.67209186746989,0.1017654338462587,0.2205469831249049,36.27108433734939,73.0,16.890060240963855,71.0,0.0760082004608096,24.765556581015,1.0,0.7316,608.4337349397583,8000.0,7430.722891566265,8000.0,1.4233370046716174,495.17742501759966,17.698795180722893,42.0,8.685240963855422,38.0,0.0379306973752868,13.470696406976309,15.405198795180718,46.226,2.159689996066092,33.817,0.0350998691803925,46.805,21.67209186746988,12.988,39.222,10.545443700168706,150.2710843373493,2505.0,2056.897590361446,2505.0,0.2609946471149794,210.76616916972893,0.4489773207211359,0.1017654338462587,0.1277429199995822,-0.0009107712412597,0.0456903718303172,3.686746987951807,71.0,65.74246987951807,70.0,0.0080354965263018,2.3196912280885726,106.3184039696608,132.59372625389622,22.43286290826989,98.26519302327564,0.0445197285549172,8188.0,1,0.0,-163.75660664606707,21,1.5953022241592407,2
yolo11s.pt,5,65W,12,2389.0026988636364,21.59375987841946,0.1123708363636978,0.2022090714812381,30.317073170731707,81.0,17.796352583586625,78.0,0.0760058910387809,27.30656509586388,1.0,0.72639,646.3414634146338,8000.0,7408.814589665653,8000.0,1.5148391454047003,491.6149112284501,15.231707317073171,43.0,9.290273556231003,43.0,0.0389511020993412,14.786708366031524,15.149896341463418,48.502,2.6589626041633387,44.426,0.0353540996472971,57.417,21.59375987841945,12.991,38.828,10.405066624879318,-18.658536585365937,2505.0,2029.901215805471,2505.0,0.0968361244876925,228.32553740647683,0.429172820690306,0.1123708363636978,0.1389090299984672,-0.001111225533897,0.048226508805537,4.152439024390233,73.0,66.10942249240122,71.0,0.0093163228735572,2.527695101001668,115.25440435956304,145.19284020687715,23.823645005324124,106.78927369696676,0.0427268973103799,8188.0,1,0.005210000000000048,-179.14597864386747,19,1.123250126838684,3
yolo11s.pt,5,65W,14,2657.59765625,21.52112518628913,0.1258384099998511,0.1934417267750267,30.49101796407185,79.0,18.540983606557376,79.0,0.073953643004903,26.55193776978586,1.0,0.71692,550.8982035928138,8000.0,7400.894187779434,8000.0,1.2846005230394737,490.0796241266329,16.976047904191617,47.0,10.731743666169896,46.0,0.0418177369486398,15.78590524994447,15.544556886227545,50.198,2.384215488541914,38.301,0.0350084655893409,51.311,21.52112518628912,13.01,38.966,10.252326167472384,165.80838323353282,2505.0,2039.172876304024,2505.0,0.2775610583446415,258.6375685633331,0.3625418214283418,0.1258384099998511,0.1669659099989074,-0.0013313124465678,0.0456216863669924,3.5508982035928085,72.0,65.90611028315946,70.0,0.0080582556665258,2.2599621971170185,118.47065832479772,147.36295174538262,23.50017053148269,111.25378968167638,0.0393477971699905,8188.0,1,0.014680000000000026,-203.31318485325198,17,1.055711269378662,4
yolo11s.pt,5,65W,13,2548.31765625,21.363731895223424,0.1220137080000131,0.2005129342503352,37.92592592592593,77.0,19.93990755007704,77.0,0.0880458649950175,27.999027508823144,1.0,0.72246,641.9753086419751,8000.0,7394.453004622496,8000.0,1.513790666333038,488.7328838606844,21.104938271604937,44.0,10.966101694915254,43.0,0.0486816886816886,15.665575414330531,15.034808641975308,48.691,2.072812007620305,31.387,0.0352044778949863,44.283,21.36373189522342,12.896,38.3942,10.24038366205063,163.14814814814827,2505.0,2043.906009244992,2505.0,0.2483380085074988,233.2449239652784,0.3979285913075129,0.1220137080000131,0.164400525000019,-0.0013427986362413,0.0485527429446514,3.5679012345678984,73.0,66.01540832049307,70.0,0.0081941536178825,2.2404895447871587,114.12778011972678,141.84495063994814,22.76938408848951,106.5454055375368,0.0398033684069055,8188.0,1,0.009140000000000037,-195.1781826815226,18,0.9187775254249573,5
yolo11s.pt,5,65W,15,2860.6198784722224,21.31144242424244,0.1329237133334876,0.1888530709015418,31.12727272727273,81.0,18.52272727272728,80.0,0.0795624374294206,27.61863279401188,1.0,0.725,721.212121212121,8000.0,7404.545454545455,8000.0,1.623323703264211,490.8038607754284,15.92121212121212,50.0,10.296969696969697,48.0,0.0425489748807754,16.003020261310997,14.486321212121211,48.516,2.3623928872468,37.493,0.0339247853269552,50.346,21.311442424242426,12.853,39.0073,10.14598753044262,24.545454545454504,2505.0,2029.9772727272727,2490.0,0.0642616676847706,200.62204272942097,0.3778591110882051,0.1329237133334876,0.1783477599994511,-0.0015712510671778,0.050226436162735,2.9151515151515213,71.0,65.62424242424242,70.0,0.0068831446102744,2.0914009083416563,121.04744057294558,158.7959675771836,26.83421610465077,112.84668193377227,0.0491435588340924,8188.0,1,0.00660000000000005,-222.61692717180742,16,0.6048685908317566,6
yolo11s.pt,5,65W,17,3105.94765625,21.221757341576485,0.145865577499444,0.1820896405989482,40.32298136645962,85.0,20.31993817619784,85.0,0.0940079702443266,29.328991749268084,1.0,0.71275,534.1614906832301,8000.0,7400.309119010819,8000.0,1.3096175498499096,489.9609456350588,22.98757763975156,53.0,11.836166924265845,52.0,0.0540088085271618,17.907396764405902,14.776360248447205,50.24,3.3467539401580875,58.256,0.0352689370839489,71.024,21.22175734157651,12.768,38.622,10.63965924101515,22.08074534161483,2505.0,2018.2302936630604,2505.0,0.0675998455999977,229.973786175824,0.3515787132947204,0.145865577499444,0.1827190499971037,-0.0020722439117958,0.0512832320512458,3.621118012422357,73.0,65.67542503863987,70.0,0.0081810999298714,2.3790167393769024,126.27836238019734,222.2346967133404,35.10726919936621,116.54565999346072,0.0772922974356552,8188.0,1,0.018850000000000033,-244.9136060972389,15,0.3107186555862427,7
yolo11s.pt,5,65W,18,3233.49765625,20.92321765601219,0.1497752974997638,0.174098952726752,38.52439024390244,81.0,19.812785388127853,79.0,0.0870077715953909,28.06428727218089,1.0,0.7152,658.5365853658532,8000.0,7403.348554033486,8000.0,1.5355823500359196,490.5695648861454,22.82926829268293,50.0,11.614916286149162,49.0,0.0521130696380037,17.24925047763456,13.474737804878046,47.947,2.7060847394918026,43.904,0.0324262046260592,56.62,20.923217656012177,12.716,40.58079999999998,10.625335026242766,-33.75,2505.0,2012.716894977169,2505.0,-0.0423715366249717,243.6561171265558,0.3434297662792032,0.1497752974997638,0.1931200049994003,-0.0021385694090074,0.051437295414742,3.621951219512198,73.0,65.83866057838661,70.0,0.0082316776971325,2.285184238418082,129.16479458262424,199.5075381535096,32.53503244045028,120.18003169066236,0.0634474501207107,8188.0,1,0.01640000000000008,-255.42803014180507,14,0.07437115907669067,8
yolo11s.pt,5,65W,19,3416.5690848214285,21.16235503875967,0.164384574286149,0.1830928802073079,33.267080745341616,83.0,16.28372093023256,82.0,0.0730394355602919,27.982582596864376,1.0,0.71952,602.4844720496894,8000.0,7382.945736434109,8000.0,1.4325649369960212,486.10523488340135,18.732919254658384,55.0,9.291472868217054,50.0,0.0422070909147012,17.577081761686603,14.613515527950309,50.222,3.1946822495027187,54.597,0.0343743864955912,67.607,21.16235503875969,13.01,38.4278,10.209072937107845,51.70807453416137,2505.0,2001.9767441860463,2505.0,0.0456085046971789,237.29027345799864,0.3247587525507296,0.164384574286149,0.2003429200020036,-0.0024653608683554,0.0533853292837525,3.4285714285714164,70.0,65.72713178294573,70.0,0.0080017297749817,2.178106422396394,121.96702349280402,149.11034046769277,22.913576087282948,115.58262131656063,0.0352940013243776,8188.0,1,0.01207999999999998,-276.54101469995845,13,-0.004725238773971796,9
yolo11s.pt,5,65W,20,3489.99765625,21.140887864823327,0.1666311914291457,0.176136566639274,32.67283950617284,84.0,19.57757296466973,81.0,0.0839044588896162,28.304978110123464,1.0,0.72133,611.1111111111104,8000.0,7400.921658986175,8000.0,1.4155011819765349,490.0851786597389,19.30246913580247,55.0,12.001536098310291,49.0,0.0504909497785017,17.577434496466644,14.705345679012346,48.474,2.4399164467367567,38.616,0.0345586384761092,51.582,21.14088786482335,12.966,38.15,10.129578345340914,98.61111111111131,2505.0,2023.3870967741937,2505.0,0.1836765451053963,276.9612550376534,0.351528464487272,0.1666311914291457,0.2088185200009319,-0.0026047378711302,0.0585756068587722,3.592592592592581,71.0,65.44086021505376,70.0,0.0077184046905004,2.023849018930985,129.78118580663158,199.3219001766153,35.42006196345878,120.02554760886002,0.0744860865380187,8188.0,1,0.010270000000000001,-281.21364163264866,12,-0.34716546535491943,10
yolo11s.pt,5,65W,21,3628.454799107143,20.82514992272028,0.168862597142288,0.1674566143727649,38.29192546583851,84.0,17.817619783616692,82.0,0.0812074976867469,28.72973996535237,1.0,0.72416,602.4844720496894,8000.0,7391.035548686244,8000.0,1.4418730605848131,487.98232380885696,22.546583850931675,55.0,10.346213292117463,53.0,0.0484396330908693,18.52182171892339,14.46108074534162,47.931,2.7916245604826884,45.31100000000001,0.0333288436021208,58.136,20.825149922720247,12.825,40.619,10.326475070688948,102.48447204968944,2505.0,2017.5347758887167,2505.0,0.1505984860930983,266.7460716103242,0.3287622767670302,0.168862597142288,0.2008816199988359,-0.0026040395518066,0.0555156518972924,3.440993788819867,71.0,65.46522411128285,70.0,0.0075742310084187,2.0340864764480964,138.39769656616144,243.0135742299225,56.62134511073666,124.36146521129754,0.1673796443734431,8188.0,1,0.007440000000000002,-292.39437476847985,11,-0.41175493597984314,11
yolo11s.pt,5,65W,22,3587.464322916667,21.15356786271452,0.1877353066669456,0.1805123431730344,37.03125,85.0,19.753510140405616,80.0,0.0890267561637045,28.96135072079392,1.0,0.72553,543.75,8000.0,7391.575663026521,8000.0,1.3194009068773989,488.10261539133495,22.25625,51.0,12.230889235569425,50.0,0.0545168909560121,18.182290178091883,14.345518750000004,51.244,2.7656800204905263,45.539,0.0347581118233047,58.504,21.153567862714507,12.965,38.098,10.095029157462225,61.125,2505.0,2010.444617784712,2505.0,0.1214832530217082,259.2804704898308,0.2552555676416932,0.1877353066669456,0.221307379999962,-0.0026080972635953,0.0479204822696585,3.518749999999997,71.0,65.5210608424337,69.0,0.0081040321052095,2.1100626894100745,121.4278864386285,140.8857830675235,18.03115510288599,117.18626821234749,0.0220500829079253,8188.0,1,0.00607000000000002,-292.6659919368011,10,-0.7729163765907288,12
yolo11s.pt,5,65W,23,3896.6643229166666,21.329969230769223,0.1877132000000226,0.1740833382699874,31.85185185185185,84.0,18.55076923076923,83.0,0.0816714177020355,29.14485901665321,1.0,0.72064,530.8641975308637,8000.0,7389.2307692307695,8000.0,1.2738491688737814,487.5758171964571,19.39506172839506,58.0,11.684615384615384,55.0,0.0508759037572597,18.77733274062296,14.647592592592598,47.738,2.771827720909836,46.016,0.0353822813599741,59.123,21.32996923076923,13.107,41.78455,10.95759125814573,29.90740740740739,2505.0,2011.823076923077,2505.0,0.0698250901640743,241.9517264435079,0.2931832995545805,0.1877132000000226,0.2113853599999856,-0.002773285561718,0.0550343753459555,3.4938271604938222,72.0,66.56615384615385,71.0,0.0078280167071857,2.130964167700543,129.64949563642685,184.26841441208003,29.40132190905542,122.52734490700298,0.0514271019024928,8188.0,1,0.01096000000000008,-320.41711519361877,9,-0.9288885593414307,13
yolo11s.pt,5,65W,24,3947.464322916667,20.59570295489893,0.1881091766669366,0.161426696905118,40.975,86.0,20.52566096423017,84.0,0.0946902765117616,29.88553399971365,1.0,0.72151,575.0,8000.0,7404.354587869362,8000.0,1.3895056595396498,490.7667013341069,25.04375,56.0,12.491446345256607,56.0,0.0586027160337569,19.57800138787267,13.7546125,49.774,2.672839092724728,42.14,0.0324186076397669,55.049,20.59570295489891,12.909,39.337,10.091474819600244,1.875,2505.0,1995.933125972006,2460.0,-0.0211601358892527,244.94672072601293,0.3330039509429428,0.1881091766669366,0.2320941099998889,-0.002889017908776,0.0626410990387139,3.2750000000000057,71.0,66.16329704510109,70.0,0.0073629852086687,2.1015634446202687,140.51790180251982,257.98443510156136,48.161383084377086,127.58548213994924,0.1174720609279717,8188.0,1,0.010090000000000043,-322.31529259867693,8,-1.1303813457489014,14
yolo11s.pt,5,65W,25,4193.530989583333,20.915148437499987,0.1938970666667349,0.1622154372372236,27.44375,86.0,17.85625,78.0,0.074712569488695,28.64831951332399,1.0,0.7155,550.0,8000.0,7393.75,8000.0,1.3235811122585694,488.58053327982685,17.53125,55.0,11.084375,53.0,0.0480517988325166,18.599371786686103,13.029337500000002,52.235,2.957856129248425,48.788,0.0321323293864853,61.864,20.9151484375,13.076,41.24739999999998,10.526944523229606,-7.21875,2505.0,1989.375,2505.0,-0.0681826920964145,280.3974578611582,0.3272819879352928,0.1938970666667349,0.2259515499998087,-0.0031854471190161,0.063459017433511,3.1937499999999943,71.0,65.7828125,70.0,0.0071141912577911,2.085219914024357,144.72410749805923,286.34199787700896,59.45218329717883,128.93438993055696,0.1687539146890893,8188.0,1,0.016100000000000003,-346.1771046874992,4,-1.6219923496246338,15
yolo11s.pt,5,65W,26,4249.67765625,20.993258320126763,0.2172217799996724,0.1753920361650334,33.64968152866242,82.0,15.803486529318542,82.0,0.0750460676958701,27.35241719399612,1.0,0.71618,573.248407643312,8000.0,7410.459587955626,8000.0,1.4139367556687898,491.9171826750146,20.331210191082803,56.0,9.648177496038034,54.0,0.0467409194815963,18.47934965188036,13.47425477707006,48.048,2.962617762883051,49.186,0.0338229615820731,62.195,20.99325832012678,13.009,42.905,11.102295207578404,67.07006369426745,2505.0,2017.84469096672,2505.0,0.0849866597123279,237.2981460325448,0.253570043941329,0.2172217799996724,0.2567674800004168,-0.0033048016923315,0.0550809362995306,3.0191082802547697,72.0,65.63549920760697,69.0,0.0073776137267882,2.020561821789402,123.6849755592818,136.86328483678292,16.24096493973333,119.69333830170808,0.017242084234661,8188.0,1,0.01541999999999999,-357.35195630800047,2,-2.2121541500091553,16
yolo11s.pt,5,65W,29,3995.03765625,21.15940156250004,0.2266768080001929,0.1653912277717863,31.75,89.0,18.2,82.0,0.0832585345667348,28.3182913502916,1.0,0.7222,581.25,8000.0,7404.6875,8000.0,1.3907123186335897,490.8314653154889,21.09375,61.0,11.965625,59.0,0.0560895076648136,19.86049957476838,14.147587500000004,45.596,2.478236439963116,39.564,0.0346738499346312,52.438,21.1594015625,12.874,43.88715,11.260436471738563,111.28125,2505.0,2040.328125,2505.0,0.1984815484168679,246.3222644402742,0.2994539031123826,0.2266768080001929,0.2855633199986185,-0.0043168876922433,0.0678792549007139,3.3562499999999886,72.0,65.825,70.0,0.007591983256795,2.2278072178714208,139.67352777870406,240.05047281919525,45.29509951483584,127.93545248782272,0.1051657277505698,8188.0,1,0.009400000000000075,-326.97531444480643,7,-2.391735315322876,17
yolo11s.pt,5,65W,31,4188.55765625,17.726389982110902,0.2340605639998102,0.1338402850610795,41.27956989247312,89.0,10.923076923076923,80.0,0.0396106403732287,24.458525821167328,1.0,0.71849,802.8673835125446,8000.0,7236.13595706619,8000.0,0.7569353570927759,424.7066833081677,26.92831541218638,62.0,6.9919499105545615,56.0,0.0256631321906245,16.740012576568773,17.309121863799284,51.039,3.590578796034172,51.178,0.0165890508544056,63.648,17.726389982110913,12.47,37.406,8.674499506318693,105.53763440860212,2505.0,2036.3372093023256,2505.0,0.1243644765941551,207.83657719324432,0.3401552633022105,0.2340605639998102,0.2989931399984925,-0.0044289436154324,0.0796169327760193,2.007168458781365,69.0,63.87656529516995,67.0,0.0014446829101774,1.7229810488663655,157.0229632946196,348.06440267359943,82.08030083936586,132.44435316333394,0.2732445705214917,8188.0,1,0.013110000000000066,-342.9357427234218,5,-2.3920445442199707,18
yolo11s.pt,5,65W,27,4416.79765625,20.30615372670804,0.2161806679998699,0.1625851065610292,43.7888198757764,86.0,20.83695652173913,85.0,0.0998697963759991,30.98246048683005,1.0,0.72044,621.1180124223602,8000.0,7371.11801242236,8000.0,1.4468641840965972,483.10395700929325,28.6832298136646,59.0,13.347826086956522,58.0,0.0648873219724905,20.61779092743736,14.11895031055901,52.52,2.9070005474428973,46.099,0.0327655385647364,59.03,20.306153726708075,12.931,38.015,9.629018190034117,-0.4658385093168817,2505.0,1986.2422360248447,2505.0,-0.0097969465947225,297.2873116524389,0.2457673580627643,0.2161806679998699,0.2510726999993493,-0.0035430513077405,0.0531301516385716,3.8012422360248337,70.0,65.67080745341615,70.0,0.0083278201967926,2.078509970109614,129.5439434031201,163.95044834886454,20.52101851496417,124.89553413729044,0.0250936362423846,8188.0,1,0.011160000000000059,-370.8047918879674,1,-2.470210313796997,19
yolo11s.pt,5,65W,30,4080.71765625,20.84822945736436,0.2272490560000005,0.1579246821152485,30.12422360248447,87.0,17.209302325581394,87.0,0.0781596678903587,27.862974353491552,1.0,0.71542,639.7515527950309,8000.0,7421.705426356589,8000.0,1.5011656304265086,493.8319144587524,19.714285714285715,61.0,10.927131782945736,61.0,0.051388806280854,18.995290121819423,14.107751552795031,49.312,2.841584227627234,46.491,0.033794705940489,59.242,20.84822945736434,12.751,41.30879999999999,10.602780339038056,185.4037267080744,2505.0,2035.372093023256,2505.0,0.275945842122705,279.08463526286306,0.3212772987632574,0.2272490560000005,0.2818623200022556,-0.0042821059231069,0.0730099628581804,3.3105590062111787,71.0,65.73178294573644,69.0,0.0076493797987504,2.0650650644300064,151.89337396991996,312.1172794642762,70.06917559458128,132.0137497072812,0.2128023195184263,8188.0,1,0.016180000000000083,-333.03477969210417,6,-2.4790871143341064,20
yolo11s.pt,5,65W,28,4516.63765625,21.44562519201229,0.2196598079999967,0.1682407825756182,27.98148148148148,80.0,17.56989247311828,79.0,0.0722611526609152,28.84429224160845,1.0,0.7184,574.0740740740739,8000.0,7368.6635944700465,8000.0,1.3576093409855337,482.4424821493972,16.771604938271608,57.0,11.13978494623656,51.0,0.0449034084854389,19.146066384985403,15.374432098765434,49.398,2.4303325052707154,39.20099999999999,0.0364278811629692,52.12,21.44562519201229,12.919,42.349,11.141208833892753,201.29629629629608,2505.0,2053.709677419354,2505.0,0.3593445738903847,260.08363339118523,0.2736543312034599,0.2196598079999967,0.2470714799994311,-0.0038264021538466,0.0601108578505195,4.179012345679013,74.0,66.05837173579108,71.0,0.0087790736870489,2.4450275173783287,134.54458760628057,192.26965097147925,29.62853858272917,127.46983735868704,0.0484939988066982,8188.0,1,0.01319999999999999,-379.47230824819025,0,-2.7815096378326416,21
yolo11s.pt,5,65W,32,4245.4296875,22.278069456848872,0.2641229249999923,0.1837673241219882,38.1718137254902,88.0,20.905852378388964,85.0,0.0971954015672842,32.15933000882079,1.0,0.71163,614.8039215686272,8000.0,7400.953986003719,8000.0,1.6840864547618952,490.08892770701976,23.33691176470588,61.5,13.152596469120097,58.5,0.0603633337447325,21.81040149976253,13.199460196078434,47.905,3.1254207124545603,55.6335,0.0362924186923203,69.65100000000001,22.278069456848883,14.0175,43.881600000000006,11.264179190705624,114.51323529411752,2490.0,2008.9252746647744,2490.0,0.1690275921862184,297.4781111451201,0.1233381743564213,0.2641229249999923,0.2986826224996549,-0.0019894122556573,0.0330723810101638,2.931029411764712,76.5,71.53306988352745,75.0,0.0075211408295539,1.8391745809058573,122.7631677304918,132.25218869451805,10.47961484190936,121.25314661271388,0.0083661249351782,8188.0,2,0.019970000000000043,-356.24869167374146,3,-3.1416451930999756,22
yolo11s.pt,10,115W,2,1419.386767578125,22.83907209612818,0.0602121571874931,0.6875948995342795,29.893048128342244,44.0,23.876502002670225,42.0,0.0217009501902506,16.57386575148539,0.0,0.69796,0.0,8200.0,8200.0,8200.0,-3.629799308523918e-15,0.0,6.885026737967914,12.0,5.680240320427236,11.0,0.0048061968545557,4.085030400558575,9.06597593582888,117.056,1.3604318016609511,16.007,0.0073542604143473,31.071,22.83907209612817,15.064,29.183,5.0318205634793,155.85561497326216,2430.0,2155.10347129506,2385.0,0.147248782174202,139.8545137681582,0.2663844917028249,0.0602121571874931,0.0767914200010636,-1.219153256411797e-05,0.0160395848867209,3.9679144385026746,70.0,67.24299065420561,70.0,0.0034295449748876,1.7180327266515911,34.14879365143024,39.94836941813698,4.5765870887894655,33.21588352618307,0.0179610916735463,8188.0,1,0.08894999999999997,-126.58585606132831,31,4.729276657104492,1
yolo11s.pt,10,115W,3,1581.1295421511627,28.66045733788397,0.0578624281394589,0.5527878843857803,30.535836177474405,44.0,23.53754266211604,43.450000000000045,0.0331214058415108,18.454938851779595,0.0,0.73217,0.0,8200.0,8200.0,8200.0,9.337903610387032e-15,0.0,9.491467576791807,15.0,7.126279863481229,14.450000000000044,0.0102493213117506,6.0857994068133685,17.99565529010239,119.906,1.401687332703465,25.156,0.0207717209553284,40.173,28.660457337883955,15.017,39.84225,10.365040805682824,540.7679180887371,2655.0,2405.029863481229,2655.0,0.6168633880442097,308.87798428575627,0.3210350909913286,0.0578624281394589,0.0733489299984284,-1.7567790594689368e-05,0.0185758698827304,6.020477815699664,74.0,69.1160409556314,73.0,0.0070857607775249,2.992912337123876,53.33709349781726,60.04469281554637,6.344624767474711,51.84711558888359,0.0141498941979436,8188.0,1,0.05474000000000001,-132.74225032936292,30,4.541834831237793,2
yolo11s.pt,10,115W,1,1415.470224761963,19.80007311360574,0.0566709651757797,1.1220580949659775,17.67091082781552,37.5,26.733415045369064,36.75,0.0090308393050322,13.188573834815053,0.0,0.65367,0.0,8200.0,8200.0,8200.0,-2.114422570089849e-15,0.0,2.779208440409638,8.5,4.483692597821581,7.25,0.0013993936122312,2.335351094665965,3.4292475993040457,118.416,1.1066943449930895,7.321499999999999,0.0017972107905936,21.913,19.800073113605688,14.5915,21.4249,2.300371139498492,0.0,2010.0,2010.0,2010.0,-1.1927533683863683e-16,0.0,0.1545945249665364,0.0566709651757797,0.0696512574994243,-1.3181559263171117e-06,0.0088026892097008,1.9877082093738672,66.25,64.95437461556203,65.75,0.0011102131912303,0.9451088171524268,17.88884788365087,19.87843820166831,1.80872732060468,17.653391213424587,0.0103231729440023,8188.0,4,0.13324000000000003,-134.92832637086272,29,3.7568209171295166,3
yolo11s.pt,10,115W,4,1768.8984375,29.15876407766992,0.05949683531245,0.4337135460609276,32.21400778210117,52.0,22.802912621359223,48.0,0.0450503853221315,20.6154572807706,0.0,0.73829,0.0,8200.0,8176.699029126214,8200.0,0.0347900581149324,165.5845095559444,12.6420233463035,22.0,8.618446601941747,20.0,0.0176445060603803,8.214777680755336,19.106031128404663,116.415,1.5152905617778425,29.093,0.0266496375170803,44.184,29.158764077669904,15.091,43.447,11.937310385040956,512.9182879377431,2655.0,2373.2912621359224,2655.0,0.7022791633660891,312.66765230422567,0.3178639724153656,0.05949683531245,0.0762083899995559,-1.3744725174218688e-05,0.0189119004185581,5.910505836575879,74.0,69.64271844660195,74.0,0.0084385328555886,3.304971305245278,69.3887180770828,78.02014599088729,8.813626844696028,67.23046661211207,0.0161336113215222,8188.0,1,0.04862,-142.38817859826676,28,3.689345598220825,4
yolo11s.pt,10,115W,5,1862.087860576923,29.39886377396567,0.0662827050000627,0.3897272429733594,31.46153846153846,50.0,22.183652875882945,49.0,0.0470640949385131,20.623396801626185,0.0,0.74809,0.0,8200.0,8176.99293642785,8200.0,0.031766839976197,164.5574407687671,12.813765182186236,23.0,9.135216952573158,22.0,0.0192436473718007,8.95339885675538,19.87762753036437,121.345,1.59978971846012,31.858999999999995,0.0292537548468967,47.032,29.398863773965694,15.173,45.743,12.579521925874667,503.5627530364373,2655.0,2361.220988900101,2655.0,0.7304875107640302,312.9222033534777,0.335991053986725,0.0662827050000627,0.0882506649999413,-4.5418849992833664e-05,0.0222703959140622,6.31174089068827,75.0,69.9606458123108,75.0,0.0092416178647909,3.5229484352996345,78.65064787475937,93.15561126081072,12.287931698502112,75.43445910958626,0.0244091675539412,8188.0,1,0.038819999999999966,-146.8317653467337,27,3.204176425933838,5
yolo11s.pt,10,115W,6,1949.001846590909,29.62802550478217,0.0678341572727566,0.3349653569621063,30.353191489361706,63.0,22.151965993623804,54.0,0.0496402966801701,21.89602686368972,0.0,0.75523,0.0,8200.0,8187.247608926674,8200.0,0.0152945739258634,123.04570618231443,14.004255319148935,31.0,9.934112646121148,27.0,0.0229657244565853,10.722066740123353,21.45434042553192,119.867,1.6974468984402136,36.292,0.0338359319947364,50.292,29.628025504782148,14.0,48.248,13.335820100894818,532.0212765957449,2655.0,2354.3304994686505,2655.0,0.8278890218803147,314.9670262833324,0.3676889768072343,0.0678341572727566,0.0872293250000438,-9.392766909483146e-05,0.0249418718802008,5.851063829787222,76.0,69.99043570669501,75.0,0.0093444086018873,3.4408488686108973,92.58043479950864,110.98261030850207,14.69403079681344,88.45101407944674,0.025190886971431,8188.0,1,0.03168000000000004,-147.7583493123793,26,3.1077425479888916,6
yolo11s.pt,10,115W,7,2126.9846217105264,29.83070362239304,0.0718227447368821,0.3060747159418174,33.845814977973575,63.0,23.83754116355653,61.0,0.0528901784563579,24.59601040561038,0.0,0.75693,0.0,8200.0,8186.827661909989,8200.0,0.0126657097019324,125.03317646631082,17.0,34.0,11.565312843029638,31.0,0.0264728410996248,12.689566484696304,22.00120264317181,119.614,1.735560805248175,36.61,0.0360254266979193,51.773,29.83070362239297,15.163,50.057,13.970960784597525,526.1894273127755,2655.0,2344.5115257958287,2655.0,0.8545961447992171,319.1225408524268,0.3557256011972526,0.0718227447368821,0.0922672049986431,-9.544891976887507e-05,0.0255491890511642,6.198237885462561,77.0,70.21953896816684,76.0,0.0102272748916113,3.821496222281501,102.12686498862972,124.46169348548456,16.664818518905754,97.46216223905158,0.0266269348763558,8188.0,1,0.029980000000000007,-160.19030355210032,25,2.589993953704834,7
yolo11s.pt,10,115W,8,2327.94736328125,29.874406671367048,0.0754092651563311,0.2815465255226048,32.58997957535136,63.25,22.728097893514867,60.75,0.0568276177982729,24.750832655575707,0.0,0.76718,-14.563106796116472,8200.0,8183.438293495033,8200.0,-0.0126206895504886,119.01442826581814,16.843564599661548,35.25,11.75780186704977,33.5,0.029551615421148,13.65291931654146,22.838390959293854,117.685,1.815207090809993,39.47775,0.0390739528446672,54.21275,29.87440667136704,14.735,51.564625,14.694849193046434,529.4763719535575,2655.0,2347.3047102000573,2655.0,0.9022863903567012,316.58204941343047,0.2587012126775697,0.0754092651563311,0.0990639662505372,-0.0001078300979657,0.0195516298828777,6.591187211460298,75.75,68.504494552256,74.75,0.0111877787232917,3.901475586248111,109.8601631258325,130.53797648109514,16.948840670359502,106.11039270698848,0.0238378845240123,8188.0,4,0.019730000000000025,-175.10535503820535,24,2.14211368560791,8
yolo11s.pt,10,115W,9,2447.057604166667,30.165220956719807,0.0792962066665253,0.2657763994583837,32.35159817351598,72.0,21.832574031890665,66.0,0.0532960254668996,25.277601986087816,0.0,0.76355,0.0,8200.0,8186.33257403189,8200.0,0.0114887629216456,127.33464818790466,17.269406392694066,42.0,11.574031890660592,39.0,0.0286221607297612,14.569395949127246,22.57713698630137,122.086,1.8635699728722568,40.956,0.0391694750767377,56.215,30.165220956719818,15.259,53.607,14.937175741303196,523.6301369863013,2655.0,2338.1207289293848,2655.0,0.8936321483741078,319.20405567644144,0.3761483447777973,0.0792962066665253,0.1083683949995247,-0.0001576432467213,0.0298271368847716,7.06849315068493,78.0,70.21753986332574,77.0,0.0117696436725605,4.00930720816118,119.88500179975009,147.8724455912074,21.731247760820786,113.49849353890124,0.0328578859840784,8188.0,1,0.023360000000000047,-182.64204448466992,23,1.7493083477020264,9
yolo11s.pt,10,115W,10,2506.1263221153845,30.31389302325579,0.0833998523079991,0.2528174201020019,26.56279069767442,73.0,18.48488372093023,70.0,0.048626699251263,27.028167983075782,0.0,0.77803,0.0,8200.0,8186.046511627907,8200.0,0.0052070957244383,128.644806380831,15.744186046511627,46.0,10.453488372093023,44.0,0.0286263483382902,16.71982319976082,24.674651162790703,118.162,1.9151614725123347,42.7,0.0435668281778212,58.056,30.31389302325581,15.356,55.5518,15.76945888824632,534.6976744186045,2655.0,2322.017441860465,2640.0,0.9343647942220848,313.5068426581084,0.3642880157136846,0.0833998523079991,0.1059228850013823,-0.0002145942208712,0.0303815667080953,6.851162790697671,79.0,70.70813953488373,77.0,0.0114019265688191,4.032389652068784,126.40887250064166,152.07769852795354,21.82939695625313,119.90428907559188,0.029821422887957,8188.0,1,0.008879999999999999,-184.7337253708345,22,1.6287270784378052,10
yolo11s.pt,10,115W,11,2626.7776041666666,30.731929425837343,0.0883463766666257,0.2468231466133805,40.83732057416268,78.0,25.845693779904305,70.0,0.0746302938702519,27.998015447818386,0.0,0.75466,0.0,8200.0,8185.645933014354,8200.0,0.0076402219484422,130.4562805837523,24.56937799043062,51.0,15.50598086124402,45.0,0.0445159072193627,17.496581008997683,24.985301435406697,120.161,1.9083735091065497,43.43600000000001,0.0450328000581642,58.648,30.73192942583732,15.212,55.532,15.948094137789456,528.4449760765551,2655.0,2320.424641148325,2655.0,0.951570081014078,315.8461034546017,0.3538079053334516,0.0883463766666257,0.1159534100004748,-0.0002554876908164,0.0312576464722189,6.095693779904309,78.0,70.05023923444976,77.0,0.0108255578157878,3.933947752429286,131.21749802185747,159.26487099183322,23.112234344455445,124.50991670556448,0.0310241834256982,8188.0,1,0.03225,-194.12142127849543,21,1.3601462841033936,11
yolo11s.pt,10,115W,12,2710.7109375,30.903456865127616,0.0914833727274195,0.2355960385798502,38.4390243902439,74.0,23.970838396111787,71.0,0.0702768614714458,27.343263715612203,0.0,0.7668,0.0,8200.0,8185.419198055893,8200.0,0.008653831498955,131.4700062660493,23.770731707317072,49.0,14.441069258809234,47.0,0.0434342261016262,17.809334858191463,24.81236585365854,121.489,1.9635020206581504,45.422,0.0456582934101804,60.679,30.90345686512758,15.257,57.097,16.272156940977702,505.24390243902417,2655.0,2316.452004860267,2655.0,0.9273203656170638,316.7080633528295,0.3476498008570563,0.0914833727274195,0.117171279998547,-0.0003303788769932,0.0318041763104192,6.526829268292673,78.0,69.9003645200486,76.0,0.0117059862039843,3.9871954670113054,137.6223970087369,164.92103720616458,22.88253898333519,131.17137729229495,0.0276458652074782,8188.0,1,0.02010999999999996,-198.55096974764857,20,1.0558935403823853,12
yolo11s.pt,10,115W,13,2897.8709375,30.7038846625767,0.098905669000087,0.2335990964195124,31.32019704433498,75.0,23.03926380368098,70.0,0.061347565208987,27.994538107909424,0.0,0.7631,0.0,8200.0,8186.748466257669,8200.0,0.0062245244489922,125.40429555750237,19.84729064039409,50.0,14.142331288343556,47.0,0.0386814293707112,18.782889014165765,24.63562561576355,117.774,1.9542152616646973,44.751000000000005,0.0458361697184865,60.002,30.703884662576687,15.251,57.449,16.468281765284672,500.8374384236454,2655.0,2309.9815950920247,2655.0,0.9317088979665652,315.66975195494445,0.3445771944448105,0.098905669000087,0.1275612500025089,-0.0003534798745933,0.034080637938737,6.866995073891616,79.0,69.86134969325154,77.0,0.0124497582454998,4.27366489973894,138.57757058023904,166.5935896524156,24.382765321037468,131.4383708378592,0.030958508588561,8188.0,1,0.023809999999999998,-217.06722917979982,19,0.8480451703071594,13
yolo11s.pt,10,115W,14,2976.1909375,30.93442457420928,0.0997209989999828,0.2203436944306976,32.65853658536585,78.0,22.822384428223845,75.0,0.0654366588418006,27.97331166673049,0.0,0.77655,0.0,8200.0,8185.401459854014,8200.0,0.0054446125132466,131.5489673117525,19.84878048780488,55.0,14.29683698296837,51.0,0.0403045003254938,18.81261068792863,26.35770731707317,117.315,1.9657388439252843,45.533,0.04853291602611,60.809,30.93442457420925,15.276,57.973,16.53766256512057,586.3902439024391,2655.0,2327.0620437956204,2655.0,1.070164354162928,317.09740809971964,0.3582867967835932,0.0997209989999828,0.1283200349987964,-0.0004636997293736,0.0357287173037637,6.931707317073176,79.0,69.98783454987834,78.0,0.0126073243585017,4.316814624022405,149.0840295982774,186.52521271441688,31.05159907019224,140.3916942308451,0.0433816128700455,8188.0,1,0.010360000000000036,-219.5719981263348,18,0.7369550466537476,14
yolo11s.pt,10,115W,15,3174.866493055556,30.90618000000002,0.1037242800000563,0.2137147512034762,34.72,81.0,22.98875,77.0,0.0658075754805867,29.006182503692205,0.0,0.78691,0.0,8200.0,8185.0,8200.0,0.0053437583496103,133.32291625973383,21.525,58.0,14.33625,54.0,0.0413509044545382,20.133943626063424,26.01823000000001,120.614,2.00539180189852,46.727,0.0496261510642985,61.979,30.90618,15.252,58.3655,16.889855171673318,583.3499999999999,2655.0,2324.53125,2655.0,1.0916537174276837,316.93256226433647,0.3418513006216396,0.1037242800000563,0.1345718699987628,-0.0005057354208271,0.0354582800240623,6.405000000000001,78.0,69.49125,77.0,0.0122278901998283,4.164423542040363,153.3777636265781,228.4112791451836,32.85143138205448,144.6141636267984,0.0458758149247914,8188.0,1,0.0,-236.89938712947657,17,0.48203369975090027,15
yolo11s.pt,10,115W,16,3327.40703125,31.49680781957784,0.112536415624973,0.2213859470973411,35.984679080133475,79.25,23.571206200956446,76.75,0.0708774860208625,29.32304398631804,0.0,0.76543,0.0,8200.0,8189.012679933216,8200.0,0.0028052416647129,79.78126809642406,24.60871183823896,57.25,15.609000341893072,55.5,0.0481236903912013,20.9863253837312,26.714605546839984,116.7795,2.017648334760522,48.66325,0.0515751229111948,63.5265,31.496807819577853,14.86325,59.5825,17.606930126845686,527.1599815105335,2655.0,2317.3890845249,2655.0,1.0131922031123843,315.75377050262216,0.2198762769637559,0.112536415624973,0.1380336887505108,-0.0004218101453356,0.025016133178976,6.921626637282731,79.0,69.63191051994623,77.75,0.0132147210344121,4.389894833072624,146.4348898673175,170.7493386754855,20.24234211417953,142.28739566028133,0.0195888195617537,8188.0,4,0.021479999999999944,-253.66977529274678,16,0.3113226592540741,16
yolo11s.pt,10,115W,17,3476.1359375,31.27904005006253,0.1172729274999255,0.2157755644740148,37.78391959798995,82.0,23.04255319148936,76.0,0.0750410287295209,28.70000530260968,0.0,0.76457,0.0,8200.0,8184.981226533167,8200.0,0.0049403860088335,133.40526452787458,24.93467336683417,59.0,15.06883604505632,55.0,0.0496538671459625,20.09524299456629,26.877195979899497,117.84,1.999038330457808,47.335,0.0511451533166458,62.528,31.27904005006258,15.193,59.05969999999997,17.07689920848099,573.1658291457288,2655.0,2322.709637046308,2655.0,1.078434038789091,318.679728342287,0.3442612416989128,0.1172729274999255,0.1572433800012731,-0.0006471275714831,0.0403725236387909,7.256281407035175,79.0,69.59699624530663,78.0,0.0135966951170166,4.528346651149528,155.1562827033076,241.71316053379107,36.853663477479984,144.96099280893955,0.0564186382502662,8188.0,1,0.022340000000000027,-266.8950400746488,15,0.03120671771466732,17
yolo11s.pt,10,115W,18,3609.72685546875,30.95155828220855,0.1207064174999686,0.2075584286826043,43.08374384236453,80.0,23.48834355828221,78.0,0.0741378545961729,29.680003788132552,0.0,0.76834,0.0,8200.0,8200.0,8200.0,-2.8261830108963408e-15,0.0,30.467980295566505,60.0,15.678527607361962,59.0,0.0518005456655763,22.10126649434701,26.45594088669951,118.933,2.0450020455475246,48.083,0.049236164775221,63.296,30.95155828220859,15.213,59.505,17.13359594563261,517.3152709359606,2655.0,2311.435582822086,2655.0,0.9640395168634094,318.0359982095984,0.3125598091259071,0.1207064174999686,0.154216215001179,-0.0006546784927318,0.0377279748140622,7.64039408866995,79.0,69.67730061349694,78.0,0.0141308453560348,4.818437246513498,156.68508582172691,196.5967779396728,30.78595990751996,149.122145887601,0.0386055797975379,8188.0,1,0.018569999999999975,-277.6915666707561,14,-0.2125607579946518,18
yolo11s.pt,10,115W,19,3763.1109375,31.24231909547738,0.1296792800002419,0.2132358655704903,36.24120603015075,80.0,24.252512562814072,76.0,0.0694499818521598,30.703236799536867,0.0,0.76663,0.0,8200.0,8200.0,8200.0,2.5691184680134365e-15,0.0,25.010050251256285,62.0,16.33542713567839,56.0,0.0473513492035828,22.774000012653666,26.13840201005025,115.0,2.0686044401023835,49.521,0.0503862336706614,64.628,31.242319095477384,15.107,59.90525,17.438753318333152,516.3316582914572,2655.0,2307.380653266332,2655.0,0.9819667809467064,317.5260913231069,0.3003232943112761,0.1296792800002419,0.1592327300009856,-0.0007457444493026,0.038945708573587,6.427135678391963,79.0,69.40452261306532,78.0,0.0123073167499389,4.433164148787147,152.9748286400469,182.2534674643338,25.65927259493646,146.5153106954677,0.0281351173146849,8188.0,1,0.020279999999999965,-294.6523991518149,13,-0.25501981377601624,19
yolo11s.pt,10,115W,20,3827.6252232142856,31.20131313131316,0.1287139085711844,0.2008021482842369,38.04040404040404,85.0,23.91919191919192,81.0,0.0770408082173641,30.67071836464825,0.0,0.76788,0.0,8200.0,8169.69696969697,8200.0,0.006956629617322,188.269388691019,24.904040404040405,66.0,16.098484848484848,61.0,0.0518087261159943,23.006211232623105,26.851767676767675,120.431,2.0762908191509686,49.708,0.0520383980592163,64.783,31.20131313131313,15.075,60.418,17.61941723697568,523.939393939394,2655.0,2304.753787878788,2655.0,1.0010653426074916,314.8412839456749,0.3256867728752252,0.1287139085711844,0.1641217349986618,-0.0008141820733094,0.0419204175067058,6.3888888888889,79.0,68.99116161616162,76.0,0.0122505402136913,4.084483160823647,166.85111391292733,287.1625425575313,46.03923576753922,155.38336316575388,0.0761373910475873,8188.0,1,0.01902999999999999,-295.77467004823893,12,-0.5564017295837402,20
yolo11s.pt,10,115W,21,3969.4823660714287,31.577233962264163,0.1326425842853495,0.1994517103494203,39.59595959595959,83.0,24.77358490566038,80.0,0.0708532444074849,31.02373295793572,0.0,0.76235,0.0,8200.0,8200.0,8200.0,-1.377600773125407e-15,0.0,28.752525252525253,62.0,17.044025157232703,61.0,0.0506319439983053,23.324224433694024,27.10264646464645,121.49,2.0635436301314285,50.018,0.0518613060550124,65.161,31.577233962264152,15.143,60.452,17.450076246737716,577.5,2655.0,2325.2830188679245,2655.0,1.09345453564099,320.5149381241033,0.3229277365437022,0.1326425842853495,0.1703551249993324,-0.00081632602397,0.0428339695125751,6.858585858585855,78.0,69.19748427672955,77.0,0.0129456750985573,4.337056209483362,172.46531772990667,311.4742548678561,57.95602222167263,158.32019643724217,0.1129259089332977,8188.0,1,0.024560000000000026,-308.27402153725046,11,-0.7494819760322571,21
yolo11s.pt,10,115W,22,3960.821940104168,31.0454842767295,0.1464534583334777,0.2066690244529382,38.83838383838384,82.0,21.83018867924528,79.0,0.075571598785716,29.25042762621773,0.0,0.75401,0.0,8200.0,8200.0,8200.0,-1.377600773125407e-15,0.0,27.8030303030303,65.0,15.50566037735849,63.0,0.054000719819811,22.577852021890664,27.48971212121213,116.647,2.084135632198811,49.489,0.0534274170147348,64.703,31.04548427672956,15.214,61.033,17.68756585521188,590.909090909091,2655.0,2312.603773584906,2655.0,1.116769747697663,316.2603023676614,0.2797978511049451,0.1464534583334777,0.1774830499996824,-0.0010072168074396,0.0409773629285946,7.767676767676761,80.0,69.49811320754716,79.0,0.0148272611572668,4.9504141456649,156.51347447717353,205.23088922426416,26.11661426464221,150.2183714221724,0.0278439140368514,8188.0,1,0.03290000000000004,-312.16355801245925,10,-0.8873760104179382,22
yolo11s.pt,10,115W,23,4239.644270833333,31.71154303797467,0.1470356383332424,0.2027272597008999,38.20304568527919,85.0,23.92658227848101,80.0,0.0765597619705782,31.229646369592672,0.0,0.75835,0.0,8200.0,8200.0,8200.0,4.098170073667491e-15,0.0,28.66497461928934,65.0,17.52784810126582,64.0,0.0571270490374366,24.22220153636052,27.06270558375634,119.821,2.0358202034726083,49.353,0.0522864782711262,64.559,31.71154303797468,15.206,61.034,17.864009390003197,516.0913705583757,2655.0,2308.6898734177216,2655.0,0.988163757125438,315.5424684430342,0.3121347647889091,0.1470356383332424,0.1942798949978168,-0.000990815679345,0.0458949343867337,6.324873096446709,78.0,69.24050632911393,77.0,0.0123086362819628,4.319561598340586,168.00248692939215,276.12862532769526,45.482595958343374,156.42466180799417,0.0732924210212224,8188.0,1,0.02856000000000003,-336.45479460613177,9,-1.2971723079681396,23
yolo11s.pt,10,115W,24,4324.077604166667,31.385010243277804,0.1483644233332597,0.1940174560855151,38.58461538461538,85.0,23.90268886043534,77.0,0.079973615952147,30.58245093497256,0.0,0.76105,0.0,8200.0,8200.0,8200.0,-7.304763797106826e-15,0.0,28.123076923076923,68.0,17.189500640204866,60.0,0.0584081204628015,23.72840223997468,27.59696923076924,118.569,2.1128876328534307,51.128,0.0542607121022776,66.313,31.385010243277847,15.185,60.993,17.775591813567228,573.230769230769,2655.0,2315.5121638924456,2655.0,1.1035538612174864,317.5180742018782,0.3056973090211268,0.1483644233332597,0.196315729998605,-0.0011295820338899,0.0453546049674487,6.94358974358974,79.0,69.14852752880923,77.0,0.0133693618078185,4.428803812492654,173.5918597586103,274.5951113325439,46.71764076000864,161.7638478335916,0.0724274331068195,8188.0,1,0.025859999999999994,-341.6290397651673,7,-1.573349118232727,24
yolo11s.pt,10,115W,25,4568.977604166666,31.50616983523448,0.1532292016664238,0.1931066100567897,37.7005076142132,86.0,23.219264892268694,85.0,0.074420636446637,31.220404331268767,0.0,0.76278,0.0,8200.0,8200.0,8200.0,5.4589034922111706e-15,0.0,27.11167512690356,69.0,16.76552598225602,68.0,0.0542982050876738,24.87544695019083,27.53030456852793,120.183,2.06886461733932,50.068,0.0530511722621827,65.182,31.50616983523448,15.114,61.647,17.81987048537791,592.2335025380712,2655.0,2325.950570342205,2655.0,1.126312065591857,318.8099446796961,0.3249112971271359,0.1532292016664238,0.1863796199982971,-0.0010822416976902,0.0497858986711932,7.248730964467001,79.0,69.08365019011407,77.0,0.0134288720761852,4.487481402491723,183.4151029118816,364.15621856764056,77.02069333616723,163.15427952450196,0.1763374921207922,8188.0,1,0.024129999999999985,-365.30883966901234,4,-1.969334602355957,25
yolo11s.pt,10,115W,29,4299.1109375,31.215017721518944,0.180507266000277,0.1942943967952269,48.07106598984772,87.0,23.567088607594936,84.0,0.0826614472740358,31.85803049018673,0.0,0.76526,0.0,8200.0,8200.0,8200.0,4.098170073667491e-15,0.0,35.86802030456853,71.0,17.531645569620252,69.0,0.0617597244643574,25.60435853078756,27.02671065989848,119.279,2.12942374702472,51.354,0.0521805458931874,66.47,31.21501772151899,15.116,62.34439999999999,17.77687847275581,580.6598984771572,2655.0,2322.1518987341774,2655.0,1.1037544128679184,317.45764547984976,0.2821754253597408,0.180507266000277,0.2206487900004503,-0.0012810125090002,0.050934714564152,7.1979695431472095,79.0,68.73164556962026,77.0,0.0130040955649258,4.368342509401295,174.63138375910762,291.6684278385782,56.84336334616855,160.6583526668422,0.1059534109909607,8188.0,1,0.021649999999999947,-339.76125069419845,8,-2.0699896812438965,26
yolo11s.pt,10,115W,30,4366.5109375,31.140934324659224,0.1848085020002327,0.1918369807809299,24.97512437810945,83.0,18.827757125154896,82.0,0.0541368122532732,30.269935072922685,0.0,0.76354,0.0,8200.0,8200.0,8200.0,-7.856513542355304e-15,0.0,17.23880597014925,68.0,13.58364312267658,67.0,0.0382932598978163,24.713428266141047,26.73463184079602,115.0,2.1463710530699185,51.668000000000006,0.0505073666053313,66.84,31.14093432465923,15.172,62.12,17.430617749509505,608.0597014925374,2655.0,2325.539033457249,2655.0,1.1295284172490037,317.6867880736275,0.2949541002624173,0.1848085020002327,0.2326382450002711,-0.0011796584921979,0.0545100254283237,5.746268656716424,78.0,68.8451053283767,76.0,0.0113091871327953,4.022495320972476,180.9602082426965,332.7852943727412,73.09925244883698,162.33019409443742,0.1631772826325835,8188.0,1,0.023370000000000002,-345.4835011582694,6,-2.4286489486694336,27
yolo11s.pt,10,115W,26,4631.337578125,31.19198737373736,0.1711313760000484,0.2053049122863004,38.464646464646464,85.0,25.564393939393938,83.0,0.080070939747423,33.76760139431908,0.0,0.7587,0.0,8200.0,8184.848484848485,8200.0,-0.0005797191347584,133.98600587535844,27.904040404040405,69.0,19.170454545454547,67.0,0.0591474510305208,27.447792238781016,27.77495454545455,117.237,2.177770822554064,52.737,0.0539653909850486,67.929,31.191987373737373,15.192,62.725,18.34400866671424,585.8333333333335,2655.0,2310.8522727272725,2655.0,1.111010888139864,317.1178996328684,0.2477619778391729,0.1711313760000484,0.1995151149980301,-0.0012193473133269,0.0423998481881111,7.287878787878796,79.0,69.37247474747475,78.0,0.0140083210952209,4.701858641399776,156.48254650401898,180.48817040228977,20.111441419910456,151.93005869357725,0.0165178906499131,8188.0,1,0.028209999999999957,-378.2169410711011,3,-2.4418201446533203,28
yolo11s.pt,10,115W,27,4770.6309375,31.693530244530248,0.1730154659998516,0.2030915149791774,40.16494845360825,85.0,24.38867438867439,84.0,0.0807908381252669,31.60736071543949,0.0,0.75722,0.0,8200.0,8200.0,8200.0,9.91926127499428e-15,0.0,30.11855670103093,70.0,18.10939510939511,68.0,0.0610881097391579,25.466401046468857,27.51216494845361,116.621,2.116520295544446,51.969,0.0541234765058738,67.08,31.693530244530244,15.111,62.377,17.954676401613753,563.2731958762888,2655.0,2313.880308880309,2655.0,1.0903139330841898,316.9319336054679,0.2425940754637755,0.1730154659998516,0.1992177100000844,-0.0012299550300156,0.0419725270151682,6.94329896907216,80.0,69.16216216216216,78.0,0.0132790117352701,4.439434780244061,161.58682332624386,201.28205115146704,25.7692441212562,156.05541298847328,0.0254326417209708,8188.0,1,0.029689999999999994,-389.7715210058221,1,-2.5911080837249756,29
yolo11s.pt,10,115W,28,4896.0709375,31.79277220077221,0.1724591180003335,0.1958197661618106,36.876288659793815,84.0,24.23552123552124,83.0,0.0712340273003353,31.179182813931,0.0,0.75881,0.0,8200.0,8200.0,8200.0,9.91926127499428e-15,0.0,27.11340206185567,69.0,17.661518661518663,67.0,0.0525323633942084,25.433638873901938,27.801309278350523,115.031,2.099407990548834,51.608,0.0546482093703094,66.746,31.7927722007722,15.138,62.4164,18.004525682837013,578.8917525773195,2655.0,2319.4015444015445,2655.0,1.1189698610855183,317.92116892419176,0.2730860113692248,0.1724591180003335,0.2085715800008983,-0.0013782796110595,0.0470961726589655,6.664948453608247,79.0,68.86229086229086,77.0,0.0127396346223367,4.341038361609958,172.4170901848034,252.29923251185969,43.43979869143944,162.35731879334932,0.0634767941864592,8188.0,1,0.028100000000000014,-398.5540669141448,0,-2.62544584274292,30
yolo11s.pt,10,115W,31,4513.4709375,31.3615263819096,0.1847528599995712,0.1869074739680581,29.66331658291457,87.0,19.93341708542713,86.0,0.0591520253667666,30.13878015494405,0.0,0.75787,0.0,8200.0,8200.0,8200.0,2.5691184680134365e-15,0.0,22.110552763819097,73.0,14.525125628140705,71.0,0.0441694041096322,24.8629534474476,26.90438693467336,119.714,2.1199223274524783,51.344,0.0511167751472497,66.484,31.36152638190955,15.14,62.75125,17.624717025079526,577.9145728643216,2655.0,2325.2261306532664,2655.0,1.0887272945299882,318.45370611013374,0.3161001871513459,0.1847528599995712,0.2236996499994347,-0.0011435394573968,0.0584004136226108,6.643216080402013,79.0,69.01256281407035,78.0,0.0121552103692154,4.287394514555586,194.57694233194044,401.17292507807576,95.3323037841664,167.79171916511575,0.2400476328308,8188.0,1,0.029039999999999955,-356.9472715273125,5,-2.701491355895996,31
yolo11s.pt,10,115W,32,4670.676171875,31.13962628187979,0.2154345556249779,0.2095840093865736,35.67269359618606,86.0,21.85726081321331,84.5,0.0653883888987188,32.57382574460526,0.0,0.75562,0.0,8200.0,8200.0,8200.0,3.922720479532736e-15,0.0,27.99845702873341,72.0,16.872200576199223,70.5,0.0515449612805257,27.170979675091097,26.175474193617664,117.0895,2.315237648294356,56.813,0.0491452502523799,71.85499999999999,31.13962628187979,15.042,64.12675,18.079951450503764,589.8239675943821,2655.0,2329.04244584071,2655.0,1.0840839975860028,316.66140580085914,0.1352307741889943,0.2154345556249779,0.2414894387499884,-0.0008423715361284,0.0292636965017461,6.026285809388828,80.0,69.98310575423137,78.0,0.0112011175781474,4.154899248718634,150.54898797892486,163.45265728683574,14.134360615051063,148.55746660567848,0.00918452452718,8188.0,4,0.03129000000000004,-384.1641914804689,2,-3.3988161087036133,32
yolo11s.pt,10,65W,3,1259.9068859011627,22.64048366013072,0.0675291216277739,0.5096306582655319,29.8343023255814,44.0,20.785766158315177,41.0,0.0293148259555094,17.307123661194968,1.0,0.73217,877.9069767441861,8000.0,7641.975308641975,8000.0,0.8492205889155018,479.4194528135209,7.755813953488371,13.0,5.326797385620915,12.0,0.0075412253499262,4.875273761113615,13.797933139534878,50.857,1.986883349105108,32.706,0.013455725753565,44.984,22.64048366013072,12.278,32.7446,8.13619560656903,211.1773255813955,2505.0,2159.0631808278868,2469.000000000002,0.2082155149725419,164.65284776867813,0.3027592363438079,0.0675291216277739,0.0912288199988324,-3.0019365575876546e-05,0.0204450652949929,4.712209302325583,70.0,65.880174291939,69.0,0.0048383935618403,2.399350668358637,45.95828074124615,53.562200064334455,6.468792107484255,44.425277979125006,0.0198115676030527,8188.0,1,0.05474000000000001,-103.86909253466742,22,2.440781831741333,1
yolo11s.pt,10,65W,5,1540.865204326923,24.330750445632773,0.0707749461539116,0.3444015105347842,31.978571428571424,53.0,22.19607843137255,52.0,0.0429730080593771,21.44754540437288,1.0,0.74809,860.7142857142862,8000.0,7563.279857397504,8000.0,1.1207626847841117,495.9794951888147,11.32857142857143,21.0,8.07397504456328,20.0,0.015382336164144,8.46450384697717,18.66426428571428,53.786,1.8551010212716887,32.838,0.0241315472857376,45.136,24.3307504456328,12.298,38.254,11.001944978920058,264.32142857142844,2505.0,2177.7272727272725,2505.0,0.340268801489626,189.86709524066785,0.343619805166194,0.0707749461539116,0.096111424999799,-7.305652359354629e-05,0.0243196732080549,5.303571428571431,72.0,66.97860962566845,71.0,0.0068757584311404,2.8671547429426694,73.62832152394122,86.39621981565372,11.051885621020782,70.64646844275495,0.0225311294607868,8188.0,1,0.038819999999999966,-116.5686714561659,21,1.810819387435913,2
yolo11s.pt,10,65W,6,1628.7428267045457,24.150156716417907,0.074070301818111,0.2981348994899594,34.8955223880597,55.0,21.032649253731343,53.0,0.048051234932498,22.052216215074168,1.0,0.75523,854.4776119402986,8000.0,7523.320895522388,8000.0,1.1845810224605922,499.4558397216253,14.186567164179104,23.0,8.411380597014926,23.0,0.0195536109034035,9.443448192561531,17.892731343283586,52.798,2.800561536481485,55.24,0.0248105792218822,67.634,24.15015671641791,12.394,39.98479999999999,11.6894318773568,248.28358208955208,2505.0,2161.133395522388,2505.0,0.3328998797081816,188.63659963156667,0.3780969584409347,0.074070301818111,0.1023808449974239,-0.000110835093513,0.0280057558282298,5.111940298507463,72.0,66.82835820895522,71.0,0.007167051489052,2.947047901608135,85.31195909166058,102.8549981114511,14.755961616992863,81.00412517197181,0.029916804502078,8188.0,1,0.03168000000000004,-119.10500691055509,20,1.7757161855697632,3
yolo11s.pt,10,65W,7,1805.7619654605264,23.72596179560651,0.0771179099999579,0.2613852266308605,32.27586206896552,68.0,19.87774594078319,59.0,0.047396846485579,23.22392863003196,1.0,0.75693,892.7203065134099,8000.0,7516.714422158549,8000.0,1.272686333093788,499.7205499996032,13.762452107279694,29.0,8.138490926456543,28.0,0.0200748926113074,10.36501530757801,18.867888888888885,51.866,2.471427734105946,46.454,0.0263975764518284,58.637,23.72596179560649,12.183,40.289,11.552220637875742,183.79310344827584,2505.0,2115.0716332378224,2445.0,0.2506484766846369,180.30714966721305,0.3807859477638626,0.0771179099999579,0.1079111100001682,-0.0001237854679454,0.0293654164489022,4.94252873563218,73.0,66.52244508118433,71.0,0.0069620046173656,2.780272732423779,95.77518321360616,114.13028963811122,16.640091173735424,90.77009478088571,0.0301859897456868,8188.0,1,0.029980000000000007,-130.8623300366425,19,1.5317667722702026,4
yolo11s.pt,10,65W,9,2125.834947916667,23.649223804679583,0.0852351626667223,0.223971715325954,37.30204081632653,72.0,21.33367243133265,69.0,0.056023306750752,26.37372369554969,1.0,0.76355,844.8979591836733,8000.0,7498.4740590030515,8000.0,1.296758015264508,499.9976714986519,18.02448979591837,37.0,10.098677517802646,36.0,0.027096563794026,13.554810488014764,19.01411836734694,53.534,3.236934989166646,64.22,0.0281698260170047,76.551,23.64922380467956,12.331,42.428,12.46425266958082,104.0816326530612,2505.0,2078.1027466937944,2505.0,0.1457002286094229,197.0882566208533,0.3839805647005457,0.0852351626667223,0.1116354950014283,-0.0002279584497059,0.0327286458931109,4.195918367346934,71.0,66.1383519837233,70.0,0.0067012492386465,2.702469412584509,111.89934437067502,137.54124822393825,20.889297315802324,105.59022495435204,0.0348491811953777,8188.0,1,0.023360000000000047,-153.96154057999138,18,1.192220687866211,5
yolo11s.pt,10,65W,11,2306.786751302084,22.78672078593588,0.095289930000096,0.197395002602142,43.38174273858921,78.0,23.045501551189243,76.0,0.0670868712160184,28.72549534228281,1.0,0.75466,838.174273858921,8000.0,7481.902792140641,8000.0,1.3100957435948983,499.67238373527823,21.39004149377593,43.0,11.58841778697001,40.0,0.033872714628158,15.36142276914692,17.141701244813277,53.047,2.063394748270222,34.711,0.0272721872376165,47.018,22.78672078593588,12.307,38.809,11.094720725080965,151.6182572614107,2505.0,2061.034126163392,2505.0,0.199412738856682,227.9647051588829,0.3587401102075752,0.095289930000096,0.1208641549974345,-0.000299248999231,0.0341843199899065,5.024896265560166,72.0,65.53257497414684,70.0,0.0076301375396821,2.8580197743043625,121.66001396055998,146.90652168732348,22.326332949296344,115.43717158768943,0.0336774399266809,8188.0,1,0.03225,-165.97694133478194,17,1.0680480003356934,6
yolo11s.pt,10,65W,12,2389.7064630681816,23.211291313559297,0.1018052072726277,0.1969191936035206,45.88135593220339,80.0,23.784957627118644,76.0,0.0690253017647557,29.321373632439524,1.0,0.7668,809.3220338983047,8000.0,7462.923728813559,8000.0,1.3021553260063614,498.6234552394317,24.70338983050848,45.0,12.522245762711863,42.0,0.0371573915497024,16.55728156801869,18.202817796610173,51.709,3.354746573470986,65.816,0.0297811002855528,77.868,23.21129131355932,12.052,44.161,12.988869278435958,138.49576271186424,2505.0,2082.1716101694915,2505.0,0.203178640113592,221.0848114526063,0.3729401800003897,0.1018052072726277,0.1268506249980418,-0.0003791047215039,0.0379672523252307,4.49152542372881,71.0,65.4947033898305,70.0,0.0072066279405819,2.757496238482066,124.709501323399,150.7233993139528,22.64379450251824,117.87216313861803,0.0329685103637956,8188.0,1,0.02010999999999996,-172.89161768635924,16,0.8868173360824585,7
yolo11s.pt,10,65W,14,2654.96828125,22.589197242842,0.1117894749997503,0.1803738928887939,30.33617021276596,82.0,22.329798515376456,75.0,0.0584117457692373,28.305641956249183,1.0,0.77655,868.0851063829787,8000.0,7466.59597030753,8000.0,1.3883786496384711,498.88292293914463,15.570212765957448,48.0,11.852598091198304,43.0,0.0311428414097798,15.889548214300747,17.423676595744688,52.456,2.518548994388359,44.690000000000005,0.0279843716245741,56.892,22.589197242842,12.202,41.1367,11.661880398720175,-5.361702127659555,2505.0,2022.2958642629903,2505.0,0.0086226299251626,236.6982016352024,0.3457170954587194,0.1117894749997503,0.1369585599986748,-0.0004383506288618,0.0386475325997688,4.672340425531914,72.0,64.50583244962884,69.0,0.0071218444079449,2.7256524453687967,133.52800691750008,180.85498498880904,31.943003285458943,125.23540342265014,0.057227761565598,8188.0,1,0.010360000000000036,-194.87446151997835,15,0.6610079407691956,8
yolo11s.pt,10,65W,15,2853.643836805556,22.68562827225127,0.1200280922223303,0.1815275121588852,41.088235294117645,83.0,22.54869109947644,79.0,0.0631964355856714,29.43468207332948,1.0,0.78691,873.9495798319331,8000.0,7468.062827225131,8000.0,1.3795172929453072,498.9789745020807,20.852941176470587,49.0,12.013612565445026,47.0,0.0328866517841704,17.515253577718457,17.129130252100843,53.417,2.8699227201759534,52.98799999999999,0.0280043362870996,65.106,22.68562827225131,12.118,44.1717,12.361988014990182,206.659663865546,2505.0,2096.277486910995,2505.0,0.3217915455793317,224.0982896406449,0.3241414478099533,0.1200280922223303,0.1456262799998512,-0.0005843707577029,0.0389060795908127,4.495798319327733,72.0,64.82722513089006,69.29999999999995,0.0070562899212765,2.618598831315793,132.5188280498875,188.17095962294195,29.242582659579814,124.9707441172623,0.0486940928396458,8188.0,1,0.0,-214.91906286464848,14,0.519650936126709,9
yolo11s.pt,10,65W,17,3154.91328125,22.815813361611912,0.1311788412499027,0.1760559975853116,44.38297872340426,83.0,23.71474019088017,82.0,0.0705562524320238,30.20548686946756,1.0,0.76457,804.255319148936,8000.0,7435.843054082715,8000.0,1.2963638617888018,495.8668029729017,25.98297872340425,51.0,13.207847295864264,49.0,0.040661692506556,18.281737085090345,17.641710638297873,51.568,2.985254083231514,56.120000000000005,0.0297889466112742,68.111,22.81581336161188,11.991,46.1818,13.070409380808284,142.2765957446809,2505.0,2076.474019088017,2505.0,0.20724513563752,226.1573301448056,0.3161647269934668,0.1311788412499027,0.1658022999987224,-0.0006536704746815,0.0414741225310948,4.285106382978718,70.0,64.50371155885472,69.0,0.0067899185908107,2.684098931240646,138.39392505474,228.71723932239857,34.79753171175812,129.5940704920094,0.0632212131316405,8188.0,1,0.022340000000000027,-242.30028250211677,13,0.2525022625923157,10
yolo11s.pt,10,65W,18,3288.76328125,23.33559267241381,0.1352579549999063,0.1753513635323051,38.09051724137931,84.0,20.17025862068965,77.0,0.0596052424998219,28.39577697357681,1.0,0.76834,849.1379310344828,8000.0,7449.353448275862,8000.0,1.380646417936649,497.4283132255885,21.00862068965517,52.0,11.532327586206897,49.0,0.0337636996293831,17.898150253961354,20.118163793103456,54.418,3.3055085029482214,65.145,0.0327228677456395,77.136,23.335592672413792,11.991,45.8837,13.917791773684357,127.5,2505.0,2056.519396551724,2505.0,0.1922931735403136,239.40953687752648,0.3065751920044791,0.1352579549999063,0.1638209500000812,-0.0007124364252269,0.0414667335242294,4.456896551724142,70.0,64.28771551724138,69.0,0.007113808503275,2.6445658248242148,142.45023990174394,206.379342449648,38.85919540207091,133.0790488442063,0.0744151288748477,8188.0,1,0.018569999999999975,-253.69787435295902,12,0.10158118605613708,11
yolo11s.pt,10,65W,19,3441.697712053572,22.51259699892819,0.1467927285715372,0.1739308179317931,32.94849785407725,78.0,20.09110396570204,77.0,0.0556778278723416,28.79121085077751,1.0,0.76663,875.5364806866955,8000.0,7449.08896034298,8000.0,1.411515604463695,497.4013128662221,19.781115879828327,49.0,11.77706323687031,46.0,0.0337063992578535,17.60016896639117,19.52519313304721,56.154,2.9137908879692125,53.712,0.0303074085863682,65.597,22.51259699892819,11.885,44.0462,12.527110813847433,140.2789699570817,2505.0,2059.051446945338,2505.0,0.1849648824692965,249.69077452673025,0.2581839220224429,0.1467927285715372,0.1766617449997284,-0.0006920242113631,0.0378995223869753,5.103004291845487,70.0,64.29367631296891,69.0,0.0077146511543172,2.5905948884250702,134.35231988197228,155.58177203209013,22.587435219697003,129.43420416591437,0.0282646427330757,8188.0,1,0.020279999999999965,-271.0137961055942,11,0.0038506716955453157,12
yolo11s.pt,10,65W,21,3648.2597098214287,23.01792910848552,0.151701982857464,0.1662793089061806,35.452586206896555,85.0,22.642320085929107,82.0,0.0599728192536879,30.145367329265405,1.0,0.76235,836.2068965517237,8000.0,7458.646616541353,8000.0,1.3627252601748097,498.2869631813802,20.63362068965517,59.0,13.51342642320086,55.0,0.0356413372784426,19.90332656481205,18.663142241379305,51.26,3.3619444927159945,65.263,0.0307247402936049,77.385,23.0179291084855,12.122,47.167,13.615018593411785,248.3405172413796,2505.0,2076.8152524167563,2505.0,0.3259543709058026,274.96896070003856,0.3440384295844552,0.151701982857464,0.1796055149992753,-0.0008824619088404,0.0521913119471298,4.431034482758626,70.0,64.1686358754028,69.0,0.0071498835695079,2.690342390446276,153.99549105946983,306.00449207141946,59.83150478409255,138.4293046435072,0.1509537274078559,8188.0,1,0.024560000000000026,-286.3744300177357,10,-0.2732129395008087,13
yolo11s.pt,10,65W,22,3639.921614583333,22.29107403314916,0.169326773333402,0.1715670745531423,43.34513274336283,84.0,25.30718232044199,78.0,0.0740877243028192,31.46174741847976,1.0,0.75401,836.283185840708,8000.0,7449.723756906077,8000.0,1.3969031891239552,497.4658776040431,26.938053097345133,59.0,15.533701657458565,50.0,0.0464576028452245,20.248653787854245,17.10329203539823,53.312,2.9237263266489943,53.186,0.0292460943730465,65.173,22.29107403314917,11.987,39.967,11.736512997071603,74.66814159292016,2505.0,2045.4530386740328,2505.0,0.1426606242773369,282.06708236668607,0.2486727081840076,0.169326773333402,0.1945524800012207,-0.0008767470130566,0.0421069472928766,4.3938053097345176,71.0,63.89723756906077,68.0,0.0073636115493993,2.6126431006138686,134.65827003444997,173.6822446363768,21.54387287197374,129.92629320752667,0.0255965535639843,8188.0,1,0.03290000000000004,-290.49789034044716,9,-0.5216180682182312,14
yolo11s.pt,10,65W,23,3918.421614583333,22.842000000000013,0.1684410383332457,0.1672839216351305,33.83771929824561,88.0,17.584245076586434,81.0,0.0530051174182817,28.904014037734417,1.0,0.75835,855.2631578947367,8000.0,7440.919037199124,8000.0,1.4092181893854614,496.4971700166293,20.57017543859649,58.0,10.24617067833698,54.0,0.0324856322962461,19.78963799538472,18.418916666666668,51.203,2.6742842132913056,49.143,0.0312839569818929,61.086,22.842,11.943,46.65384999999999,13.357956548476444,133.68421052631584,2505.0,2068.539387308534,2505.0,0.2347261190912151,247.57947485578305,0.2984705292735327,0.1684410383332457,0.1941830950014264,-0.0010242731620055,0.0502746858627072,4.25,70.0,63.961706783369806,69.0,0.0067226233720097,2.510298206765588,145.87721114880088,240.25386691466025,38.93448956616438,136.54629671954717,0.0712351046981923,8188.0,1,0.02856000000000003,-314.485639426605,8,-0.5489026308059692,15
yolo11s.pt,10,65W,24,4002.854947916667,23.157816574585635,0.1664698466667687,0.1606282572628511,49.495575221238944,89.0,27.457458563535912,87.0,0.082381379632127,33.438532908066755,1.0,0.76105,849.5575221238942,8000.0,7447.513812154696,8000.0,1.416265947157796,497.2375690607735,32.05309734513275,62.0,17.771270718232046,57.0,0.0539653018080865,22.84968060849292,18.167769911504426,51.764,3.0593125984835066,58.88499999999999,0.0315033319485831,70.847,23.157816574585635,11.962,46.886,13.693074319360369,38.49557522123905,2505.0,2015.602209944752,2505.0,0.0322907178888233,261.1875700247767,0.2837976748883844,0.1664698466667687,0.1950957700000799,-0.0009874624006515,0.0472437554230548,4.601769911504434,71.0,64.16243093922652,69.0,0.0075060314343692,2.7514180476356045,155.22645071030897,268.3245150075336,46.16480472946356,144.1702535357171,0.0884485160872073,8188.0,1,0.025859999999999994,-318.41749198515356,7,-0.6762953996658325,16
yolo11s.pt,10,65W,29,3977.88828125,22.738761702127643,0.2095614980001846,0.1643161712057619,38.88936170212766,91.0,22.509574468085106,87.0,0.0634945937857196,31.83098506891077,1.0,0.76526,817.0212765957449,8000.0,7444.68085106383,8000.0,1.3418140264021383,496.9303691272832,25.14468085106383,65.0,14.320212765957448,59.0,0.0408851415775322,22.28477717123848,18.407655319148937,51.823,2.864667867727597,53.363,0.0304124425605309,65.139,22.73876170212766,11.776,45.15584999999999,13.38259223484244,156.51063829787245,2505.0,2058.75,2505.0,0.2173594173712165,282.44384915507,0.2913584921696569,0.2095614980001846,0.2663555400000404,-0.0015008645906372,0.0610575220741483,4.838297872340426,70.0,62.932978723404254,68.0,0.0078597485482066,2.822172405196693,151.63492928112618,266.5127006286391,52.13123092433828,138.38419879960225,0.1181945504433174,8188.0,1,0.021649999999999947,-319.3082261856642,6,-0.8806591629981995,17
yolo11s.pt,10,65W,30,4045.28828125,23.414458244111387,0.2074523840002075,0.1619128394271406,35.02575107296137,86.0,22.387580299785867,85.0,0.0583242900898951,31.95144361983201,1.0,0.76354,862.6609442060089,8000.0,7456.10278372591,8000.0,1.3742907176722623,498.0693068272586,23.197424892703864,62.0,14.562098501070665,61.0,0.038582727350417,23.042459140018444,19.48940343347639,51.922,3.1309287294074784,61.44499999999999,0.0317599351589043,73.309,23.414458244111348,11.864,48.718,14.07891385582018,191.4592274678112,2505.0,2101.252676659529,2505.0,0.3122026734175476,266.1636291496809,0.3024806473883862,0.2074523840002075,0.2568629449999207,-0.0013068548187305,0.0627503314146468,4.622317596566525,69.0,63.56531049250536,68.0,0.0073121273769788,2.6917902109133074,164.75290909987166,337.5128645548107,73.77337086205735,144.61149793279787,0.2005086310264394,8188.0,1,0.023370000000000002,-322.4471580141436,5,-1.0148766040802002,18
yolo11s.pt,10,65W,25,4247.754947916666,23.27631331877732,0.1754024800002298,0.1633089232550368,42.93886462882096,81.0,23.657205240174672,76.0,0.0732262816254687,29.202058506384063,1.0,0.76278,794.759825327511,8000.0,7438.864628820961,8000.0,1.3202001346961267,496.2483918269168,27.90829694323144,59.0,15.051310043668122,53.0,0.0477644570978283,20.308714233787352,18.59234061135372,54.727,3.464466167627444,68.55,0.0312184031349054,80.64,23.27631331877729,12.09,46.638,13.560876721002384,48.60262008733616,2505.0,2030.99344978166,2505.0,0.0652801619538748,270.56062603202514,0.3204029659019071,0.1754024800002298,0.203413625002031,-0.0011490356821307,0.0561994748186235,4.943231441048042,71.0,63.9825327510917,69.0,0.0079850124590412,2.8659498764532176,165.61632772292458,368.28000921736736,86.98113558316018,142.5293416602048,0.2758314899528605,8188.0,1,0.024129999999999985,-343.9155654592993,3,-1.0413398742675781,19
yolo11s.pt,10,65W,26,4310.19484375,22.77817608695651,0.1989252759998635,0.174275190956589,40.64347826086957,91.0,19.870652173913044,83.0,0.0634522124086096,29.39649505151592,1.0,0.7587,830.434782608696,8000.0,7435.869565217391,8000.0,1.3659376498194833,495.8702323537818,25.61304347826087,60.0,11.941304347826089,56.0,0.0396169305903983,20.18697466498543,18.43131739130434,53.945,3.654111711238474,71.16199999999999,0.0307821080529549,83.234,22.77817608695652,12.072,45.64209999999999,13.31849978280758,169.63043478260852,2505.0,2070.0815217391305,2505.0,0.2655476317906798,267.9464354441938,0.2276880477834657,0.1989252759998635,0.219226589999198,-0.0013069626410575,0.045292907747196,4.547826086956519,70.0,63.83695652173913,68.0,0.0071207859259717,2.460899331514552,134.34363182060943,161.03832699345912,17.659934707727427,130.70234473379762,0.0172800111204034,8188.0,1,0.028209999999999957,-357.1565337521127,2,-1.3934032917022705,20
yolo11s.pt,10,65W,31,4192.24828125,23.42654387865656,0.2102957940001943,0.1589194724400797,40.72608695652174,90.0,23.78548212351029,88.0,0.0711378078400167,33.14571926821989,1.0,0.75787,834.782608695652,8000.0,7450.704225352113,8000.0,1.3700210150058911,497.5639924691744,26.495652173913044,65.0,15.416034669555795,63.0,0.0469969522091363,24.01056653197151,18.64727391304348,50.802,2.815353401749088,53.88999999999999,0.0314675303920667,65.954,23.42654387865656,12.064,48.006,13.74854061929183,163.63043478260852,2505.0,2078.4344528710726,2505.0,0.2480820941912876,272.27963603578934,0.311648671019773,0.2102957940001943,0.25805763499975,-0.0012632767202893,0.0655384047212085,4.313043478260873,69.0,63.435536294691225,67.0,0.0068725078960024,2.427477771478637,171.24860247606136,355.51452312351984,85.1610571797635,147.41141232701668,0.2473022206807094,8188.0,1,0.029039999999999955,-335.46619350452136,4,-1.438551664352417,21
yolo11s.pt,10,65W,27,4449.60828125,21.448580145719472,0.1939339699994161,0.1540595666114827,15.722627737226276,79.0,15.555555555555555,78.0,0.0246536584515499,27.009057225907416,1.0,0.75722,321.1678832116786,8000.0,7352.459016393443,8000.0,0.5049873031588931,477.7359711769772,11.135036496350365,65.0,10.320582877959929,53.0,0.0171283400440082,19.445293745289145,8.881149635036493,53.685,3.3581243844886624,60.09,0.0128970496631372,72.027,21.44858014571949,11.937,48.59,13.269264989515198,197.29927007299284,2505.0,2105.915300546448,2505.0,0.2687528666526871,254.304034585239,0.2328262580089365,0.1939339699994161,0.2173305799991794,-0.001359390727484,0.0451529205357814,1.7481751824817522,70.0,63.75136612021858,68.0,0.0031164007359825,2.4799970163511915,144.39239214736526,183.5788797615156,25.514590802093814,139.2226436661988,0.0312240038896149,8188.0,1,0.029689999999999994,-365.71992695442464,1,-1.651523470878601,22
yolo11s.pt,10,65W,28,4574.84828125,21.930228927203068,0.1929262019996531,0.1511041348538648,32.544061302682,86.0,15.690613026819925,81.0,0.0402082028618283,29.353915650080044,1.0,0.75881,877.3946360153259,8000.0,7379.310344827586,8000.0,1.0975556962718775,485.21542343001,20.597701149425287,69.0,9.905172413793103,56.0,0.0257072115815827,20.66225416532513,20.393536398467432,50.9,3.5023346201701417,64.916,0.0261597846998046,76.807,21.930228927203064,11.891,48.654,13.821803958906203,186.78160919540232,2505.0,2120.330459770115,2505.0,0.2871582977978907,257.34769514926535,0.2515133887037813,0.1929262019996531,0.2250420649996158,-0.0011353438607255,0.048523522834683,4.111111111111107,69.0,62.44827586206897,67.0,0.0054263807464211,2.4990816122613984,153.24003039871567,223.89211901051925,37.28433453847576,145.13321523869703,0.0591981770478802,8188.0,1,0.028100000000000014,-374.79375476722237,0,-1.7214699983596802,23
yolo11s.pt,20,115W,2,1437.7408203125,25.5329398708636,0.0577982452343377,0.737879560104887,13.948303715670438,46.0,28.37409200968523,42.0,0.0072185695542128,15.036869091840831,0.0,0.7443,0.0,8200.0,8200.0,8200.0,2.3231654398144377e-15,0.0,2.998384491114701,12.0,6.890234059725585,11.0,0.0015559983007528,3.846119165193322,4.638930533117932,117.842,1.3614178459593216,19.627,0.0024566977038586,34.761,25.5329398708636,15.134,31.808550000000004,5.123606492257808,84.1599353796446,2580.0,2245.5387409200966,2505.0,0.0461482161194392,177.6536447878428,0.2036011665171013,0.0577982452343377,0.073619074999442,-2.7207961053790333e-06,0.0117677901523526,2.772213247172857,71.0,68.28288942695723,70.0,0.001431010696113,1.564937462708479,35.29895988596259,40.507407944387744,4.262145672010667,34.60312665014624,0.014579168673138,8188.0,1,0.06639000000000006,-128.12543301533498,31,2.7947611808776855,1
yolo11s.pt,20,115W,3,1605.7737281976745,32.160787846481846,0.0568563856976377,0.6095153860464908,19.84861407249467,46.0,28.15511727078892,45.0,0.0114116837988306,17.72918553278061,0.0,0.76173,0.0,8200.0,8200.0,8200.0,-2.8990735670603393e-16,0.0,6.430703624733476,17.0,8.786247334754798,15.0,0.0036114036711942,5.896914970844255,12.464620469083162,121.617,1.6084183088710813,36.575,0.00753425824133,51.728,32.160787846481874,15.153,40.15225,9.178608595898217,380.8208955223877,2655.0,2500.2505330490403,2655.0,0.2307548065290422,272.59545016503,0.2161202298279318,0.0568563856976377,0.073199260000365,-6.028797709812182e-06,0.012287815144159,5.680170575692955,74.0,70.46268656716418,74.0,0.0036868123042599,2.8277097557082214,53.737338510764886,60.40312443055672,5.774604102422346,52.76452175405591,0.0115476104298779,8188.0,1,0.048960000000000004,-135.35571333663026,30,2.6533455848693848,2
yolo11s.pt,20,115W,4,1779.6380004882812,32.892574821852826,0.0631296548437603,0.5191242238565328,22.67933491686461,49.0,28.291567695961994,47.0,0.0160035172441112,18.18592680197637,0.0,0.78109,0.0,8200.0,8200.0,8200.0,-1.3281628766727232e-14,0.0,8.31353919239905,20.0,10.705463182897862,19.0,0.006040742504017,7.255840048486086,14.834743467933489,120.967,1.3381743520655376,28.835,0.0097201671724963,44.016,32.89257482185273,15.181,42.74325,10.354303235496836,414.7980997624704,2655.0,2486.000593824228,2655.0,0.2746330245611914,282.74768323532606,0.2475428280091557,0.0631296548437603,0.0813709350024509,2.3003994297053137e-06,0.0156272932912663,5.741092636579566,76.0,71.5374109263658,75.0,0.004002901159759,3.018218937259155,65.03646406051084,76.01350299411081,8.734277612322366,63.36166433825123,0.0180359964240212,8188.0,1,0.02960000000000007,-146.52827641024797,28,2.3069820404052734,3
yolo11s.pt,20,115W,1,1459.0627464294437,20.309855369170464,0.0566935467382782,1.1514136139038635,9.198244415306114,39.0,29.749863677795613,37.0,0.0029660421126268,10.704114062575313,0.0,0.66209,0.0,8200.0,8200.0,8200.0,-1.2109869753718822e-15,0.0,1.4533639101432758,9.0,4.957024079364183,7.0,0.0004673513659841,1.9525366252188008,1.597269079615895,118.44,1.117911788338524,8.085,0.0005178030688153,22.7065,20.30985536917044,14.6215,21.4745,1.81368502189044,0.0,2010.0,2010.0,2010.0,-1.952315356645948e-16,0.0,0.1379180143813333,0.0566935467382782,0.0706743275002281,-2.506772653802657e-06,0.0078325869675025,0.8950669536239388,67.0,66.35468343979065,67.0,0.0002618899797002,0.6450945260705143,17.871492789803362,19.96181890703824,1.842942734568776,17.63998976013657,0.0107084784913423,8188.0,2,0.14860000000000007,-139.3991118606965,29,2.222968578338623,4
yolo11s.pt,20,115W,5,1886.145552884616,33.930764590164,0.0654258544232666,0.4439898529092402,25.00524934383202,52.0,27.97639344262295,51.0,0.0170144110238589,20.46862693568106,0.0,0.76789,62.9921259842522,8200.0,8184.262295081967,8200.0,0.0369889092484221,136.51948778673423,10.650918635170605,24.0,11.87672131147541,23.0,0.0071471525526898,9.288061210687635,18.18618110236221,119.715,1.3915100520218455,31.950000000000003,0.0126076135166515,47.215,33.93076459016393,15.265,46.037,11.615588060044477,466.29921259842513,2655.0,2467.3180327868854,2640.0,0.333500034935098,278.2072358301653,0.2618649979248374,0.0654258544232666,0.0838667500005612,-1.4922399193308558e-05,0.0171327412327794,6.356955380577432,77.0,71.61901639344262,76.0,0.0046588904917491,3.239677025451681,78.69339801153829,93.50592376147809,11.04285269621264,76.42238751141026,0.0196918246845284,8188.0,1,0.04280000000000006,-149.55155569964825,26,1.9712637662887573,5
yolo11s.pt,20,115W,6,1957.227592329545,34.26872175732218,0.0673126088637466,0.3844528439851988,28.237430167597765,57.0,28.202928870292887,55.0,0.0205481448167889,22.30409753554257,0.0,0.78619,0.0,8200.0,8200.0,8200.0,1.6632226592017319e-15,0.0,13.19832402234637,28.0,12.829846582984658,27.0,0.0095892589081613,10.948226153306242,20.08193016759777,120.488,1.4658556673263352,34.934999999999995,0.0145874472287251,50.233,34.268721757322176,15.298,48.7783,12.571990490752388,496.6759776536314,2655.0,2453.807531380753,2655.0,0.3619104686076282,288.9202967104044,0.2967085040262974,0.0673126088637466,0.0860235799969814,-1.486316871733924e-05,0.0199722234780695,6.935754189944134,78.0,72.00697350069736,76.0,0.0055536582384993,3.486168152231003,92.18303860650678,109.28597591076785,13.135978770483709,89.13634609148973,0.0203059277530691,8188.0,1,0.024499999999999966,-149.0971459295251,27,1.7933390140533447,6
yolo11s.pt,20,115W,7,2171.868832236842,35.05242251461987,0.0706814557894081,0.3539366074683939,28.508771929824565,64.0,29.101608187134502,60.0,0.02144843836866,23.66479601672386,0.0,0.80276,66.66666666666697,8200.0,8183.333333333333,8200.0,0.0403436315573683,140.43582955293934,13.92982456140351,34.0,14.023391812865498,31.0,0.0104312403758502,12.156005045698365,20.704970760233923,117.981,1.5427464386361662,38.766,0.0160492216866476,54.077,35.052422514619884,15.311,50.68,13.29997905402724,498.7719298245616,2655.0,2456.0087719298244,2640.0,0.3878789169075021,286.71091546339886,0.2721310760753917,0.0706814557894081,0.0955031300007249,-1.6440479876143303e-05,0.0192346206225468,6.634502923976598,78.0,72.22587719298245,77.0,0.005409550388952,3.509094694584589,102.47470954329042,123.58377543925164,15.525488203638734,99.03587754129109,0.0229539345584671,8188.0,1,0.007929999999999993,-164.77663420183353,25,1.5746095180511475,7
yolo11s.pt,20,115W,8,2376.52421875,35.64400011393688,0.0743048053125021,0.3311515098208522,32.62519223944162,64.0,29.78861890737334,61.0,0.0243652741820885,24.52030182918311,0.0,0.797,35.80977167869378,8200.0,8186.326473578016,8200.0,0.0178834586982934,124.82383758703874,17.10149256674159,36.0,15.693062751252231,34.5,0.0126144815178781,13.79868097065134,22.80957189262196,120.935,1.540949481168676,40.2205,0.018414943054768,54.9085,35.64400011393684,14.688,53.0137,14.33697046369312,500.7579409677038,2655.0,2458.8957216870026,2655.0,0.4092343501287222,290.0453335588246,0.2135395156392293,0.0743048053125021,0.0980927000003021,-2.9529756522075675e-05,0.0158000773884978,7.704611774912259,77.5,71.08264935399961,76.5,0.0067263596732632,3.8622764231218008,110.46451387175884,130.29818108750007,15.186505567013189,107.69416902847358,0.0189244392576681,8188.0,2,0.01368999999999998,-180.16608948070322,24,1.229594111442566,8
yolo11s.pt,20,115W,9,2425.8976041666665,35.567630115830084,0.0780042416664703,0.30826955722876,32.0061919504644,70.0,30.277220077220075,67.0,0.0247536176052405,26.1072554301371,0.0,0.7877,33.436532507739685,8200.0,8182.393822393822,8200.0,0.0092165470836344,144.28248555355864,17.597523219814242,42.0,16.528185328185327,41.0,0.0133554508361309,15.73238357166397,23.36855108359133,119.135,1.5646530235150913,40.554,0.0182853100671879,55.651,35.56763011583011,15.097,54.067,14.382049995049275,517.9876160990714,2655.0,2444.7335907335905,2655.0,0.4082014505121143,294.6810108202968,0.2799122057552934,0.0780042416664703,0.0982877599999483,-5.390717290167279e-05,0.0218343393431306,7.31269349845202,79.0,72.3984555984556,78.0,0.006155841202209,3.893207321976253,119.53441091110184,143.06861952743375,18.39300323031621,115.37834107127269,0.0236766035950223,8188.0,1,0.022990000000000066,-180.47858079706907,23,1.1935784816741943,9
yolo11s.pt,20,115W,10,2537.6647836538464,36.08541346153849,0.0818148423077918,0.2952322411967238,42.04807692307692,72.0,29.985576923076923,68.0,0.0291823305044628,27.18791062738261,0.0,0.80259,0.0,8200.0,8191.346153846154,8200.0,0.0198357439884408,101.53682253921946,24.33333333333333,43.0,17.10176282051282,41.0,0.0168177383187161,16.43509173939128,27.144483974358977,118.01,1.6143919221569123,42.885,0.0218791179819433,58.256,36.08541346153846,15.371,56.422,15.53657040055563,542.5480769230771,2655.0,2427.223557692308,2655.0,0.4437611992005543,299.8582125240395,0.2883350730364806,0.0818148423077918,0.1038103350012533,-8.101734106165568e-05,0.0235900885322852,7.695512820512818,80.0,72.62580128205128,79.0,0.0067829755754514,4.0313524086294485,126.41203634080924,148.1081764082871,18.46538685168716,122.22721107717187,0.0213373247199642,8188.0,1,0.008099999999999996,-187.6480444113892,22,1.0123090744018555,10
yolo11s.pt,20,115W,11,2662.3609375,36.31268940016432,0.084152574166804,0.2778005716312226,32.858552631578945,78.0,30.62859490550534,73.0,0.0234930649840252,28.54928597318519,0.0,0.80291,0.0,8200.0,8190.139687756779,8200.0,0.0238470897443063,108.32889242640408,19.17763157894737,51.0,17.98192276088743,48.0,0.0132651533808595,18.383962910011988,26.88908223684211,122.215,1.6558674389930446,44.706,0.0223048674799514,60.129,36.31268940016434,15.423,57.406000000000006,15.888139355908343,534.6710526315787,2655.0,2418.0443714050944,2640.0,0.4425673334762115,301.076807006604,0.2763332232398656,0.084152574166804,0.1061302599988266,-8.099775994331029e-05,0.0232541520634448,7.89473684210526,80.0,72.6910435497124,79.0,0.007201807787823,4.267150361305736,135.31855091958582,164.90913055015588,20.74741254497961,130.7149556494399,0.0235078661025929,8188.0,1,0.007780000000000009,-195.07043624036893,21,0.795302152633667,11
yolo11s.pt,20,115W,12,2747.0320845170454,36.03203568532034,0.0908782959092853,0.2728775001020391,45.201298701298704,76.0,31.248175182481752,71.0,0.0344320149046929,27.79084287319702,0.0,0.79779,7.792207792208501,8200.0,8190.267639902677,8200.0,0.0234684692089846,107.62951864486038,27.43831168831169,51.0,19.21816707218167,47.0,0.0205519005516639,17.886057156293617,26.57185714285714,121.162,1.6616047042935118,44.466,0.0214586072281655,59.871,36.03203568532036,15.405,57.7618,16.001520113880773,535.909090909091,2655.0,2422.043795620438,2655.0,0.4336181865195562,302.10427137442724,0.2844006763755206,0.0908782959092853,0.1138895550002416,-8.835174571364643e-05,0.0258458488244554,8.16558441558442,81.0,72.87672343876723,79.0,0.0072613338622637,4.315728976182096,136.94292260518216,160.10501809431383,21.41616467981717,132.04472949160927,0.0244570578553183,8188.0,1,0.012900000000000023,-202.68406789380305,20,0.6473270058631897,12
yolo11s.pt,20,115W,13,2924.8009375,37.2316076271187,0.0937804924998272,0.2685844999870396,40.49152542372882,79.0,32.62033898305085,76.0,0.0362980555653849,29.802142908170023,0.0,0.79304,0.0,8200.0,8189.830508474576,8200.0,0.0247153002279072,109.99986942093524,25.32542372881356,55.0,20.52203389830509,50.14999999999986,0.0227575037210805,20.06583290323493,27.790708474576263,118.357,1.6521714725849053,45.963,0.0235924682715324,61.513,37.23160762711864,15.55,59.063,16.648439224788227,545.5423728813557,2655.0,2421.648305084746,2655.0,0.4815551116685694,301.53838478231467,0.2639004161889224,0.0937804924998272,0.1121502149992011,-0.0001124699820755,0.0247487110011065,7.508474576271197,80.0,72.78474576271186,79.04999999999995,0.0070215627482873,4.2473646289547125,143.0442617130894,165.89575547081822,20.081780956569443,138.62157953610608,0.0197089537428648,8188.0,1,0.017650000000000055,-216.75523255376012,19,0.46174129843711853,13
yolo11s.pt,20,115W,14,3025.7109375,37.359443781942126,0.0953153139999813,0.2543519367814616,39.28327645051195,81.0,30.702725724020443,78.0,0.0301193950404081,30.545512322835023,0.0,0.79827,0.0,8200.0,8189.778534923339,8200.0,0.0251851737863146,110.27819251184609,25.63481228668942,57.0,19.1984667802385,53.0,0.0197461440532982,21.041225804101483,27.807689419795228,121.566,1.7066099905592769,48.232,0.0241296339074313,63.758,37.35944378194208,15.526,59.36735,16.834421416473415,550.4436860068258,2655.0,2423.547700170357,2655.0,0.4878264151202259,300.13660834723123,0.281329132070151,0.0953153139999813,0.1193313549980302,-0.0001068199758498,0.0268149745606086,7.72696245733789,81.0,72.60647359454855,79.0,0.0074507918988803,4.209200476902258,153.0154963702481,187.7413016917867,27.89820015673021,146.8809093993306,0.0332415710262109,8188.0,1,0.012419999999999987,-221.91567886679005,18,0.3778829872608185,14
yolo11s.pt,20,115W,15,3250.407204861111,36.67363742690064,0.1055677399997471,0.2581035347152028,41.57859531772575,80.0,30.85797827903091,75.0,0.0336799013407243,30.699691495208032,0.0,0.80707,0.0,8200.0,8200.0,8200.0,6.972754697495813e-15,0.0,26.618729096989966,57.0,20.085213032581454,53.0,0.0213709801161045,21.63398939867894,28.48211036789298,120.489,1.7126198655694165,47.259,0.0250596222229321,62.808,36.67363742690058,15.549,59.123,16.565440341258228,594.1806020066888,2655.0,2432.0802005012533,2640.0,0.5362893697188472,296.78635233327043,0.2770630303959713,0.1055677399997471,0.1370055300018066,-0.00015229747667,0.0292489179563839,8.170568561872898,81.0,72.96992481203007,80.0,0.0076787157199591,4.38944938564437,148.52727788853102,199.0159273250273,28.13630520298668,142.08886161658785,0.0358857220653624,8188.0,1,0.0036200000000000676,-247.12249300153854,17,0.30860766768455505,15
yolo11s.pt,20,115W,16,3392.034619140625,38.139314129471686,0.1105143609375147,0.2633990188701328,37.83089065645407,80.5,32.006053443840656,79.0,0.0327177728649614,30.885833444699617,0.0,0.81069,0.0,8200.0,8194.86740804106,8200.0,0.0121013430011789,55.25587457589094,25.3685434771935,58.0,21.45018677186899,56.5,0.0216360410137129,22.27601985054919,29.96094978396426,118.295,1.7382995336913738,51.299,0.0265299140262991,66.2695,38.1393141294717,14.9705,61.6421,17.854767976517632,529.6543121225512,2655.0,2421.6046771777173,2655.0,0.4742188956435511,300.76040283661024,0.2023389478403789,0.1105143609375147,0.1339147974996876,-0.0001559370730545,0.0224345260329213,7.763723179653361,81.0,72.76812781286392,79.5,0.0072651210884538,4.448772709426456,148.30166094822346,169.05888473319254,19.16568395945829,144.79345953152784,0.0167409766478596,8188.0,2,0.0,-259.9552490210402,16,0.17231954634189606,16
yolo11s.pt,20,115W,17,3505.8484375,37.47656883116876,0.1140420268748585,0.2514061099895078,41.12152777777778,83.0,30.1004329004329,80.0,0.0352569758475499,31.540564821350724,0.0,0.80272,0.0,8200.0,8200.0,8200.0,-4.027740782345647e-15,0.0,27.881944444444446,60.0,20.233766233766232,59.0,0.0236882126227445,22.90274720505003,29.01702430555556,119.867,1.6962331927017396,48.043000000000006,0.026115176089435,63.569,37.47656883116883,15.526,60.83,17.226834559226965,536.875,2655.0,2418.428571428572,2640.0,0.4793108728120374,301.3856496799808,0.2669262509729722,0.1140420268748585,0.1532075149978481,-0.0002276271037416,0.0304408106870649,7.288194444444443,81.0,72.6969696969697,80.0,0.006959955781866,4.286083328376039,156.43117569743808,230.9893865084076,33.00148734137326,149.06785214063737,0.0445061890413967,8188.0,1,0.007970000000000033,-268.64024323185134,15,0.049790553748607635,17
yolo11s.pt,20,115W,18,3639.1859375,37.66794496990542,0.1143573406249288,0.2393114451980304,37.39310344827586,84.0,32.11779879621668,81.0,0.0328879242391479,30.825094766791896,0.0,0.81012,0.0,8200.0,8200.0,8200.0,-6.151082500022904e-15,0.0,25.74482758620689,63.0,21.51676698194325,60.0,0.0224422015095359,22.860683582605688,29.29475862068965,117.749,1.698765357417922,48.504,0.0247386947715133,63.989,37.66794496990542,15.485,61.116,17.422417177293088,545.2758620689656,2655.0,2418.6758383490974,2655.0,0.4782575736967092,300.8915682565016,0.271815062783718,0.1143573406249288,0.1391765399992436,-0.0002221693933834,0.031084047721744,8.627586206896552,81.0,73.05159071367154,80.0,0.0081267251696671,4.617893397435365,165.77966789992757,263.0293698554636,38.95863041435711,157.40135177711687,0.0552261580202163,8188.0,1,0.0005700000000000705,-277.011428677711,14,0.01946858875453472,18
yolo11s.pt,20,115W,19,3819.7252232142855,37.48831120689663,0.1259195028572971,0.2484478689543191,38.08965517241379,83.0,30.66551724137931,80.0,0.0333542213516446,30.846704131348364,0.0,0.80187,0.0,8200.0,8200.0,8200.0,-7.406549281546713e-15,0.0,26.072413793103447,64.0,20.714655172413792,60.0,0.0222230256075418,23.08493595365909,29.26744827586208,115.0,1.7067986777763673,48.419,0.026917643460209,63.985,37.48831120689655,15.566,61.6287,17.751469782291228,534.6206896551726,2640.0,2404.2672413793102,2640.0,0.5009137835320144,302.71170584882776,0.2372371583383035,0.1259195028572971,0.1568358799990164,-0.0002173216610209,0.029872785037237,7.789655172413788,82.0,73.11293103448276,81.0,0.0076489316858783,4.608669307766311,155.92171000457364,204.3120796581829,24.67592627506216,150.89004934789526,0.025045733197081,8188.0,1,0.00882000000000005,-298.9370369540707,13,-0.03967263177037239,19
yolo11s.pt,20,115W,20,3901.153794642857,37.51235064935071,0.1266787428571271,0.2376008710937741,43.47569444444444,86.0,32.53073593073593,81.0,0.0369199300217032,31.86317690243001,0.0,0.802,0.0,8200.0,8200.0,8200.0,-4.027740782345647e-15,0.0,30.92013888888889,68.0,22.86320346320346,63.0,0.0259382782575768,24.31165587496757,29.19703472222222,120.305,1.741906302028319,49.96000000000001,0.0260777926462663,65.343,37.51235064935065,15.383,61.3515,17.403591084247367,545.15625,2655.0,2416.714285714286,2655.0,0.497213703042083,302.06655571518115,0.2714878499660362,0.1266787428571271,0.1588158499989731,-0.0002585245968844,0.0343917395346818,8.215277777777786,81.0,72.93679653679654,80.0,0.0079855725643207,4.4735283098119885,167.69860875960762,282.48025927326853,45.03648153175529,157.8796848541253,0.0721223698403322,8188.0,1,0.008689999999999976,-302.89090768168074,12,-0.24858981370925903,20
yolo11s.pt,20,115W,22,3987.0442708333335,38.03718271827182,0.1398854533335907,0.2418567521853671,39.32129963898917,88.0,31.49954995499549,83.0,0.0338322447838795,33.48951969781649,0.0,0.80405,0.0,8200.0,8188.118811881188,8200.0,0.0280685272493785,118.81188118811882,29.25992779783393,69.0,22.61656165616561,66.0,0.0248409353865582,26.45987154578033,30.28775090252708,116.734,2.128049298485944,65.461,0.0289965153058179,80.945,38.03718271827182,15.484,63.8305,18.47547136566577,543.5740072202166,2655.0,2407.020702070207,2655.0,0.5354250085712426,304.88837361156214,0.2429392162338376,0.1398854533335907,0.1749666900015654,-0.0003697894034338,0.0339836623953775,7.920577617328519,82.0,73.26282628262827,81.0,0.0076461447428039,4.665908949342844,162.5555320263815,207.5600649898097,25.423678323588568,157.27153521485667,0.0244609467507835,8188.0,1,0.006639999999999979,-311.9496064980737,11,-0.2581046223640442,21
yolo11s.pt,20,115W,21,4049.353794642857,37.47328146258504,0.1307369750001661,0.2332925457975318,46.0,85.0,34.28741496598639,84.0,0.0377224933972938,32.65263547589506,0.0,0.798,0.0,8200.0,8200.0,8200.0,-1.0117321574483011e-14,0.0,32.302721088435376,66.0,24.22704081632653,65.0,0.0261017121105749,25.22268813361115,28.36641156462585,119.316,1.7284848690038317,49.39300000000001,0.0247635293811662,64.772,37.47328146258504,15.379,61.4635,17.448729588421628,538.8775510204082,2655.0,2412.359693877551,2655.0,0.4765691641540285,302.74400802629384,0.270341708654436,0.1307369750001661,0.1604960850005226,-0.0002207491764909,0.0353436572058571,8.615646258503403,82.0,73.07057823129252,81.0,0.0080489782637326,4.654850992339783,171.93816100811526,302.70601354497296,51.90148880592279,160.6278560443464,0.091120286588485,8188.0,1,0.012689999999999979,-316.0545911301948,10,-0.3621824085712433,22
yolo11s.pt,20,115W,23,4323.977604166666,38.25930190311412,0.1432608624999981,0.2383069821429543,40.141868512110726,90.0,31.67301038062284,85.0,0.037411925192338,32.47091322732548,0.0,0.80071,0.0,8200.0,8189.619377162629,8200.0,0.0242360959284814,111.12600989126062,28.85121107266436,73.0,22.93425605536332,69.0,0.0269500259858333,25.39550479696974,30.310757785467125,118.833,1.7663155530420007,52.004000000000005,0.0273539190369134,67.578,38.259301903114185,15.574,62.965,18.003711504551813,584.2214532871972,2655.0,2415.9602076124565,2655.0,0.5499809859282669,302.6892644348477,0.2755138366216162,0.1432608624999981,0.179049594999924,-0.0003822698864594,0.0394703498650963,7.667820069204154,81.0,73.07093425605537,80.25,0.007579932217388,4.4465475304233975,170.65843647436847,277.53819085977403,44.42396818869628,160.54629016351413,0.0677609013154816,8188.0,1,0.009979999999999989,-343.722844699181,8,-0.5344299077987671,23
yolo11s.pt,20,115W,24,4376.966471354167,37.75901731601735,0.1462142566666443,0.2300377770551845,41.5625,89.0,32.377489177489174,84.0,0.0327617229340136,32.49268202284573,0.0,0.7974,0.0,8200.0,8200.0,8200.0,-4.027740782345647e-15,0.0,30.135416666666668,71.0,23.817316017316017,66.0,0.0230533362938776,25.89005146944689,29.43414930555556,122.384,1.755262840801882,50.731,0.0258607700509837,66.277,37.759017316017314,15.546,62.4359,17.826920005509,532.6041666666665,2655.0,2407.181818181818,2640.0,0.4787474373988556,303.088719910448,0.2470164143552051,0.1462142566666443,0.1871884999984104,-0.0003236146822665,0.0361173214094061,8.805555555555557,82.0,73.54372294372294,81.0,0.0084884627165725,4.83498631158316,172.2093154834873,259.693418554986,37.924130346892085,164.14268038661842,0.0484973468519233,8188.0,1,0.013290000000000024,-346.7641713666491,6,-0.670314371585846,24
yolo11s.pt,20,115W,30,4385.6309375,37.591391229578655,0.1759813449999273,0.2205127862999908,47.85172413793104,91.0,35.0292347377472,84.0,0.0389741933681563,34.622854469367184,0.0,0.79875,0.0,8200.0,8200.0,8200.0,-6.151082500022904e-15,0.0,37.96551724137931,76.0,26.32416165090284,70.0,0.0304438564793099,28.81877420007994,29.72850689655172,115.0,1.8065306384980293,52.345,0.0271618751290275,67.91,37.59139122957868,15.565,64.548,18.07768683209984,593.4827586206898,2655.0,2423.2287188306104,2640.0,0.5668913800672305,299.7787248741655,0.2966735560370624,0.1759813449999273,0.2191771899986633,-0.0004857199333973,0.0522090114173135,7.596551724137939,83.0,73.39982803095442,81.0,0.0072368539395648,4.521191143928393,193.78341499708327,412.4053504548376,87.59454049594262,170.4726145831672,0.2043246987517058,8188.0,1,0.011940000000000062,-343.7989972460154,7,-1.00210440158844,25
yolo11s.pt,20,115W,29,4305.2709375,38.20329015544039,0.1759192449997863,0.2317480676087187,39.79930795847751,92.0,33.71416234887737,87.0,0.0412099905358015,32.811630532768305,0.0,0.79232,0.0,8200.0,8200.0,8200.0,-3.2591471823711177e-15,0.0,30.975778546712803,77.0,25.499136442141623,72.0,0.0322000670008015,26.47796195007733,29.151695501730103,120.453,1.7900028956082368,52.86,0.0256872911443631,68.384,38.20329015544042,15.524,64.104,18.19122218381782,588.581314878893,2655.0,2430.3886010362694,2655.0,0.5440495070090346,297.8586865877225,0.2665309334557022,0.1759192449997863,0.2227067399975567,-0.0005216501296232,0.0468879205826154,8.13840830449827,81.0,73.00690846286702,81.0,0.0077665165996106,4.620666268368846,178.99161166123366,326.2156057020747,59.5462820776118,164.84836551018182,0.1106735762624794,8188.0,1,0.018369999999999997,-339.2605694749791,9,-1.0091500282287598,26
yolo11s.pt,20,115W,25,4628.3609375,38.760716168717074,0.1482379016668649,0.2298322892782218,44.7887323943662,86.0,32.46309314586995,84.14999999999986,0.0405216515552604,31.87247973994804,0.0,0.81,0.0,8200.0,8200.0,8200.0,6.149250986182461e-15,0.0,34.29577464788733,68.0,23.50615114235501,67.0,0.0310011026538754,25.42666592416976,29.692588028169013,120.487,2.2000625486075114,69.725,0.0277489755878894,85.276,38.760716168717046,15.551,64.542,18.63424140984329,570.6338028169016,2655.0,2420.0351493848857,2655.0,0.5425986038500938,300.7121725426352,0.28949566735695,0.1482379016668649,0.1846326499995484,-0.000289805569837,0.042914230270643,7.890845070422529,82.0,73.12390158172232,81.0,0.0076871961476435,4.3677128492349215,189.6633391023205,417.1830383468947,84.02217885577826,168.64782703267412,0.1962551646305667,8188.0,1,0.0006899999999999684,-369.3996097641389,4,-1.131223440170288,27
yolo11s.pt,20,115W,26,4692.7509375,38.66240125673248,0.1663818819999505,0.2474124262974001,41.65827338129496,87.0,32.05924596050269,83.0,0.0403723678521903,33.540994100478,0.0,0.79647,0.0,8200.0,8189.228007181328,8200.0,0.0257278931136263,113.18284124866383,30.906474820143885,71.0,23.833034111310592,67.0,0.0301017738249545,27.2282879150891,31.00201798561152,120.06,1.894036521780923,57.69499999999999,0.0298495252307497,73.228,38.662401256732494,15.533,65.4615,18.84263181772511,589.2086330935253,2655.0,2416.306104129264,2655.0,0.5768937739865786,301.2578725305986,0.1923587544622706,0.1663818819999505,0.1962571800004298,-0.0003903021710194,0.0320050115865989,8.29136690647482,82.0,73.48563734290843,81.0,0.0081632808063472,4.869414140648513,159.57506418382118,188.57069998954825,18.877198729472667,156.26701469819727,0.0139941021649509,8188.0,1,0.01422000000000001,-383.24878718242815,3,-1.1801854372024536,28
yolo11s.pt,20,115W,31,4532.2709375,37.25692703862667,0.1840309869999691,0.2211751308227195,41.422680412371136,91.0,36.39399141630901,87.0,0.0382604543295379,35.19427574822341,0.0,0.79747,0.0,8200.0,8200.0,8200.0,1.1872647840398052e-15,0.0,30.93127147766323,77.0,27.683261802575107,72.0,0.0289031823073145,30.133211022525064,27.210319587628867,120.738,2.548948814311571,79.353,0.023420416566519,94.966,37.25692703862661,15.613,64.16979999999998,17.91248872074013,584.536082474227,2655.0,2429.1502145922746,2655.0,0.5369256494745194,297.0610097774477,0.284632946329692,0.1840309869999691,0.2332558150032127,-0.0004478538967924,0.0523812820457624,7.350515463917532,83.0,72.91673819742489,80.0,0.0069480827932825,4.4848743031606135,189.1652494992232,377.1462096830049,80.50473822001817,168.44989262599125,0.1811173975150776,8188.0,1,0.01322000000000001,-359.6098655821307,5,-1.3212312459945679,29
yolo11s.pt,20,115W,32,4715.55234375,38.55360880176942,0.2107677506249899,0.2539073716828278,35.83734540636043,89.5,31.70254364996882,85.5,0.0338187866673106,34.39148908699331,0.0,0.79497,0.0,8200.0,8200.0,8200.0,-3.09982531838388e-15,0.0,28.077465703595927,76.0,24.59341385626689,72.0,0.0258529318284302,29.00368603528608,29.300662011536065,120.379,1.897127813937852,58.225,0.0264905845108269,73.16999999999999,38.553608801769386,14.945,66.08439999999999,18.812817660998054,583.1485787778008,2655.0,2435.555993101746,2647.5,0.5553154644319915,295.4010168110119,0.1190511277357423,0.2107677506249899,0.2432781225001462,-0.0003446217270279,0.0251766788233664,7.528957077530656,81.5,73.2018713625026,80.5,0.0072418399243559,4.574391579556464,153.50869241758645,177.24329003252268,14.20289870427397,151.84613733450345,0.0087050884838096,8188.0,2,0.015720000000000067,-388.1598457346518,2,-1.4053951501846313,30
yolo11s.pt,20,115W,27,4863.1908984375,37.943095113438,0.1699422960001174,0.2388198778121663,42.41958041958042,84.0,31.926701570680628,83.0,0.0380871450095122,32.03809690849739,0.0,0.7932,0.0,8200.0,8189.528795811519,8200.0,0.0243020374902351,111.60555052962704,32.54895104895105,71.0,23.75741710296684,67.0,0.0293212533815701,26.288846631280503,30.421968531468536,118.935,1.7913404216707638,52.438,0.0282476130413998,67.969,37.94309511343804,15.531,63.639,18.24161792698006,594.7552447552448,2655.0,2423.6780104712043,2640.0,0.5750473807010035,298.36512381322933,0.2140615607682043,0.1699422960001174,0.2055414200023733,-0.0003779141458055,0.0363781131223173,8.66083916083916,82.0,73.4153577661431,80.0,0.0086866150010505,4.7407749772682095,164.04894643253778,215.249470176385,27.28942863140577,158.87745802834942,0.0276720920981203,8188.0,1,0.017490000000000006,-398.58298304942804,1,-1.4059234857559204,31
yolo11s.pt,20,115W,28,4966.4709375,38.08681705150977,0.1689605650002704,0.2298275045744651,40.76868327402136,90.0,32.47158081705151,83.0,0.0382416418571444,33.498211698857055,0.0,0.80611,0.0,8200.0,8200.0,8200.0,6.822498509465924e-15,0.0,30.487544483985765,75.0,24.49822380106572,69.0,0.0288770461617344,27.81800623859001,30.20010676156584,122.822,1.7999666369411795,52.965,0.0283385065618494,68.555,38.08681705150977,15.59,64.2715,18.333367255372067,538.0782918149466,2655.0,2407.739786856128,2640.0,0.5150847673998983,304.4618942950859,0.2282258590774183,0.1689605650002704,0.2089800649990138,-0.0004843792085116,0.0385611700973927,7.683274021352318,83.0,73.20426287744228,81.0,0.0077658506448374,4.6433186532500805,173.8799752108393,268.1110066776175,40.11204823801185,165.71914280681523,0.0532170183967001,8188.0,1,0.0045800000000000285,-404.83342947621287,0,-1.5094715356826782,32
yolo11s.pt,20,65W,3,1284.8225835755811,25.44721993598541,0.0660787558139079,0.5605068774309303,21.90659340659341,46.0,25.587105624142666,41.0,0.0113097581351757,15.97540628672337,1.0,0.76173,613.5531135531137,8000.0,7778.692272519433,8000.0,0.3187441793205656,415.1272301812471,5.6593406593406606,13.0,6.498399634202103,12.0,0.002977592238765,4.59043878203134,11.823624542124543,54.367,1.7917477867797769,33.268,0.0061894311130639,45.595,25.44721993598537,12.327,34.916,7.9231282095617726,225.6868131868132,2505.0,2213.655692729767,2505.0,0.118728369449585,184.32497461635108,0.2575327238778068,0.0660787558139079,0.0886386100022718,-1.3226914449596591e-05,0.0170174419752121,6.239926739926737,72.0,67.40009144947416,71.0,0.0034367248235755,2.6754758459297823,46.65334194687279,54.46151577094863,6.248099386150091,45.40037055855964,0.0179361959393532,8188.0,1,0.048270000000000035,-106.33630700961942,21,2.6334574222564697,1
yolo11s.pt,20,65W,5,1565.0478966346154,28.064974571259647,0.0687145113461016,0.3856942027209749,30.5829383886256,55.0,24.81371969248965,52.0,0.0209294445871839,21.367587962103592,1.0,0.76789,744.0758293838862,8000.0,7714.370195150798,8000.0,0.4556365146414825,451.7138689823555,11.101895734597155,22.0,9.0816085156712,20.0,0.0077926877930942,8.488512362007324,16.350007109004743,49.397,2.362909677028924,53.66,0.0100858634675274,66.315,28.06497457125961,12.655,38.9355,10.494553077460123,235.6635071090045,2505.0,2218.917800118273,2505.0,0.136778136773298,193.9759073089528,0.2775861360839934,0.0687145113461016,0.0914374999976644,-3.420892012143704e-05,0.019074195697464,6.2725118483412245,75.0,69.95328208160852,74.0,0.0042630397406476,2.873779717830797,75.09455765295259,87.43565393685151,10.564725956337634,72.76483383278348,0.0197924494985998,8188.0,1,0.04211000000000009,-118.4630952780434,19,2.1244451999664307,2
yolo11s.pt,20,65W,6,1636.854190340909,28.07892533503504,0.0704608770454549,0.3297442842667354,35.570332480818415,59.0,27.909380982769623,57.0,0.0222071357938975,22.67411721853337,1.0,0.78619,849.1048593350379,8000.0,7686.02425015954,8000.0,0.5449190216764013,464.10664545186233,14.62915601023018,25.0,11.134652201659222,25.0,0.0090170335237939,9.914265163085105,18.76870588235294,52.633,2.48958958243238,57.145,0.0121489675049798,69.905,28.0789253350351,12.76,39.77309999999999,11.024020503145584,208.81074168797977,2505.0,2185.701978302489,2505.0,0.1210714409215046,196.20071613213864,0.2928394201805994,0.0704608770454549,0.0944554799982142,-2.907679052709169e-05,0.0206337223794075,6.092071611253189,75.0,70.19272495213784,74.0,0.0041359810947536,2.864945258918813,87.82602244136547,100.9490005223718,11.760211782156054,85.15363775743735,0.0179301472701024,8188.0,1,0.023809999999999998,-118.21140244663552,20,1.7435665130615234,3
yolo11s.pt,20,65W,7,1850.971175986842,27.83145359477128,0.0745149828947768,0.296265755507308,37.24083769633508,68.0,28.51372549019608,66.0,0.0242629492880684,25.17234985518504,1.0,0.80276,848.1675392670159,8000.0,7667.320261437909,8000.0,0.5387723967184722,471.1729301565933,15.657068062827223,32.0,11.990196078431373,30.0,0.0100171587337792,11.46374942773722,18.28259162303665,51.207,2.119041314143935,46.473,0.0117492339414531,58.976,27.831453594771244,12.503,40.6404,11.188371362647027,165.62827225130877,2505.0,2146.2450980392155,2445.0,0.1085803309904836,198.6929563606705,0.2920806114686192,0.0745149828947768,0.0998756150003828,-5.141552090909377e-05,0.0217643817674801,5.759162303664922,75.0,70.10849673202614,74.0,0.0041238488826259,2.763202360065049,97.44046115341489,114.8955900700482,14.93477642490219,93.94083884961438,0.0234919349601149,8188.0,1,0.007240000000000024,-134.29962900786984,18,1.6056510210037231,4
yolo11s.pt,20,65W,8,1924.82421875,29.4489624772728,0.0810238848437279,0.2982169605708453,34.875125526401035,67.5,30.731661616161617,66.5,0.0230631625556184,26.13548444664877,1.0,0.797,753.3203757693555,8000.0,7691.996212121212,8000.0,0.5302198466703034,461.3854678689055,16.07993602202786,33.5,14.368401515151517,32.5,0.010338381492867,12.933631457874636,16.63984910916748,54.38,2.8613364157592303,69.7895,0.0115073738761871,84.2505,29.44896247727273,14.461,44.146,11.95525230070855,165.2021379980564,2490.0,2122.2900568181817,2482.5,0.1194884770140728,210.1375618645415,0.2067362225225062,0.0810238848437279,0.1052604124998651,-3.11376497725802e-05,0.0167957005406858,5.306442338840299,82.0,76.77913257575759,80.5,0.004100403662081,2.6969599125524333,101.21331946733189,119.72562307611202,13.769375393572613,98.74617413677302,0.0185127692776832,8188.0,2,0.013000000000000012,-139.12580988839073,17,1.4388670921325684,5
yolo11s.pt,20,65W,10,2216.7517427884613,27.79548043478254,0.0881795550000998,0.2450993095753106,43.13913043478261,77.0,29.57246376811594,73.0,0.0317579502486885,29.243304121778586,1.0,0.80259,857.971014492754,8000.0,7643.478260869565,8000.0,0.6217275850829337,478.97180361462296,21.069565217391304,40.0,14.307971014492754,39.0,0.0153001345146501,15.438848804394611,20.523405797101454,54.66,2.6404292659089634,60.67399999999999,0.0151892900572055,73.392,27.795480434782608,12.718,44.0687,12.132406005228484,176.391304347826,2505.0,2100.75,2505.0,0.13335021796332,251.38860550601905,0.2633166420005556,0.0881795550000998,0.11354978499985,-7.91219798322475e-05,0.0232191443157295,5.591304347826082,74.0,69.85434782608695,74.0,0.0045183785814705,2.739105417415085,117.00775149720596,137.4230514011454,16.690614827308515,113.40497238831244,0.0203477035869492,8188.0,1,0.007410000000000028,-159.1920279328152,15,1.2110377550125122,6
yolo11s.pt,20,65W,9,2105.5999479166667,27.35299792243769,0.0837137133332847,0.2544245585427647,38.54570637119114,74.0,28.585872576177284,68.0,0.0279600621327274,27.41014471145449,1.0,0.7877,858.7257617728528,8000.0,7652.354570637119,8000.0,0.5973108140290782,476.2227260494601,18.23268698060942,37.0,13.437673130193906,34.0,0.0131121584447121,14.14221863953039,18.539520775623267,50.343,2.901839141182016,66.559,0.012327981364486,79.374,27.35299792243768,12.815,42.979,11.829792537308398,132.8393351800555,2505.0,2105.869113573407,2490.0,0.1011395583326694,213.79070178724425,0.3070120113573452,0.0837137133332847,0.1103609349978796,-6.211162008407465e-05,0.0257011155086439,5.39612188365652,75.0,70.1696675900277,74.0,0.0041127989301555,2.67612707512005,112.04755365659346,135.229119341191,18.526592642753528,107.50926749801198,0.0273392343017845,8188.0,1,0.022300000000000098,-151.52726387734702,16,1.206170916557312,7
yolo11s.pt,20,65W,11,2341.6826985677085,26.91864949201746,0.0930535941668646,0.2277160986682064,44.13953488372093,82.0,31.85413642960813,77.0,0.0309790030123331,30.77571943419946,1.0,0.80291,869.1860465116279,8000.0,7627.721335268505,8000.0,0.6478386563683756,483.41210216256496,22.87790697674419,45.0,16.096516690856312,41.0,0.0156874985125603,16.757602595855015,19.217494186046515,53.37,2.133353681693046,44.701,0.0144199866749712,57.427,26.918649492017416,12.726,41.226,11.423755321443029,-4.622093023255729,2505.0,2036.6690856313496,2505.0,0.009497761516105,240.1244855899968,0.2705931307060748,0.0930535941668646,0.1190092899969385,-8.871189603772706e-05,0.0251796633690644,5.668604651162781,76.0,69.62264150943396,74.0,0.0046733516707657,2.7901669536255804,122.50750555623368,149.77802361352232,19.69657555456733,118.21144683863244,0.0258497328145173,8188.0,1,0.007090000000000041,-168.62584065199488,14,0.9819477200508118,8
yolo11s.pt,20,65W,12,2718.088405539773,27.049926193921856,0.1009060522726279,0.2274584388745505,40.01739130434783,83.0,31.1794500723589,80.0,0.0315517951647323,31.40461745320415,1.0,0.79779,866.6666666666661,8000.0,7633.14037626628,8000.0,0.6351056531368099,481.9477567202416,21.34492753623188,45.0,16.685238784370476,44.0,0.0167248428779256,17.56217153250683,17.67525507246377,53.459,1.7097643693531483,32.533,0.0131876821277327,46.249,27.04992619392185,13.716,39.25920000000001,10.240748743460118,-55.47826086956525,2505.0,2004.6056439942115,2505.0,-0.0550502906182043,287.74204569302515,0.2684396296258683,0.1009060522726279,0.122927929999787,-0.0001021313463086,0.0270871832990727,6.623188405797109,77.0,70.56512301013025,74.0,0.0054967286688556,2.956221692048577,122.96103805894477,144.8425226335987,18.97436606313888,118.922499986209,0.0238121992628907,8188.0,1,0.012210000000000054,-205.86654680103624,11,0.8648958802223206,9
yolo11s.pt,20,65W,13,2603.10328125,26.99905576208175,0.1069214144999568,0.2220597870957686,43.22619047619048,84.0,30.87806691449814,79.0,0.031422276346035,30.95255997092788,1.0,0.79304,880.9523809523807,8000.0,7623.048327137546,8000.0,0.6587988327563682,484.622646178087,22.15773809523809,44.0,16.38736059479554,43.0,0.0156156219841405,17.81013422570502,19.496538690476186,54.184,2.638499680423905,58.858,0.0146338955473979,71.237,26.999055762081788,12.379,45.3374,12.82632395035376,34.59821428571422,2505.0,2061.5130111524163,2505.0,0.0157287302753417,278.5043645214123,0.2558188644608213,0.1069214144999568,0.1335454449994358,-0.0001496570672007,0.0273525148439237,6.75,73.0,67.31895910780669,72.0,0.0056676308868194,3.031208985343302,125.7252492366794,148.38016248841603,18.92888419801645,121.58462419149198,0.0226675727479961,8188.0,1,0.016960000000000086,-192.76106076252117,13,0.7475123405456543,10
yolo11s.pt,20,65W,14,2704.5595703125,26.80018670649735,0.1085557804999371,0.2078082275334184,48.98502994011976,85.0,35.12994772218073,81.0,0.0383097989757972,30.944738490593,1.0,0.79827,913.1736526946106,8000.0,7628.0806572068705,8000.0,0.7250625174978784,483.3170235460945,26.275449101796408,48.0,19.12621359223301,47.0,0.020385105487609,17.595141351539823,18.70465868263472,51.787,2.736622725923738,60.703,0.0142686833034431,73.342,26.800186706497385,12.639,41.5597,11.832633403058468,44.32634730538939,2505.0,2039.78715459298,2505.0,0.0458099093177005,294.71371197010103,0.2695593936792143,0.1085557804999371,0.1354137999998783,-0.0001326949452505,0.0292622303719369,5.766467065868255,75.0,68.34727408513817,73.0,0.0052253426584695,2.853076055793547,135.41327947795466,204.5881401490148,30.53861249057283,128.96595589405865,0.0508599688886015,8188.0,1,0.011730000000000018,-198.4375938361143,12,0.7039813995361328,11
yolo11s.pt,20,65W,17,3184.97578125,27.16521184510251,0.1276742612498537,0.2040175502364258,40.99088145896656,84.0,34.100227790432804,80.0,0.032993208060485,30.7342538275845,1.0,0.80272,823.7082066869298,8000.0,7639.331814730448,8000.0,0.6508140483966369,480.1943829366605,23.94224924012158,52.0,19.452543659832955,48.0,0.0191963589336582,18.40546211511748,19.12900303951368,53.373,3.0651702800915817,70.70400000000001,0.0153378802448148,83.266,27.165211845102508,12.562,45.737,12.867544632940277,65.97264437689955,2505.0,2032.949886104784,2505.0,0.0619466873665272,303.30977908726294,0.2540774263355132,0.1276742612498537,0.1552219949982827,-0.0002096721068226,0.0324391477076507,5.61702127659575,76.0,68.76537585421413,73.0,0.0049079938817837,2.776200669738713,140.12518096495245,223.5016572905036,33.151724701858896,133.15134807580077,0.0559731671719933,8188.0,1,0.007280000000000064,-244.04053964854006,10,0.13432002067565918,12
yolo11s.pt,20,65W,20,3579.940541294643,26.84322765469823,0.1452065214286059,0.1948905855827442,55.54128440366972,92.0,37.24216959511077,87.0,0.0449094015363691,33.48637149367392,1.0,0.802,785.9327217125383,8000.0,7634.071810542398,8000.0,0.5861685473455928,481.6894742651983,33.932721712538225,59.0,22.3781512605042,55.0,0.0273407592477555,20.82551131209689,19.24535779816513,53.107,2.972295322542385,67.134,0.014691465454004,79.786,26.843227654698246,12.652,43.3094,11.93698796280963,36.743119266055146,2505.0,2053.659281894576,2505.0,0.051597539613674,311.51337395705207,0.2727144467648776,0.1452065214286059,0.1825464150020706,-0.0002777766023012,0.0395999161580546,5.40672782874617,74.0,68.65546218487395,72.0,0.0047344818909807,2.638032557014838,147.98110027755817,273.4741608900257,45.51370292008866,137.7348606882884,0.094595796140368,8188.0,1,0.008000000000000007,-280.722583247431,9,-0.17425167560577393,13
yolo11s.pt,20,65W,22,3665.9466145833335,27.072734883720948,0.1626534441666081,0.2001578896293949,37.4472049689441,86.0,32.12868217054264,82.0,0.0296112525841031,31.76371874475474,1.0,0.80405,888.1987577639748,8000.0,7610.077519379845,8000.0,0.7344291359454417,487.7324468673167,21.50310559006212,60.0,19.269767441860463,57.0,0.0169755050211751,21.61621055737211,20.25216459627329,53.698,3.10075802686922,71.477,0.0167635256886061,83.946,27.07273488372093,12.469,48.79319999999999,13.950875831118804,70.85403726708091,2505.0,2034.906976744186,2505.0,0.1131724092276104,333.98891598051074,0.2262743996710405,0.1626534441666081,0.1946414900010495,-0.0003738139283973,0.0368043104332263,6.152173913043484,77.0,69.15426356589147,74.0,0.0055833859504418,2.885448865486828,139.51027399330962,180.5623486060354,21.79004868822634,135.2568961126031,0.0243951794987762,8188.0,1,0.005950000000000011,-290.8556657675157,8,-0.38851380348205566,14
yolo11s.pt,20,65W,24,4055.71328125,26.90177492211842,0.165090034166648,0.1850506225431669,54.89719626168224,90.0,33.70015576323988,88.0,0.0500629470916493,34.56534242810274,1.0,0.7974,856.6978193146415,8000.0,7612.928348909657,8000.0,0.7061179323831197,487.0802685518463,35.177570093457945,59.0,20.965732087227416,57.0,0.0318309711368516,23.386840500080336,20.19813707165109,53.317,2.892002487762753,65.398,0.0160456610014331,77.8,26.90177492211838,12.402,46.86,13.38977670484353,67.33644859813103,2505.0,2016.4018691588783,2505.0,0.0607862534900658,292.50692490606366,0.2476830859188971,0.165090034166648,0.1997953299975051,-0.0003561045228786,0.0408900091168515,5.17445482866043,75.0,68.7632398753894,73.0,0.0045741959524809,2.5461511057600696,154.4262206777682,251.15272099589671,41.68969965278973,145.3752197771884,0.0728811885904296,8188.0,1,0.012600000000000056,-323.7278112431107,5,-0.7404496669769287,15
yolo11s.pt,20,65W,30,4020.7059765625,25.032016763848443,0.2083786309998686,0.1738712461472166,45.096209912536445,93.0,32.65524781341108,89.0,0.0365536360818643,36.26962052924031,1.0,0.79875,822.157434402332,8000.0,7605.685131195335,8000.0,0.6021839425486321,488.7030315480197,29.11953352769679,64.0,21.30830903790088,61.0,0.0236270152443656,24.954164765087903,17.894685131195335,50.057,2.8707634977211542,59.66,0.0133408607723952,71.861,25.0320167638484,12.201,42.509,11.509077824640238,8.571428571428669,2520.0,2003.7572886297376,2520.0,0.0129956969483599,372.9431992498335,0.3022218958127875,0.2083786309998686,0.2586916649981504,-0.00048541562856,0.0629765849076536,7.3148688046647266,67.0,59.31486880466473,64.0,0.0063921968495336,3.1261122424614065,168.063362476375,355.67758966598745,86.1872153239827,143.9686970590517,0.2629902218789014,8188.0,1,0.011250000000000093,-320.6969077735887,6,-0.8537614345550537,16
yolo11s.pt,20,65W,29,3940.39203125,25.92062180451128,0.1995786639997459,0.1783863127512773,43.545180722891565,92.0,33.47744360902256,85.0,0.0344341858933049,35.47422895258831,1.0,0.79232,852.409638554217,8000.0,7612.0300751879695,8000.0,0.6447951203596285,487.2876586302775,28.768072289156628,64.0,22.56015037593985,61.0,0.0223982704470344,25.61305012722016,19.434864457831324,52.376,2.505842664186993,53.063,0.0144996170537531,64.953,25.92062180451128,11.89,47.5258,13.659342815760644,142.1385542168673,2520.0,2075.1428571428573,2520.0,0.1475164320704191,321.7839989773447,0.2676111050211234,0.1995786639997459,0.2479043399991496,-0.0004481499141867,0.0534094668116115,8.388554216867469,63.0,55.84887218045112,61.0,0.0073973706264515,3.567461904815352,159.75137260714118,312.5584666547581,58.833423468051095,145.30611348333767,0.1356310250416933,8188.0,1,0.01768000000000003,-312.0414273958997,7,-0.9088063836097717,17
yolo11s.pt,20,65W,25,4306.346614583334,26.39837290715377,0.172663227499864,0.1823211306757655,45.24085365853659,83.0,33.611111111111114,81.0,0.0368875970562114,32.99688973140587,1.0,0.81,862.8048780487807,8000.0,7611.8721461187215,8000.0,0.6634960955498462,487.32394043674014,27.13109756097561,56.0,20.899543378995435,55.0,0.0220430897717616,21.791120259544403,17.82020731707317,54.135,2.780663802961428,60.756,0.0140246095262244,73.405,26.39837290715373,12.649,45.807,12.437007085672503,-46.829268292682855,2505.0,2000.6278538812785,2505.0,-0.0439745469416465,330.41744850172427,0.3049107208174212,0.172663227499864,0.2150278400011302,-0.0003723224102326,0.0526468691556459,5.475609756097569,75.0,68.83257229832573,73.0,0.0046652806409786,2.7513890093357944,170.56018938550582,433.30715025046,94.3624652624002,144.79052871880137,0.3060858251434435,8188.0,1,0.0,-349.0400188084833,3,-0.999333381652832,18
yolo11s.pt,20,65W,31,4167.81203125,26.23596856725148,0.2137844290000794,0.180930372884319,42.57017543859649,91.0,32.090643274853804,89.0,0.0313883249983212,35.5958753958971,1.0,0.79747,827.4853801169584,8000.0,7603.801169590643,8000.0,0.5854349824855519,489.1066521645504,27.921052631578945,63.0,20.99049707602339,61.0,0.0206130200518864,24.85811898123185,17.579915204678358,49.661,2.722026435461673,58.76500000000001,0.0127173235802334,71.415,26.23596856725146,12.65,47.3963,12.947375537919584,-1.4035087719298645,2505.0,2037.3026315789475,2505.0,-0.0137948080432009,347.617303932176,0.3208177476894454,0.2137844290000794,0.272994650001965,-0.0004654602118064,0.0685858390028796,6.505847953216367,68.0,62.05190058479532,66.0,0.0054390616593465,2.867099500483402,174.72422875017878,430.4694021938621,99.50585767701442,145.0058834733398,0.3243329188449269,8188.0,1,0.012530000000000041,-335.0261197544464,4,-1.0836310386657715,19
yolo11s.pt,20,65W,26,4371.65328125,26.964156494522715,0.1949930050002149,0.2022239193139632,45.38871473354232,91.0,31.683098591549296,87.0,0.0382613371652651,34.08066761766427,1.0,0.79647,887.1473354231975,8000.0,7606.41627543036,8000.0,0.7448950446098695,488.5443442754504,27.711598746081503,62.0,19.58450704225352,59.0,0.0227256873874518,23.26294502633885,19.63898432601881,51.206,2.456965416791641,53.652,0.0157159395245405,66.25,26.96415649452269,12.598,45.29769999999999,12.910680904643211,59.90595611285289,2505.0,2027.488262910798,2505.0,0.0608957541344662,341.5645528431696,0.1694097103052601,0.1949930050002149,0.2183078750000277,-0.000423618073213,0.0330337084886385,5.451410658307211,78.0,68.98043818466354,73.0,0.0049117610203791,2.8276677620104964,135.78667362351155,160.84999078348346,15.893619739643542,133.33811641074686,0.0137003397531791,8188.0,1,0.013530000000000042,-362.55664257745644,1,-1.1825305223464966,20
yolo11s.pt,20,65W,32,4290.79404296875,29.02030054279207,0.2521076674999903,0.2284933233700674,45.50625847823406,91.5,34.089836637378,90.0,0.0347878574741129,37.17971933639848,1.0,0.79497,760.0813910469847,8000.0,7631.309846061653,8000.0,0.5863300937853841,482.41327481756457,29.88367862868418,65.5,22.39767427864608,62.0,0.0225089734513426,26.023407819230528,17.915367492909116,53.133,2.536340788492903,59.3245,0.0141738774418004,73.587,29.020300542792093,14.2625,49.5152,13.174730218543369,34.80438401775814,2490.0,2022.9712713294628,2490.0,0.0506812039898018,351.1365143362698,0.0891116981930724,0.2521076674999903,0.2816190224993533,-0.0002715268717761,0.0225542719295412,4.398199531384876,81.0,75.74788209925707,79.5,0.0039178394470894,2.31588165398694,127.82731770843549,147.43429618847236,9.801254183694825,126.95853791188044,0.0059707065363204,8188.0,2,0.015030000000000099,-358.70984465830514,2,-1.2433336973190308,21
yolo11s.pt,20,65W,28,4601.59203125,24.755663446054783,0.1932334359997912,0.1708436395762713,48.54516129032258,93.0,33.7842190016103,89.0,0.0339811581729148,36.09423802036661,1.0,0.80611,829.0322580645161,8000.0,7640.096618357488,8000.0,0.6257826608987527,479.9718090938221,32.30645161290323,62.0,21.674718196457327,61.0,0.0228916088304144,24.97913116344624,18.76613548387097,43.706,2.0670825531098886,40.213,0.013924809635395,51.172,24.75566344605475,10.959,39.04165,10.742000568873337,11.129032258064626,2520.0,2028.997584541063,2520.0,0.0791860642019938,359.26676199498166,0.2129728339385145,0.1932334359997912,0.2249780450012622,-0.0003299772265253,0.0411534724765521,13.203225806451613,60.0,49.23832528180354,57.0,0.0129848391068305,5.127634684039798,151.76206409420166,245.1684118544637,35.45091178092976,144.9024588065093,0.0545667853932441,8188.0,1,0.00389000000000006,-378.1692495303054,0,-1.4114124774932861,22
yolo11x.pt,1,115W,3,3319.5481468023254,28.865711696869862,0.1318898046514267,1.2690310256081898,18.543046357615893,80.0,20.884678747940693,80.0,0.0758116184895173,30.329707369413576,0.0,0.79756,0.0,8200.0,8200.0,8200.0,8.107230227960252e-16,0.0,6.0529801324503305,36.0,8.028006589785832,36.0,0.0287360935000982,12.76027375515046,12.107430463576156,122.175,2.327155509118604,51.628,0.0494706706347605,67.175,28.86571169686985,15.547,64.9272,19.06430152570963,378.0794701986756,2655.0,2237.149917627677,2655.0,1.0827480205317015,303.44879078436617,0.4047829310952898,0.1318898046514267,0.1863384699972811,-0.0015404101933232,0.0533867417083896,2.7615894039735167,81.0,70.64579901153212,80.0,0.0114155848950022,4.4950726799268095,24.634647106370235,29.260924461111514,5.3149721938533965,22.74626160777733,0.0465488871673967,8188.0,1,0.017349999999999977,-324.0819350549401,31,2.0950210094451904,1
yolo11x.pt,1,115W,1,3542.8424479166665,28.722635741781147,0.1022682656249879,2.935885842209261,20.74906934513676,65.66666666666667,23.85154257935157,54.333333333333336,0.049067115870815,23.971320308988115,0.0,0.74852,-16.161616161616017,8200.0,8176.767676767678,8200.0,-0.001285044082077,93.5584761000207,4.223200166458594,29.33333333333333,7.778597302614156,25.0,0.0125070066645194,8.746998853776674,16.61885678886241,115.0,2.1210831192003603,47.037,0.0363195617496204,60.89533333333333,28.722635741781108,13.858333333333334,44.266533333333335,14.338037257507445,435.9575246850527,2655.0,2350.964830893201,2655.0,0.913591575633447,319.8000859733102,0.2578665085839903,0.1022682656249879,0.1524808366665789,-0.0001997074324372,0.0266749014370292,5.062393598910451,71.66666666666667,62.206199636817615,67.66666666666667,0.0108612593495653,3.736750840591706,10.160970820240486,11.379053096852816,1.545436518922498,9.790625617737998,0.0233318127221068,8188.0,3,0.06639000000000006,-354.1610355693801,30,2.0050923824310303,2
yolo11x.pt,1,115W,2,3855.677734375,27.91818721122416,0.1191930317707913,1.6630020490451336,15.255561301097016,69.33333333333333,21.104841711849826,67.0,0.0634787039201175,27.60683487789512,0.0,0.78985,25.0,8200.0,8181.337480559876,8200.0,0.0553400883148381,84.36064333678794,5.105103572960716,33.333333333333336,8.23550604172249,30.0,0.0235055956036739,11.527446310819323,12.52694019504198,115.0,2.181358164790935,46.97266666666667,0.0459012204841833,60.914,27.91818721122416,13.941333333333333,54.25173333333333,16.816025469358678,379.58602799227793,2655.0,2285.96149832493,2655.0,1.0868990374272014,317.38849523487124,0.2960302970978656,0.1191930317707913,0.176632988333146,-0.0007508568231065,0.0354758754474904,3.584439158546298,72.66666666666667,64.1113545947033,71.33333333333333,0.0124637828360372,4.08399439274536,17.72805394061019,20.99892661282361,3.406353825119114,16.78830277772047,0.0369739389161853,8188.0,3,0.02505999999999997,-381.0809352131126,29,1.8779103755950928,3
yolo11x.pt,1,115W,5,3956.557091346154,27.77178246205736,0.1857715269227181,1.0318412866683917,13.614864864864863,83.0,17.632377740303543,77.0,0.0677947608807642,28.98170203529067,0.0,0.80971,0.0,8200.0,8200.0,8200.0,-1.5590733103244752e-14,0.0,5.317567567567568,43.0,8.374367622259696,39.0,0.031114722725178,14.511430070040308,13.653256756756756,115.534,2.5761400118175923,56.134,0.053682068508797,71.544,27.77178246205733,15.41,69.758,19.866954817187203,355.2364864864867,2655.0,2220.025295109612,2655.0,1.034112834281469,298.9376203790082,0.3522226718221369,0.1857715269227181,0.2417094500015082,-0.0032175021880041,0.0654329435611978,2.9729729729729684,81.0,69.68465430016863,80.0,0.0126858231832935,4.818463357759405,29.13792432385363,36.62446410624233,6.928230865200411,26.91478119830509,0.0565363126375911,8188.0,1,0.005199999999999982,-385.0617169080438,28,1.358515739440918,4
yolo11x.pt,1,115W,4,4545.479166666667,27.905966533820504,0.145981160416691,1.0184850526890727,13.102538121783365,82.0,20.47220879104544,79.33333333333333,0.0750762650715264,30.78865004078773,0.0,0.80475,-45.61647004395096,8200.0,8188.649171171816,8200.0,-0.0816134872942195,94.56440639260336,5.348565213472213,46.66666666666666,9.778673866531165,44.0,0.0353747455222632,15.867845574634435,11.495652913122193,115.0,2.433903885495774,54.23633333333333,0.056320755788993,67.92066666666666,27.9059665338205,13.684333333333331,66.34181666666666,19.66326706725111,344.90040171633564,2655.0,2241.245157396014,2655.0,1.165684995191011,307.20057713560124,0.2615837724238592,0.145981160416691,0.193528486666734,-0.0017338213098779,0.038491852001464,2.611471939044248,75.33333333333333,64.86216844726593,74.33333333333333,0.0127503121117243,4.4224181011181605,28.80434989075473,33.88357569292159,5.441038223660751,27.42390713507126,0.0360331856920023,8188.0,3,0.010160000000000058,-443.67578169238806,26,1.2820700407028198,5
yolo11x.pt,1,115W,6,4335.438210227273,28.513544483985747,0.2030999818181788,0.9651833943782232,17.82857142857143,90.0,20.277580071174377,84.0,0.0818598969894532,32.40707211349966,0.0,0.80311,0.0,8200.0,8200.0,8200.0,-3.5198676969531334e-15,0.0,8.785714285714286,53.0,10.434163701067616,50.0,0.042940835407402,18.066310443891204,12.546785714285711,119.368,3.0905312403195784,72.889,0.0566042265266642,88.122,28.513544483985765,15.233,72.653,20.929344753146573,383.7857142857142,2655.0,2223.309608540925,2655.0,1.1702540440747609,297.32345199026173,0.3209164318407523,0.2030999818181788,0.2661192300001858,-0.0036459228684376,0.0651781214720116,2.8214285714285694,80.0,68.68505338078292,79.0,0.0130210082415942,4.882471817324966,31.51299534388414,38.88019123889898,6.694628408089192,29.542100133575484,0.0451308571097988,8188.0,1,0.011800000000000033,-421.5224498393792,27,0.9862346649169922,6
yolo11x.pt,1,115W,7,4719.447779605263,28.36771326164875,0.231560410526359,0.9384056183659176,11.532374100719425,91.0,18.19713261648745,86.0,0.0649922872929252,30.74395110281892,0.0,0.80846,0.0,8200.0,8200.0,8200.0,1.7781420929035857e-15,0.0,7.0071942446043165,53.0,9.949820788530468,53.0,0.0391949941635388,18.047755993021788,14.99907913669064,118.859,2.6220654204284948,59.32600000000001,0.0619282960499826,74.382,28.367713261648746,15.056,72.403,20.78468154253491,398.093525179856,2655.0,2221.7473118279568,2655.0,1.2033361537456608,300.6977291579215,0.2787342627634634,0.231560410526359,0.2871633900002048,-0.0056286642105605,0.0645438203132696,3.338129496402871,80.0,67.9068100358423,79.0,0.0138847030498129,4.698652693693867,31.82728569986626,39.821416094238856,6.208022174813365,30.229692476742155,0.0380458519716832,8188.0,1,0.006450000000000067,-459.48115012681086,25,0.6795021891593933,7
yolo11x.pt,1,115W,8,5746.804606119792,27.809402697149423,0.2488676916666842,0.8648898339593405,13.223788328162144,88.0,18.629266238718586,83.33333333333333,0.0748301457943242,30.895672070423604,0.0,0.80979,7.149836197482425,8200.0,8187.234573446116,8200.0,0.0292236006448087,99.98585411688948,7.170154521439078,58.0,10.801076793631886,54.0,0.0447202513329475,19.3514011154449,12.911784934273728,115.0,2.8305052280493563,65.063,0.0618918478379121,78.68633333333334,27.80940269714942,13.623333333333331,71.29466666666667,20.46467448560008,390.1041179159174,2655.0,2230.23871407084,2655.0,1.2883439282567195,303.2482635002006,0.1714251369138752,0.2488676916666842,0.3062073499998708,-0.004411207941158,0.0431150234024256,2.8590071314078407,77.66666666666667,65.45824356342912,75.66666666666667,0.0139589691678846,4.676912815405227,33.026881666606364,40.6294569067396,4.853235122784931,32.163624755218734,0.022509210422821,8188.0,3,0.005120000000000013,-560.9446782982778,22,0.5967137217521667,8
yolo11x.pt,1,115W,9,5400.7109375,28.090720216606503,0.278897366666691,0.8704919884647038,6.797101449275361,92.0,17.207581227436823,90.0,0.0628237183462701,30.863187334050373,0.0,0.80299,0.0,8200.0,8200.0,8200.0,-5.7672247523038065e-15,0.0,3.304347826086957,63.0,10.057761732851986,56.0,0.0379414778171804,19.870072175897068,13.910731884057975,118.208,3.1722219762567887,74.032,0.0602166817668622,89.11,28.0907202166065,15.078,72.37095000000001,20.71546065923344,405.7608695652175,2655.0,2219.648014440433,2655.0,1.203665086542204,298.6313737801252,0.2498067358591532,0.278897366666691,0.3775056599977686,-0.0084829449998323,0.0696704408067195,2.601449275362313,79.0,67.35920577617328,78.0,0.0127296501559628,4.641967957367108,33.62787425376982,41.54006031960153,5.728994550198524,32.269935380049176,0.0290240483394925,8188.0,1,0.011920000000000042,-526.3284685652918,24,0.20195318758487701,9
yolo11x.pt,1,115W,10,5669.018629807692,28.531413793103454,0.3108629153849996,0.886935847177993,14.700729927007298,88.0,18.58076225045372,88.0,0.077027036720874,31.091345895901828,0.0,0.81176,78.8321167883214,8200.0,8180.399274047187,8200.0,0.1820620790083345,152.10747084051593,8.007299270072991,64.0,11.553539019963702,60.0,0.0473060120657374,20.609768559365705,14.492284671532843,120.313,2.656966126870443,61.864,0.0627652960840154,75.807,28.531413793103447,13.943,72.26400000000001,21.04329844660732,365.4744525547444,2655.0,2224.301270417423,2655.0,1.148782666083226,301.45610326280223,0.2308668317113347,0.3108629153849996,0.4248957199997673,-0.011800601098922,0.0717679363714836,3.3576642335766422,79.0,67.17604355716878,78.0,0.0149468806266721,4.927040057630974,33.45679142045472,42.905730159679855,5.879221278820831,32.16852028687671,0.0308795551156715,8188.0,1,0.003149999999999986,-553.307348567264,23,0.14323870837688446,10
yolo11x.pt,1,115W,11,6054.5439453125,27.0666305506217,0.3373618833335665,0.8301135870955986,9.757142857142856,92.0,15.991119005328596,90.0,0.0637191698626905,29.48910614385349,0.0,0.81491,-137.14285714285688,8200.0,8165.896980461812,8200.0,-0.2394983767825439,199.400620621411,5.114285714285714,56.0,9.120781527531085,52.0,0.0360993235058484,17.343043243478494,12.07577857142857,115.58,2.8134643452415595,63.346,0.0549457614449304,76.151,27.06663055062167,12.805,73.042,20.140025964376143,384.6428571428573,2655.0,2215.790408525755,2655.0,1.154882677669318,296.3042735116287,0.2176278526199646,0.3373618833335665,0.4493752900007165,-0.0118450559441005,0.0734193422257111,3.792857142857145,80.0,67.12078152753108,79.0,0.0151233111349933,4.97806678793736,33.82439569665551,41.40028107728543,5.991886095785774,32.60593606872817,0.0313810163629828,8188.0,1,0.0,-591.3041590001375,21,0.05835055932402611,11
yolo11x.pt,1,115W,12,6359.983664772727,26.68447005444647,0.3586038363633138,0.7974294444038724,23.28467153284672,88.0,18.858439201451905,87.0,0.0898974914456647,32.327805966075736,0.0,0.8086,17.518248175182634,8200.0,8165.154264972777,8200.0,0.0760959233301983,201.4960465693568,13.817518248175183,64.0,11.617059891107075,57.0,0.0564384554134416,20.6072159597912,11.885430656934304,118.255,3.333811757118869,76.143,0.0548454006011348,88.961,26.68447005444646,12.818,72.85849999999999,20.09400688656372,412.7737226277373,2655.0,2227.214156079855,2655.0,1.2320384066340029,301.9344730343025,0.189883867588496,0.3586038363633138,0.4699443999998038,-0.0120094172728964,0.0680930833807381,3.912408759124091,80.0,66.98366606170599,78.0,0.015515591486553,4.908020214104719,34.34187730379757,39.48447205428606,4.731512124935598,33.463111052282194,0.0189824318866699,8188.0,1,0.006310000000000038,-621.2580248567928,20,0.04151495173573494,12
yolo11x.pt,1,115W,14,7129.3109375,26.898564056939502,0.4145152100005361,0.7964188520553681,12.05,93.0,15.147686832740211,88.0,0.0653097467239089,29.386513174770588,0.0,0.80752,85.71428571428532,8200.0,8178.64768683274,8200.0,0.1955113448128179,158.64064587336694,6.807142857142857,59.0,9.446619217081851,57.0,0.0413150558169002,19.19421707174724,13.339428571428568,122.948,3.371592617658816,76.906,0.0561811472439407,90.691,26.898564056939502,13.785,72.64139999999999,20.198701703291867,399.85714285714266,2655.0,2219.679715302491,2655.0,1.1949900826329487,300.55980494752936,0.2304336388616914,0.4145152100005361,0.5680155550004199,-0.0200935375756781,0.0955182482039417,3.885714285714286,79.0,65.97508896797153,77.94999999999993,0.0144816307728366,4.7641251387091454,35.122819245681605,42.746255841242416,6.125148679301346,33.77439394800951,0.0304126688232572,8188.0,1,0.007390000000000008,-698.0469091925822,18,-0.2141585499048233,13
yolo11x.pt,1,115W,13,7031.90390625,26.461791666666656,0.3860934200012707,0.785901818764958,15.55072463768116,94.0,19.07427536231884,90.0,0.078621141984447,32.013978907492785,0.0,0.80959,26.08695652173901,8200.0,8163.04347826087,8200.0,0.0973007357556599,207.3211074345825,8.275362318840578,64.0,11.519927536231885,63.0,0.0491646605554175,21.254231496727613,13.286753623188403,119.086,3.32033450745808,74.851,0.0582039988262269,87.862,26.461791666666667,13.011,74.857,20.61992323768384,406.6304347826085,2655.0,2218.125,2655.0,1.2050859860828131,300.4564292817498,0.1682403114294698,0.3860934200012707,0.4968104250005124,-0.0110378339394546,0.0649564772218829,3.565217391304344,74.0,62.03079710144928,73.0,0.0141952555653266,4.783818673796041,34.36683648049338,37.47788679683926,4.163726454300448,33.67060749172367,0.0146786213162614,8188.0,1,0.005319999999999991,-688.2809164632991,19,-0.2658565640449524,14
yolo11x.pt,1,115W,15,7563.377604166667,26.88628947368421,0.4273181000001689,0.7659332089299521,12.849624060150376,94.0,15.800751879699249,87.0,0.069406591175047,27.67503692152206,0.0,0.81122,18.04511278195514,8200.0,8159.398496240601,8200.0,0.0860739312905198,216.9638734991468,6.368421052631579,62.0,9.704887218045112,57.0,0.0422269541631609,18.71444836533685,12.10163909774436,119.765,3.4334228265433664,79.416,0.0578649346997729,92.312,26.886289473684208,12.896,73.945,20.854800459052147,401.6165413533836,2655.0,2217.095864661654,2655.0,1.234569753477089,299.6368043051073,0.2186214141913582,0.4273181000001689,0.5753405399991606,-0.0237258683335312,0.0934208873316011,3.3233082706766908,79.0,65.7875939849624,77.0,0.0141654976950118,4.619954699900936,36.65326582608051,47.69173123050348,7.5708360885771535,35.10265537545465,0.0426640750011415,8188.0,1,0.003689999999999971,-740.6537940861307,17,-0.36368098855018616,15
yolo11x.pt,1,115W,16,7985.072916666667,26.521439891637097,1.4406502666665044,2.3939906502085875,25.89405923184925,96.66666666666669,35.23445852120948,96.33333333333331,0.0800836777742064,41.950733641846846,0.0,0.81073,0.0,8200.0,8200.0,8200.0,-2.232510277792276e-15,0.0,12.993487908252304,63.0,9.451537379623684,51.66666666666666,0.0353213250301697,16.778833278919077,13.23211164140718,115.0,3.349945995626559,74.18666666666667,0.0377326558914565,88.77866666666667,26.52143989163709,14.592,60.55351666666666,15.825613916707669,409.54087312522125,2655.0,2312.745585231266,2655.0,0.9811719034466584,313.745880103749,0.1309919877554056,1.4406502666665044,1.6819227916666328,0.0138981365079315,0.1722420696433531,3.0555866105053204,76.66666666666667,65.10605628100954,72.5333333333333,0.0089324275999178,3.4648113240549883,17.2729448602284,19.234095429328104,2.0667963228618387,16.960238151657645,0.015578771974789,8188.0,3,0.0041800000000000725,-793.6358547539996,16,-0.7992492914199829,16
yolo11x.pt,1,115W,20,8128.6796875,25.68493576017124,3.145739614286348,4.039905995558534,38.06866952789699,100.0,50.50321199143469,100.0,0.0645622815505794,47.45397285796322,0.0,0.81047,97.85407725321876,8200.0,8175.58886509636,8200.0,0.1445603256841537,169.403241932038,5.163090128755364,52.0,6.003211991434689,29.0,0.0082451478256873,10.861547913986383,13.035094420600862,117.196,3.3382991805243325,71.996,0.0184960627473759,85.744,25.684935760171307,13.748,47.39629999999997,11.804094933418574,448.4549356223174,2655.0,2393.270877944325,2655.0,0.6595076629130487,316.7225132412849,0.2368200229353129,3.145739614286348,3.8644925399989,-0.2258720107146085,0.7449741276038154,3.5493562231759697,76.0,65.37473233404711,70.0,0.0054856603731485,2.5343134854831657,6.9986849308396994,11.52100100930793,2.7770324645101447,6.357805302501893,0.1574450561720136,8188.0,1,0.0044399999999999995,-814.1907167205331,12,-1.139878749847412,17
yolo11x.pt,1,115W,29,8135.86328125,25.149036795252226,12.40436636000013,10.757167793428696,44.77434679334917,100.0,71.88724035608308,100.0,0.0287526208419166,43.41591399398759,0.0,0.80555,0.0,8200.0,8200.0,8200.0,1.3309196049915965e-15,0.0,3.296912114014252,47.0,3.2172106824925817,12.0,0.0032821272157525,6.915535381185745,9.861567695961996,119.357,3.122664324656191,63.838,0.0070450757744973,78.532,25.149036795252226,14.694,34.6064,8.03037989980204,355.047505938242,2655.0,2504.848664688427,2655.0,0.2469498101922128,272.4710927519786,0.3391693613111899,12.40436636000013,15.721254400002362,-2.390569250000773,4.207181015791254,2.3087885985748287,76.0,64.63620178041543,66.0,0.0015828306193849,1.7424686078929454,2.9998887874120737,5.981413284689312,1.9748759079118483,2.3378864472686933,0.4333804477804488,8188.0,1,0.009360000000000035,-817.2143396156893,3,-1.1705584526062012,18
yolo11x.pt,1,115W,31,8136.86328125,25.62571380659584,13.635418879999634,11.27152715651368,44.7427293064877,100.0,76.24594745667972,100.0,0.0287235982062361,41.47590020720897,0.0,0.80639,26.845637583892312,8200.0,8193.292342090554,8200.0,0.0216412569122981,89.46617694249476,4.543624161073826,68.0,3.89491335941867,11.599999999999907,0.00410864271448,11.204343257508162,10.320158836689036,120.731,2.892368211063152,60.4,0.0074542184260904,74.119,25.625713806595865,13.719,36.885,8.037481673719494,361.87919463087246,2655.0,2522.6076020122973,2655.0,0.2429557404859087,260.41852685955496,0.4196107021241305,13.635418879999634,18.22126585999722,-3.2308326599999444,5.721567689993272,2.252796420581653,76.0,64.28954723309111,66.0,0.0015360639726116,1.7267200307016728,4.037087996745203,10.471184518357797,4.277690939929374,2.273490845629293,1.1227482221920173,8188.0,1,0.008519999999999972,-817.4482283789416,1,-1.1706054210662842,19
yolo11x.pt,1,115W,22,8136.48828125,25.73472595744683,5.966703649999545,6.979612877365274,49.255972696245735,100.0,59.5131914893617,100.0,0.0480322089327231,46.39900535922116,0.0,0.81105,-32.76450511945404,8200.0,8191.829787234043,8200.0,-0.0334827323223319,98.67878668948012,10.761092150170647,61.0,5.214468085106383,27.0,0.0094382336645557,10.634826531512603,15.14827645051195,118.769,3.338601706583865,72.07000000000001,0.0145286454672484,85.918,25.73472595744681,13.848,48.73999999999998,10.688453277182704,464.48805460750873,2655.0,2436.52340425532,2655.0,0.4457341028404544,304.85604988972824,0.0791129238543639,5.966703649999545,6.421791174999271,-0.0927695171427328,0.4720433715239693,3.3617747440273007,77.0,65.59489361702127,70.0,0.0033532589519188,2.35438375398385,3.712867030189957,4.2380088424217695,0.3262509644956931,3.687127983975152,0.0077212002568851,8188.0,1,0.0038599999999999746,-816.5838825261044,10,-1.173641562461853,20
yolo11x.pt,1,115W,19,8121.4609375,26.42368053855568,2.542706242857093,3.536192498139316,39.48039215686274,100.0,45.72215422276622,100.0,0.0817307006776219,45.855207288880536,0.0,0.80845,52.94117647058829,8200.0,8186.780905752754,8200.0,0.0869802332534824,125.2524197130644,12.240196078431373,46.0,6.917992656058751,31.0,0.0191554775630254,10.325990399623477,16.80996568627451,121.479,3.374094682605228,75.405,0.029656721665542,89.156,26.423680538555693,13.751,54.311999999999976,13.629016253250244,455.7352941176469,2655.0,2363.794369645043,2655.0,0.8261422294929714,320.31069955945094,0.1767139554671969,2.542706242857093,2.985614470000656,-0.1180232535716643,0.449331677766412,3.999999999999993,74.0,65.60709914320685,70.0,0.0067034060304534,2.671504929109032,7.776519436801782,10.683056468060412,1.749666474307363,7.472353541969043,0.0506220836287455,8188.0,1,0.006460000000000021,-812.9480637325298,13,-1.1979390382766724,21
yolo11x.pt,1,115W,21,8125.281808035715,26.063295675198567,4.602017942857596,5.711607349869837,44.53356890459364,100.0,59.16593115622242,100.0,0.0435900064703797,46.93482744519632,0.0,0.81294,0.0,8200.0,8200.0,8200.0,4.8139092750081366e-15,0.0,13.07773851590106,64.0,6.021182700794351,34.0,0.0107327017341083,13.182857212503045,14.37040989399294,120.205,2.656532806243907,54.451,0.0152505087187752,69.238,26.06329567519859,14.787,44.797,10.16075713528175,425.77738515901046,2655.0,2426.0414827890554,2655.0,0.424288785038726,307.94620615831303,0.3247493473353003,4.602017942857596,5.499348560000362,-0.4333346142857407,1.494502323368346,4.590106007067135,79.0,65.72639011473963,71.0,0.0049506218328476,2.932783461328308,6.546824854427444,16.37678831740915,6.143142565081351,4.563215585152668,0.8804805025769195,8188.0,1,0.0019700000000000273,-815.0031075875196,11,-1.1996002197265625,22
yolo11x.pt,1,115W,30,8136.92578125,25.30467426710097,13.549341220000496,11.428722203530567,43.46521739130435,100.0,74.80727470141152,100.0,0.0269256716968589,42.298321264839366,0.0,0.8084,0.0,8200.0,8200.0,8200.0,-8.101091213426647e-15,0.0,6.082608695652175,67.0,3.872964169381107,13.0,0.0050248778886478,9.577000181330291,9.789067391304346,119.532,4.050437437689346,87.792,0.0066697385358051,102.495,25.30467426710097,14.703,34.36864999999997,7.920267745263158,341.5434782608695,2655.0,2515.488599348534,2655.0,0.2220341189952837,265.4013414055443,0.3363715242057737,13.549341220000496,16.818903259999935,-2.499110489999657,4.557612558155684,2.084782608695648,74.0,64.71226927252985,67.0,0.0012992305080677,1.7178096794179092,2.843147300263424,5.680112819850144,1.881786551027428,2.2141297877801103,0.4380684735588878,8188.0,1,0.006510000000000016,-817.4256861057521,2,-1.2007826566696167,23
yolo11x.pt,1,115W,26,8134.36328125,25.49914339861024,11.058714739997958,10.845682806135873,51.76962025316456,100.0,71.10233733417562,100.0,0.0352304735777642,43.80178044933579,0.0,0.80727,0.0,8200.0,8200.0,8200.0,-9.080039438926356e-15,0.0,9.99746835443038,57.0,4.575489576753001,31.0,0.0083072733705284,10.332156655167513,11.843891139240505,118.731,3.203597812013256,66.99099999999999,0.0087914526020382,81.689,25.49914339861024,14.698,37.76129999999995,8.323918653805977,388.5189873417721,2655.0,2492.804801010739,2655.0,0.2808925996772242,279.3456919175046,0.0476072297237238,11.058714739997958,11.495568199998525,-0.2451229300000716,0.526474773076214,2.688607594936705,72.0,65.12886923562856,68.0,0.0018311793100896,1.9081417266486649,2.356560513808537,2.5159719403702083,0.1149907821208142,2.351086958230446,0.00238105190525,8188.0,1,0.00763999999999998,-817.1262686297838,4,-1.2192106246948242,24
yolo11x.pt,1,115W,23,8136.48828125,26.159564945226943,6.753322516666837,7.681042563948243,58.04702194357366,100.0,64.66510172143975,100.0,0.0471834660935326,45.582893789340645,0.0,0.80926,0.0,8200.0,8200.0,8200.0,9.94482918132358e-15,0.0,11.887147335423196,75.0,5.0,23.0,0.0109698522787763,11.51952822455989,15.596451410658306,121.437,3.40540831571644,74.297,0.0140669913487043,89.084,26.159564945226915,14.787,45.915699999999866,10.957509342273053,463.77742946708463,2655.0,2460.8802816901407,2655.0,0.3913451584117373,295.50821542866817,0.3552924514032087,6.753322516666837,8.467190524998841,-1.0485997514288874,2.399404512063048,4.00313479623825,76.0,65.40062597809077,68.0,0.0035424431691095,2.233070459481523,5.01024100054742,12.246075126474452,4.582321303069465,3.40573102250592,0.8364766885358599,8188.0,1,0.005650000000000044,-816.837867500542,7,-1.2264050245285034,25
yolo11x.pt,1,115W,27,8134.36328125,25.5745584498094,11.27331902000078,10.678153933346591,44.57506361323156,100.0,70.1874205844981,100.0,0.0316423340242215,43.721029332874025,0.0,0.80513,0.0,8200.0,8200.0,8200.0,-9.882613595794052e-15,0.0,5.956743002544529,67.0,3.7337992376111817,10.0,0.0048708397605244,8.60171453464669,12.065949109414756,118.969,3.250417799515108,68.39,0.0090125815580592,83.128,25.574558449809405,14.738,37.52239999999999,8.534070689074833,383.2442748091603,2655.0,2494.9841168996186,2655.0,0.2803911809571939,278.35064523820506,0.2380800553358879,11.27331902000078,14.026263580001975,-1.5833811800006532,2.683952416100904,3.0050890585241703,78.0,65.02858958068614,68.0,0.0021322714865512,2.177001404142829,2.584600072783357,3.833737053107657,0.8134065299756754,2.395035566020745,0.099044098783522,8188.0,1,0.009780000000000011,-817.1151964753495,5,-1.2550315856933594,26
yolo11x.pt,1,115W,25,8134.36328125,25.997736147757188,8.298027499999685,8.629197179673001,40.736147757255935,100.0,67.77374670184696,100.0,0.0284723205363637,44.47568630433834,0.0,0.80854,0.0,8200.0,8200.0,8200.0,-3.33286625654676e-15,0.0,4.393139841688655,46.0,5.078496042216359,42.0,0.0043790737895446,10.034230955980266,12.18704221635884,115.687,3.01683960304236,63.68,0.0090865898975125,78.431,25.99773614775725,14.751,40.035,9.198410907860897,414.97361477572576,2655.0,2488.1497361477573,2655.0,0.3105788291402379,282.3752380653972,0.3572068028501114,8.298027499999685,9.912880899998529,-1.0716771771424518,2.964111873237191,2.1451187335092285,75.0,65.67282321899737,69.0,0.0015954711171281,2.0108085767513693,4.641094972821716,11.795707912412738,4.5649847593049,3.0127641779930165,0.967470546924012,8188.0,1,0.006369999999999987,-816.8288538477557,8,-1.3720771074295044,27
yolo11x.pt,1,115W,24,8134.36328125,25.703204592901887,7.374444333333789,7.897785477443514,49.07520891364903,100.0,65.6499652052888,100.0,0.0351137369756002,45.885617164419614,0.0,0.80774,0.0,8200.0,8200.0,8200.0,5.675124913887958e-15,0.0,7.785515320334262,68.0,4.450939457202505,21.0,0.0068529301275488,9.807322305019104,12.079615598885797,119.353,3.2697090238782445,69.174,0.0099006837546751,84.042,25.70320459290188,14.868,38.089,9.106666619945331,428.5654596100276,2655.0,2469.4154488517747,2655.0,0.3271984666381186,291.7685484375696,0.2929930399859935,7.374444333333789,9.070985650001605,-0.9805963828570377,2.16066086343095,3.2785515320334184,79.0,65.83159359777314,69.0,0.0025605152457224,2.417352838635408,3.909415278082677,7.491270826192975,2.265309492671763,3.2544824959238987,0.3357619496534606,8188.0,1,0.00717000000000001,-816.6249965460261,9,-1.3876339197158813,28
yolo11x.pt,1,115W,17,8122.9609375,27.563051878354205,0.6001640374997805,0.9730795588899396,24.58273381294964,100.0,24.559928443649373,98.0,0.1051723095609067,37.458617414415215,0.0,0.80619,-60.43165467625931,8200.0,8184.973166368515,8200.0,-0.1090657279704359,133.44060337391102,13.56115107913669,68.0,13.103756708407872,68.0,0.0540306779991701,22.64456567042848,12.810287769784177,118.909,2.87235972088325,65.113,0.0550819604626431,79.171,27.5630518783542,14.058,71.57380000000002,19.87026172082784,396.6906474820144,2655.0,2239.6690518783544,2655.0,1.2146587471043635,307.7264245552924,0.3883506727315367,0.6001640374997805,0.993507714998668,0.0212813226189609,0.233074107712315,3.4460431654676285,79.0,65.78175313059035,77.0,0.0131075351255396,4.461998934739587,31.403163158324112,38.44205966435095,8.26115969522739,28.32558923527006,0.0692046447806818,8188.0,1,0.008720000000000061,-800.8142225845088,15,-1.3908071517944336,29
yolo11x.pt,1,115W,28,8133.48828125,25.23816244595424,11.267813639999805,10.15638968060907,45.787128712871294,100.0,71.43730697961705,100.0,0.0307435167419851,44.19323050417984,0.0,0.80706,26.73267326732639,8200.0,8193.329215565163,8200.0,0.0235766404966959,89.2213088719703,11.06930693069307,81.0,4.9054972205064855,23.0,0.0076750029557046,12.781301512754352,10.639554455445545,116.915,3.26687809291032,68.795,0.0077597048757491,82.45,25.23816244595429,13.655,36.418,7.797515104426113,378.82425742574287,2655.0,2500.1358863495984,2655.0,0.2718644455150309,275.1790591233089,0.3126939991244064,11.267813639999805,14.36613786000089,-2.069601690000493,3.5233777084800733,3.0717821782178163,79.0,65.07782581840642,68.0,0.0021011589331547,2.122876651883253,2.983995558949726,5.446907801146109,1.6247596091871286,2.4849541263801456,0.296470771399729,8188.0,1,0.007850000000000024,-816.9062731383627,6,-1.4244705438613892,30
yolo11x.pt,1,115W,18,8119.9609375,26.529966832504115,0.7960341250000056,1.1732643852106437,27.53333333333333,100.0,28.024875621890548,100.0,0.104205819596217,40.2399236352646,0.0,0.80328,0.0,8200.0,8180.099502487562,8200.0,-0.0128069690928441,153.24675270191804,13.42,72.0,11.985074626865671,53.0,0.0401858061346695,20.518844862231763,14.185666666666668,115.0,2.8330604585571435,60.237,0.0454344301243557,75.161,26.529966832504144,14.924,68.24,17.731132996947782,401.5999999999999,2655.0,2256.069651741293,2655.0,1.1329209051440396,312.2853095353991,0.4917538122810658,0.7960341250000056,1.4555909300008352,0.0432494738092611,0.3914528156745752,4.06666666666667,78.0,66.47429519071311,77.0,0.0131165803071943,4.715162299948168,27.45255695862798,37.80251946439383,10.12662638545295,22.612095932444948,0.1360704972958695,8188.0,1,0.01163000000000003,-803.7359925570339,14,-1.5403269529342651,31
yolo11x.pt,1,115W,32,8140.05078125,25.717173936750225,17.89722247499867,14.383311980445503,42.93013100436681,100.0,74.74154852780806,100.0,0.0262164959259469,42.30122219426738,0.0,0.80681,0.0,8200.0,8200.0,8200.0,-2.892196009150355e-15,0.0,3.6353711790393017,66.0,2.7758996728462377,7.0,0.0020893408515835,8.06411382081908,11.115737991266377,115.0,3.45407315043516,74.082,0.0078990234038725,88.829,25.71717393675027,14.747,33.96444999999994,9.012076018807464,380.14192139738,2655.0,2529.7737186477643,2655.0,0.2520264271528516,255.0958092866589,0.0629023771887478,17.89722247499867,19.46681852999991,-0.8007337300008652,1.1257778387533015,1.4497816593886554,76.0,64.36259541984732,66.0,0.0009880368385939,1.5684793957654828,1.7946621903037552,1.8840948528519168,0.1061645978256403,1.7879869373419284,0.0034994034136842,8188.0,1,0.008099999999999996,-818.0765307499449,0,-1.8262972831726074,32
yolo11x.pt,1,65W,2,2592.89453125,21.59292085427133,0.1364824703122735,1.47352758972418,16.63819095477387,73.0,18.82035175879397,70.0,0.0529916812584977,29.171458789653748,1.0,0.78985,391.9597989949744,8000.0,7399.497487437186,8000.0,0.9725957502290906,489.7951050884047,4.633165829145728,33.0,6.305276381909548,24.0,0.0165798691142795,9.99100209756573,9.61075376884422,52.084,2.1224085573830296,33.087,0.0248116901474299,45.829,21.592920854271355,12.742,39.84425,11.309325111157898,132.5879396984924,2505.0,2061.538944723618,2430.0,0.1982548927492974,163.47836437580017,0.6703928880936447,0.1364824703122735,0.1850450600015392,-0.0016005153365284,0.0914968774468002,3.482412060301506,70.0,63.53391959798995,69.0,0.0076036892399784,2.817765823261676,16.400239242420536,19.0925951524292,3.4564967512624185,14.65389654381237,0.044419323407738,8188.0,1,0.02505999999999997,-254.81820536956687,15,2.373015880584717,1
yolo11x.pt,1,65W,3,2954.6692405523254,20.637126250000005,0.1688192395344823,1.1613146532340346,11.65,80.0,16.0525,76.0,0.0464308616107212,27.89645575606335,1.0,0.79756,190.0,8000.0,7338.75,8000.0,0.7229659733843292,473.2847319531869,3.495,37.0,6.2725,31.0,0.0166701588596232,11.388623435253267,4.892829999999998,46.45,3.076784976299692,50.439,0.0193796690737016,63.496,20.63712625,13.057,43.154,11.548552653701284,128.32499999999982,2505.0,2034.76875,2505.0,0.1752754496491362,174.74492917803795,0.6548857245593843,0.1688192395344823,0.2149702599992451,-0.0030001894895537,0.1105573100021037,2.605000000000004,71.0,64.08,70.0,0.0066789948109293,2.7195771730178944,20.07526751328704,24.235411164005484,4.474635328766732,17.770486398780587,0.0496812611793778,8188.0,1,0.017349999999999977,-288.9337924659642,14,1.9140111207962036,2
yolo11x.pt,1,65W,4,3294.20703125,20.12836435124508,0.1925460875003182,0.9689094509032804,24.63684210526316,87.0,17.920052424639582,82.89999999999998,0.0660355516946615,30.96732567984101,1.0,0.80475,331.5789473684208,8000.0,7314.5478374836175,8000.0,0.8057557097595854,464.335541842316,9.210526315789474,45.0,7.709043250327654,35.0,0.0279144132152797,13.88387561522527,8.38751052631579,48.866,3.0981653010540087,49.327,0.0235298744478833,62.361,20.12836435124508,13.034,43.719,11.555610307504864,39.47368421052624,2505.0,1988.7287024901705,2235.0,0.0039955498381763,176.16292813631804,0.6343347395453026,0.1925460875003182,0.2419848800023828,-0.0049634835410511,0.1221386722649814,2.884210526315784,71.0,64.56880733944953,70.0,0.0064148701235583,2.466323005475561,23.55935505255138,28.93129559184297,5.368396103805631,20.774247100676035,0.0519233028753708,8188.0,1,0.010160000000000058,-320.9828437348434,13,1.4841827154159546,3
yolo11x.pt,1,65W,5,3591.678185096154,20.15453280839896,0.2410028307690831,0.9714598919305018,18.589473684210525,85.0,15.553805774278215,80.94999999999993,0.0542077293322698,29.55239783502426,1.0,0.80971,378.9473684210525,8000.0,7311.023622047244,8000.0,0.9332445061144008,462.91244158680496,6.994736842105263,41.0,6.796587926509186,38.94999999999993,0.0230666488513189,13.30006369888881,8.802226315789483,47.857,3.580187181016182,59.109,0.0240750262731402,72.157,20.15453280839895,13.048,44.60684999999999,11.655020705596096,141.31578947368416,2505.0,2036.2007874015749,2505.0,0.1863243221494611,208.93862603214103,0.5580622712083455,0.2410028307690831,0.2989036499993744,-0.0066148910769231,0.134494587106635,3.163157894736841,71.0,64.71391076115485,70.0,0.0070365922460033,2.6570444540657525,23.420348748168724,30.10689111678036,5.763363114696705,20.746644278177587,0.0605571251912033,8188.0,1,0.005199999999999982,-350.75125850438866,12,1.0474663972854614,4
yolo11x.pt,1,65W,6,3970.559303977273,19.911550310559008,0.2688566409089452,0.8922254219643933,10.562189054726367,90.0,16.331677018633542,87.0,0.0448722051012143,29.36001510983467,1.0,0.80311,169.15422885572207,8000.0,7295.652173913043,8000.0,0.6301123882920359,456.33536568354526,4.199004975124378,42.0,7.2,38.0,0.019793377793001,13.38483428436362,5.622094527363187,48.025,2.847543215654723,43.593,0.0196800521075708,56.699,19.911550310559008,13.106,42.58519999999999,10.715040065440286,105.22388059701508,2505.0,1987.136645962733,2505.0,0.0132941936127968,233.4163634349255,0.4982713143658616,0.2688566409089452,0.3062563299998146,-0.0085845352343779,0.1339635518416906,3.223880597014933,74.0,65.21490683229814,70.0,0.006984351396233,2.3820814318241763,24.7699920018658,31.18579960143767,5.703733197308871,22.316726042977105,0.0530232900786813,8188.0,1,0.011800000000000033,-387.64938483405285,11,0.7045574188232422,5
yolo11x.pt,1,65W,7,4354.568873355263,20.6727065948856,0.3052466736842593,0.9014678463056398,19.89189189189189,81.0,15.895020188425304,76.0,0.0577241922786748,27.88328422427118,1.0,0.80846,286.4864864864867,8000.0,7308.209959623149,8000.0,0.8610346130589808,461.75380930994606,8.513513513513512,47.0,7.936742934051144,44.0,0.0278244574203448,14.753881571431393,6.5682486486486535,45.581,3.308662060580003,55.011,0.0235189518016047,68.399,20.6727065948856,13.388,46.514,11.916611954486298,75.97297297297291,2505.0,2023.344549125168,2505.0,0.1096346821266501,222.6049854253872,0.4385241757131117,0.3052466736842593,0.3984636600005604,-0.011864047193095,0.133858045966559,2.243243243243242,77.0,66.19650067294751,71.89999999999998,0.0066228075667362,2.7235355509658863,25.19749041763069,32.69100347177579,5.90312617665273,22.93227282548753,0.0548844801316436,8188.0,1,0.006450000000000067,-425.83270995921094,10,0.35170814394950867,6
yolo11x.pt,1,65W,8,4647.33203125,20.028735332464112,0.3446368999998412,0.8628301569872152,13.30890052356021,95.0,17.160365058670145,88.0,0.0542015075605679,31.90544364047325,1.0,0.80979,167.53926701570708,8000.0,7268.578878748371,8000.0,0.6725280074618547,443.2203341890335,5.81675392670157,54.0,8.34419817470665,47.49999999999966,0.0260034145529869,16.134665187306783,4.812130890052352,48.342,3.4957274554681543,56.565,0.0196322555527707,70.015,20.028735332464144,13.45,44.448,11.089337477213707,116.54450261780084,2505.0,2016.0039113428943,2505.0,0.1168823252576082,230.10449694723536,0.3912441131875426,0.3446368999998412,0.4973889999992025,-0.0135248538235613,0.1348371583121417,2.356020942408378,76.0,66.7509778357236,72.0,0.006397154064018,2.611137704706071,25.10699264878529,31.8355582536295,5.301833267117907,23.212836466448262,0.0445925944511705,8188.0,1,0.005120000000000013,-454.8117603116239,9,0.12932652235031128,7
yolo11x.pt,1,65W,9,5035.83203125,20.27824202127661,0.3738425666665231,0.842318893857666,13.25531914893617,93.0,16.24867021276596,91.3499999999998,0.0552548143827218,30.808832723158805,1.0,0.80299,276.59574468085066,8000.0,7280.585106382979,8000.0,0.7823340177550824,449.2851037582164,5.457446808510638,43.0,7.772606382978723,41.0,0.0253505483971132,14.93853166523239,5.10715957446809,47.69,2.8880215522900228,45.009,0.0209055465533395,58.564,20.2782420212766,13.555,45.846,11.133202643847769,118.56382978723424,2505.0,2005.1728723404256,2505.0,0.0539028688487132,218.4773453571396,0.3914300399609393,0.3738425666665231,0.556193569999959,-0.0186171067856776,0.1463332108093772,1.781914893617028,73.0,66.97207446808511,72.0,0.0056164412243651,2.4068866079212525,26.00148009472586,32.65379266704716,5.297148291397164,24.074305075131328,0.0415038248391892,8188.0,1,0.011920000000000042,-493.1954604841765,8,0.08318197727203369,8
yolo11x.pt,1,65W,10,5304.139723557692,19.87091497975712,0.4209351307693466,0.8364366195510627,15.967567567567569,92.0,18.553306342780026,89.0,0.061441634132796,31.924995271357435,1.0,0.81176,194.59459459459504,8000.0,7286.099865047234,8000.0,0.7528529872124722,451.9366462981159,5.821621621621621,57.0,9.357624831309042,46.0,0.0296227860279498,16.92701764465257,5.187681081081083,47.676,3.4078954124148657,54.151,0.0200409628590363,67.718,19.870914979757085,13.567,41.876,10.377438921478646,132.81081081081084,2505.0,2014.271255060729,2505.0,0.1309191761028897,243.32147331494937,0.4111953594343344,0.4209351307693466,0.6662330599996487,-0.0268128796703552,0.17308657239524,1.870270270270268,76.0,67.1646423751687,71.0,0.0055696846163578,2.2242418624461204,25.97590869373643,34.71264634133481,5.943538518647743,23.756629630135453,0.0523538549112895,8188.0,1,0.003149999999999986,-520.1344925736394,7,-0.038790829479694366,9
yolo11x.pt,1,65W,11,5690.33203125,20.580050139275816,0.4451160250000612,0.8327736465724006,17.530726256983243,96.0,19.24512534818941,92.0,0.0677370359809358,33.48555706492093,1.0,0.81491,128.49162011173212,8000.0,7327.298050139276,8000.0,0.6727894586883936,469.2270628536933,7.340782122905027,56.0,9.746518105849582,50.0,0.032507507304276,17.383991382881263,5.18991620111732,48.71,3.797512613968311,64.58600000000001,0.021945093636877,78.153,20.58005013927577,13.567,45.346,11.33010636870532,104.8324022346369,2505.0,2029.3871866295265,2505.0,0.1716169927700375,236.0295127022428,0.3764302178800382,0.4451160250000612,0.6859847250001618,-0.0289130402097153,0.1675551222726695,1.8435754189944191,73.0,67.56824512534818,73.0,0.0055576737315259,2.186358054932995,26.916649158316872,35.04091240987395,6.730601980265648,24.712657783997976,0.0625267463584113,8188.0,1,0.0,-558.3216184824564,6,-0.04976069554686546,10
yolo11x.pt,1,65W,12,5995.104758522727,20.67188101983004,0.4774251272729915,0.8224396189053745,5.971590909090909,92.0,15.685552407932011,82.0,0.0458244730937011,29.69877556433304,1.0,0.8086,39.77272727272703,8000.0,7322.946175637394,8000.0,0.539956352334644,467.60233455210135,3.2954545454545454,54.0,7.971671388101983,48.0,0.0252590722275168,16.241599852283723,3.5285340909090888,45.972,3.835306517290118,65.605,0.020610536872763,79.283,20.67188101983003,13.678,46.865,12.031995380589828,136.78977272727252,2505.0,2029.8654390934844,2505.0,0.1865215177329388,228.5253013084583,0.3392818895599954,0.4774251272729915,0.7334586999986641,-0.0282586918182046,0.1619816993046018,1.568181818181813,73.0,67.6728045325779,73.0,0.0051668407668409,2.187855304054834,26.85676743949973,32.40342906363974,5.325815206897741,25.13483123216178,0.0393246358548072,8188.0,1,0.006310000000000038,-588.5645843169417,5,-0.0695817768573761,11
yolo11x.pt,1,65W,13,6406.23203125,20.25578414096915,0.5122218899996369,0.7981120027778378,13.694117647058825,93.0,18.814977973568283,91.0,0.0636807432676327,32.70337221033271,1.0,0.80959,282.35294117647027,8000.0,7321.5859030837,8000.0,0.9393435310228048,467.08501369830014,6.294117647058823,55.0,9.560939794419973,45.0,0.0322193843238071,17.213512816758357,5.277823529411762,51.043,3.115011473309522,49.516000000000005,0.0229293625215533,63.097,20.25578414096916,13.581,46.848,11.360067453889926,165.17647058823513,2505.0,2008.63436123348,2505.0,0.1345409557883131,243.0222398044466,0.3092618247623023,0.5122218899996369,0.7736941749993997,-0.0312411896969988,0.158410676384483,2.0999999999999943,74.0,67.59030837004406,72.0,0.006246699074943,2.2287324236468624,26.83395671229159,30.36738596797916,4.760685480747636,25.37962600545872,0.0314752762862543,8188.0,1,0.005319999999999991,-629.4471163499187,4,-0.1454189419746399,12
yolo11x.pt,1,65W,14,6764.43203125,20.83503939393942,0.4944399599997268,0.7358340031808671,23.8969696969697,90.0,17.572727272727274,86.0,0.070568615129553,31.220125334394748,1.0,0.80752,442.42424242424295,8000.0,7339.393939393939,8000.0,1.186662712515615,473.5036359908996,11.496969696969696,52.0,9.725757575757576,50.0,0.0382260039414899,17.471681074744758,8.119903030303028,49.283,3.0922427734281546,50.86800000000001,0.026976960837,64.427,20.8350393939394,13.559,45.88945,11.544424435498415,97.4545454545455,2505.0,1997.136363636364,2505.0,0.0424894539160203,251.64545684437303,0.1977755382171116,0.4944399599997268,0.6313047549996552,-0.0197108254546147,0.0977881292049931,2.6787878787878867,74.0,67.56666666666666,72.0,0.0071706066609636,2.323811741536093,29.668064281906275,41.13872068171029,7.30708111637157,28.31486354785672,0.0606609816946958,8188.0,1,0.007390000000000008,-663.6220318750738,3,-0.21090883016586304,13
yolo11x.pt,1,65W,16,7459.83203125,20.36878816199374,0.5724711624993688,0.7287839898624962,19.4375,100.0,19.297507788162,96.0,0.0714931514369337,34.825425238036416,1.0,0.81073,375.0,8000.0,7305.295950155763,8000.0,1.0832299107868122,460.53266222305336,11.775,59.0,10.965732087227414,57.0,0.0414664455068486,20.290002069137543,6.771456250000004,48.189,3.646657788831823,60.798,0.0257283975369421,74.278,20.36878816199377,13.48,47.853,12.146278259337528,22.03125,2505.0,1988.738317757009,2505.0,-0.0537315776144374,215.6890647295292,0.1116556010729854,0.5724711624993688,0.6864858349994392,-0.01475063214262,0.0639196117458177,1.9437499999999943,73.0,66.8208722741433,72.0,0.0061555584997777,2.420190355636904,28.240583888422563,29.991821640573235,2.6180271433378524,27.949006077695035,0.0085941107579195,8188.0,1,0.0041800000000000725,-733.2879751107818,2,-0.7237253189086914,14
yolo11x.pt,1,65W,17,7881.33203125,20.24002945736432,0.5856229625001106,0.6972368242300705,23.8944099378882,100.0,19.46046511627907,97.0,0.0835429440788076,34.49152781853154,1.0,0.80619,223.6024844720496,8000.0,7310.077519379845,8000.0,0.7983886439467468,462.5250818659317,10.409937888198758,65.0,10.454263565891472,59.0,0.0428438609758202,19.394712808463577,6.644857142857147,49.514,3.498315066643207,57.331,0.0252673655679077,70.806,20.24002945736434,13.475,47.933,12.019503943925764,181.9565217391305,2505.0,2022.8372093023256,2505.0,0.2505875108278629,222.52639563656868,0.1766178341672971,0.5856229625001106,0.7267339499998342,-0.0286511249994527,0.1034314592754058,2.3105590062111787,75.0,66.59689922480621,72.0,0.0066613777648785,2.4587113907538347,30.11839971196869,40.33566912690704,6.403010309202924,29.028916365274508,0.0451964804634345,8188.0,1,0.008720000000000061,-774.7647311973082,1,-0.8136131167411804,15
yolo11x.pt,1,65W,18,8150.45703125,20.56507634730538,0.691021924999859,0.7894954802935574,18.2874251497006,100.0,20.31437125748503,99.0,0.0671028573680722,34.16181952454286,1.0,0.80328,197.60479041916187,8000.0,7341.317365269461,8000.0,0.736883511736241,474.1516861036922,8.54491017964072,55.0,10.702095808383234,53.0,0.0337006451796791,19.14793171652648,6.744053892215568,51.469,2.984477128286567,48.056,0.0243629732822962,61.376,20.56507634730539,13.32,47.254,11.742151677083896,186.55688622754496,2505.0,2062.724550898204,2505.0,0.3577584747541891,236.5556906660141,0.209405159041299,0.691021924999859,0.9347351249985876,-0.0008760738095848,0.1447035561056201,2.35329341317366,74.0,66.69760479041916,71.64999999999998,0.0066195521234575,2.330132017945528,27.07271920543632,32.66331539507239,4.956403799694084,26.04837755329351,0.0335173446240686,8188.0,1,0.01163000000000003,-803.5308548624851,0,-0.8646661639213562,16
yolo11x.pt,5,115W,1,2555.120550537109,37.75119501246881,0.0958521407811872,3.6185328589932144,21.16367265469061,68.0,37.0927680798005,55.0,0.0140797715265808,21.58734210644116,0.0,0.79658,47.90419161676618,8200.0,8188.029925187033,8200.0,0.0246010367362825,119.2510255072595,4.18562874251497,29.0,11.544139650872818,18.0,0.0030611348119989,7.459193849755368,15.321361277445115,116.533,1.7045818014170375,51.19199999999999,0.0100569995807967,64.35,37.75119501246883,13.158,47.87,12.15863068417204,338.0538922155688,2655.0,2524.406483790524,2655.0,0.2135141754690243,252.2685539253879,0.2512097485392032,0.0958521407811872,0.1166205950001312,-2.505764420824846e-05,0.0240789921825863,9.572854291417158,80.0,69.9137157107232,76.0,0.0062912491489052,4.507686581073996,10.679188437198256,11.841563996382956,1.2295909036754986,10.432735167415984,0.0132569855732976,8188.0,1,0.05293000000000003,-256.8079459557551,31,2.2350244522094727,1
yolo11x.pt,5,115W,2,2939.86328125,41.65271003717472,0.1029783531250018,2.144663741410743,42.46428571428572,74.0,41.000743494423794,71.0,0.0319585420186402,30.927652708368388,0.0,0.80944,0.0,8200.0,8200.0,8200.0,8.213593590174459e-15,0.0,15.76190476190476,37.0,15.472118959107808,29.0,0.0117553268511014,12.040242450255796,29.143062500000006,121.549,1.688749662080119,55.103,0.0235643398567301,70.341,41.65271003717472,15.238,59.3172,18.65782918711073,548.2589285714287,2655.0,2466.368029739777,2655.0,0.4445405891771152,283.799346396494,0.3585788771103781,0.1029783531250018,0.1490038199979608,-6.192626439232017e-05,0.0369258622302391,9.791666666666671,80.0,73.1724907063197,80.0,0.0085899567491728,5.130561695673356,20.062119582473425,21.9364180626575,2.4020485894427948,19.42155743714672,0.0143354043367063,8188.0,1,0.04006999999999994,-290.6679426701469,30,1.775458574295044,2
yolo11x.pt,5,115W,3,3446.6275254360467,42.87483603757467,0.1166736600000064,1.6674546808013373,41.95205479452055,82.0,41.48334756618275,81.0,0.0438951762784547,35.78683002840712,0.0,0.79087,0.0,8200.0,8200.0,8200.0,3.628483566046117e-15,0.0,17.60958904109589,39.0,17.742954739538856,37.0,0.0185174863764092,15.90148013070562,30.556383561643827,115.0,1.600659182459746,53.282,0.0323209151142996,68.628,42.87483603757472,15.346,67.253,22.16948113589429,511.3356164383563,2655.0,2427.6174210076856,2640.0,0.5284227275101736,297.9551754821418,0.34774062729506,0.1166736600000064,0.1656082400000741,-0.0001236857103508,0.0405721717172128,9.523972602739732,83.0,74.26131511528608,81.0,0.0104140215949206,5.73928568283614,26.68047925316242,29.196737176626723,3.515669728637687,25.71274441891883,0.0173631647578547,8188.0,1,0.058640000000000025,-337.81593709976835,29,1.5071125030517578,3
yolo11x.pt,5,115W,4,3848.06328125,42.718499105545725,0.1359547581250353,1.4519458033397523,46.45519713261648,86.0,40.30232558139535,86.0,0.0537302936859121,36.807746593084495,0.0,0.82656,0.0,8200.0,8178.533094812165,8200.0,0.0177756924781825,159.05803408523252,21.293906810035843,47.0,19.492844364937387,46.0,0.0246978519780217,18.75545103243749,31.92628673835125,115.62,1.6934817822428738,56.955000000000005,0.0370308076752125,72.343,42.71849910554562,15.388,70.90474999999999,23.53333253174402,548.9247311827958,2655.0,2422.808586762076,2640.0,0.628254671865245,298.45072683518464,0.3493052509240018,0.1359547581250353,0.1857549999987895,-0.0002381906159938,0.0474897109011774,9.802867383512549,84.0,74.97227191413238,83.0,0.0117275216997731,6.148006092800996,30.59548147136184,33.76746961084168,4.176291727528366,29.421552104276227,0.0186323259042618,8188.0,1,0.022950000000000026,-375.6993916835434,28,1.362865924835205,4
yolo11x.pt,5,115W,6,4309.105326704545,43.253475394614696,0.1798169790909014,1.2962848801070417,39.01115241635688,90.0,37.58867223769731,87.0,0.0506438311443363,38.5463434830826,0.0,0.83544,0.0,8200.0,8200.0,8200.0,2.0323694373209728e-15,0.0,20.275092936802974,56.0,20.39740018570102,50.0,0.0264454892973954,21.79012564015333,30.19846096654276,121.162,1.83828002893612,63.988,0.0383761501170114,79.512,43.25347539461468,15.524,77.397,25.61784219631614,519.9256505576209,2640.0,2411.4206128133706,2640.0,0.6278453763982568,302.771899430679,0.3200870046130308,0.1798169790909014,0.2290417399999569,-0.0005901843540738,0.0575570782157706,9.59851301115242,86.0,75.15134633240483,84.0,0.0123375633977013,6.405105506798468,34.91851252248721,38.91841382772741,5.8594934356195845,33.36726059093045,0.0281584453812363,8188.0,1,0.014070000000000027,-419.5422783948192,27,1.2289918661117554,5
yolo11x.pt,5,115W,5,4332.435396634615,42.80743755781687,0.1581773576922457,1.3542334724942544,44.74074074074074,90.0,40.97687326549491,90.0,0.0523879101468654,38.39953098011389,0.0,0.83041,0.0,8200.0,8177.798334875116,8200.0,-0.0165292741995608,161.7067846923676,22.78148148148148,55.0,21.263644773358003,50.0,0.0269956296219033,21.00592095815537,30.121759259259257,121.224,1.7925389693405749,61.416,0.0378311091864956,76.734,42.80743755781683,15.318,74.969,24.76665235880724,522.6666666666665,2640.0,2409.04717853839,2640.0,0.6354897481451578,303.1790679868869,0.3498458199851704,0.1581773576922457,0.2158951750017877,-0.0004605636409095,0.0553376874049313,8.700000000000003,84.0,74.84273820536541,84.0,0.0112382440287047,6.10176310145393,33.095036513704045,36.66863997707823,5.202469049241878,31.610086759244894,0.024711168448853,8188.0,1,0.019100000000000006,-422.840885119478,26,1.157481074333191,6
yolo11x.pt,5,115W,7,4702.703412828947,42.5095334572492,0.2003393021051842,1.2166186093774691,41.732342007434944,92.0,37.421933085501855,91.0,0.0526690736999624,39.94950858786475,0.0,0.84589,0.0,8200.0,8177.695167286245,8200.0,0.0450807009567377,162.074963193323,22.966542750929367,54.0,21.21003717472119,53.0,0.0285412564270702,23.605110411626683,29.89792936802974,115.745,2.052010288179835,71.654,0.0378222420472418,87.23,42.50953345724907,15.576,78.553,25.78126662472003,540.6691449814125,2655.0,2411.486988847584,2640.0,0.6648189679939062,302.43423940017925,0.3090260565954703,0.2003393021051842,0.245772339999894,-0.0008034574916004,0.0619100645106536,9.10780669144981,86.0,75.48698884758365,85.0,0.0118176167769562,6.3972300177110935,36.744055748977694,39.99529376423345,7.542372707907968,34.940722696162666,0.042134883361511,8188.0,1,0.0036199999999999566,-457.808176356647,25,1.0597797632217407,7
yolo11x.pt,5,115W,9,5416.13078125,42.92612500000002,0.2491735586666133,1.1884505917797648,39.45864661654136,96.0,38.14003759398496,92.0,0.0491252660290106,39.628089339006,0.0,0.83543,0.0,8200.0,8187.5939849624065,8200.0,0.0249195325440771,121.38084212922476,23.88345864661654,63.0,23.68327067669173,60.0,0.0301902467934307,25.45559051663886,31.05277819548872,118.757,2.0858393344379444,73.959,0.0397817035350688,89.537,42.926125,15.578,81.1563,26.47653346585941,533.1203007518798,2655.0,2416.7763157894738,2640.0,0.6467808185947881,300.95258032532587,0.284403247475515,0.2491735586666133,0.3024187500002881,-0.0011709747482206,0.0708657692698155,9.537593984962411,87.0,75.56860902255639,85.84999999999991,0.0122587831788472,6.528349941018772,38.27883234057161,49.47930094645034,9.691781035372038,36.1194022678856,0.0641046929226553,8188.0,1,0.014079999999999981,-528.5280697642686,23,0.7313564419746399,8
yolo11x.pt,5,115W,8,5049.20078125,43.04865744274818,0.2291523825002514,1.2330878020553655,45.4236641221374,92.0,38.18988549618321,90.0,0.0566485469710721,39.19323839471232,0.0,0.84951,0.0,8200.0,8165.648854961832,8200.0,0.0196416827450579,200.1034054691931,25.908396946564885,60.0,23.39026717557252,58.0,0.0324970859103224,24.86220384602477,31.427786259541985,121.608,1.8899079514431043,65.97200000000001,0.0398796210003867,81.358,43.048657442748095,15.386,79.634,26.45207367417804,517.6717557251909,2655.0,2401.68893129771,2655.0,0.6431196738746656,306.12873139061503,0.2850005877176764,0.2291523825002514,0.2735585100002936,-0.0008901196788487,0.0653085636894774,8.847328244274806,86.0,75.43606870229007,85.0,0.0117473787267354,6.516400082950826,36.19402255423519,40.84704700318016,5.2177174867657925,34.91126696005975,0.0207820035988057,8188.0,1,0.0,-492.58304943751375,24,0.7266477346420288,9
yolo11x.pt,5,115W,10,6309.840444711538,43.49236297828334,0.271712432307462,1.1817415731628382,43.29875518672199,93.0,39.26783867631851,92.0,0.0599962246777506,40.19180525558703,0.0,0.84695,44.81327800829877,8200.0,8188.831437435367,8200.0,0.0640668788356674,115.22820092234085,27.08713692946058,67.0,24.858324715615304,63.0,0.0376512882623628,26.50323565124762,35.55460165975103,117.5,2.221884335147573,83.65,0.0480213773773794,96.635,43.49236297828335,12.985,83.193,27.748161236966187,566.2655601659753,2655.0,2417.962771458118,2655.0,0.7775400786925369,306.634475915261,0.1727737011552371,0.271712432307462,0.3148936400015372,-0.0011282451573434,0.046944762579652,11.850622406639005,78.0,67.02998965873837,77.0,0.0166302228454028,6.965725686020208,37.70209617162729,42.2097312456956,5.444966110886307,36.80361592245541,0.0208573614977136,8188.0,1,0.0025600000000000067,-617.6006035133373,21,0.5417962074279785,10
yolo11x.pt,5,115W,11,6269.817447916666,42.085423151751066,0.2956864483332538,1.1312808453039422,46.35019455252918,96.0,39.68579766536965,93.0,0.0629364378378045,40.22605763296446,0.0,0.82955,0.0,8200.0,8200.0,8200.0,-1.848815367370013e-15,0.0,30.42023346303502,70.0,25.29961089494164,64.0,0.0410010586751331,26.864332012520755,28.07808560311284,116.227,2.3138652936640005,81.942,0.040816940270135,97.38,42.08542315175097,15.438,83.93425,27.225468807691247,541.4007782101166,2655.0,2403.75,2655.0,0.7092484109075612,305.9679078788345,0.2465931187180681,0.2956864483332538,0.3397434799986513,-0.0015407038871884,0.0729142434571659,9.49805447470817,86.0,74.4387159533074,85.0,0.0133778315704783,6.719008628543788,38.70366460693601,49.60205215751757,7.143491886058788,37.20156964245597,0.0340656701068674,8188.0,1,0.019959999999999978,-613.0798836365433,22,0.47153300046920776,11
yolo11x.pt,5,115W,12,6522.668963068182,41.61994540229886,0.3241238018183635,1.1241679112721523,49.82375478927203,99.0,40.58620689655172,97.0,0.0635399590685282,41.34931144380441,0.0,0.83785,-45.97701149425302,8200.0,8188.505747126437,8200.0,-0.0407490291654602,116.88021902424056,32.321839080459775,75.0,26.49425287356322,68.0,0.0415675742342327,28.362138257027933,29.501157088122604,121.098,2.2444527280624533,77.868,0.040011984638544,93.414,41.619945402298846,15.546,83.12015,27.14879125058257,539.8275862068967,2655.0,2407.3275862068967,2655.0,0.6909211447756383,305.60174601928514,0.2145969415911222,0.3241238018183635,0.3710406999991391,-0.0016327446969438,0.0695559765671078,9.302681992337156,86.0,74.93869731800767,85.0,0.0123404596150914,6.4071676688483885,38.25872455257394,45.705070115650784,6.597196961948358,37.02289042853048,0.0297343141318313,8188.0,1,0.011660000000000004,-638.3783171301598,20,0.30221033096313477,12
yolo11x.pt,5,115W,13,6983.73078125,42.13437392959092,0.3538157719997252,1.1467543107402545,38.72900763358778,94.0,36.37583254043768,91.0,0.0501811419868096,40.06111584808692,0.0,0.84606,0.0,8200.0,8200.0,8200.0,-5.1062211457353716e-15,0.0,26.751908396946565,72.0,24.158896289248336,71.0,0.0330645602258731,27.63573825408733,29.265202290076346,123.912,2.2354432074247885,78.61399999999999,0.0393805628224019,94.189,42.13437392959087,15.575,82.434,27.15998100665168,516.8129770992368,2655.0,2383.7155090390106,2640.0,0.6505488939687033,306.7770305406957,0.2152316984779212,0.3538157719997252,0.4033530699978655,-0.0019869970900339,0.0761523695557778,9.805343511450374,87.0,75.34919124643197,86.0,0.0127588995969281,6.640191812007156,37.83417678271744,49.10776132290746,5.640730036442315,36.74228519131729,0.0222280851858473,8188.0,1,0.003449999999999953,-684.754926796128,19,0.2807210385799408,13
yolo11x.pt,5,115W,14,7196.21078125,41.72647198480532,0.3572811460004595,1.0648629806633794,42.32319391634981,99.0,39.18803418803419,99.0,0.0574073837686654,42.31154260300757,0.0,0.835,0.0,8200.0,8200.0,8200.0,-5.761848248070509e-15,0.0,29.15209125475285,76.0,26.34093067426401,74.0,0.0393467374044714,29.78658827894003,29.239718631178704,121.525,2.305323106037545,80.63,0.0380931243101213,96.193,41.72647198480532,15.563,85.727,27.50920526655329,526.596958174905,2655.0,2400.3846153846152,2645.9999999999995,0.6588054180243271,306.2177273043648,0.2210894822036554,0.3572811460004595,0.4148477699991417,-0.002015413757521,0.0789911035703702,9.243346007604558,86.0,75.41310541310541,86.0,0.0120768791088629,6.413519903679256,42.11720651263427,74.85234933383437,15.353383940402818,39.18482728999641,0.1328890217327011,8188.0,1,0.014510000000000023,-704.4569271479633,18,0.1386020928621292,14
yolo11x.pt,5,115W,15,7644.66171875,40.99919126213592,0.3917242422217289,1.0706918085909285,41.40856031128405,100.0,37.09320388349514,99.0,0.0553736816559782,41.36704110442431,0.0,0.84214,0.0,8200.0,8176.699029126214,8200.0,-0.0513944040334287,165.58450955594444,27.762645914396888,74.0,24.699029126213592,70.0,0.0366005907226676,28.591068926473785,27.69164980544747,119.059,2.426096636005157,84.006,0.0364999286051561,99.468,40.99919126213592,15.462,87.06405,27.64470416713953,504.9805447470817,2655.0,2387.28640776699,2640.0,0.63441853587501,309.3124076777499,0.2066336261480276,0.3917242422217289,0.4606785999989369,-0.0021666809881381,0.0809434006203641,8.657587548638134,87.0,75.27961165048544,86.0,0.0117463118406529,6.551918998860659,40.09153803150412,57.80798019948445,9.748245623599608,38.29224332638954,0.0591217787776449,8188.0,1,0.007369999999999988,-749.6914011315934,17,-0.025345871224999428,15
yolo11x.pt,5,115W,16,7804.32548828125,39.42709229534511,0.7028006250002363,1.7318365691944089,51.48553054662379,100.0,49.37961476725522,100.0,0.0540187645305123,44.41430367527042,0.0,0.84496,-34.726688102893604,8200.0,8181.701444622793,8200.0,-0.0159339656661987,147.04907114210468,27.070739549839228,77.0,21.96709470304976,72.0,0.0170109475295583,25.680742247409228,24.25679742765273,121.529,2.4102969422175646,79.488,0.0171556033631734,95.031,39.42709229534511,15.543,80.585,23.73203937285737,518.2958199356913,2655.0,2434.586677367576,2655.0,0.4993807102273931,296.2812751624941,0.7129618291159502,0.7028006250002363,1.9215120200005915,0.0152369558348877,0.5010700191040015,7.102893890675233,86.0,74.81139646869984,85.0,0.0056206620346857,5.679132917827359,30.17480833417072,41.458123451834666,10.939894476642008,22.76605829710897,0.1314429281933966,8188.0,1,0.004549999999999943,-774.6587873089287,16,-0.15315350890159607,16
yolo11x.pt,5,115W,17,7980.1453125,34.68176438653636,1.5124948050000058,3.0856463801688503,58.756521739130434,100.0,68.46091205211727,100.0,0.0332024873465812,42.90012949361357,0.0,0.83653,0.0,8200.0,8194.13680781759,8200.0,-0.0090100257618864,83.67468910204944,1.6195652173913049,73.0,15.983170466883822,64.89999999999964,0.0019891744884159,19.976105138002083,7.312217391304355,120.495,2.743805042310407,79.636,0.0058244612485902,95.16,34.68176438653637,15.524,65.81,15.05498270610355,401.380434782609,2655.0,2522.133550488599,2655.0,0.2641559318305527,248.36125787212464,0.5183898280171246,1.5124948050000058,2.72923657500105,0.0369153612382454,0.7840619218407475,1.1782608695652073,84.0,72.05808903365907,79.0,0.0009998592209874,3.405206500376368,18.2808643573889,54.57228921948848,15.574593637516983,11.239708026633476,0.7258384923937425,8188.0,1,0.012979999999999992,-798.2083573113272,15,-0.32404595613479614,17
yolo11x.pt,5,115W,19,8067.102455357143,32.15002068965527,2.85910919714349,4.8379168337972045,35.986196319018404,100.0,78.62796934865901,100.0,0.0177445423665077,38.99359294182149,0.0,0.8375,0.0,8200.0,8200.0,8200.0,-2.3255623347285205e-15,0.0,0.0015337423312882,70.0,9.950191570881223,43.0,0.0002450994002451,12.718670092773763,4.904707055214729,118.824,2.83981154728704,76.209,0.0028436087499373,91.3,32.15002068965517,15.091,52.43229999999999,11.46103603169794,265.19171779141107,2655.0,2563.132183908046,2655.0,0.134840382455211,224.12522105136333,0.279547611391347,2.85910919714349,3.827864209999825,0.0484569194957866,0.7992571467684946,0.7760736196319016,80.0,68.41111111111111,72.0,0.0004928009994279,2.3912258016334667,7.438954481946746,13.347283732523158,2.9319776689183583,6.645426491224164,0.1553450838334879,8188.0,1,0.012009999999999965,-809.154194778911,14,-0.4453815221786499,18
yolo11x.pt,5,115W,18,8100.6953125,34.10165494211932,2.0484918524997737,3.880942350316115,40.60249554367202,100.0,73.80721282279609,100.0,0.0222807488297669,39.93857440316567,0.0,0.83972,0.0,8200.0,8200.0,8200.0,1.8728476730246162e-15,0.0,-1.6844919786096249,77.0,13.55387355298308,52.0,-0.000638836393286,17.584637983473954,6.693128342245984,120.681,2.714325746275569,77.412,0.0039590066607606,92.563,34.101654942119325,15.151,65.619,13.92070833462357,332.64705882352973,2655.0,2551.342386464826,2655.0,0.1895545181198361,231.4946476870489,0.5098698629597036,2.0484918524997737,3.388268715000595,0.0359505580394213,1.044464260108129,0.8716577540106982,82.0,70.04051647373107,77.0,0.0004610968141023,3.2310350147665665,15.08686862663446,41.252849830197626,13.277142021229675,8.786952204879217,0.7744813860497384,8188.0,1,0.009789999999999965,-811.6186699154964,13,-0.5259372591972351,19
yolo11x.pt,5,115W,21,8120.698549107143,29.65055747991968,4.839237748571447,6.832671286810228,23.23092369477912,100.0,84.85366465863454,100.0,0.0078406170131693,32.726012424075115,0.0,0.84044,0.0,8200.0,8200.0,8200.0,6.588409319752434e-16,0.0,0.701807228915662,72.0,8.769327309236948,38.0,0.0002977846282218,12.727202350397713,4.316469879518071,116.907,3.5937941494747463,91.815,0.0014804617251662,106.558,29.65055747991968,14.743,41.34299999999999,9.34961962776802,184.0662650602408,2655.0,2594.3862951807228,2655.0,0.0624476953956401,187.82837676827967,0.3619927466717861,4.839237748571447,6.58845948999915,0.0181174734453942,1.7517689644031686,0.7108433734939723,76.0,65.53965863453816,68.0,0.0002335808503125,1.968740011496493,6.456400382401148,20.6980122529611,6.345129652829313,4.339526407066741,0.9658286681312124,8188.0,1,0.009070000000000022,-815.3971575624581,6,-0.5401216149330139,20
yolo11x.pt,5,115W,23,8118.659895833333,28.45733812645384,6.774770516666346,8.382258057474111,19.518612521150587,100.0,87.48910974836117,100.0,0.0057043118756025,31.388343392080145,0.0,0.84594,0.0,8200.0,8200.0,8200.0,-6.559218175226981e-17,0.0,1.9983079526226728,67.0,5.585113131740326,23.0,0.0005005413001332,8.581897966883162,3.5724280879864665,120.995,3.102714653340026,73.705,0.0010388697076437,88.295,28.4573381264538,14.59,36.854,7.168701256848848,149.8604060913708,2655.0,2601.8767181222247,2655.0,0.0441792793947685,177.16874691077393,0.2505076021886332,6.774770516666346,8.922922769998692,0.0124671073859841,1.6971315175083346,-0.3214890016920577,76.0,64.47261577500528,67.0,-8.743388666169468e-05,1.7130044898018952,3.952200632442234,6.113377485134471,2.711105915416403,3.394948942317471,0.4705599949717491,8188.0,1,0.003569999999999962,-815.5208448432337,5,-0.6126576662063599,21
yolo11x.pt,5,115W,20,8093.502455357143,30.73245828331331,3.854318520000067,5.922634156325198,28.750300120048024,100.0,81.69177671068428,100.0,0.0105866694288099,35.82834917556794,0.0,0.83913,0.0,8200.0,8192.797118847539,8200.0,-0.0022888897751282,92.69075404837692,-2.1920768307322938,64.0,9.93247298919568,45.0,0.0002191639532761,13.412848456918535,3.611463385354135,116.38,2.95853326023607,76.007,0.0018436813775148,90.923,30.732458283313328,14.916,47.67609999999996,10.006794064651343,219.86794717887187,2655.0,2579.743397358944,2655.0,0.0885036382219252,206.546377949167,0.3124193638134737,3.854318520000067,5.445007130001249,0.0537982444537416,1.2041637399529106,0.2953181272508942,77.0,66.91386554621849,71.0,0.0002104664316419,2.1583667997878355,5.927619339010316,10.851073356502653,2.50680338048951,5.188984744312116,0.1788462880621131,8188.0,1,0.010379999999999945,-812.3843843457897,12,-0.6294478178024292,22
yolo11x.pt,5,115W,22,8090.784895833333,29.223499383172776,5.686890943333735,7.554129726122011,25.40967423494571,100.0,85.6227485812978,100.0,0.0083240947626388,33.274839557684395,0.0,0.842,0.0,8200.0,8200.0,8200.0,-7.655120742452738e-16,0.0,2.9684106614017765,66.0,6.080927707870713,22.0,0.0008335479990125,8.811531816115437,3.168796643632774,121.09,3.3132582354511704,82.217,0.0010713266249146,96.825,29.22349938317296,14.608,42.361,8.686385034295832,173.88450148075026,2655.0,2595.925240562546,2655.0,0.0577834585649665,185.5720015630006,0.1821377746720125,5.686890943333735,8.024080465001315,0.0407222876751973,1.0357976612212283,0.140177690029617,76.0,65.46138662718974,69.0,5.091963552744009e-06,1.8577069219695763,3.9834177330064056,5.0636134508882416,0.6514952371218705,3.868546138692664,0.0267491992252208,8188.0,1,0.007510000000000017,-812.6028127767524,11,-0.6483616232872009,23
yolo11x.pt,5,115W,27,8104.2465625,27.29163486571108,10.968198032000071,11.08666873422803,15.515491100856964,100.0,91.04498269896192,100.0,0.0035660264434253,27.15305331730961,0.0,0.8407,7.119314436387867,8200.0,8198.220464656451,8200.0,0.0017398812033606,46.1765705333352,2.628213579433092,74.0,4.59779205799967,15.0,0.0004706818097113,8.539048071630251,2.819732366512856,117.241,3.151844893985213,72.59400000000001,0.0006588121186817,86.019,27.29163486571099,13.425,33.011199999999995,5.79992152106357,117.86420566908372,2655.0,2618.9495798319326,2655.0,0.0275291131588582,148.11777196973603,0.2732630677851553,10.968198032000071,16.130929699999978,0.0232958590769675,2.9972034422994427,-0.4278180619644089,74.0,63.030647553138905,64.0,-5.384093487232848e-05,1.149860082694251,2.69139265037836,4.33832530479914,0.9143950334177808,2.461662336987956,0.1154286437125178,8188.0,1,0.008809999999999985,-814.4068668209496,9,-0.8921871185302734,24
yolo11x.pt,5,115W,28,8109.4365625,27.16203174853894,11.532730163999512,11.187585102210267,15.326801517066995,100.0,90.95656294424262,100.0,0.0033295962005434,27.108185926840303,0.0,0.83708,0.0,8200.0,8200.0,8200.0,-6.20276116859756e-16,0.0,0.5726927939317319,67.0,4.387142631495815,15.0,0.0001472440436013,7.721049978092907,2.76228950695322,115.082,3.273429647058073,74.569,0.0006186489109943,88.913,27.162031748538936,14.344,32.728,6.384937565634142,114.56700379266748,2655.0,2620.0552835255094,2655.0,0.0256893239385574,146.007564586784,0.2879397440693592,11.532730163999512,17.417583039999588,0.0024364519999793,3.3207313718429994,0.039190897597976,75.0,62.95593113252251,64.0,5.873974632128932e-05,1.3542321959772454,2.7373450100925125,4.458364318797865,1.2176683844630838,2.427872637426704,0.1978786702091534,8188.0,1,0.012429999999999941,-814.9205820172518,8,-0.8945611119270325,25
yolo11x.pt,5,115W,25,8119.661197916666,27.92456787798909,7.805222936667148,8.718299107911967,17.804069329314245,100.0,88.86424402184146,100.0,0.0044960859974176,29.62383611792213,0.0,0.83353,0.0,8200.0,8197.74053850499,8200.0,0.0002542490153131,52.02161692762915,1.4905802562170305,69.0,5.315948032385615,24.0,0.0006081692518809,8.679071011410095,4.143075357950259,119.489,3.1581509295087,73.733,0.0010721694138312,88.19,27.92456787798908,14.457,35.349999999999994,6.665421703427243,142.95779954785212,2655.0,2611.3867444925627,2655.0,0.0374208434861525,161.59133888730395,0.395460769603275,7.805222936667148,11.090897725001923,-0.0691571988654002,3.0866594694595246,0.1356443104747597,74.0,63.8808134061382,66.0,7.124451519029685e-05,1.5637796141465437,5.4209922260773205,19.07047171802948,5.9241780299127145,3.202983464130888,1.1942593041253478,8188.0,1,0.015979999999999994,-815.6308412887859,4,-0.9242544770240784,26
yolo11x.pt,5,115W,24,8127.9125,28.366849030194,7.277573260000039,8.601742582191578,20.5728,100.0,88.09398120375924,100.0,0.0054429552953863,29.95901295562642,0.0,0.84163,8.640000000000327,8200.0,8197.840431913617,8200.0,0.002558324000933,50.86077043596119,2.4424,65.0,6.157968406318736,25.0,0.000795442350954,9.857342824021671,3.934787199999999,121.469,3.17402189803188,76.441,0.0011229592189518,90.037,28.36684903019396,13.596,36.354,7.684608518004581,139.7279999999996,2655.0,2609.445110977804,2655.0,0.0393287887004767,165.19881629966756,0.3131501948229875,7.277573260000039,10.999932240000089,-0.0162090686095517,2.278973484207577,0.5056000000000012,73.0,63.93441311737652,66.0,0.0001618696492608,1.4516459779473927,3.918901731240766,8.39196366068933,2.129438651615472,3.297802597455388,0.2952578945705583,8188.0,1,0.007879999999999998,-816.4867262475656,3,-1.0114697217941284,27
yolo11x.pt,5,115W,26,8112.8065625,27.72735115322733,10.112755792000096,10.784612729677702,14.857653791130176,100.0,89.5133202217057,100.0,0.0037273769080585,28.647544242112403,0.0,0.84001,7.725321888412509,8200.0,8198.069014839979,8200.0,0.0020452055570059,48.09837303212576,0.2367668097281834,74.0,4.857858036831754,15.0,0.0002462588315279,7.648780528904319,3.246915593705296,117.703,3.250472773325479,76.83,0.0008383807483785,90.127,27.72735115322725,13.297,34.70239999999999,7.352800905418119,131.45922746781116,2655.0,2613.6018237082067,2655.0,0.0327833851896762,157.30144654508925,0.1451823092730551,10.112755792000096,12.035753739998473,0.0170764000769347,1.4681932389970374,0.1037195994277553,75.0,63.22385124262471,65.0,8.015717702801593e-06,1.5623256631071036,2.6261686166438847,3.315809036418123,0.3854450634041058,2.571010368960737,0.0215416894815464,8188.0,1,0.009499999999999953,-815.284470259269,7,-1.2264583110809326,28
yolo11x.pt,5,115W,31,8097.520625,26.39958979833925,15.896812844000232,13.53772058653474,15.385856668248692,100.0,92.3232502965599,100.0,0.0026225559043239,24.721380142973675,0.0,0.84046,5.125771238728703,8200.0,8198.718861209964,8200.0,0.0009039464224089,39.18833029670149,2.1457047935453253,87.0,3.4715302491103204,13.0,0.0004607377024741,7.98742091750392,2.65682581869957,121.626,3.4276668952520035,76.85300000000001,0.000467697692956,90.489,26.399589798339264,13.636,30.896899999999988,5.643876702028614,90.6122448979595,2655.0,2625.955516014235,2655.0,0.0153921641004318,133.3269993981188,0.4311112691656448,15.896812844000232,24.12798197999728,-0.3727163768460881,6.853295160865664,-0.957759848125292,75.0,63.27686832740213,65.0,-0.0001332856558706,1.3984311377241694,3.213672507816102,9.36858000346962,3.1394025089245368,1.950076427533712,0.954312839532372,8188.0,1,0.009050000000000002,-813.8628396031477,10,-1.2668190002441406,29
yolo11x.pt,5,115W,30,8151.6415625,27.223552220331232,11.762686683999927,10.674070506442227,14.778947368421058,100.0,91.34364846046728,100.0,0.0030227463620319,26.43323738196486,0.0,0.83511,6.687306501547937,8200.0,8198.328949404302,8200.0,0.0015342965723038,44.74894752667291,1.8247678018575848,71.0,4.22744855330342,14.0,0.0004037104965163,8.027143826109688,3.177686068111456,119.675,3.65183790841792,86.128,0.0007040268162506,99.416,27.223552220331115,13.288,32.263600000000004,6.280698618467884,113.42414860681129,2655.0,2618.6732167723967,2655.0,0.024692680807293,148.69815063456184,0.3834379041912922,11.762686683999927,18.175785460000043,-0.0976944353846979,4.510259929771753,0.5188854489164072,74.0,62.951415751199136,64.0,0.0001377161947656,1.4773939730320325,3.395736976401132,8.376419701707494,2.363453915800403,2.5504377363725235,0.4844246003305528,8188.0,1,0.014399999999999968,-819.0800440522428,0,-1.3988937139511108,30
yolo11x.pt,5,115W,29,8145.7465625,27.211314212874264,11.503704004000465,10.794169112577809,15.936902485659658,100.0,90.25079668578712,100.0,0.0034540996298593,27.81882580474896,0.0,0.83487,7.648183556404547,8200.0,8198.087954110899,8200.0,0.0018081539771063,47.86229358732797,2.159974506054812,63.0,4.259719566602932,13.0,0.0005356690623173,7.267916008602484,3.225377947737414,115.778,3.464404521682298,81.053,0.0007333488030951,94.271,27.211314212874445,13.218,32.587,6.4635900277065135,120.44933078393888,2655.0,2616.254780114723,2655.0,0.0269506001986368,153.262763781831,0.3106215922400481,11.503704004000465,16.84110975999938,-0.0782005235385191,3.573298854380841,0.2096876991714467,75.0,62.93068833652008,65.0,7.071929136324557e-05,1.4360629640031868,2.9616921921187185,5.352592942073519,1.5719207579413497,2.52092717179746,0.2816965040024579,8188.0,1,0.014639999999999986,-818.5058267894965,2,-1.4220926761627197,31
yolo11x.pt,5,115W,32,8147.4796875,26.61884669651321,17.21086365500014,14.316666910844988,10.70412595005429,100.0,91.82349749016416,100.0,0.0021192130836529,26.091428349641472,0.0,0.82612,5.863192182410785,8200.0,8198.534798534798,8200.0,0.0011795688863419,41.905786508644944,0.6596091205211727,83.0,3.3089133089133087,10.0,0.0001502633405517,7.365099404694158,2.1905798045602616,123.712,3.7104913344325,85.516,0.0004292770845179,98.769,26.61884669651336,13.253,31.275,6.279143372718306,93.90879478827355,2655.0,2624.094424094424,2655.0,0.0183612118039276,137.72685078366067,0.1354297180460855,17.21086365500014,22.061708560002263,0.0491136327067453,2.33086241212629,-0.2383279044516797,74.0,62.40849274182607,64.0,-8.053945096884864e-06,1.5142352766276257,1.889523220193396,2.16471861906568,0.2249078821016898,1.8592907736331568,0.0141678805024841,8188.0,1,0.023390000000000022,-818.9585026251228,1,-1.5267553329467773,32
yolo11x.pt,5,65W,1,2420.91640625,32.67375507559398,0.1089737410935754,3.560581326162674,22.000000000000004,71.0,35.12008639308856,54.29999999999973,0.012314015456459,20.714834533612745,1.0,0.79658,449.82698961937695,8000.0,7781.425485961123,8000.0,0.2366523590280703,413.2791984258895,3.840830449826989,29.0,10.550755939524835,26.0,0.0026889360846152,7.106982122738054,13.015610726643594,47.303,1.9151456529935595,49.079,0.0070768440815723,62.575,32.67375507559395,13.496,40.338099999999976,10.142137732922766,176.70415224913495,2505.0,2240.144708423326,2490.0,0.0880005566970837,176.3836709047865,0.1944575572498389,0.1089737410935754,0.1287799149973578,-1.5817386142206952e-05,0.021190767497433,8.032871972318333,80.0,73.88552915766739,78.0,0.0045121935047951,3.67788706048886,9.33877940055203,10.441780986874436,0.95984913487028,9.176522618795872,0.0105639350461006,8188.0,1,0.05293000000000003,-243.12577106884126,12,2.3302526473999023,1
yolo11x.pt,5,65W,2,2805.5048950195314,30.83816853932586,0.1216894006250413,1.8763391229622848,41.0625,82.0,40.28339575530587,77.0,0.0281864034650773,32.59164873085876,1.0,0.80944,675.0,8000.0,7658.551810237203,8000.0,0.4513275543681559,474.1954485974173,13.0625,35.0,13.184769038701624,25.0,0.0089377224671296,10.93658112571936,18.8374625,48.728,2.0128951536418644,48.153,0.0128385299367707,62.074,30.83816853932584,13.921,42.531,11.771573861270411,56.625,2490.0,2016.5262172284645,2490.0,0.0347625744206565,244.1281634184801,0.2983567723270943,0.1216894006250413,0.1694094099941139,-3.26985575926859e-05,0.036306856796906,6.627499999999998,80.0,75.05118601747816,79.0,0.0049634691715543,3.1151238692391297,16.926264049756398,18.99764197936318,2.08976173617178,16.435285158175382,0.0152430306422413,8188.0,1,0.04006999999999994,-276.8609591149131,11,1.9477888345718384,2
yolo11x.pt,5,65W,3,3312.3775254360467,30.30796031183557,0.1461038632558315,1.4760366963211975,48.01420454545455,89.0,43.38979447200567,87.0,0.0418229705456678,36.96428460919148,1.0,0.79087,696.022727272727,8000.0,7644.932671863926,8000.0,0.5532573589268938,478.5337194246436,16.017045454545457,38.0,15.847625797306874,36.0,0.0136814034369474,13.81097047347326,17.339735795454544,51.319,2.2644875898560053,54.473000000000006,0.0150922068401741,68.632,30.307960311835576,14.159,46.054,12.82636463556795,-20.24147727272725,2490.0,1982.1048901488307,2490.0,-0.0025061831743743,257.02469288816974,0.3322886095484445,0.1461038632558315,0.2044603699978324,-0.0001647661516751,0.0485486495709363,5.491477272727266,80.0,74.8830616583983,79.0,0.0050619650206978,3.0033887279057323,21.279397691427267,24.391148007839167,2.841545038495223,20.53333794977704,0.0178316046059066,8188.0,1,0.058640000000000025,-324.9852058361056,10,1.4437673091888428,3
yolo11x.pt,5,65W,4,3713.663208007813,28.98485320417289,0.1707424918748984,1.2372365156771532,49.28358208955224,90.0,42.55439642324888,89.0,0.0475233827398616,39.854537380604285,1.0,0.82656,564.1791044776119,8000.0,7500.745156482862,8000.0,0.4465420240111897,499.99944474150766,18.77313432835821,44.0,17.081967213114755,39.0,0.0183402128246882,16.239979912114112,16.44562388059701,48.914,2.34063631518523,53.761,0.0152972209271914,67.843,28.98485320417288,14.082,43.57495,12.327387169420769,-17.194029850746347,2490.0,1944.2771982116244,2490.0,-0.0222208242286363,285.5285694912625,0.318511890913991,0.1707424918748984,0.2275103100051637,-0.0002272585750839,0.0543835139464406,5.194029850746276,79.0,74.44485842026826,78.0,0.005023673487193,2.9029790345500515,24.235693983906817,27.1286834242501,3.113318818192347,23.42709161660101,0.0165019882329858,8188.0,1,0.022950000000000026,-363.10933147165525,9,0.8891749978065491,4
yolo11x.pt,5,65W,6,4174.855326704545,28.692870921985865,0.2273591645455533,1.0872645268726842,44.91477272727273,91.0,36.10070921985815,91.0,0.0373104027858195,38.94307264839827,1.0,0.83544,536.931818181818,8000.0,7431.914893617021,8000.0,0.3981714468540798,495.3427281073362,20.34659090909091,49.0,16.890070921985817,46.0,0.0173642557913203,18.818919878277843,18.20330397727273,50.093,2.769398719844117,65.39500000000001,0.0154945674063301,79.462,28.69287092198581,14.067,50.627,14.502691523405412,-56.25,2490.0,1943.1702127659576,2490.0,0.0065279723590966,278.7539767218624,0.2926843836807808,0.2273591645455533,0.2906362699992314,-0.000648811996937,0.0665444769491925,4.610795454545453,79.0,73.33617021276596,78.0,0.004043721740686,2.850240168945944,27.53658826803013,31.14606649948465,4.967575875205887,26.38996326360027,0.032543837044137,8188.0,1,0.014070000000000027,-407.39153589669155,8,0.6603142023086548,5
yolo11x.pt,5,65W,5,4198.185396634615,29.436438931297715,0.2025970446156302,1.1927471062978794,44.0,90.0,40.82137404580153,87.0,0.0450219154734881,38.65680076571576,1.0,0.83041,636.0856269113146,8000.0,7539.694656488549,8000.0,0.5541584953401069,498.4218436688504,18.29663608562691,49.0,17.727480916030533,40.0,0.0188227303333258,17.027541916863743,17.200262996941902,49.031,2.6847337133559988,65.039,0.0169109514460697,79.029,29.43643893129771,13.99,49.0705,13.67226934548288,34.26605504587155,2490.0,1941.9274809160304,2460.0,0.047432311297153,258.6287358072518,0.3145707285470683,0.2025970446156302,0.2640156400026171,-0.0004395782228386,0.0637310999262217,4.703363914373085,79.0,74.19007633587786,79.0,0.0048897008197212,2.9270612874404214,25.67130349374549,29.3566323226808,3.959457955581661,24.67953078726329,0.0237889694802938,8188.0,1,0.019100000000000006,-410.9000189773631,7,0.642498254776001,6
yolo11x.pt,5,65W,7,4568.453412828947,29.349311299000824,0.2591078736845367,1.0863768063985215,48.99692307692308,97.0,40.14604150653344,90.0,0.0474533019483553,39.72176726759134,1.0,0.84589,526.1538461538457,8000.0,7458.877786318217,8000.0,0.468338782290832,498.3060942251356,21.39692307692308,54.0,18.941583397386623,48.0,0.0208814259802333,19.35524049497037,17.83009538461538,45.409,2.320190729733356,54.135000000000005,0.0177827236813173,68.096,29.349311299000767,13.961,50.042,14.188166407769032,-9.784615384615336,2505.0,1995.6341275941584,2490.0,-0.0248942746029376,297.5458830709364,0.2985561846847096,0.2591078736845367,0.3256980200007092,-0.0009288904297236,0.0773582581890229,4.787692307692296,80.0,73.66717909300539,78.0,0.0050307496673815,2.9260536244965083,28.49173113382741,32.10074282298532,6.521872515922183,27.01577493751689,0.0523970619833878,8188.0,1,0.0036199999999999566,-446.50610058018475,6,0.466816782951355,7
yolo11x.pt,5,65W,8,4914.95078125,29.590885048231566,0.2959518387494427,1.0946846050309404,51.954983922829584,97.0,41.70257234726688,93.0,0.054255280389536,40.69994461636664,1.0,0.84951,514.4694533762058,8000.0,7456.5916398713825,8000.0,0.4948394385150038,498.1121502944335,25.360128617363344,60.0,20.79823151125402,51.0,0.0272182604018212,20.83657039156725,18.454241157556268,48.434,2.7218178796856733,66.564,0.0195671338965919,80.541,29.59088504823152,13.977,50.498599999999975,14.655429064121812,47.073954983922704,2505.0,1983.774115755627,2490.0,0.0287278304859851,293.4270637510819,0.2727091924448867,0.2959518387494427,0.3517968299987842,-0.0010202501371543,0.0807087869479398,4.935691318327969,81.0,73.61495176848875,78.0,0.0053134402302294,2.9858403645475056,27.988446167508148,32.77508109261991,4.063312403765916,27.031425227173266,0.021076711501911,8188.0,1,0.0,-481.1943999983423,5,0.06177466735243797,8
yolo11x.pt,5,65W,9,5281.738489583333,28.54787656250001,0.3217537746668676,1.0205985603009091,42.41875,98.0,38.18828125,94.0,0.0456702825822647,40.97765801532462,1.0,0.83543,396.875,8000.0,7392.96875,8000.0,0.2798797408323688,488.40998303007433,21.090625,57.0,18.6984375,52.0,0.0230485122213819,20.838433483796084,17.082153125,47.989,2.3924371345263697,54.49900000000001,0.0168962225547623,68.299,28.5478765625,13.8,47.72465,13.207294517983732,4.171875,2490.0,1936.74609375,2490.0,-0.0069297594404643,323.96279502879065,0.2616387958786494,0.3217537746668676,0.3863291000030585,-0.0013943724751068,0.0841832701732495,5.4750000000000085,80.0,73.4625,78.0,0.0056953560304907,3.0380657909268525,30.116916041233047,42.83266421266472,10.593870808085793,27.97169981709858,0.1237337993082716,8188.0,1,0.014079999999999981,-517.1018123805742,4,-0.06717182695865631,9
yolo11x.pt,5,65W,12,6396.489275568182,28.36067885881497,0.4132011763635091,0.9765554889108377,47.16715542521994,99.0,36.84345281638625,98.0,0.0367572459570913,40.925329428235365,1.0,0.83785,560.1173020527858,8000.0,7455.742501828822,8000.0,0.4560851822753876,498.0374221437865,26.480938416422287,63.0,20.332845647403072,58.0,0.020990600724629,23.339602733653447,18.94340762463343,47.319,2.945063494981873,69.60900000000001,0.0162371027327492,83.524,28.360678858814925,13.915,51.021800000000006,15.098490859490004,14.604105571847413,2505.0,1991.3240673006585,2490.0,0.0158477727659416,275.6298279871301,0.2495765420651865,0.4132011763635091,0.4785198299985495,-0.00237583303032,0.1031253207740719,4.387096774193552,79.0,72.86247256766643,77.0,0.0037860392508441,2.8906104891175,30.18738280367095,35.38317354264746,5.467351057490542,29.041543650986927,0.0328022019011462,8188.0,1,0.011660000000000004,-627.8973031379892,3,-0.9088350534439087,10
yolo11x.pt,5,65W,16,7777.1265625,30.400217628705136,0.7128314174999104,1.354389389035978,54.434375,100.0,47.234009360374415,100.0,0.0555046886774921,45.268205732364535,1.0,0.84496,596.875,8000.0,7567.082683307332,8000.0,0.5577332510083703,495.4794784855253,23.075,64.0,21.40405616224649,61.0,0.0197169384363178,23.42500062698784,19.076178125,51.847,2.748236904761874,69.882,0.017007345988521,83.547,30.400217628705143,13.665,55.41055,15.615980292967842,164.53125,2505.0,2100.8541341653668,2505.0,0.1652654346192393,283.44849568483795,0.435457747168629,0.7128314174999104,1.3377830349971191,0.005971755300183,0.3104079631755314,5.331249999999997,81.0,71.801872074883,77.0,0.0054377062686757,3.33768669913398,25.62292066055274,34.743167232740745,7.503685313526304,22.44569979268908,0.0857614196160397,8188.0,1,0.004549999999999943,-770.3257349001276,0,-0.91944819688797,11
yolo11x.pt,5,65W,15,7573.426649305556,29.340616776315816,0.4997385444439715,0.9775091413922958,46.91776315789474,100.0,41.797697368421055,98.0,0.05248887057566,41.670565718855634,1.0,0.84214,476.9736842105267,8000.0,7507.401315789473,8000.0,0.4843562045806568,499.9452175234648,29.74671052631579,67.0,24.542763157894736,63.0,0.0316617439853323,25.47360244080776,17.65970394736842,48.481,2.762620861652455,67.232,0.0184769749789504,81.057,29.34061677631579,13.825,51.56025,15.281381543116364,-7.648026315789366,2505.0,1960.9909539473683,2490.0,-0.0486524059738494,282.968479304694,0.2027923864104204,0.4997385444439715,0.5964194799977122,-0.0028999916205871,0.1013431720090629,4.953947368421055,80.0,73.04194078947368,78.0,0.005357296833947,3.018700081277476,31.552579827143447,46.24307771995887,8.354340975439944,30.01569554073437,0.0701059122612336,8188.0,1,0.007369999999999988,-745.2021079613781,1,-1.546785593032837,12
yolo11x.pt,5,65W,13,6857.55109375,30.280677952105734,0.4446062800000072,1.0356138138587667,49.15231788079471,100.0,40.40545004128819,99.0,0.0555185396176431,42.79557850115278,1.0,0.84606,546.3576158940396,8000.0,7524.3600330305535,8000.0,0.5805752859648953,499.4062362353421,27.24503311258278,61.0,22.64327002477292,59.0,0.0305650120600979,24.372011750609406,17.96929470198676,47.066,2.751292429177816,69.65400000000001,0.0200854919220621,83.311,30.28067795210569,13.657,52.779,15.913370087171906,-16.34105960264901,2505.0,1975.1568951279933,2490.0,-0.0083552083156688,277.2796365652884,0.2079711156268639,0.4446062800000072,0.5105444349999743,-0.0023773833949189,0.0924652640663113,5.307947019867541,79.0,72.89265070189926,77.0,0.0058671057406768,3.098179400826948,30.094965412176336,39.00930115206177,4.564324457573041,29.239353074364555,0.023001985257271,8188.0,1,0.003449999999999953,-674.2679781208026,2,-1.5572757720947266,13
yolo11x.pt,10,115W,1,2406.9640625,39.70078186342285,0.0943561899217911,3.7460145135487286,15.004424778761065,59.0,40.422449543820846,56.0,0.0054018291287131,18.919123424662168,0.0,0.77958,37.16814159292062,8200.0,8190.710533591374,8200.0,0.0139751573775426,105.17160027400048,4.014380530973453,29.0,12.458390931711364,19.0,0.0014790258238859,6.579220727322383,12.291897123893804,115.0,1.5371737566767074,47.894000000000005,0.0044520196429878,61.027,39.700781863422726,13.133,47.51539999999999,10.87324385717415,268.4568584070794,2655.0,2570.0884711086537,2655.0,0.0972442903156171,211.8871469265928,0.1663615014931916,0.0943561899217911,0.1133779049996519,2.140620628153596e-06,0.0156972374305659,10.53429203539823,80.0,70.30716063035665,75.0,0.0038526749401886,4.906979466153077,10.764362780831762,11.880792564577945,1.1242648872663663,10.598138827233996,0.0109083896422759,8188.0,1,0.10080999999999996,-242.2877603263442,31,2.1443464756011963,1
yolo11x.pt,10,115W,2,2788.2234375,45.72015114309916,0.1032310579687248,2.359869786496065,28.393220338983053,71.0,45.19305673158341,69.0,0.0142908706528633,27.89935921778637,0.0,0.82212,20.33898305084768,8200.0,8194.919559695174,8200.0,0.0084797805140679,77.91480919633184,9.827118644067795,37.0,16.814563928873834,27.0,0.0050174101836857,10.946811192102883,23.710130508474585,115.0,1.4831097077472115,52.604000000000006,0.0120185367833571,67.808,45.720151143099066,15.204,59.542,16.975353037011566,392.4406779661017,2655.0,2521.2447078746823,2655.0,0.2020482821500689,248.74948934616563,0.1925641601509849,0.1032310579687248,0.1343106200018154,-8.519430597788492e-06,0.0198786019792451,9.30338983050848,83.0,75.5012701100762,81.94999999999982,0.0049107864142666,5.019964215392669,19.75291581728864,21.88178105387092,2.203544932933995,19.374014364997844,0.0124446130044328,8188.0,1,0.058270000000000044,-276.34779235962117,30,1.969454288482666,2
yolo11x.pt,10,115W,3,3353.549818313953,47.35609135319984,0.1188902202325681,1.8767253767785148,39.97260273972603,80.0,44.45920859794822,77.0,0.0215801737544715,33.02405707710539,0.0,0.8332,0.0,8200.0,8182.999511480215,8200.0,-0.0105363940076814,141.81526579966882,16.297455968688848,44.0,19.458720078163164,40.0,0.0088348584317834,15.0913884645284,28.88217416829745,118.999,1.659892059370493,63.139,0.0161625376188662,78.606,47.3560913531998,15.467,66.512,20.80050007400624,459.5694716242661,2655.0,2495.114802149487,2640.0,0.2603962291327016,265.204107017302,0.2047945827192332,0.1188902202325681,0.170820764999189,-2.632660406561977e-05,0.0243480730419265,10.66731898238747,86.0,77.25842696629213,84.0,0.0063376440734921,5.906712175350889,25.790598070321167,28.68384918128558,3.0458599893492373,25.23336229112473,0.0139475216881344,8188.0,1,0.047189999999999954,-329.6909017273605,29,1.6391137838363647,3
yolo11x.pt,10,115W,4,3770.4640625,48.71971145610267,0.1322706943751086,1.611047516013409,49.10920770877944,88.0,45.147216274089935,86.0,0.0271846190340466,36.21705115243461,0.0,0.86253,-25.69593147751584,8200.0,8193.576017130621,8200.0,-0.0157293941250361,87.56432999428898,23.6423982869379,50.0,22.1830835117773,46.0,0.0124976829565978,18.689898470533493,36.34665738758029,120.483,1.7130027560856151,67.886,0.0205080581940158,83.457,48.71971145610279,15.571,72.0703,23.560243259282142,545.0107066381156,2655.0,2476.975374732334,2640.0,0.3256801982173196,276.15783207409856,0.1870739554205292,0.1322706943751086,0.182532134999019,-5.128674589022342e-05,0.0247444019829715,11.316916488222688,87.0,77.75428265524626,86.0,0.007104523096083,6.154515400689341,30.83128971141961,33.53617608042554,3.4415027104057567,30.24101460189159,0.012459850959556,8188.0,1,0.017859999999999987,-368.6475257800856,28,1.4234360456466675,4
yolo11x.pt,10,115W,6,4184.417471590909,49.02609015025027,0.1728470577273169,1.4123359057241591,55.9042316258352,91.0,46.57262103505843,90.0,0.0315974105781863,39.27315250962062,0.0,0.85952,-26.726057906458664,8200.0,8186.644407345576,8200.0,-0.0249144961087205,125.89018758488665,30.66146993318485,57.0,25.93989983305509,53.0,0.0169568126689915,22.780063201311425,37.85255902004454,123.403,1.9664019648425417,80.746,0.0229308022204291,96.405,49.02609015025042,15.659,77.814,25.880023706847684,541.8374164810689,2640.0,2452.9549248747912,2640.0,0.3340281406173001,278.64332603442205,0.194077068446007,0.1728470577273169,0.225953764998485,-0.0001083445049936,0.0335456502532354,11.866369710467694,88.0,78.36393989983306,87.0,0.0076666896524675,6.5757849615544846,35.67052217981393,38.84979697214212,5.472006479472366,34.71276907394966,0.0235328361996358,8188.0,1,0.020870000000000055,-407.4213907447712,27,1.2113674879074097,5
yolo11x.pt,10,115W,5,4231.388100961539,48.51357735849055,0.1527667799999947,1.4822525998674505,51.09935205183586,90.0,45.21563342318059,88.0,0.0288466459629944,38.04127242728856,0.0,0.85989,0.0,8200.0,8194.177897574124,8200.0,-0.0064971570426007,83.38240842284313,25.831533477321813,55.0,23.32398921832884,49.0,0.0141710759352221,20.561790152484686,37.6152181425486,119.199,1.814131317293941,72.32400000000001,0.0218010227175652,88.01,48.513577358490565,15.686,76.00259999999999,25.27127543813117,551.5658747300217,2640.0,2458.091644204852,2640.0,0.3328873963726014,279.0356848760097,0.1933579317898798,0.1527667799999947,0.2039359700011118,-6.52281388988014e-05,0.0295386686269985,11.23974082073434,87.0,78.21293800539084,86.0,0.0070165066140156,6.396970706925832,33.48254201193603,36.55768755181997,4.243490906211251,32.729628784479004,0.016062372996699,8188.0,1,0.020499999999999963,-413.2057982971646,26,1.150364875793457,6
yolo11x.pt,10,115W,7,4538.684457236842,47.95276879592991,0.194082883684084,1.3295445212214627,53.79864253393665,92.0,45.33126059920859,91.0,0.0314478597516144,40.69031161320451,0.0,0.86123,0.0,8200.0,8187.111362351611,8200.0,0.0206095632309891,123.69417204393764,30.99547511312217,56.0,25.466930469191635,54.0,0.0179448804085634,23.706972155711085,38.254542986425335,120.412,2.019445434154353,81.229,0.0236670857931055,96.838,47.95276879592991,15.609,81.3218,26.2439658767451,544.2420814479638,2640.0,2445.407009609949,2640.0,0.3492649524574945,280.370985912786,0.1893457970221893,0.194082883684084,0.2473522499996761,-0.0001921666979823,0.0367487782995277,11.31674208144797,89.0,78.58507631430187,87.0,0.0074428430150692,6.540107422353897,37.08392216223504,39.89782497049783,5.997139958009456,36.06706509675609,0.0261527310063882,8188.0,1,0.019159999999999955,-441.82067642481655,25,0.9844428300857544,7
yolo11x.pt,10,115W,8,4908.48486328125,47.67689334862381,0.2223672387499391,1.325222390763602,54.23853211009175,93.0,43.88589449541284,91.0,0.0341215877641937,39.13919154500012,0.0,0.85506,-11.009174311926472,8200.0,8172.477064220184,8200.0,-0.0283687031941859,179.63855638987954,31.93807339449541,59.0,26.111238532110093,54.0,0.0195740432428622,23.85399034431708,37.34934633027522,120.031,1.943310343702885,76.907,0.0236495861042399,92.651,47.67689334862385,15.744,79.127,25.981746031034834,535.630733944954,2640.0,2436.037844036697,2640.0,0.3536865356026563,278.6652857062342,0.14889314781626,0.2223672387499391,0.2720865949962899,-0.0002007284448601,0.0331089581486882,12.066513761467888,89.0,78.72878440366972,87.0,0.0081677896585987,6.777285787892224,36.56238920285993,40.299919079457766,4.0980146854053725,35.97652264323128,0.0125625523934537,8188.0,1,0.025329999999999964,-478.80048441191104,24,0.8388857841491699,8
yolo11x.pt,10,115W,9,5285.3265625,48.41834939759036,0.2361399720000918,1.2703897412264056,50.680459770114936,97.0,44.392426850258175,93.0,0.0307300952134153,40.78827115364237,0.0,0.86516,0.0,8200.0,8193.115318416523,8200.0,-0.0024610421559017,90.63232899835606,30.38390804597701,61.0,26.868617326448653,59.0,0.0182652203582701,25.97338451227016,38.41303908045977,119.052,2.089228593262088,85.466,0.0248957490826748,101.157,48.41834939759036,15.691,86.1721,28.18884085198321,529.4827586206898,2655.0,2433.9672977624787,2640.0,0.3507253271368631,279.9443034679593,0.194054104740357,0.2361399720000918,0.2910127149993057,-0.0002672538000741,0.0458239308598907,11.239080459770108,88.0,78.32874354561102,87.0,0.007702182680612,6.528046642828883,39.8716243353337,69.63760973570997,10.248255833550536,38.11298834234003,0.0660650943049556,8188.0,1,0.015229999999999966,-515.3500561241142,23,0.8137975335121155,9
yolo11x.pt,10,115W,10,5669.275240384615,47.855358260869565,0.2651998107693193,1.2691231955080593,55.58236658932715,98.0,45.93217391304348,96.0,0.0360510298227253,41.61607175848575,0.0,0.86587,0.0,8200.0,8194.434782608696,8200.0,0.0030635006596903,81.53090962912619,33.4245939675174,68.0,28.14666666666667,63.0,0.0210970857818759,26.63923110407703,38.66714849187936,118.631,2.0441807052563576,82.039,0.0244716527251748,97.825,47.855358260869565,15.786,81.617,26.965450642086065,506.6241299303943,2640.0,2419.313043478261,2640.0,0.3455034349243982,277.91898616925386,0.1497951506746517,0.2651998107693193,0.3147584100002859,-0.0002815788171206,0.0397256456130793,11.15777262180974,89.0,78.39188405797101,87.0,0.0078811850819394,6.661639541273739,38.36872373570036,45.44054999891016,4.65751186083364,37.70741755429973,0.0147351049084311,8188.0,1,0.014519999999999977,-553.8755971580556,22,0.5659538507461548,10
yolo11x.pt,10,115W,11,6092.5765625,47.51589836448596,0.2853444183334431,1.23258148912775,51.717289719626166,99.0,44.01693925233645,93.0,0.0343737744466988,40.77444302152926,0.0,0.86802,0.0,8200.0,8200.0,8200.0,-3.9049692968747936e-15,0.0,33.546728971962615,68.0,28.74415887850468,63.0,0.0217605390253956,27.5290834059367,39.34120093457943,119.557,2.0126947672629694,79.84,0.0255399189456108,95.635,47.51589836448598,15.795,87.748,28.21274097469246,512.5584112149531,2640.0,2422.254672897196,2640.0,0.3539060971608266,280.7730867857722,0.1505858780597478,0.2853444183334431,0.3395420649972948,-0.000372277807491,0.0429688397841895,11.15420560747664,88.0,78.26401869158879,87.0,0.0079508117927316,6.572593530660236,39.4235599487293,53.33608200347419,6.14846525490518,38.54990423238557,0.0243232592800484,8188.0,1,0.012369999999999992,-595.6321303834659,21,0.5393632054328918,11
yolo11x.pt,10,115W,12,6383.671981534091,47.75227686915903,0.3113718972732551,1.239059753988985,53.38317757009346,99.0,45.276869158878505,98.0,0.0354008525041672,42.460638479707015,0.0,0.87487,0.0,8200.0,8192.990654205607,8200.0,0.0106756493136029,91.44443134934822,34.06542056074767,69.0,29.7838785046729,67.0,0.0224690108906641,28.943265836695936,38.65465887850468,121.993,2.008029905311801,80.11800000000001,0.0255386255419099,95.888,47.75227686915888,15.77,84.94,28.047669429506048,505.1985981308412,2655.0,2418.767523364486,2640.0,0.3452471267891295,276.70984950743446,0.1531641980496224,0.3113718972732551,0.3644156999987899,-0.0004711962486824,0.0476910269410475,11.6588785046729,89.0,78.35922897196262,87.0,0.0082652902585169,6.755409487917146,39.377650349613546,45.89853995918346,5.888410465789712,38.53912348894155,0.0223612746125694,8188.0,1,0.005519999999999969,-624.794731433876,20,0.3330506682395935,12
yolo11x.pt,10,115W,13,6880.1465625,46.710454598370255,0.3390620519997174,1.2182878912279271,56.57575757575758,100.0,45.56577415599534,99.0,0.0386333023073038,41.87750352198911,0.0,0.87182,0.0,8200.0,8200.0,8200.0,3.686632619053653e-15,0.0,38.16550116550117,71.0,30.68509895227008,71.0,0.0257165608923252,29.556388743563367,37.35570862470862,121.635,2.3257320215374326,92.863,0.0256091598754282,108.636,46.7104545983702,15.773,88.48075,28.76111643888993,482.9370629370628,2640.0,2415.628637951106,2640.0,0.3397492041299307,284.92163523549664,0.1266499878260782,0.3390620519997174,0.3916225399963878,-0.0004889476543586,0.0429422047580493,10.857808857808864,88.0,77.94004656577415,87.0,0.0078250231284769,6.567586508551506,38.90036865922188,47.55046129982122,4.54799910699712,38.34106448459421,0.0136688918448142,8188.0,1,0.008569999999999967,-674.3529654789176,19,0.2288573831319809,13
yolo11x.pt,10,115W,14,7169.8465625,47.44374148874783,0.3476009900000645,1.1779636793425627,53.057736720554274,100.0,43.78418926716676,99.0,0.037135486465864,42.08461023017976,0.0,0.8685,0.0,8200.0,8200.0,8200.0,-2.8010458260140533e-16,0.0,35.52886836027714,74.0,28.945758799769187,72.0,0.0243359775089848,28.9350198367443,38.243565819861445,118.356,2.14687958419462,86.066,0.0258982002257551,101.856,47.44374148874784,15.79,88.97379999999998,29.072059606255543,492.71362586605073,2640.0,2415.060588574726,2640.0,0.3453531951485489,285.93099034484584,0.2233070198630294,0.3476009900000645,0.4184842300044692,-0.0006246375985487,0.077621741178353,11.332563510392616,89.0,78.31909982688978,87.0,0.00817650882907,6.865475894570781,44.298414393682215,88.95962253053324,19.784740043754944,40.276064806367216,0.1994730984716323,8188.0,1,0.011889999999999956,-702.3089546639293,18,0.1407693326473236,14
yolo11x.pt,10,115W,15,7647.948784722223,47.495844837757936,0.3775838299996394,1.195577533527283,53.16548463356974,100.0,44.78879056047197,99.0,0.0346346129848839,41.82296152039769,0.0,0.86559,0.0,8200.0,8193.628318584071,8200.0,0.0006121021163621,87.20905557938893,36.226950354609926,76.0,30.21238938053097,73.0,0.023264266661252,29.70978146906888,38.54202364066194,121.232,2.244743732092596,90.86,0.0254149931875301,106.616,47.495844837758106,15.756,89.572,29.28872229825706,530.4964539007092,2655.0,2429.6548672566373,2640.0,0.3691111414807506,282.63741336217686,0.1891529790005032,0.3775838299996394,0.4483283399975334,-0.0005824079014011,0.0714211062668513,11.01418439716312,89.0,78.0519174041298,87.0,0.0078832271797783,6.760698121971041,41.62362742225736,73.44121784999884,10.655886744090765,39.72627747330792,0.0655389291258981,8188.0,1,0.014800000000000035,-750.4597609557892,17,0.117438405752182,15
yolo11x.pt,10,115W,16,7779.5265625,46.24137623220159,0.5165735762502663,1.4929420681876526,55.094298245614034,100.0,51.66593647316539,100.0,0.0351590846451157,44.31345717716773,0.0,0.87099,0.0,8200.0,8186.856516976999,8200.0,0.0143328622479001,124.897672042458,33.95394736842105,75.0,29.206462212486308,70.0,0.0204337331658899,28.24231291226188,37.80598245614034,118.35,2.1679934329071133,84.43100000000001,0.0229727040946639,100.251,46.24137623220153,15.82,89.621,27.953754906343544,554.8355263157896,2655.0,2447.9654983570645,2640.0,0.3426972137764277,279.9498437576495,0.4157183306439279,0.5165735762502663,1.155279884997435,-0.0016475168225378,0.2147491047735245,10.559210526315796,89.0,77.68893756845564,87.0,0.0067182493015821,6.306749654473962,34.01106043725838,42.56317190777782,7.712121768772767,30.973322553859045,0.051417080103711,8188.0,1,0.009399999999999964,-768.6178779641249,16,-0.054257772862911224,16
yolo11x.pt,10,115W,17,7948.218212890625,39.43407314449626,1.085527880000518,2.518046224725317,47.441893830703016,100.0,67.83685908927932,100.0,0.0203270302763709,42.77608853981077,0.0,0.87545,0.0,8200.0,8200.0,8200.0,-3.9930234120250215e-15,0.0,10.91248206599713,66.0,17.310505557547508,58.0,0.0037121577860478,18.506063876754787,16.306941176470588,116.886,2.4438003055601194,80.711,0.0064839749499309,96.369,39.43407314449624,15.658,76.18459999999996,18.69229036042075,394.82065997130576,2655.0,2524.313373969165,2640.0,0.1736269435012881,244.4785467282977,0.4845321496356043,1.085527880000518,1.9861103899987933,0.0024706345546058,0.5259731571860314,2.437589670014347,85.0,74.46073861599139,81.0,0.0009206122855831,3.605449387315405,20.92098126292447,42.05585931566108,12.942101746642969,15.660583494172334,0.3826885942008718,8188.0,1,0.0049400000000000555,-793.3127798214584,15,-0.16507917642593384,17
yolo11x.pt,10,115W,19,8050.3765625,33.44269975389669,2.815917079999677,4.956414180963089,32.67432321575061,100.0,82.15935192780968,100.0,0.0089354462815487,35.589772520059064,0.0,0.86992,8.859721082854776,8200.0,8193.109105824446,8200.0,0.0048287047330127,90.6729760630244,1.4118129614438075,72.0,11.519688269073011,48.0,0.0005092821491611,13.607433471380611,3.474684987694829,122.554,2.838526814478825,80.759,0.0011615668174261,94.928,33.44269975389663,14.169,54.687,11.74966587902622,224.65545529122247,2655.0,2589.0781378178835,2655.0,0.0621872079792541,193.80784549149408,0.2502333090997022,2.815917079999677,3.654605794998133,0.0126998414416852,0.7046362490786902,-0.6570959803117375,81.0,68.97436423297785,73.0,-0.000138510947267,2.4204232340430574,7.574737817695534,16.432267811380424,3.533259788299264,6.74735777376022,0.2175784762124342,8188.0,1,0.01046999999999998,-807.6788285365233,14,-0.32238146662712097,18
yolo11x.pt,10,115W,18,8116.893212890625,36.39176442577035,1.6575853050006115,3.351247440844497,40.84417040358745,100.0,74.48487394957984,100.0,0.0149432619831575,40.49801905171366,0.0,0.86525,14.798206278026557,8200.0,8190.252100840336,8200.0,0.0044572652131639,107.71470398032788,-2.096412556053812,77.0,15.515126050420168,58.0,-0.0001651509307977,17.849885115977052,8.232763452914792,121.076,2.6799744815597952,82.166,0.0032335707166669,97.529,36.39176442577031,15.363,67.721,14.93866455000252,319.086322869955,2655.0,2559.172268907563,2655.0,0.1157963760754059,219.9305843216493,0.4353292356679869,1.6575853050006115,2.4034825949980587,0.0062599678481033,0.7215953438804033,1.0650224215246595,83.0,71.59355742296918,77.0,0.0004111062443904,3.004909699595815,17.118961587212286,54.86496508394975,15.968329522717022,10.859169628071331,0.8700899200904872,8188.0,1,0.015140000000000042,-812.4536863973739,9,-0.4270711839199066,19
yolo11x.pt,10,115W,20,8103.869419642857,31.26165670232856,3.871792778571398,6.051932833312693,18.14663310258024,100.0,85.33747640025173,100.0,0.0038385109451936,32.277653788606536,0.0,0.86942,-6.7967275015726045,8200.0,8198.300818124606,8200.0,-0.0012908298182068,45.12350863381892,0.8067967275015739,69.0,9.81387665198238,38.0,0.000237306053769,12.574928456615638,4.661736941472622,117.15,2.896775460823701,75.60000000000001,0.0009962669259607,90.558,31.26165670232851,14.958,45.73875,9.44427282150165,165.90623033354314,2655.0,2604.685336689742,2655.0,0.0361018118486385,172.14657461560122,0.2870314801415776,3.871792778571398,5.415949910004201,0.0041900819053586,1.11132641203482,-0.7885462555066027,78.0,66.72970421648836,70.0,-0.0001238479731469,1.9980178914712543,5.863540509807562,13.000472214424477,2.6702373207055268,5.165565706587101,0.2073862044162661,8188.0,1,0.010970000000000035,-813.5410308807991,8,-0.521182656288147,20
yolo11x.pt,10,115W,22,8081.676106770833,29.1334942998762,5.841760281666089,7.735949539416463,17.526524541398118,100.0,88.82540272614622,100.0,0.0031197256268586,29.17640444795544,0.0,0.86975,0.0,8200.0,8198.513011152416,8200.0,0.0001920701663748,42.21582027235209,1.3232523549826478,66.0,6.763444857496902,28.0,0.0001851678217225,9.380840873479928,2.668514625681702,120.685,3.3449815184172564,82.886,0.000468128648178,97.451,29.133494299876084,14.565,39.29259999999999,7.537841039808237,130.45612295488354,2655.0,2615.752788104089,2655.0,0.0227334182131448,154.18095220819268,0.1999659553595187,5.841760281666089,7.809288384997853,0.0058192072325387,1.1681531757046506,-0.5230540406544435,77.0,64.80198265179678,67.0,-6.234816339392694e-05,1.5539679505294726,3.9556291468072873,5.25248717207818,1.053256380744594,3.7659881507026727,0.0708985022984508,8188.0,1,0.010639999999999983,-811.735780646637,10,-0.5926660895347595,21
yolo11x.pt,10,115W,21,8083.043805803572,29.875287946428568,4.7939138971424,6.819978955595941,19.488970588235304,100.0,87.82418592436974,100.0,0.0035988700284456,30.047964949461846,0.0,0.88039,-6.302521008403346,8200.0,8198.4243697479,8200.0,-0.0009681399527825,43.45427127256506,-0.3293067226890755,64.0,7.120798319327731,30.0,-2.49065140265783e-06,10.48342319892354,3.1649742647058865,116.354,3.3131396148378425,84.25699999999999,0.000578892066079,98.981,29.87528794642857,14.724,38.53175,8.672477550135648,142.31880252100837,2655.0,2610.405724789916,2655.0,0.0259130367624599,163.0370876595902,0.3831171827013383,4.7939138971424,6.7014261350006565,0.0161171166407087,1.8366307863859896,-0.2867647058823479,76.0,65.34125525210084,68.0,-2.142145467635081e-06,1.7969423434508691,7.77090422956115,34.04631580632049,9.981878568110092,4.380554271639687,1.6499905285430203,8188.0,1,0.0,-811.6511056066591,11,-0.6439138054847717,22
yolo11x.pt,10,115W,23,8066.796809895834,28.5363537859006,6.774410448333705,8.405085793241394,15.471714534377725,100.0,89.60161009573542,100.0,0.0023545996177722,28.59298250285308,0.0,0.87022,0.0,8200.0,8198.825065274152,8200.0,-1.3099195274421197e-05,37.53053689208659,0.9599651871192344,69.0,5.466710182767624,19.0,0.0001686978117501,8.255505674788628,2.87699651871192,120.435,3.3104089158957013,80.142,0.0004265747036965,94.467,28.536353785900783,14.325,36.619,6.9380448330228965,114.21018276762425,2655.0,2619.557767624021,2655.0,0.0174869898629524,146.96930215243302,0.2622940920280395,6.774410448333705,8.656810815002972,0.0004111335176502,1.7768878375709536,-0.107919930374237,74.0,64.03579199303742,66.0,-1.6181399767868167e-06,1.4768014781931016,3.947998416533781,8.403766687214906,2.402410883687277,3.395129388072033,0.3702888489720205,8188.0,1,0.010170000000000012,-810.3508911139204,12,-0.7234647274017334,23
yolo11x.pt,10,115W,28,8061.4265625,27.71059780021338,11.314678946001075,11.197732768256362,9.779310344827593,100.0,92.67167364360174,100.0,0.0011606747543152,24.055608602288498,0.0,0.86894,3.940886699507246,8200.0,8199.015020930805,8200.0,0.0004820657860616,34.36574892632174,1.7513957307060752,72.0,4.395961585816301,14.0,0.0001860830739949,7.675698607843168,1.798415435139578,116.918,3.2042253523421347,75.334,0.0002098465527152,88.791,27.71059780021341,13.457,33.097,6.201107370142891,81.30049261083741,2655.0,2631.5328736764345,2655.0,0.0095544230348229,120.5972811712442,0.3095423560354012,11.314678946001075,16.98951582500085,-0.008575647582267,3.502372378729324,0.3743842364532028,77.0,64.18681769679061,66.0,5.767599721486677e-05,1.3080422578470463,2.818660151053044,5.376158935514677,1.203653720287574,2.474661467075562,0.1823550075029247,8188.0,1,0.01144999999999996,-810.2011239297974,13,-0.9826406240463257,24
yolo11x.pt,10,115W,25,8115.115104166666,28.01531542987282,8.037523511667192,9.006950258175019,13.367501898253607,100.0,92.15078762573545,100.0,0.001762968395791,25.05328426425893,0.0,0.87347,4.100227790433564,8200.0,8198.975137597266,8200.0,0.0005798138520522,35.05402316903187,0.2331055429005317,73.0,5.333175175555134,16.0,8.01813113114264e-06,8.487122092211614,1.818638952164008,119.397,3.1019461557565067,73.556,0.0002616792283236,86.902,28.01531542987284,13.346,34.1296,6.127514724963246,93.10364464692476,2655.0,2627.076769785538,2655.0,0.0128963330557284,131.23530741114067,0.390113937501374,8.037523511667192,11.326425080000629,0.0079302638927348,3.1355499448963595,0.299164768413064,74.0,63.237900929967736,65.0,4.4107527318813286e-05,1.3769715715030384,5.076805135736621,16.988648333481862,5.362564429510492,3.1104108079696737,1.1157427103175512,8188.0,1,0.006920000000000037,-815.2490190178594,6,-1.018842101097107,25
yolo11x.pt,10,115W,31,8109.08265625,27.42555665974485,12.665183079999988,11.2048289085994,10.777217442895278,100.0,93.15351527736576,100.0,0.0011322803511393,23.527882912684685,0.0,0.86806,3.559774547611596,8200.0,8197.330169089291,8200.0,0.0004014623124547,56.53909351730897,1.3168199347374665,80.0,3.6784336991990494,11.0,0.0001168385185316,6.401512311354339,1.470704538712546,118.315,3.4717253392983887,81.687,0.0001588821236604,95.214,27.425556659744885,13.527,32.231849999999966,5.512452411654262,73.46039750815771,2655.0,2632.03166716108,2655.0,0.007951374638121,119.23232193639062,0.4413137420553299,12.665183079999988,21.344208629996864,-0.0107230828619464,5.589319338850644,-0.8142984277662464,75.0,64.4005487985761,66.0,-5.284529132247114e-05,1.2075984322265654,3.879285819950185,12.04389781135522,3.639334827935664,2.447655103300728,0.880117120698954,8188.0,1,0.012329999999999952,-814.9260168949685,7,-1.0488755702972412,26
yolo11x.pt,10,115W,26,8143.2028125,27.84206236498548,9.596963091999932,10.27689403545869,10.397219090567448,100.0,90.96496665727436,100.0,0.0013704112336467,26.81055841116184,0.0,0.87416,0.0,8200.0,8200.0,8200.0,8.202168753621646e-17,0.0,-0.0571213829387451,89.0,4.85432516201747,17.0,-3.310604742288345e-05,7.7075737302963425,1.8487591131153671,119.812,3.396048710777659,80.282,0.0002561070271516,94.553,27.842062364985445,14.271,33.945,6.1759632883755256,92.88613303269447,2655.0,2624.536489151874,2655.0,0.0125154709483844,136.19286347740032,0.1367402461458432,9.596963091999932,12.122595775003356,-0.0044089891476386,1.3122910954526437,-0.1623449830890635,75.0,62.74866159481544,64.0,-2.2389785791032512e-05,1.3178667050110853,2.75679344303634,3.2055999460372617,0.3511610625004657,2.7091903710324474,0.016225730354619,8188.0,1,0.006229999999999958,-818.2638025003777,1,-1.0576757192611694,27
yolo11x.pt,10,115W,27,8129.8375,27.58809638451705,10.729155166000128,10.962850623853726,10.059904697072838,100.0,92.9804338579328,100.0,0.0012202473485713,23.64799188485306,0.0,0.86781,3.6759700476522994,8200.0,8199.081242024671,8200.0,0.0004661209865083,33.19134607361299,1.0316541865214433,81.0,4.690684814972352,16.0,0.0001382078172644,8.417383574161205,2.2227086453369687,120.772,3.6415343269708544,86.729,0.0002751942713611,100.463,27.588096384517225,13.734,33.31139999999999,6.057468386047282,82.45915588835942,2655.0,2630.1654615057423,2655.0,0.0100150191503726,124.01863280424736,0.2477443328102542,10.729155166000128,14.330512260000976,-0.002449324336144,2.658087388218394,1.233832539142277,77.0,63.26558911101659,65.0,0.0001695762874216,1.5104015031068767,2.7372941323085977,4.62573113533279,0.9344492826273042,2.516507551830449,0.1165382620054499,8188.0,1,0.012580000000000036,-816.9927227458052,2,-1.1259634494781494,28
yolo11x.pt,10,115W,24,8125.287369791667,28.583554297694096,7.1798491550009205,8.551067007134245,12.83228511530399,100.0,90.8719077568134,100.0,0.0019659583591809,26.84399270932872,0.0,0.87262,5.031446540881007,8200.0,8198.74213836478,8200.0,0.0007843080756713,38.83106676838524,0.3249475890985325,75.0,6.077044025157233,20.0,0.0001784768916717,10.271433451111848,2.8258218029350104,117.579,3.569290191746065,88.521,0.0004150762839932,102.023,28.58355429769392,13.502,35.20534999999994,7.721055868765821,102.40880503144672,2655.0,2623.031446540881,2655.0,0.0154880577986588,139.71211061995436,0.3075803756320419,7.1798491550009205,9.934417204998317,-0.0034230883272965,2.208380700076582,0.527882599580721,75.0,63.719392033542974,66.0,9.466092490435752e-05,1.6775060252524694,4.051169542585279,9.389334319517795,2.391958402415585,3.342688611122628,0.3486152712334266,8188.0,1,0.007770000000000055,-816.240611672032,5,-1.216907024383545,29
yolo11x.pt,10,115W,29,8127.529375,27.75758161519021,11.453692225999983,10.962992991671182,10.367134007173137,100.0,92.79757151006436,100.0,0.001208535047489,24.2401385746536,0.0,0.87223,3.912618193675371,8200.0,8198.141960720397,8200.0,0.0003867358163735,47.18256908603252,0.3651776980762959,83.0,3.968380735066417,13.0,2.8742863005825145e-05,6.563380751675782,1.8544600586892728,115.0,3.7010068609068094,89.003,0.0002178749650158,102.731,27.757581615190286,13.728,33.8755,6.022422615286926,81.63188783827854,2655.0,2631.401678754788,2655.0,0.0096690589133074,120.34833218557644,0.2838885921333343,11.453692225999983,17.434324094996917,-0.0068206126242543,3.251572560767652,-0.1463971307466494,74.0,64.43981745579008,66.0,5.742418474469468e-06,1.072291431749604,2.8188964280889888,4.522385485462644,1.1458746848512629,2.5319346310152926,0.1652403138354514,8188.0,1,0.008160000000000056,-816.7861090444289,4,-1.23219633102417,30
yolo11x.pt,10,115W,30,8130.07515625,27.83177299958964,11.291994595999276,10.475874343614828,8.87524622455679,100.0,93.2250307755437,100.0,0.0011019601614639,23.513690414286945,0.0,0.86308,0.0,8200.0,8199.212146081247,8200.0,6.262536148467408e-05,30.737664008603254,0.9067629678266576,87.0,4.155108740254411,13.0,0.0001169024855576,7.459472470822319,1.8861989494418945,121.509,3.092832066475576,71.485,0.0002334345034918,86.079,27.831772999589656,14.594,33.146599999999985,5.9995255754858015,77.50656598818114,2655.0,2632.237176856791,2655.0,0.0092068324371263,118.70914049751912,0.3822483991055285,11.291994595999276,17.151298255000075,-0.0350881181080622,4.316346857029003,-0.4674983585029508,75.0,64.51661879359868,66.0,-2.052092929013829e-05,1.2964040634129737,3.483606268270457,8.52398161391861,2.327209340913272,2.656749411714111,0.4462854994322905,8188.0,1,0.017310000000000048,-816.9815515778894,3,-1.2530615329742432,31
yolo11x.pt,10,115W,32,8149.9203125,27.29175537906123,16.479939915000433,14.05520277568184,9.985557481224715,100.0,93.66505415162456,100.0,0.0010294440040844,23.086090935283043,0.0,0.86575,0.0,8200.0,8199.13357400722,8200.0,6.309081744981976e-05,32.23291015925765,0.6949740034662044,83.0,3.789747292418773,13.0,7.291240638044234e-05,7.614539313800255,1.768858174465631,115.0,3.591853973424095,83.47800000000001,0.0001809962230628,98.028,27.29175537906137,14.55,32.385,5.881157497746629,69.89168110918536,2655.0,2631.976895306859,2655.0,0.0074283326301565,119.61990724731172,0.1720737132459802,16.479939915000433,21.833980545002124,-0.018461657617251,2.835764455244768,-0.6770652801848698,77.0,63.95913357400722,65.0,-4.464603087564088e-05,1.1749758305491187,1.991464968605964,2.260886361303131,0.2899871582588096,1.9417546523256943,0.0212037262973777,8188.0,1,0.014639999999999986,-819.2867935344169,0,-1.5474883317947388,32
yolo11x.pt,10,65W,1,2482.8715698242186,33.36857536164256,0.1144066848436864,3.81758808508224,13.58450046685341,70.0,37.24871675221652,53.0,0.0039478227866441,17.462611669871812,1.0,0.77958,311.858076563959,8000.0,7852.076528231451,8000.0,0.0941450410847273,355.02410941862547,3.034547152194211,29.0,11.06346243583761,17.0,0.0009861174579409,5.822517680230469,9.271581699346406,40.0,2.398154525110085,67.317,0.002690650397074,80.023,33.36857536164256,12.706,40.064,8.915953691418643,76.35854341736695,2505.0,2295.636957536164,2490.0,0.0238068849884759,169.06567869066564,0.213929370905337,0.1144066848436864,0.1572932149996631,3.717463912201263e-06,0.0244749501159749,11.165266106442589,78.0,71.86887540830611,77.0,0.0033823273380393,4.887781961282896,9.001401133432815,10.645265434097606,1.3169429346241803,8.740747984842821,0.0214049235832156,8188.0,1,0.09528999999999999,-249.72595226384468,11,4.4626569747924805,1
yolo11x.pt,10,65W,2,2912.201275634766,32.58980650994581,0.119380690468597,1.9452968016976555,42.5151953690304,81.0,47.5746835443038,75.0,0.017868360440869,30.125450949019378,1.0,0.82212,603.4732272069468,8000.0,7739.602169981917,8000.0,0.2550200429211835,438.8516835332373,13.22575976845152,34.0,15.43616636528029,25.0,0.0056356085909647,10.166320017551412,16.246642547033286,51.793,1.968008002147134,50.641,0.0069984560530057,64.137,32.58980650994575,13.496,43.783,11.24501544041392,50.38350217076709,2490.0,2040.0542495479203,2490.0,0.0246205661493783,232.0604631121112,0.1861139257650405,0.119380690468597,0.1473662050040729,-9.421703803383096e-06,0.0222184089636517,6.70332850940666,80.0,74.38444846292947,78.0,0.0029860960091196,3.252170302415813,17.04850635609173,19.00309302196468,1.7798983625733873,16.753128099272445,0.0108997800777988,8188.0,1,0.052750000000000075,-287.6914870059023,10,3.7659571170806885,2
yolo11x.pt,10,65W,3,3477.5948492005814,31.849376913529213,0.1410641860463223,1.497602143463176,54.4205298013245,89.0,48.42697558957385,86.0,0.0247302959869902,35.60695055869268,1.0,0.8332,680.4635761589407,8000.0,7700.45510964005,8000.0,0.3141170838104402,458.0586742101886,18.486754966887418,42.0,17.19238725693008,32.0,0.0081430753578244,12.926537923010232,18.78886092715232,50.806,2.510221792315152,66.482,0.0086950729011829,79.949,31.84937691352917,13.467,45.68439999999999,12.236700318711714,14.379139072847464,2505.0,1969.8779478692595,2490.0,-0.0067159357233706,273.42374753412827,0.1875687989594395,0.1410641860463223,0.1975912299985791,-4.690547816452775e-05,0.0264592399528996,6.423841059602637,78.0,73.61646669424907,78.0,0.0032226230168496,3.0655144474123275,21.681810384261976,24.18278587294716,2.4327120217379203,21.26691461583925,0.012588973476375,8188.0,1,0.041669999999999985,-341.37337853326045,9,2.5083627700805664,3
yolo11x.pt,10,65W,4,3897.75625,31.70214695340508,0.1658256850002544,1.3142575586317815,58.89426523297491,89.0,47.88351254480287,87.0,0.0264404010037013,38.00578687108981,1.0,0.86253,732.974910394265,8000.0,7665.770609318996,8000.0,0.3422258482789385,471.7203674699754,21.983870967741936,43.0,19.14381720430108,38.0,0.0094529680080685,15.487925038173808,20.59143189964157,49.731,2.246125478651593,57.74199999999999,0.0095028744648833,71.207,31.702146953405016,13.465,47.682,13.199632589071152,-110.94086021505382,2505.0,1954.8118279569887,2490.0,-0.0629723328446297,280.8703199597512,0.1858837253755102,0.1658256850002544,0.2275397950059414,-2.883972178622306e-05,0.0308242960907931,6.342293906810042,79.0,73.06272401433692,77.0,0.0032721115634098,3.060121773380585,24.62626428099756,27.72740397291805,2.905430193641115,24.121715523104047,0.0139195058929939,8188.0,1,0.012340000000000018,-381.64425907681857,8,2.0002810955047607,4
yolo11x.pt,10,65W,5,4364.171694711538,31.283004312203573,0.2011653530768224,1.258611321553638,51.10189982728843,89.0,44.51444588184562,88.0,0.0250059196415206,38.07734387344585,1.0,0.85989,620.0345423143353,8000.0,7595.515308322553,8000.0,0.2773802376270353,490.7920393364665,21.09671848013817,43.0,19.00776196636481,38.0,0.0100403894292753,16.32810760650933,20.16975820379966,48.599,2.487772568878252,64.312,0.009893800457198,77.825,31.28300431220353,13.513,49.901,13.606455708927855,-11.398963730569903,2490.0,1973.337645536869,2490.0,0.0197577850502727,289.20629859917835,0.1847101200676315,0.2011653530768224,0.2767223699971509,-0.0001853862320202,0.0371572765202673,6.2607944732297085,79.0,73.15567054764985,77.0,0.0032222383149913,3.1671014611947124,25.47895314045869,29.920818245014047,3.613481770347172,24.85517472827722,0.0201135428949338,8188.0,1,0.014979999999999993,-427.76216349662826,6,0.861457347869873,5
yolo11x.pt,10,65W,6,4317.091086647727,31.38996489563564,0.2173244049999828,1.1369675739857272,56.4573055028463,94.0,47.534629981024665,91.0,0.0285534774597664,41.25563886483663,1.0,0.85952,474.38330170777954,8000.0,7469.639468690702,8000.0,0.2114492273962737,499.0773869237286,26.44022770398482,54.0,22.20967741935484,46.0,0.0131718643775893,19.544545075568585,22.31532447817837,48.473,2.2265077464204874,56.583,0.0114986794249019,69.89,31.389964895635675,13.307,49.50909999999999,13.675277625046862,-40.4743833017078,2490.0,1940.5574003795064,2490.0,0.0001086178880628,301.9412367701904,0.1805055127161305,0.2173244049999828,0.28620414500474,-0.0001703860622777,0.0392282531502499,6.954459203036052,79.0,72.86527514231499,77.0,0.003814099124415,3.320465701747101,28.452796458280577,31.82496779580261,5.211309659943724,27.60849615578368,0.0335462397051018,8188.0,1,0.015350000000000086,-421.42353895042964,7,0.8535975217819214,6
yolo11x.pt,10,65W,8,5041.247631835938,31.44851692456473,0.2752467687500484,1.0820128331834566,56.03481624758221,98.0,46.36411992263056,94.0,0.0322146732532967,40.612363040938455,1.0,0.85506,543.5203094777562,8000.0,7524.661508704062,8000.0,0.304896971368962,499.3914396427312,27.237911025145067,58.0,23.42311411992263,51.0,0.0155181202325498,20.97332716089196,22.058547388781427,45.749,2.605878051310812,68.588,0.0126730750095884,81.951,31.4485169245648,13.363,51.806,15.137742566476058,-28.375241779497173,2505.0,1964.2238878143128,2490.0,-0.0075568683926577,279.4018024023084,0.1456266273738535,0.2752467687500484,0.3415468500003044,-0.0002649660687889,0.0400832586286205,6.475822050290134,79.0,72.22823984526113,77.0,0.0039068936897155,3.3833325959838456,29.543890826863706,33.26632968424357,3.394183895298903,29.06482803169544,0.01319882763431,8188.0,1,0.019809999999999994,-492.9775507494895,5,-0.10952459275722504,7
yolo11x.pt,10,65W,9,5418.06921875,32.09029374389057,0.2965221906662919,1.057276022229248,62.43639921722114,99.0,47.90713587487781,95.0,0.0341732040034334,40.968113126739325,1.0,0.86516,420.7436399217222,8000.0,7526.881720430108,8000.0,0.2327146024360355,499.2768501610279,31.36986301369863,58.0,24.43646138807429,52.0,0.0168666898128232,21.51828929501584,21.57758904109589,50.964,2.3314837999650337,61.491,0.0114901817225717,74.818,32.09029374389051,13.327,51.436,14.872172855899295,-51.45792563600776,2505.0,1996.634897360704,2505.0,-0.0195216490792037,308.6229040517592,0.1978137555690652,0.2965221906662919,0.3642721899999742,-0.0002169164272202,0.0586561681452656,6.544031311154598,79.0,71.71603128054741,76.0,0.0038475550523309,3.3005238316135364,32.315048115633395,67.10072551004922,11.060965209190588,30.351859939307754,0.1171592111402884,8188.0,1,0.009709999999999996,-530.0148356601936,4,-0.16304105520248413,8
yolo11x.pt,10,65W,10,5802.298737980769,32.3258961232605,0.3316207215385825,1.071993699677691,50.14711729622266,99.0,44.94433399602386,95.0,0.0297772643541676,40.96782525915901,1.0,0.86587,662.0278330019883,8000.0,7597.912524850894,8000.0,0.3798126166215571,490.3194239241629,28.04771371769384,58.0,23.68439363817097,53.0,0.0157444159253505,22.033597492677032,22.816099403578523,48.408,2.5591865940716243,69.24,0.0131299497109964,82.728,32.325896123260435,13.488,52.46274999999998,15.612599026570114,-15.35785288270381,2490.0,1986.8961232604368,2490.0,0.0003895645293323,290.80998599968655,0.1521350017634728,0.3316207215385825,0.3965092050020757,-0.0004801218877716,0.0504511190560763,6.254473161033786,78.0,71.98807157057654,76.0,0.0036918982377727,3.285738939201864,30.73376745378125,36.16791809136093,3.9741178905438472,30.154931071870752,0.0167205242679817,8188.0,1,0.009000000000000008,-568.6029943796066,3,-0.37598177790641785,9
yolo11x.pt,10,65W,11,6226.08515625,31.15369658536596,0.370364770832748,1.0489301542210934,57.892578125,100.0,48.46439024390244,99.0,0.0319491184974905,43.22439408644605,1.0,0.86802,658.203125,8000.0,7480.487804878048,8000.0,0.3785448006867988,499.61912917894057,29.921875,68.0,26.373658536585367,61.0,0.016044442406942,23.966274856922364,22.157919921875006,49.135,2.4083819329242813,61.533,0.0118983593305537,75.03,31.153696585365854,13.497,49.83689999999999,14.008584575655936,-74.150390625,2505.0,1968.1024390243904,2505.0,-0.032988734072565,323.8899380117738,0.1616080607452595,0.370364770832748,0.4396237399963865,-0.0004746060931352,0.0598539323826428,7.671875,80.0,72.66195121951219,77.0,0.004607684211866,3.577622333141954,30.49933345687008,44.573781964745024,5.303909984451586,29.700449033710765,0.0302420754917558,8188.0,1,0.006850000000000023,-611.0196705218468,2,-0.5928608775138855,10
yolo11x.pt,10,65W,12,6517.252627840909,31.579876632801103,0.4021007236363154,1.0581909371995744,60.49806201550388,100.0,47.80358006773101,99.0,0.0354137098144469,42.27949858654094,1.0,0.87487,591.0852713178292,8000.0,7562.167392356072,8000.0,0.322176087749187,496.1201621861848,31.180232558139537,64.0,25.699080793420418,57.0,0.0182051087922097,23.09506686134925,21.83483527131783,45.679,2.5546964903657345,67.02600000000001,0.0123233400149554,80.677,31.579876632801163,13.651,50.654,14.490075904467965,-105.6686046511627,2490.0,1914.746008708273,2490.0,-0.0469262575526637,314.00482221881174,0.144636638828703,0.4021007236363154,0.4806241449998197,-0.000632644611055,0.0581584971373459,7.271317829457359,81.0,74.13594581519109,79.0,0.0043559993631946,3.524521825807821,30.50770422890984,36.57717992199131,4.824621763968393,29.843268849358093,0.0250096427842953,8188.0,1,0.0,-640.1352768010363,1,-1.5320053100585938,11
yolo11x.pt,10,65W,13,7013.7693359375,32.85911881188117,0.4246097440004814,1.0732540020610974,56.74653465346535,100.0,45.14752475247525,99.0,0.0324001424642274,42.329039008440766,1.0,0.87182,708.9108910891091,8000.0,7602.475247524752,8000.0,0.4302338429585541,489.3861702630559,29.984158415841584,66.0,25.39752475247525,61.0,0.0169418689565689,24.358174950978093,22.75173267326733,43.29,2.5113881011977024,68.607,0.0133131101149666,82.522,32.85911881188119,13.915,52.87929999999999,15.634475213474076,-57.02970297029697,2490.0,1973.2128712871288,2490.0,-0.0111002904033128,302.3323514369891,0.1218760356378989,0.4246097440004814,0.4835376900013216,-0.0005605946366636,0.0517497522920018,6.714851485148515,84.0,75.73514851485149,80.0,0.0041392421196899,3.3698800148635857,31.041152595934943,37.21598492290362,3.575654199738165,30.616348738302293,0.0132689129775482,8188.0,1,0.003049999999999997,-689.5792531131449,0,-1.6158701181411743,12
yolo11x.pt,20,115W,1,2418.504214477539,42.32166394279866,0.0957929731250317,4.054118016679136,4.2965557501459415,61.0,41.6487669633737,56.0,0.0007852758362611,16.897876890569677,0.0,0.82671,13.30998248686501,8200.0,8196.672989931418,8200.0,0.0027713955697886,63.09788495903224,1.0782253356684173,30.0,13.024077046548957,19.0,0.0001741299664825,6.171145218841213,5.882830706363102,118.704,1.4918600574244012,49.68,0.0011308334585466,63.138,42.32166394279878,13.458,48.315,8.935778647881289,91.9439579684763,2655.0,2601.264409747556,2655.0,0.0192516243137277,160.3994033990148,0.1525276057218888,0.0957929731250317,0.1152057700044678,2.336083268129408e-06,0.0146110728357423,8.980151780502041,83.0,75.12038523274478,80.0,0.0016972044336559,4.518517152141079,10.589647994480622,11.829324612204651,1.0896817213378431,10.439179068957088,0.0105885449253916,8188.0,1,0.07356000000000007,-244.05860279493936,31,2.5502829551696777,1
yolo11x.pt,20,115W,2,2806.6796875,48.12056289167423,0.1098965862499199,2.6441427951097856,8.20680393912265,73.0,47.19404655326768,68.0,0.0031977926552443,24.43917394850345,0.0,0.85148,9.66875559534492,8200.0,8197.582811101163,8200.0,0.0027701439620422,53.80319578269255,2.67502238137869,38.0,17.82452999104745,28.0,0.0010765997373151,9.825542138495434,7.184052820053715,119.347,1.823440847887125,72.048,0.0024607264832947,87.745,48.120562891674126,15.697,59.46325,15.108236153648916,159.50760966875578,2655.0,2564.106982990152,2640.0,0.0494696275430853,204.92666704940848,0.1665107909284462,0.1098965862499199,0.1363859000037336,2.510601620839143e-06,0.0182989674968103,5.424350940017902,87.0,80.28111011638318,85.0,0.0016493937520054,4.320914910190463,18.52822038800764,21.31619780835505,2.153917746619156,18.19892744849896,0.0135142146690417,8188.0,1,0.04879,-279.3776038592355,30,2.035820245742798,2
yolo11x.pt,20,115W,3,3341.3590570494184,50.270697880332506,0.1249088603489474,2.093085193726194,12.80236305048335,81.0,49.19533136570968,76.0,0.0043993459809194,29.777521350417235,0.0,0.87522,12.8893662728251,8200.0,8196.780252213577,8200.0,0.0042348852439528,62.07520090905786,4.789473684210527,44.0,21.1193989804132,35.0,0.0017486260720311,13.399096392306594,9.55895810955962,121.442,1.9711482867391648,83.02,0.0033359333896898,99.091,50.27069788033271,16.071,67.4447,18.91374869286361,183.8829215896885,2640.0,2539.3265360880064,2640.0,0.0639559219069243,218.68077131727333,0.1638582449647992,0.1249088603489474,0.1700815349973709,1.1906816317169442e-06,0.0204673466373317,5.229860365198704,88.0,81.61819157499329,87.0,0.0017775180956344,4.885753716453742,24.41868243561719,27.767486387502203,2.677035640969889,24.01751158099714,0.0120188759481131,8188.0,1,0.025050000000000017,-329.78204333241007,29,1.848347544670105,3
yolo11x.pt,20,115W,4,3755.284503173828,50.97374969733647,0.1371845285938093,1.7482024557219833,18.2772397094431,89.0,50.60472154963681,85.0,0.0068378214247112,34.031381358597265,0.0,0.87126,13.07506053268753,8200.0,8196.731234866827,8200.0,0.004608316503132,62.54465072498571,7.949152542372879,48.0,24.51271186440678,44.0,0.0030940232344125,17.30545151008275,11.611295399515733,119.913,1.905686761848632,81.06700000000001,0.0046867556549518,97.14,50.973749697336565,16.073,74.591,21.48853070586945,155.50242130750576,2640.0,2483.471549636804,2640.0,0.0608591824339477,239.9514941182069,0.1890130444265362,0.1371845285938093,0.184853594998276,-1.017054860611651e-05,0.0259296653977351,4.961259079903158,88.0,81.7179176755448,87.0,0.0019117114097401,5.103442651660905,29.68027358886706,33.06501644944032,3.2096659647961503,29.157806940778503,0.0116945596723141,8188.0,1,0.02900999999999998,-368.231417092383,28,1.5428003072738647,4
yolo11x.pt,20,115W,6,4207.698712713068,50.03509172259526,0.178095022727228,1.4851667995824236,27.524296675191813,92.0,50.97954618088846,89.0,0.0106319774656474,37.39449926031735,0.0,0.87725,29.156010230179163,8200.0,8181.591562799616,8200.0,0.0019953704741384,147.48306370664986,13.771099744245523,54.0,27.5413870246085,51.0,0.0054148784552626,20.849894142942603,15.758028132992322,122.688,1.885037016079006,78.106,0.0059867495519954,94.318,50.03509172259508,16.212,76.939,23.03420422895191,172.23145780051163,2640.0,2433.1016299137104,2640.0,0.0736686724853515,254.728609793622,0.2095026389890346,0.178095022727228,0.2325591049993818,-3.291861129415698e-05,0.0373113772521663,5.987212276214834,90.0,81.56599552572708,88.0,0.0022920468880881,5.384382026408219,34.46616790803956,38.29275576678516,4.4970464518090605,33.68988031288025,0.0170242797954339,8188.0,1,0.02302000000000004,-410.5652634280977,27,1.1575953960418701,5
yolo11x.pt,20,115W,5,4279.1265625,50.46287778825003,0.1579712551921777,1.5943368289638646,23.84779874213837,90.0,52.39930882814954,88.0,0.0087761833620562,35.100920335254,0.0,0.88182,0.0,8200.0,8196.60697455231,8200.0,-0.0023992166113494,63.7190545719281,10.635220125786162,52.0,26.54728243795162,48.0,0.0039975478812502,18.54654785454987,12.367899371069186,120.734,1.94029758688868,81.741,0.004774137901145,97.913,50.46287778825008,16.172,74.57099999999996,21.99502751245089,182.07547169811323,2640.0,2461.013195098963,2640.0,0.0741632047757575,245.46477451572787,0.2274684436011922,0.1579712551921777,0.2121086399965861,-2.7461674538080777e-05,0.0359334755522914,5.938364779874206,89.0,81.75054979579014,88.0,0.0023048204838674,5.253962989331328,32.31610093734906,35.792557754264635,3.666134074113225,31.651327919863142,0.0128700067616783,8188.0,1,0.018449999999999966,-419.0162800557321,26,1.0896657705307007,6
yolo11x.pt,20,115W,7,4572.444089226974,50.470470297029664,0.1990923036843014,1.4354688856379636,23.27873183619551,93.0,53.495709570957096,91.0,0.0093543223935815,38.94082607479711,0.0,0.88851,-15.85204755614268,8200.0,8192.475247524753,8200.0,-0.0035849721608672,94.72634834344288,11.82694848084544,59.0,29.326402640264025,52.0,0.0046638235612119,22.075300085337062,12.49095772787318,121.115,1.954330907152354,82.582,0.0051540098807748,98.636,50.4704702970297,16.054,77.85079999999996,22.93182392298084,173.2232496697493,2640.0,2433.5346534653463,2640.0,0.069098397220207,241.1688354969997,0.209155051579684,0.1990923036843014,0.2570483549992787,-5.1451612867795554e-05,0.0416411610462081,5.597093791281381,89.0,81.67062706270627,88.0,0.0021946451912371,5.3184803224347545,36.17767020478343,39.6769684738945,6.04952995216256,35.159571065588885,0.0279616034201222,8188.0,1,0.011759999999999993,-446.24393634275,25,0.8055403828620911,7
yolo11x.pt,20,115W,8,4951.968310546875,49.94157944239175,0.225218088124916,1.4059683799942595,23.16532258064516,94.0,52.36714813570709,92.0,0.0094519053269037,39.08045200546154,0.0,0.89282,0.0,8200.0,8200.0,8200.0,2.6547425225850453e-15,0.0,11.346774193548388,59.0,30.15518978837756,54.0,0.0045440695439664,22.99555463983728,11.85736827956989,120.108,1.872027297571643,77.428,0.0050240953333719,93.492,49.94157944239167,16.064,77.3758,22.74817475484596,110.16129032258095,2640.0,2404.2576419213974,2640.0,0.0452423414974855,242.6718433955044,0.1806358673969304,0.225218088124916,0.2781088750009076,-5.925487819477861e-05,0.0406824647019225,5.295698924731184,89.0,81.6126973463218,88.0,0.002183242831188,5.296719440288141,36.11363341480798,39.846676068319326,3.7803314247876223,35.521125619194684,0.0109576489391693,8188.0,1,0.007450000000000068,-483.87321657164904,24,0.6840099096298218,8
yolo11x.pt,20,115W,9,5315.3191536458335,49.77095220830593,0.2447870416666652,1.3536982391115766,30.46965699208443,98.0,54.4838497033619,97.0,0.0120592302593344,39.8014672162067,0.0,0.89289,31.66226912928778,8200.0,8188.134475939354,8200.0,0.0145245490288161,118.73431774993044,16.857519788918204,60.0,31.87607119314436,58.0,0.0068088803442513,24.21726125117756,13.579786279683384,122.993,1.922928852143368,79.589,0.0056224744166137,95.706,49.77095220830586,16.117,79.197,23.546980517631468,86.6952506596308,2640.0,2411.118984838497,2640.0,0.0375604960341024,253.19779218337783,0.207595086138098,0.2447870416666652,0.3083105049998266,-8.86686557191819e-05,0.0508165870002815,5.302110817941966,90.0,81.39980224126566,88.0,0.0021052894265333,5.382717279735322,38.26234303525635,60.1352268324509,8.750216056826721,36.766652101852685,0.0522991259988255,8188.0,1,0.007380000000000053,-519.4268525451329,23,0.3447253704071045,9
yolo11x.pt,20,115W,10,5697.088100961539,48.48697010413174,0.2729379603846329,1.3233934725452392,22.172043010752688,99.0,53.90695330870003,97.0,0.0095579947357115,40.39345967068745,0.0,0.88578,14.516129032258505,8200.0,8184.279475982533,8200.0,0.0056134561334995,136.4459378126624,9.833333333333336,67.0,32.07020490426604,62.0,0.0043477873318702,25.1152555002492,8.18717338709677,121.136,2.023615824813914,81.964,0.0037770145275007,98.119,48.48697010413167,16.155,78.80879999999998,23.48791432366644,67.33870967741905,2655.0,2373.9502855223377,2640.0,0.0205549440538099,290.71933918489594,0.1710370934798998,0.2729379603846329,0.324954765000075,-6.115817454111527e-05,0.0466825154445196,3.716397849462368,89.0,81.00302317769567,88.0,0.0016037323976261,5.270543337393901,37.320981796666565,42.29109038630589,4.493360439075426,36.6383627470055,0.0144956066105645,8188.0,1,0.014490000000000003,-557.424635468777,22,0.27434951066970825,10
yolo11x.pt,20,115W,11,6145.968229166667,49.02096504920274,0.2915262516662854,1.2991725630780055,27.58559782608696,99.0,52.77740074652189,98.0,0.0104858761223906,40.66877293772004,0.0,0.88788,-13.04347826086996,8200.0,8189.005768578215,8200.0,-0.0059655555752658,114.33374209561268,13.475543478260873,69.0,32.22633186291144,64.0,0.0049784946822681,26.016061160220048,10.841255434782616,122.357,1.9553266628633863,79.793,0.0041438405213431,95.852,49.02096504920259,16.059,80.81889999999997,23.952695554833028,19.891304347826008,2640.0,2385.738038683407,2640.0,0.0073013705102059,277.5279402875788,0.1681987268919063,0.2915262516662854,0.349189559997103,-6.730610792314845e-05,0.0490343443858387,5.0067934782608745,89.0,81.01628775025449,88.0,0.0019866463770011,5.465479729716092,38.59355756913191,53.7447581011128,5.790451696460956,37.7324509786922,0.0225110243900289,8188.0,1,0.012390000000000012,-601.762784339292,21,0.16025884449481964,11
yolo11x.pt,20,115W,13,6917.99275390625,47.79220000000018,0.3475560025000959,1.277728152514242,27.66083445491252,100.0,53.89848739495798,98.0,0.0116479722244452,42.22553030426891,0.0,0.89025,-9.690444145357104,8200.0,8177.411764705882,8200.0,0.0042072407417072,163.08174017724596,15.7792732166891,76.0,34.209747899159666,70.0,0.0065669059562562,28.216742853266563,9.768324360699856,121.121,2.021459568716234,80.569,0.0041458123097385,96.61,47.7922,16.041,81.50119999999997,24.1585078312786,8.236877523553176,2640.0,2361.1361344537813,2640.0,0.0073324623469369,306.20595577121526,0.1352313567340245,0.3475560025000959,0.3997616350035969,-9.541728666091744e-05,0.0470004697591419,4.1036339165545,89.0,80.13613445378151,87.0,0.0017441049135883,5.338298773677644,37.89801032681719,42.91387361473813,3.959180004443861,37.40404397129183,0.0109138423290079,8188.0,1,0.010020000000000029,-678.91629100785,19,0.05406695976853371,12
yolo11x.pt,20,115W,12,6460.917471590909,48.30864662411825,0.3223291922727433,1.2976072538451189,21.516129032258064,99.0,53.28283506886127,98.0,0.0092246977107934,40.635784697007615,0.0,0.89416,-27.419354838709296,8200.0,8186.294927779644,8200.0,-0.0111685126747428,127.50787293285896,9.06451612903226,71.0,33.41148807524353,68.0,0.0040588276048621,26.93043905886423,8.443940860215044,119.943,1.9743049467335576,79.331,0.0038325482384452,95.376,48.30864662411823,16.045,80.646,23.883036807636863,-19.57661290322585,2640.0,2353.3120591199195,2640.0,0.0024666050209552,313.19439107841964,0.1674687643479537,0.3223291922727433,0.3875803049970272,-7.836918766314354e-05,0.0539800715431903,3.788978494623649,89.0,80.74034262680551,87.0,0.0017193699578365,5.400465426468281,38.0383685927648,44.76925377847928,5.400095499218264,37.229020168443306,0.020153900757268,8188.0,1,0.00611000000000006,-633.4166753828488,20,-0.011733238585293293,13
yolo11x.pt,20,115W,14,7263.16654296875,49.21922996878267,0.3566679279998789,1.253922912193947,32.40277777777777,100.0,55.58619493583073,99.0,0.013313603972205,40.98069954493174,0.0,0.89279,10.0,8200.0,8184.599375650364,8200.0,0.0017637487654127,135.06876022679842,17.688888888888886,73.0,34.6860908775581,71.0,0.006992881258591,27.03816570192068,10.063541666666666,121.97,1.94090805688326,79.481,0.0044588515079392,95.53,49.21922996878252,16.049,82.40590000000002,24.153194548919984,9.5,2640.0,2375.608740894901,2640.0,0.0107512881568159,296.9355607691661,0.2296912729213464,0.3566679279998789,0.43880894500071,-8.302755194276199e-05,0.0819235103925113,4.30416666666666,89.0,80.55948664585502,87.0,0.0018036314216944,5.483825048518559,43.475434583779546,105.83964982529344,19.90332513041357,39.25219763523216,0.2095865510924493,8188.0,1,0.007480000000000042,-712.6099297094923,18,-0.05556076392531395,14
yolo11x.pt,20,115W,15,7701.419140625,49.40999683988761,0.3893509838890572,1.282522058904363,30.782303370786515,100.0,55.822682584269664,100.0,0.0138109317249689,40.90595138969238,0.0,0.89781,-69.10112359550567,8200.0,8174.297752808989,8200.0,-0.0269465214824616,173.72993731232867,16.471910112359552,75.0,35.618679775280896,72.0,0.0075778633382142,28.13813916706463,6.41563764044944,123.815,2.0869663346498304,87.268,0.0031945506449027,103.117,49.40999683988764,15.849,84.979,24.71892524761364,-86.06039325842676,2655.0,2347.1260533707864,2640.0,-0.0289917010615023,336.8209730533976,0.1633039145234407,0.3893509838890572,0.4677856899994367,-5.063364394243451e-05,0.0635825397926361,3.2808988764044926,90.0,80.36692415730337,88.0,0.0014930732858237,5.4306649943413685,39.811429579165214,59.74176891151188,8.3233034634395,38.52565068712949,0.0437095074397883,8188.0,1,0.0024600000000000177,-756.9087690181998,17,-0.16188187897205353,15
yolo11x.pt,20,115W,16,7828.1515625,48.8661115498522,0.5085417031253201,1.5531534745421072,20.36758893280632,100.0,59.54294175715696,100.0,0.0072731977278984,42.98678656346095,0.0,0.89113,-39.52569169960498,8200.0,8186.969397828233,8200.0,-0.0187688595433721,124.36609671916854,13.07905138339921,79.0,32.85324119776242,75.0,0.0072809706277421,27.78213166065208,8.616812911725958,122.727,1.983869739688624,80.866,0.0042292373984875,96.944,48.86611154985193,16.078,85.962,24.56177466645628,-96.8577075098815,2640.0,2381.0463968410663,2640.0,-0.0481194512055654,333.1859442778348,0.4911754988742449,0.5085417031253201,0.7141668100037334,-0.001480506721994,0.2497832247309372,3.2318840579710155,89.0,80.01579466929911,88.0,0.0015055217688568,5.374039759980121,34.59605953764991,41.29679712296775,7.0946062284090745,31.46251310692825,0.0420536136041077,8188.0,1,0.009140000000000037,-773.7117846958135,16,-0.1687317192554474,16
yolo11x.pt,20,115W,17,7972.064477539063,38.913857414750254,1.5078534506253618,3.451552598822029,15.579314720812192,100.0,79.25202220459953,100.0,0.0031761096036506,36.38647633484343,0.0,0.8811,-7.614213197968638,8200.0,8198.096748612212,8200.0,-0.0016032057327648,47.752270097869165,-0.345177664974619,78.0,16.537827121332278,53.0,0.00041055079699,17.289324279952222,3.1772005076142094,120.596,2.7098829827142423,89.432,0.0007856418723949,105.452,38.9138574147502,16.02,72.45499999999997,15.249601189563355,117.74428934010166,2655.0,2591.2363203806503,2640.0,0.0260054699181089,168.7608370568507,0.4371556066149946,1.5078534506253618,2.461645329996463,-0.0001226977945892,0.6591665898946428,-0.7557106598984689,86.0,75.18699444885011,81.0,-0.000109307357786,2.911557367406039,15.762792025611128,38.56413719216065,12.22802903308874,11.274305200514997,0.6017923066434807,8188.0,1,0.01917000000000002,-798.2265531165474,15,-0.24547900259494781,17
yolo11x.pt,20,115W,18,7999.588134765625,35.35892392710174,2.1918396306251453,4.305616153315628,15.518814675446848,100.0,85.40399764844209,100.0,0.0023589794519646,32.00066111912589,0.0,0.89243,0.0,8200.0,8198.589065255732,8200.0,3.265229803363854e-05,41.12336265760754,-4.312793979303857,74.0,11.895473251028806,45.0,-0.0006603090098871,13.359700893447966,0.6593080903104465,120.292,2.7065586101348416,80.365,1.4659893373052134e-05,95.701,35.358923927101706,15.336,60.47899999999992,12.046211581066627,97.77516462841004,2655.0,2613.0282186948853,2655.0,0.0164550536184617,144.31890483804384,0.4537355454854875,2.1918396306251453,3.547020379994137,0.0023953026952598,0.9945155504184098,-2.8668861712135367,84.0,71.56190476190476,76.0,-0.0004732353534928,2.669127108807237,17.696516640450486,78.74216631646551,28.910525892505493,8.212279652442515,2.6689252214891592,8188.0,1,0.00784000000000007,-802.1040144705173,14,-0.24772144854068756,18
yolo11x.pt,20,115W,22,8046.862337239583,29.1898633482475,5.943470284166869,7.885867518600029,6.44121302510564,100.0,91.7978498632861,100.0,0.0005264445303051,25.082143702983025,0.0,0.89949,-2.9828486204314686,8200.0,8196.495152870992,8200.0,-0.0002229132586401,64.75749069730949,0.5095699726572214,68.0,6.1964330101914,21.0,3.9456418257887136e-05,7.723607869507813,0.3652694506587153,115.0,3.0262217724737384,75.02799999999999,4.984777001582795e-05,88.335,29.189863348247577,13.307,37.74445,6.232410867444296,50.50335570469815,2655.0,2635.2572706935125,2655.0,0.0045421404482868,110.88312784178744,0.1941138744913861,5.943470284166869,8.15686582999915,0.0043383319539538,1.153710044784051,-0.2269450658712415,73.0,63.20749440715883,65.0,-2.377748192849407e-05,1.345723937750751,3.8398772732523687,4.966826754362684,0.7535724189433307,3.701541178494151,0.0385137051551593,8188.0,1,0.0007800000000000029,-808.3033596865114,13,-0.31431421637535095,19
yolo11x.pt,20,115W,19,8058.034486607143,32.7137342899557,3.07688675642816,5.297708199477603,12.079968329374507,100.0,88.23107372587828,100.0,0.0015790339181372,28.74566842201119,0.0,0.88943,9.026128266033083,8200.0,8196.674913409204,8200.0,0.0009524807309801,63.07969331028542,-2.5843230403800472,75.0,10.780306778822364,38.0,-0.0002775983459015,12.220132807124036,0.5004140934283399,115.0,3.2806710187455668,93.201,0.0001068003981121,107.323,32.71373428995547,14.122,46.882,9.403172248146346,80.84916864608067,2655.0,2625.4913409203364,2655.0,0.0114197256823717,134.27407977708592,0.2400959612362067,3.07688675642816,4.1660912150018685,0.0032018508878087,0.7387480833995733,-1.575613618368962,79.0,66.83523008411677,70.0,-0.0001949201575212,2.054349559308545,6.7237834410022685,13.203895364799624,2.505305962709484,6.17507289155366,0.138833447935829,8188.0,1,0.01083999999999996,-808.6422357837733,12,-0.37189608812332153,20
yolo11x.pt,20,115W,28,8079.0546875,27.771683515408583,11.58173721600062,11.487297875764233,3.2551769117886806,100.0,94.76288113484428,100.0,0.0002043156758288,20.34529869160287,0.0,0.8982,1.7609652698520222,8200.0,8199.559758682537,8200.0,0.0001073356042979,22.980334386990226,-0.1188651557149844,81.0,4.426871025599217,15.0,1.9632484013311023e-05,8.161433244620003,0.3873730637534578,118.142,3.488985460540776,83.36,3.153198440999434e-05,96.895,27.771683515408444,13.535,33.265,5.513548148692545,31.51638676015,2655.0,2642.1070438610795,2655.0,0.0018719953374125,89.8176012147262,0.2848089425266109,11.58173721600062,16.91505292500515,-0.0048435927032932,3.298582329110232,0.2341431599543497,75.0,63.87750692972444,65.0,1.1115729297097117e-05,1.2315971001429922,2.712282691782801,4.743684204730651,1.1249657193428169,2.417599318461216,0.1720317756294067,8188.0,1,0.0020700000000000163,-812.0094528620051,9,-0.49792182445526123,21
yolo11x.pt,20,115W,20,8092.08671875,31.52318256496206,3.76139349999981,5.928554699957782,6.170020120724345,100.0,89.77736797988265,100.0,0.0009107329669394,27.62173951182702,0.0,0.90027,-3.6217303822941176,8200.0,8199.094719195306,8200.0,-0.0003196996739514,32.947191569199205,0.554996646545943,77.0,8.492288348700754,32.0,8.348510558544478e-05,10.775728643086978,1.3502142857142871,115.0,3.2271170523585018,87.22,0.0001498811994944,101.729,31.523182564962283,14.509,45.1994,8.983652905599115,59.104627766599606,2655.0,2629.777870913663,2655.0,0.0074110723878774,124.6255115761531,0.2681930228687811,3.76139349999981,5.170961384998735,0.0011659569180602,1.0087794929639338,-0.1485580147551957,77.0,64.8631181894384,68.0,-3.183714613807223e-05,1.8218997482444568,5.902845870453925,11.541634378243002,2.36461588491542,5.317178327659951,0.1604716501393012,8188.0,1,0.0,-812.3230013913965,7,-0.5248066782951355,22
yolo11x.pt,20,115W,21,8063.246205357143,30.19818056485067,4.897368447857194,7.042457937190192,4.280321285140559,100.0,91.02596707268104,100.0,0.0004987763790343,26.09358116921144,0.0,0.89532,8.995983935743425,8200.0,8197.028510239594,8200.0,0.0010304521566039,59.64023776857436,0.0275769745649263,77.0,7.457033864275197,30.0,6.580436361284512e-05,11.032974983766998,1.6363319946452464,120.302,3.121578791727643,81.113,0.0001616942738328,94.266,30.198180564850755,13.153,43.95019999999994,8.310603684167045,53.04417670682733,2655.0,2634.724601793602,2655.0,0.0051651445105098,111.81402103606248,0.377689926562628,4.897368447857194,6.918111445003159,0.0008780889412005,1.849686729421315,3.61070950468541,78.0,64.69067059295945,68.0,0.0003288790681142,2.189800639898887,7.898952799908933,34.7601026529919,10.700084113162218,4.288017171586995,1.834996946584227,8188.0,1,0.00495000000000001,-809.7919413457322,10,-0.5645788311958313,23
yolo11x.pt,20,115W,23,8051.80908203125,28.7929716072334,6.729079405833667,8.423921403260337,4.615280594996619,100.0,93.0607289730156,100.0,0.0003513083218644,23.1260620243955,0.0,0.89732,2.7045300878980925,8200.0,8199.323981747508,8200.0,0.000227522027042,28.47393373444697,-0.5221996844714898,68.0,5.82682665765309,23.0,-2.4194784608796173e-05,8.384315902258928,0.9175760649087152,120.589,3.713788262588941,94.704,9.370447685030506e-05,106.931,28.7929716072334,12.227,36.493,6.674119306134484,41.15956727518597,2655.0,2639.1853980057463,2655.0,0.0033906710152674,99.54138848079263,0.2910438199896327,6.729079405833667,9.46217347500424,-0.0029919284571808,1.9584569752873984,0.3207121929231462,73.0,62.4117514506225,64.0,3.652180574486451e-05,1.430324750252055,4.091641467930673,10.044923274845129,2.667648738469512,3.418000979459467,0.4250716531315672,8188.0,1,0.002950000000000008,-808.8889969368961,11,-0.687756359577179,24
yolo11x.pt,20,115W,25,8097.231868489584,28.29918066868729,8.224874132499886,9.310287962113078,5.119719643871932,100.0,94.14841826103428,100.0,0.0003057138484169,21.46204513501974,0.0,0.89789,2.045842015533708,8200.0,8198.920250047357,8200.0,6.786277953588983e-05,35.97963428400605,0.0621329797310101,79.0,5.102576245501042,21.0,2.6222001975958165e-05,8.309952164423503,1.770570373176735,122.313,3.259599671098147,79.035,0.0001148583939588,92.244,28.29918066868725,13.209,34.662,6.013654189888145,33.799014964955404,2655.0,2640.180431899981,2655.0,0.0024099693015814,96.33968369279752,0.4046618626166313,8.224874132499886,11.86914281000245,0.0042730162681373,3.3282928862447534,5.995832544042436,75.0,63.75108922144346,69.0,0.0003429304712916,2.7767003152046845,5.795192335177633,21.214775162894792,7.497900295910081,3.03956019232132,1.673954362901593,8188.0,1,0.0023800000000000487,-813.559524867303,6,-0.7081522345542908,25
yolo11x.pt,20,115W,26,8080.593046875,28.23335984763608,10.434475996000035,11.33078136986884,3.5528863391896834,100.0,94.47084920457092,100.0,0.0002471869300596,20.88746861022664,0.0,0.89024,1.936177841520476,8200.0,8199.032041227874,8200.0,4.9160003806293344e-05,34.067779240319005,0.3440301183219789,80.0,4.911897826574053,17.0,5.826934538380602e-06,8.20330617381552,0.1811762280387192,120.623,3.222783278045396,76.657,2.3567987013871696e-05,90.99,28.23335984763612,14.333,34.3335,6.135471887506705,33.85353173180329,2655.0,2642.2928523414744,2655.0,0.0022332752793737,89.47063708690746,0.1661041642398385,10.434475996000035,13.691802179996376,-0.0052334454497461,1.7332099145962432,-0.9057009680889224,77.0,64.39614609007394,66.0,-5.366316361072916e-05,1.3059794329744594,2.55886124145858,3.269191154142369,0.4122439204201087,2.491739883245394,0.0259546422304182,8188.0,1,0.010029999999999983,-812.2119357270801,8,-0.7718187570571899,26
yolo11x.pt,20,115W,30,8108.695625,27.60393260801499,12.100487683000392,11.13403488418861,2.652473387601745,100.0,95.23919849718222,100.0,0.0001826505123554,19.35499934081188,0.0,0.88591,0.0,8200.0,8200.0,8200.0,-7.844805368242642e-16,0.0,0.6117720726361928,79.0,4.074710394489668,12.0,2.8584569355115378e-05,7.493167357967732,0.9874978083907316,120.927,3.3967986131358168,79.305,5.270366332796825e-05,93.765,27.60393260801503,14.46,32.15079999999999,5.571132680390524,24.11552911709441,2655.0,2642.381613963682,2655.0,0.001470797469629,89.05681680990565,0.3865958586673473,12.100487683000392,19.02759309499816,-0.0085295530315062,4.677998426103197,0.3439261114589911,76.0,63.866898872886665,65.0,2.0371386368785167e-05,1.1962017722011364,3.280410755353468,7.775401391030432,2.2383979828796496,2.479238918787223,0.4656055594599166,8188.0,1,0.01436000000000004,-814.9042416703307,4,-0.8555439710617065,27
yolo11x.pt,20,115W,24,8104.667708333333,28.46579798085472,7.477687691667233,8.869097799788472,7.325381879054191,100.0,93.30370874091123,100.0,0.000435725548564,22.95446806337071,0.0,0.89962,2.510985561833877,8200.0,8199.372286446618,8200.0,0.0001962701498967,27.438335221967616,0.6850805607867754,76.0,5.67128733587906,21.0,3.4256291525686565e-05,9.23657091552293,0.8127428332287074,122.046,3.695382088735016,91.466,7.900118823964827e-05,105.192,28.46579798085473,13.726,35.2382,7.226758078679591,39.52291274325171,2655.0,2639.811685933985,2655.0,0.0030146681769567,97.78710251075272,0.3100066728428905,7.477687691667233,11.520568835002267,0.0032214186457515,2.318133081851993,0.172839506172842,74.0,62.18936025527018,64.0,2.048556764606135e-05,1.4086639579253082,3.721557752338743,7.613962763567316,1.7980498202274096,3.2095483242425886,0.2334285197790405,8188.0,1,0.0006500000000000394,-814.2342664349587,5,-0.8768520951271057,28
yolo11x.pt,20,115W,29,8137.64703125,27.70340090404761,11.650750017000682,11.129841329441703,3.62041755712643,100.0,94.88711732073146,100.0,0.0002128794458746,20.19250167632096,0.0,0.89194,1.972710833470046,8200.0,8199.5068830902,8200.0,9.61915352446133e-05,24.32071395897141,-0.8582936051290484,86.0,4.388165194164784,15.0,-1.712765152847479e-05,7.913419384311688,0.2959066250205495,115.315,3.3452571516755367,78.151,2.9977828902323226e-05,92.675,27.70340090404767,14.524,33.342,5.95718618123483,30.4315304948218,2655.0,2642.597493322375,2655.0,0.001857156014123,88.30457091560886,0.2954540030184178,11.650750017000682,16.89093765999896,0.0027292654491689,3.4422607306897515,0.1594607923721867,76.0,63.88419971234847,65.0,1.128771668585728e-05,1.0946885004709817,2.843110338792666,5.278029654191614,1.2894245220311902,2.489110139491744,0.2056858525965997,8188.0,1,0.00833000000000006,-817.8127502221143,0,-0.8994141221046448,29
yolo11x.pt,20,115W,31,8129.440703125,27.37236913921856,12.653247426000016,11.172559979172242,2.7128127369219044,100.0,94.737292953796,100.0,0.0001642113943531,20.3727015583429,0.0,0.88886,3.275208491280864,8200.0,8198.271614297086,8200.0,0.000141265555083,45.50907081406593,-0.8391205458680822,83.0,3.8771557442292384,14.0,-4.505025960900848e-05,6.960316203945833,0.6767411675511781,120.597,3.8065393415549655,90.818,4.0815700771615095e-05,104.194,27.372369139218435,13.376,32.923,5.474278876456828,29.549658832448586,2655.0,2643.5636584164045,2655.0,0.001627304103969,84.87908526354444,0.4158046750079699,12.653247426000016,18.06852581500025,-0.0099084495925587,5.261279433763369,0.1219105382865848,76.0,63.747981654853504,65.0,1.0081019116050548e-05,1.107860945234762,4.058666956339926,12.147990456167108,4.139176115433906,2.4499639465123315,1.0400661911785012,8188.0,1,0.011410000000000031,-816.9497067724363,2,-1.0265438556671143,30
yolo11x.pt,20,115W,27,8125.4644140625,28.00022354642238,10.764285188000212,11.163051540053674,3.527432077125326,100.0,94.42706918459449,100.0,0.0002575486275036,21.09593632449337,0.0,0.88887,2.103418054337453,8200.0,8199.474214608072,8200.0,0.0001377648533075,25.11306472807864,0.8503067484662576,79.0,4.490426324321956,15.0,4.004512340843939e-05,7.312473709359284,0.7643375985977165,118.934,3.9415399601015326,96.91,4.4035660753442827e-05,110.364,28.00022354642247,13.454,33.83139999999997,6.015378928073759,28.81156879929904,2655.0,2642.0374183937256,2655.0,0.0018670413225243,90.26922300851056,0.2303945865745209,10.764285188000212,15.813796960000037,-0.0030842783978516,2.480033035659548,0.1647677475898348,75.0,63.69684090610349,65.0,6.305189327737053e-06,1.272209990207137,2.6547622472651984,4.12877088834804,0.681459849791825,2.508294747718037,0.0658914827102667,8188.0,1,0.011399999999999966,-816.6426492669036,3,-1.1276761293411255,31
yolo11x.pt,20,115W,32,8134.8009765625,27.1955112757732,16.861346750000394,14.32977955201117,3.086340206185568,100.0,95.1483032646048,100.0,0.000180503283158,19.942569120579908,0.0,0.89092,1.718213058418769,8200.0,8199.570446735395,8200.0,9.200701541488186e-05,22.699766552073623,0.9726517754868276,80.0,3.5675114547537228,12.0,3.87232065785042e-05,6.504681197731253,0.5869357101947301,117.312,3.909211300421761,92.851,3.072816354935594e-05,106.313,27.1955112757732,13.462,31.886,5.540478709712423,27.549398625429603,2655.0,2642.1724656357387,2655.0,0.0014343231474051,90.00420655272312,0.1629283987521198,16.861346750000394,21.903358864999245,-0.0097277356305594,2.747192226781824,-0.0143184421534954,76.0,63.45632875143185,65.0,-1.3805719813525496e-06,1.0963518770514549,1.942018443673523,2.2258902858446503,0.2722238544196282,1.8978317968580567,0.0196492354785384,8188.0,1,0.00934999999999997,-817.78143583329,1,-1.5158098936080933,32
yolo11x.pt,20,65W,1,2421.654414367676,35.674929123711486,0.1083572208203349,3.865636172807805,8.375773195876292,70.0,40.27203608247423,52.0,0.001415869171574,15.906017193746845,1.0,0.82671,144.84536082474187,8000.0,7887.886597938144,8000.0,0.0261072254473261,315.50592251172145,1.5896907216494842,28.0,11.8125,16.0,0.0002860361393034,5.306606798017249,4.751097938144326,49.516,2.248750087822294,67.408,0.0008740177732364,80.224,35.674929123711344,12.816,41.90389999999997,8.182683184809628,-18.425257731958936,2505.0,2302.6140463917527,2490.0,-2.105412087684956e-05,162.9082101416772,0.1401146164881576,0.1083572208203349,0.1215542999987519,-7.69429006058002e-07,0.0151824304389638,9.60463917525773,82.0,75.59317010309279,80.0,0.0016323187722586,4.393831166713214,9.337698197341942,10.509799413172392,0.855558842243143,9.228734295964278,0.008394988433918,8188.0,1,0.07110000000000005,-243.77029668393138,9,2.4718101024627686,1
yolo11x.pt,20,65W,2,2811.215960693359,35.6253004081633,0.1194868122656885,2.128376790889482,13.858775510204085,80.0,50.05408163265306,74.0,0.0037653174480875,27.423409738900485,1.0,0.85148,217.14285714285688,8000.0,7811.836734693878,8000.0,0.0585787578903,390.84248860053617,3.568979591836735,36.0,16.408979591836733,25.0,0.0009526682986517,9.184752281306844,6.176744489795915,50.594,2.1816237086997536,63.70700000000001,0.001676014970263,77.721,35.62530040816327,14.014,46.1706,10.385437074604576,39.8693877551018,2505.0,2074.2244897959185,2490.0,0.0073569787762688,238.14185151095603,0.1544025091489307,0.1194868122656885,0.1380237799963651,-3.3039909532076613e-06,0.0184490636240295,4.596734693877551,83.0,78.31857142857143,82.0,0.0012192233165959,2.789839802291339,16.973351039475226,18.87429833345914,1.653570634479291,16.73824886676899,0.009490963771192,8188.0,1,0.04632999999999998,-278.20833983090716,8,1.9867404699325562,2
yolo11x.pt,20,65W,3,3345.9332485465115,35.4877199046484,0.139871722906943,1.6545761750340622,17.801526717557252,89.0,53.680810488677,85.0,0.0051981567502534,32.55852566720446,1.0,0.87522,243.32061068702296,8000.0,7783.31346841478,8000.0,0.0719466408702042,411.9872311307569,6.374045801526718,40.0,19.00286054827175,32.0,0.0019340355379708,11.762792247071957,7.709117366412205,51.195,1.9346692372593624,54.541,0.0024717381244483,68.657,35.48771990464839,14.116,48.563,11.323797737907178,-16.259541984732778,2490.0,1993.2657926102504,2490.0,0.0037167668418799,275.6758338148644,0.1542561713767533,0.139871722906943,0.1955295549945731,-6.64504949704986e-06,0.0215760764594951,4.000954198473295,83.0,78.31179976162097,82.0,0.0012149207236245,2.682400411840065,21.765117995645824,23.95868951119357,2.201563995482616,21.448223684181738,0.0102315298676109,8188.0,1,0.02259,-328.8241936250718,7,1.8157517910003662,3
yolo11x.pt,20,65W,4,3759.857806396484,35.50110473684216,0.1627549964062382,1.4444955434655578,21.99894736842105,91.0,55.69605263157895,88.0,0.0071345915058945,35.44026828336984,1.0,0.87126,302.1052631578941,8000.0,7747.368421052632,8000.0,0.0987526675765465,434.5214198010588,8.778947368421054,43.0,22.506315789473685,39.0,0.0029573461007055,14.618840119058447,9.74948736842105,52.904,2.264690087702089,66.349,0.0032822493392722,80.399,35.50110473684211,14.05,50.199,12.48498660225568,78.64736842105276,2490.0,1967.0644736842105,2490.0,0.0304821173974351,263.4891534789217,0.1627143906851237,0.1627549964062382,0.2216504599986365,-1.1561862212536595e-05,0.0264825800712005,4.211578947368423,83.0,77.7928947368421,81.0,0.0014053337829907,2.868247592534083,24.9322161127593,27.68301908553832,2.432093047545026,24.576818459176256,0.0095156532304638,8188.0,1,0.026549999999999963,-368.3425655115111,6,1.2776193618774414,4
yolo11x.pt,20,65W,5,4279.683931790865,35.469502730748154,0.1895970246152221,1.3449824364662692,29.71803278688524,91.0,56.75805570726379,89.0,0.0097879102195041,36.645971989680426,1.0,0.88182,250.27322404371623,8000.0,7679.9563080284,8000.0,0.0870754463280887,466.4930087373097,12.627322404371585,48.0,24.53167667941016,42.0,0.0041588007927228,16.214292579779567,10.38193661202186,50.861,2.2167494311060327,64.723,0.003587767643455,78.627,35.469502730748225,13.904,50.64719999999999,12.916330687362668,68.42622950819668,2490.0,1960.4860731840524,2490.0,0.02409902118866,288.2915621248566,0.1907567403344253,0.1895970246152221,0.2535250400011136,-3.542767869407835e-05,0.0361669103927055,4.549726775956273,85.0,77.39404696886947,81.0,0.0015011391392038,2.956187921972613,26.886752368469548,30.29436446417655,3.267407137785808,26.37172186719309,0.0147682764144004,8188.0,1,0.01598999999999995,-419.24085960492033,4,0.8938824534416199,5
yolo11x.pt,20,65W,6,4208.255717329545,35.689969997247374,0.2154265347728142,1.2814277604421178,28.30616740088106,94.0,54.8166804293972,90.0,0.0094622229238653,38.39528823068121,1.0,0.87725,299.5594713656392,8000.0,7582.714010459676,8000.0,0.1067853804787959,493.1109332327532,13.211453744493394,53.0,25.420313790255985,46.0,0.0044109564014639,18.138707547390325,13.266199339207052,49.339,2.158617673423141,63.156,0.0043234061600765,77.041,35.68996999724745,13.885,50.743,13.58237748403554,82.63215859030834,2490.0,1972.2130470685383,2490.0,0.0279917620178181,286.3906184222481,0.2275001261169785,0.2154265347728142,0.2816502800011221,-6.632076646524066e-05,0.0490095638297588,4.4273127753303925,84.0,77.07431874483898,81.0,0.0014289146401237,3.0782945014984864,28.66689560867292,31.958524688218024,4.714098736772343,27.85172219535312,0.0270418263285832,8188.0,1,0.020560000000000023,-411.2545884151922,5,0.8238816261291504,6
yolo11x.pt,20,65W,8,5055.960144042969,36.047384904569135,0.2759386037497734,1.2433581324246832,26.364583333333336,99.0,54.65962984384037,96.0,0.0097928125260354,39.952619365880985,1.0,0.89282,253.4722222222217,8000.0,7631.289762868711,8000.0,0.1014355413382961,482.4551773645691,13.005787037037038,59.0,27.125216888374784,52.0,0.004884911277806,20.322990405137872,12.369469907407405,48.598,2.3325686515845487,70.219,0.0046033748545842,84.083,36.04738490456912,13.864,52.38064999999998,14.05141607903314,98.4375,2490.0,1962.5491613649508,2490.0,0.0278646272737252,322.4302033243477,0.1782439148945542,0.2759386037497734,0.3418217350012128,-0.0001178043253217,0.0491843770028967,5.053240740740748,85.0,76.45459803354541,81.0,0.001799541280709,3.1915596780420605,29.45407168041354,32.289143279119905,2.9910133355427724,28.99195651237896,0.0103120739770302,8188.0,1,0.00499000000000005,-495.4108164777833,3,0.14413686096668243,7
yolo11x.pt,20,65W,12,6457.409659090909,37.50846470411536,0.371924505000127,1.1625264306994032,21.265625,100.0,55.37668969660559,99.0,0.0086124390241617,41.68693356310824,1.0,0.89416,299.27884615384664,8000.0,7708.320817062181,8000.0,0.1170095708620808,454.5354080581021,11.52644230769231,67.0,30.42895764493842,60.0,0.0047471165477699,23.67955599940455,11.454823317307682,52.803,2.198703696633884,68.388,0.0044885399632438,82.47,37.50846470411536,14.082,55.703,15.662351592077188,42.53004807692287,2505.0,2006.41333733854,2490.0,0.0159059964674447,279.81915760647865,0.1327215349669517,0.371924505000127,0.4381649250022746,-0.0002060861014991,0.0493623911954405,4.545673076923066,82.0,75.70111144487834,80.0,0.0017194500719958,3.2881814951588093,32.88375362186511,46.45423815437332,4.879823742499108,32.26461241104805,0.0220214291353352,8188.0,1,0.003650000000000042,-633.8842564032852,2,-0.023060454055666924,8
yolo11x.pt,20,65W,15,7703.477018229167,36.40941719378949,0.4512330772219179,1.0952755573473494,31.51208285385501,100.0,53.45457159286946,99.0,0.0121777926492875,42.23385129288156,1.0,0.89781,260.0690448791711,8000.0,7648.073605520414,8000.0,0.1176172947682809,477.5711542254042,18.650172612197927,70.0,31.326624496837265,65.0,0.00697507734627,25.912651048294137,10.868256616800927,54.119,2.303936906035083,69.789,0.0045195084070899,83.885,36.40941719378953,14.096,57.98864999999999,16.867001013677996,1.4499424626005748,2505.0,2029.597469810236,2490.0,0.0121322110345084,289.409377769094,0.1745805300536995,0.4512330772219179,0.5383492749986544,-0.0001949424143753,0.0787765097991643,3.663981588032229,81.0,74.73634272570443,79.0,0.0014387602140543,3.225350023106913,34.694918624730576,60.35482402107648,8.69297213014356,33.24224388058979,0.0627776172883309,8188.0,1,0.0,-757.6842389333208,0,-0.4371279776096344,9
yolo11x.pt,20,65W,14,7262.51875,38.1078926277149,0.4144967750000251,1.1282570425882184,27.07833537331701,100.0,55.40501682471704,99.0,0.0102078762154201,41.03764903148358,1.0,0.89279,357.4051407588732,8000.0,7706.638115631692,8000.0,0.1358600585473918,455.3028543378392,14.04406364749082,69.0,31.375955949831752,64.0,0.0053886124168765,24.47588852398917,12.975288861689108,53.048,2.162701590590211,68.612,0.0049579678662045,82.416,38.1078926277149,13.804,57.308800000000005,15.768081909209426,22.766217870256924,2490.0,2004.232181095136,2490.0,0.0148845939207992,299.57567767561227,0.231676888087555,0.4144967750000251,0.5013007150009798,-0.000268719510836,0.0960293229543333,5.11627906976743,83.0,75.77577240746406,80.0,0.0019862445280376,3.285843881511275,38.20609303682003,99.1773833005459,20.22253359028846,33.77589608507606,0.2801598350928792,8188.0,1,0.0050200000000000244,-713.6084178744974,1,-0.4608660936355591,10
