json_file,model,batch,epochs,tag,avg_step_time,avg_power,avg_mem,map50,pwr_mean,pwr_std,pwr_max,pwr_min,pwr_p95,power_peak_to_mean,power_range,power_slope,power_early_late,step_time_mean,step_time_std,step_time_p95,step_time_cv,step_time_slope,thr_mean,thr_std,thr_p95,throughput_var_ratio,gpu_util_mean,gpu_util_std,gpu_util_max,gpu_util_p95,gpu_util_slope,gpu_util_early_late,mem_util_mean,mem_util_std,mem_util_max,mem_util_p95,mem_util_slope,mem_util_early_late,temp_mean,temp_std,temp_max,temp_p95,temp_slope,temp_early_late,sm_clock_mean,sm_clock_std,sm_clock_max,sm_clock_p95,sm_clock_slope,sm_clock_early_late,mem_clock_mean,mem_clock_std,mem_clock_max,mem_clock_p95,mem_clock_slope,mem_clock_early_late,throughput,energy_per_img,power_limit_w,vram_total_mb,is65W
yolo11m_b16_e10_run1_20250726-153729.json,yolo11m.pt,16,10,115W,0.2032172912499391,37.28894965870306,4715.11875,0.83499,37.28894965870307,23.246812700132516,88.285,15.042,75.361,2.3675914931380935,73.243,0.04080505108883924,33.79011604095564,0.2032172912499391,0.034223086638100336,0.23709921999852668,0.16840637146377962,-0.0005837842791801453,80.18111779395437,9.237467720185135,90.09925995478972,0.013272772630971603,30.15443686006826,37.205465016203625,91.0,88.0,0.05615828321982125,46.962457337883954,22.49146757679181,29.312819631938275,72.0,71.0,0.042751659141406106,35.76450511945393,70.52389078498294,5.868026037066453,82.0,81.0,0.011798020015508677,9.648464163822524,2368.873720136519,314.4862315832664,2655.0,2655.0,0.7075095364985963,591.8088737201365,8181.569965870307,147.56820388420317,8200.0,8200.0,0.002898177519675986,0.0,78.73345767768075,0.473609958949811,115.0,8188.0,0
yolo11m_b16_e10_run1_20250726-165532.json,yolo11m.pt,16,10,65W,0.25044187749995217,29.147787878787845,4646.640625,0.83499,29.147787878787877,14.558254232461938,84.011,14.161,51.727,2.882242739976109,69.85,0.024598111718389607,19.91136805555555,0.25044187749995217,0.03677759497152832,0.2820458549977047,0.1468508195940008,-0.0005132565564936149,64.83540745563698,6.8688235509482585,73.02866575547901,0.01122380806619811,37.994805194805195,39.1476500080468,95.0,91.0,0.06355891025072388,50.375,24.368831168831168,25.725942873470583,64.0,60.0,0.039720331361861046,31.70138888888889,74.11948051948052,2.6809431189781456,80.0,78.0,0.005533084511573632,4.635416666666671,2014.8181818181818,310.69878206377797,2505.0,2490.0,0.03830484640125183,40.989583333333485,7532.467532467533,498.9447457739882,8000.0,8000.0,0.8091678640334435,649.3055555555547,63.8870789490989,0.4562391700833735,52.643,8188.0,1
yolo11m_b16_e10_run1_20250727-123220.json,yolo11m.pt,16,10,115W,0.20390138500006288,39.80503270564909,4711.30859375,0.83499,39.805032705649154,23.54983635793571,91.77,14.619,76.6,2.305487365846981,77.151,0.04868240653776547,34.04172222222222,0.20390138500006288,0.03492152924318692,0.23468871000013677,0.1712667584046874,-0.000534943328643585,79.9210693874722,9.185946085318644,90.37844376322946,0.013210681175689304,34.384539147670964,37.032982899153865,91.0,87.0,0.058840742137359715,39.507936507936506,25.802775024777006,29.310236142774823,73.0,70.0,0.04479145493481814,29.511904761904763,72.36769078295342,5.896916491065554,83.0,81.0,0.013843594822458324,9.563492063492063,2394.9454905847374,306.56060956352263,2655.0,2655.0,0.8466282243402017,605.0,8176.21407333994,167.26428693834683,8200.0,8200.0,-0.0007009054296379448,0.0,78.46930514961959,0.5072688311659156,121.97,8188.0,0
yolo11m_b16_e10_run1_20250727-142523.json,yolo11m.pt,16,10,65W,0.24953860250002435,29.505582683982713,4377.67109375,0.83499,29.50558268398268,14.695501002695336,71.112,14.123,50.88739999999999,2.4101201715498966,56.989,0.02547567621011276,21.119864583333328,0.24953860250002435,0.038830925618026896,0.28163028499948267,0.15561089638635411,-0.0006245774589777102,65.15053354683285,7.114607390290175,73.82038175005695,0.011925206960367231,36.31082251082251,39.45487218519806,97.0,91.0,0.0656523167752351,50.958333333333336,23.774025974025975,26.659046867722584,70.0,62.299999999999955,0.04311218996352097,32.84027777777778,74.62683982683983,2.767180565431874,80.0,79.0,0.005842485280936118,4.6875,2015.7272727272727,307.7944007812719,2490.0,2490.0,0.11262960591608136,95.88541666666652,7496.103896103896,499.98482014400275,8000.0,8000.0,0.7592300954339412,690.9722222222217,64.11833616002734,0.4601738668068727,52.359,8188.0,1
yolo11m_b16_e10_run2_20250726-153825.json,yolo11m.pt,16,10,115W,0.1979467924995788,39.39500867052023,5007.357373046875,0.83499,39.395008670520234,22.831809686564675,78.642,15.253,76.079,1.9962427387114339,63.388999999999996,0.04555664142827475,32.49451351351352,0.1979467924995788,0.018073185436268253,0.22676522000165278,0.09130324976751876,-0.00037099526488070195,81.49766509803251,7.332840393216229,90.11981066333588,0.008095694880624203,34.152215799614645,38.46974075379782,92.0,90.0,0.06222417870861553,46.81467181467182,25.641618497109828,30.009579107815746,73.0,70.0,0.04630647709008806,34.810810810810814,73.92967244701349,5.705680002048189,84.0,83.0,0.013048110550370124,9.285714285714292,2390.549132947977,308.10438356142953,2640.0,2640.0,0.8116456346316707,595.9459459459458,8200.0,0.0,8200.0,8200.0,-1.54435736730015e-14,0.0,80.82980177632354,0.4873822254264109,115.0,8188.0,0
yolo11m_b16_e10_run2_20250726-165633.json,yolo11m.pt,16,10,65W,0.24624080375006088,29.460530909090913,4946.975,0.83499,29.46053090909091,14.393595122703617,82.046,13.565,49.77,2.784946417061422,68.48100000000001,0.02476337583449542,19.710203636363637,0.24624080375006088,0.021011979697044072,0.27317712500043856,0.0853310230353684,-0.0003293011404137367,65.45918739548209,5.658615837652247,73.31670328477256,0.007472728472485195,37.36090909090909,37.8719579527327,92.0,91.0,0.05602644600232199,45.63272727272727,23.834545454545456,25.07675285766276,67.0,59.0,0.03564549302031729,29.596363636363638,74.47,2.7102515817472805,81.0,79.0,0.006019032773054875,4.774545454545446,1919.2636363636364,339.1560428548468,2490.0,2490.0,-0.029475261023881292,3.545454545454504,7581.818181818182,493.26036240911037,8000.0,8000.0,0.9102156282773746,712.7272727272721,64.97704586864614,0.4533990506223787,52.643,8188.0,1
yolo11m_b16_e10_run2_20250727-123315.json,yolo11m.pt,16,10,115W,0.20167716375001418,39.92976447105792,5009.20546875,0.83499,39.92976447105789,23.184729235317484,90.965,14.858,75.709,2.2781251330929777,76.107,0.046996923304037916,32.511236000000004,0.20167716375001418,0.01877992560016419,0.2264131749993794,0.09311875103243,-0.0003781547761305294,80.01743433610434,7.354500344163385,89.57528116117007,0.008447673127024052,31.887225548902194,36.96038576982817,91.0,87.0,0.05717596890783919,41.327999999999996,23.63872255489022,29.035273777221967,70.0,68.0,0.04192080180880249,29.952,73.24251497005989,5.503770152404119,83.0,82.0,0.012485833579439044,8.843999999999994,2403.488023952096,306.2811096363067,2655.0,2655.0,0.8205259436296882,594.7199999999998,8200.0,0.0,8200.0,8200.0,8.058710217151716e-15,0.0,79.33471347223305,0.5033076029830654,121.97,8188.0,0
yolo11m_b16_e10_run2_20250727-142625.json,yolo11m.pt,16,10,65W,0.24487478499995632,30.650450409463176,4728.42109375,0.83499,30.65045040946315,14.74457684964273,72.834,14.23,52.019,2.3762782936955773,58.604,0.025516792568052893,20.88042335766423,0.24487478499995632,0.021784223178505657,0.2771982449994539,0.08896066280776742,-0.00035290105016312656,65.85945428446294,5.855853453935234,74.0637512584859,0.00790576942544986,38.76342129208371,38.75299735433831,93.0,91.0,0.06627041608977499,54.31751824817518,25.02274795268426,26.12722479742675,70.0,61.0,0.04181150094901793,34.75547445255474,75.0336669699727,2.854327098745731,81.0,79.0,0.006136762544823579,4.890510948905117,2004.1583257506825,323.4130379736086,2490.0,2490.0,0.0814623509517535,80.41970802919695,7584.167424931756,492.86493543399615,8000.0,8000.0,0.8311941443402245,704.3795620437959,65.33951627564616,0.4690951533855699,52.359,8188.0,1
yolo11m_b16_e1_run1_20250726-153000.json,yolo11m.pt,16,1,115W,0.2510216624991699,22.370736170212766,4545.79296875,0.75866,22.370736170212766,14.14523484182549,70.071,14.984,62.06784999999995,3.132261695227599,55.086999999999996,0.04717290576525152,10.374316239316242,0.2510216624991699,0.08196846503509625,0.39144514499803323,0.32653940787029606,-0.022629589285229266,68.08029638251796,13.455737425244855,77.18862045691955,0.0390635881011531,10.691489361702128,24.687246511812397,85.0,83.0,0.05804214172010639,9.307692307692308,7.293617021276596,18.608936359960822,66.0,64.0,0.0400523470194764,5.051282051282052,65.6468085106383,2.6742945829738565,76.0,72.0,0.007995258832548183,1.5726495726495813,2182.021276595745,280.6678198141379,2655.0,2655.0,1.2944895486557682,393.58974358974365,8200.0,0.0,8200.0,8200.0,8.94957241173435e-15,0.0,63.739518895318085,0.35097121154857014,118.83,8188.0,0
yolo11m_b16_e1_run1_20250726-164531.json,yolo11m.pt,16,1,65W,0.29770185000006677,19.03179065420555,4497.515625,0.75866,19.031790654205608,9.177584500134495,59.443,13.535,40.5798,3.1233529771337833,45.908,0.02469756763280105,5.821902255639101,0.29770185000006677,0.08837845027736127,0.4489490350022605,0.2968689992263785,-0.023034971428733984,56.83375028825146,10.49246700502458,63.04068004928557,0.03408337515229222,10.480373831775701,24.098999239516797,86.0,76.0,0.05146393413589409,8.406015037593985,6.102803738317757,14.743751776197158,54.0,51.0,0.027976963862823858,3.6165413533834587,68.81308411214954,1.5170731851166288,74.0,73.0,0.004685043751107027,1.218045112781951,2065.373831775701,214.040677563104,2490.0,2490.0,0.510057739236198,272.03007518796994,7289.719626168225,453.6321906359475,8000.0,8000.0,0.786156375530745,157.89473684210498,53.74504726791725,0.35411245541068587,48.715,8188.0,1
yolo11m_b16_e1_run1_20250727-121628.json,yolo11m.pt,16,1,115W,0.24646073749988773,22.987104477611954,4628.79296875,0.75866,22.98710447761194,15.998787172708225,81.502,14.507,66.635,3.545553119984209,66.99499999999999,0.0536402919933882,12.386589743589735,0.24646073749988773,0.08468384516584415,0.38785805999946193,0.34359973935354604,-0.023654386904635904,69.67650716781412,14.000072615831687,79.35871308955954,0.040372703586355425,9.76545842217484,20.624276193356952,77.0,56.0,0.05079314672836428,7.52991452991453,6.063965884861407,15.074377152369685,61.0,37.0,0.03346803508759687,4.213675213675214,66.18123667377398,2.903418646224399,75.0,74.0,0.008285088469273852,1.7606837606837615,2172.7611940298507,279.1515444391333,2655.0,2655.0,1.2207276686476398,379.35897435897414,8200.0,0.0,8200.0,8200.0,2.4583661549740733e-15,0.0,64.91906241255684,0.3540886701587009,115.202,8188.0,0
yolo11m_b16_e1_run1_20250727-140821.json,yolo11m.pt,16,1,65W,0.28844321250039684,19.439224371373307,4217.37109375,0.75866,19.439224371373307,10.358374799522128,71.931,13.97,45.923,3.700301957825406,57.961,0.028554872852250415,6.837527131782945,0.28844321250039684,0.08104965693308334,0.4248426299995116,0.2809899953287056,-0.0194792321425926,58.38768022660482,10.488664130244484,65.601081938533,0.03226992198594257,10.970986460348163,24.350303132882342,86.0,81.0,0.056925709325511435,13.03875968992248,6.3152804642166345,15.658320365910724,59.0,51.0,0.03301504785918444,6.565891472868217,71.29593810444874,2.055196494401044,77.0,76.0,0.005957714270430721,1.5038759689922472,2020.9961315280464,236.65202683099238,2490.0,2490.0,0.2034594983630128,171.39534883720944,7263.056092843327,440.2926127716997,8000.0,8000.0,1.1379288964642744,348.8372093023254,55.47019068780475,0.3504445203871827,46.237,8188.0,1
yolo11m_b16_e1_run2_20250726-153023.json,yolo11m.pt,16,1,115W,0.224056400000336,22.773172985781983,4911.29296875,0.75866,22.77317298578199,14.403980572324299,71.249,15.084,61.216,3.128637368384414,56.16499999999999,0.051444468502665576,8.939247619047615,0.224056400000336,0.018841447967384312,0.25475367999843,0.08409243372363413,-0.00611884999965524,71.8840841019726,5.652911879634517,78.35623269142322,0.006184134745078791,11.976303317535544,25.80476107991335,84.0,83.0,0.07334973710139364,11.133333333333333,8.575829383886257,19.612542742921633,65.0,63.0,0.05416429045160341,7.685714285714286,65.86492890995261,3.22214675865062,77.0,73.0,0.01150155953958658,2.200000000000003,2197.6777251184835,290.972076356941,2655.0,2655.0,1.5252845649771967,410.42857142857156,8200.0,0.0,8200.0,8200.0,2.5406355652499336e-14,0.0,71.41059126173592,0.31890469723620085,118.83,8188.0,0
yolo11m_b16_e1_run2_20250726-164558.json,yolo11m.pt,16,1,65W,0.26797179999994114,18.913978431372552,4830.515625,0.75866,18.913978431372552,9.944673384828048,77.879,13.697,44.453,4.117536682331327,64.182,0.020817928512740547,4.022787401574794,0.26797179999994114,0.011621883552922036,0.28780736499938936,0.04336980067650622,-0.0016014880951670202,59.813783828060096,2.446304463314584,61.94845739088298,0.00167270155933311,11.405882352941177,24.993606333516308,92.0,83.0,0.04590826615114653,7.220472440944882,6.366666666666666,15.501450490849603,58.0,55.0,0.026687982833685734,3.7952755905511815,68.81372549019608,1.7774755846582344,75.0,73.0,0.004611411537190895,1.0393700787401627,2034.5,220.49253021894629,2505.0,2490.0,0.3326147532512002,111.61417322834632,7241.176470588235,427.7971255429814,8000.0,8000.0,0.8864045658632824,196.8503937007872,59.707775221137126,0.31677580283843537,48.715,8188.0,1
yolo11m_b16_e1_run2_20250727-121651.json,yolo11m.pt,16,1,115W,0.22651656249979624,22.571325471698117,4985.98046875,0.75866,22.571325471698113,14.713762715333043,69.31,14.577,61.42734999999992,3.070710228644166,54.733000000000004,0.052990012358215106,9.279386792452836,0.22651656249979624,0.011234464445584375,0.24258733999981813,0.0495966578408344,-0.0043096964285442045,70.8072765148252,3.4771779620541006,75.22568049343204,0.0024115599146353156,10.92688679245283,24.524089691843795,81.0,78.0,0.06534843082154583,9.452830188679245,7.349056603773585,17.677425350840316,60.0,58.0,0.044313568060704835,5.89622641509434,65.88679245283019,3.0716928978677154,76.0,73.0,0.010081627191221755,1.7169811320754604,2202.240566037736,294.0016343422363,2655.0,2655.0,1.5873497532292746,438.1132075471696,8200.0,0.0,8200.0,8200.0,2.5900264892539705e-15,0.0,70.63501151274266,0.31954869105707184,115.202,8188.0,0
yolo11m_b16_e1_run2_20250727-140846.json,yolo11m.pt,16,1,65W,0.2658281500002886,19.877861111111116,4566.12109375,0.75866,19.877861111111113,10.725410482449362,63.691,14.034,46.75864999999999,3.2041173667522354,49.657000000000004,0.03225045800716165,6.80655555555556,0.2658281500002886,0.013061560934758227,0.28702517500032626,0.04913535656304288,-0.0012949380950972567,60.33084147914673,2.883790665267047,63.7624530319774,0.0022848026711366582,14.69017094017094,28.975677789994542,87.0,81.0,0.07882411834279901,15.18803418803419,9.273504273504274,18.589756361131286,58.0,53.0,0.049419701501902905,9.051282051282051,70.97008547008546,1.7131849161130936,76.0,75.0,0.00622519798588072,1.572649572649567,2063.076923076923,209.01130316820428,2490.0,2490.0,0.5288819333691341,229.23076923076906,7273.504273504273,445.7574294155657,8000.0,8000.0,1.4149081872563036,324.78632478632426,60.18926137048552,0.3302559403205843,46.237,8188.0,1
yolo11m_b16_e20_run1_20250727-124903.json,yolo11m.pt,16,20,115W,0.2015440518750097,47.20797545626174,4631.05234375,0.86917,47.2079754562618,23.276004353212144,91.518,14.909,78.8034,1.9386131075413613,76.609,0.01997069204004563,29.535881612090673,0.2015440518750097,0.028567666094209763,0.23592662499913775,0.14174402979615788,-0.0001791063220731847,80.48757748517548,8.320378586107465,89.49355733180603,0.010686327084164848,43.670232850849594,37.98813370100578,92.0,91.0,0.025878355689567586,43.26448362720403,32.8785399622404,30.229701262118418,73.0,71.0,0.01992654576014482,33.322418136020154,76.02202643171806,5.69832260187788,85.0,84.0,0.0062869194008796135,8.88413098236775,2485.7237256135936,271.3266798931973,2655.0,2640.0,0.3286237523198214,461.0705289672542,8200.0,0.0,8200.0,8200.0,1.1554762804588706e-15,0.0,79.38711091271807,0.5946554158919376,121.825,8188.0,0
yolo11m_b16_e20_run1_20250727-144315.json,yolo11m.pt,16,20,65W,0.24543518937502995,34.08140178074566,4391.52109375,0.86917,34.081401780745686,14.424771947766907,68.327,14.474,53.536,2.0048177724485905,53.852999999999994,0.01026052162352237,16.67447216035635,0.24543518937502995,0.029809426801948428,0.2779805299990584,0.12145539063837753,-0.0002078068834230619,65.90958113668273,6.2336464455582705,73.15137287027648,0.00894514181309121,46.64440734557596,39.191649709505725,96.0,92.0,0.025777510017713973,43.02672605790646,30.20756816917084,26.36013559354805,69.0,65.0,0.015834347204571407,26.781737193763917,76.73400111296606,2.624830336833354,82.0,80.0,0.0026898205328691935,4.260579064587972,1979.357262103506,346.42564925336785,2490.0,2490.0,0.00408799980349559,-14.966592427617115,7654.980523094046,475.3746285420542,8000.0,8000.0,0.3390112673120311,561.2472160356347,65.19032597054237,0.522798456263987,51.917,8188.0,1
yolo11m_b16_e20_run2_20250727-125029.json,yolo11m.pt,16,20,115W,0.1980577981250235,47.08522788896062,4924.514819335937,0.86917,47.08522788896062,23.563598216651627,95.424,14.981,80.1102,2.0266228768189243,80.44300000000001,0.018030016890923806,26.104550387596895,0.1980577981250235,0.01857456160979541,0.22860610500138132,0.09378354089380647,-0.00015048000483492858,81.45958042562714,7.223463858865228,89.375277903787,0.007863333054827663,47.60619754680439,37.66964022965103,92.0,91.0,0.031143063364291675,48.07235142118863,35.86120077469335,29.743265109025018,74.0,73.0,0.023985796319964423,37.315245478036175,76.94189799870884,5.343148767113271,86.0,84.0,0.0055034804537157185,7.57622739018089,2494.958037443512,265.40384501843715,2655.0,2640.0,0.31478005072604354,421.0077519379847,8200.0,0.0,8200.0,8200.0,-7.872539407920108e-15,0.0,80.78449902740027,0.5828497849939055,121.825,8188.0,0
yolo11m_b16_e20_run2_20250727-144452.json,yolo11m.pt,16,20,65W,0.2431325687500248,33.613690034762406,4685.03359375,0.86917,33.613690034762456,13.726378323089442,83.342,14.651,51.489,2.479406453555374,68.691,0.007665449101923936,12.431851508120651,0.2431325687500248,0.019459151815920568,0.2771108200002345,0.08003515084779682,-9.661520479491819e-05,66.21643899853271,5.1189377928798105,72.92890629637837,0.005976240424325762,46.77114716106605,38.074579214295554,96.0,93.0,0.02324990505181519,36.18097447795824,29.97276940903824,25.340413773225496,67.0,62.0,0.014425366642645309,22.8584686774942,76.92120509849363,2.416302766125757,82.0,80.0,0.002502845528324807,4.002320185614849,1948.2966396292004,336.40092241675654,2490.0,2490.0,-0.052915808505929314,-113.52668213457082,7600.811123986095,489.73167886166004,8000.0,8000.0,0.1840123389027785,252.90023201856093,65.80771997045899,0.5107864252074309,51.917,8188.0,1
yolo11m_b16_e5_run1_20250727-122224.json,yolo11m.pt,16,5,115W,0.21867150250002396,34.36328368794331,4707.55546875,0.7944,34.363283687943266,22.272824765303216,77.322,14.771,73.592,2.2501342043493144,62.551,0.06507023235489119,30.45420454545455,0.21867150250002396,0.048086716505491484,0.2718589350003185,0.21990390131190604,-0.001770512335821315,75.30014639290908,10.438999958332788,88.28642168560211,0.01921879483698687,27.360283687943262,36.21692891929205,91.0,90.0,0.0906553936690758,44.73295454545455,20.357446808510637,27.956397747948444,70.0,69.0,0.06779774494386334,33.5,71.18439716312056,5.492228987079542,82.0,82.0,0.01802051769579339,8.8125,2334.7659574468084,315.24061818195776,2655.0,2640.0,1.2304766480731595,579.8863636363635,8200.0,0.0,8200.0,8200.0,3.6655961292787415e-15,0.0,73.16911356567026,0.46964192967982044,115.3,8188.0,0
yolo11m_b16_e5_run1_20250727-141452.json,yolo11m.pt,16,5,65W,0.25761807250005403,27.484017567567545,4376.57109375,0.7944,27.484017567567566,15.191643189808275,83.32,14.077,51.998,3.031580073588714,69.243,0.03831983487324989,18.24489189189189,0.25761807250005403,0.04462727719389597,0.2916115250003713,0.17323038232842383,-0.00152575914634707,63.4295188493571,8.102930744427786,74.75479146150279,0.016319296008911213,31.23918918918919,37.152109967244954,92.0,89.0,0.08867208165691182,44.35675675675675,19.793243243243243,24.9535072066795,69.0,59.0,0.05586518898248835,26.994594594594595,73.40810810810811,2.6362215362735806,79.0,78.0,0.008391759150252164,4.329729729729735,2055.0405405405404,294.83320704779203,2490.0,2490.0,0.2990227165143488,171.5675675675675,7478.378378378378,499.5322867227417,8000.0,8000.0,1.1024737326282785,513.5135135135133,62.10744395658284,0.44252372689464836,51.758,8188.0,1
yolo11m_b16_e5_run2_20250727-122259.json,yolo11m.pt,16,5,115W,0.21043175750005502,35.34836349693254,5014.80546875,0.7944,35.34836349693252,22.455973965188683,77.796,15.033,74.93199999999999,2.2008373883207075,62.763000000000005,0.07055250747675165,30.488815950920245,0.21043175750005502,0.02154354997988875,0.2460855049992915,0.10237784560575708,-0.0011780898780451002,76.83926006588054,7.913943181573362,89.14365377257676,0.010607657959324905,27.133435582822084,34.568403582369555,90.0,90.0,0.09047069776189498,40.85276073619632,20.00920245398773,27.393349938193268,71.0,70.0,0.06568115884553073,29.33128834355828,72.62576687116564,4.925314464216251,83.0,81.0,0.01633392666481727,7.331288343558285,2346.6947852760736,314.7002962754788,2655.0,2640.0,1.3193293724888502,579.754601226994,8200.0,0.0,8200.0,8200.0,-1.3193853278219306e-14,0.0,76.03415088141254,0.4649011409631441,115.3,8188.0,0
yolo11m_b16_e5_run2_20250727-141529.json,yolo11m.pt,16,5,65W,0.24858528499989915,27.299612573099417,4681.57109375,0.7944,27.299612573099417,13.896053917044128,82.23,14.245,47.707,3.0121306586243675,67.985,0.03856517673885688,17.783058479532166,0.24858528499989915,0.0193583368734553,0.2712642250013232,0.07787402570294197,-0.0007253998874243787,64.77692044639602,5.309668429434557,74.62758345759207,0.006718838600715157,32.615497076023395,39.5108593358164,90.0,90.0,0.10709066593019614,47.058479532163744,20.662280701754387,25.605617383340427,61.0,60.0,0.06766474543113615,30.23391812865497,73.60233918128655,2.576841377984923,80.0,77.0,0.008512758957594317,3.9766081871345165,1988.7938596491229,315.305778288228,2490.0,2490.0,-0.044072640589833824,-46.22807017543869,7504.3859649122805,499.9807629417238,8000.0,8000.0,1.4801219526142673,695.9064327485376,64.36422815616979,0.4241426232419218,51.758,8188.0,1
yolo11m_b1_e10_run1_20250726-153338.json,yolo11m.pt,1,10,115W,0.06791007031246181,28.474117712177293,1615.9569183349608,0.68352,28.474117712177122,6.473498298197903,37.052,14.996,35.323,1.3012519079442626,22.055999999999997,0.0034003486356543045,7.055233382570162,0.06791007031246181,0.012133191980292666,0.08480622999850311,0.1786655782340748,-5.151106046908647e-07,14.957757731195187,1.5688565759049224,16.60862230396962,0.011001033707076011,30.008856088560886,14.471702728852554,43.0,42.0,0.008705139747991033,19.608567208271786,7.6339483394833945,3.9182078869429158,15.0,11.0,0.0019811510903784677,4.293943870014771,69.00738007380073,2.6772137026743774,74.0,72.0,0.0025614305120332218,5.304283604135904,2368.2453874538746,197.9726413479066,2655.0,2610.0,0.0901575964121861,173.46381093057607,8200.0,0.0,8200.0,8200.0,-1.916749590193065e-15,0.0,14.725356569340724,1.9336793359192743,115.841,8188.0,0
yolo11m_b1_e10_run1_20250726-164935.json,yolo11m.pt,1,10,65W,0.0738261418750227,25.541412563667244,1551.68974609375,0.68352,25.541412563667233,5.966250773526835,43.193,13.291,34.3482,1.6910967587376988,29.901999999999997,0.0020164696483818785,4.744305706521736,0.0738261418750227,0.013542179802586887,0.09105594999909951,0.18343339444057494,3.7600726236991542e-06,13.772204606652858,1.5116121305396437,15.600148427557267,0.01204685836894556,29.482173174872667,14.260483756699976,43.0,40.0,0.006925794627349271,17.61413043478261,7.14634974533107,3.5845321001253856,14.0,10.0,0.001547580840603665,3.8532608695652177,72.22614601018675,2.3284894407008205,77.0,74.0,0.0020440937352149994,4.702445652173907,2112.376910016978,128.38398954214503,2505.0,2385.0,-0.026233022447157913,-62.262228260869506,7841.086587436333,365.5953225508184,8000.0,8000.0,0.20693682866484303,502.717391304348,13.545337391365509,1.8856239476137853,46.707,8188.0,1
yolo11m_b1_e10_run1_20250727-122710.json,yolo11m.pt,1,10,115W,0.07055049726563567,25.607206145051737,1617.7001953125,0.68352,25.60720614505181,5.348248016904516,35.806,14.733,32.355,1.3982782735913166,21.072999999999997,0.0035568871256663527,7.881436337625182,0.07055049726563567,0.013104152534315069,0.08651074499939568,0.18574146238793343,-4.95921295703327e-06,14.415325779624206,1.583013802107145,16.214436723394105,0.01205925502320594,30.22793854948196,13.924701490991824,45.0,42.0,0.008106290568464977,17.29756795422032,7.438013576277242,3.7356846138204727,15.0,11.0,0.001994945971097975,4.313304721030042,68.98320828867453,1.4162597347041364,74.0,71.0,0.0010567777648995472,2.2575107296137276,2233.9389067524116,169.21988434569028,2655.0,2490.0,0.0992552262706189,212.61802575107276,8200.0,0.0,8200.0,8200.0,2.2540564010425105e-15,0.0,14.1742445306206,1.8066011271170417,115.0,8188.0,0
yolo11m_b1_e10_run1_20250727-141931.json,yolo11m.pt,1,10,65W,0.07348798664062599,25.483360284167762,1285.788784790039,0.68352,25.48336028416779,5.456442381802708,39.979,13.923,30.62725,1.5688276410249558,26.055999999999997,0.003211401767958575,7.593626522327469,0.07348798664062599,0.013795186608939167,0.0902020900000025,0.18772029605874171,-4.595194789103818e-06,13.823417051479263,1.4306619501875404,15.324094664651557,0.010711325868448526,29.198579161028416,14.614352803303689,45.0,40.0,0.007673704158493217,18.67388362652233,7.075778078484438,3.7309292119135287,14.0,10.0,0.0017568832681553904,4.316644113667118,74.23646820027064,2.192812463019556,80.0,77.0,0.0021207985484764627,4.930987821380256,2086.948579161028,89.74257686768675,2490.0,2235.0,0.01838721144725506,45.46684709066312,7836.941813261164,369.4187521990175,8000.0,8000.0,0.20627197032389846,489.8511502029769,13.607666310008486,1.8727208401211795,53.85,8188.0,1
yolo11m_b1_e10_run2_20250726-153602.json,yolo11m.pt,1,10,115W,0.07238620320318886,25.786337566137647,2009.5828399658203,0.68352,25.78633756613757,5.232163019547595,36.899,15.197,32.85,1.4309515612816417,21.702,0.002849403258911406,5.946144067796617,0.07238620320318886,0.010750270073767085,0.0953850150008293,0.14851269438170364,-5.0740989315915965e-06,14.06702601711458,1.7358475214859177,15.961048691468593,0.015227147897720835,30.373544973544973,14.026447881300832,50.0,42.0,0.007345230578625588,15.5,7.389770723104056,3.7592591558304265,15.0,13.0,0.0016492077179697665,3.4279661016949152,69.63597883597883,1.4450951109261394,74.0,72.0,0.0010280945827846005,2.2429378531073496,2229.5502645502647,173.93845491383902,2655.0,2520.0,0.07210373149607799,140.84745762711873,8200.0,0.0,8200.0,8200.0,1.867667417480225e-15,0.0,13.814787290238018,1.8665750709284623,115.841,8188.0,0
yolo11m_b1_e10_run2_20250726-165209.json,yolo11m.pt,1,10,65W,0.07583945539064132,25.024109296900996,1945.4135772705079,0.68352,25.02410929690103,5.070374134988524,40.262,13.836,31.549,1.6089283947055817,26.426000000000002,0.0018825437277070255,4.116237333333334,0.07583945539064132,0.009756207075771475,0.09457328499993309,0.12864289472436535,1.2763620839942066e-06,13.372453841663821,1.4829549278711174,15.338145372132836,0.012297977327436638,29.616461179606798,14.071383999333193,47.0,40.0,0.007446846165646317,17.10666666666667,7.10596467844052,3.6768095002848384,14.0,13.0,0.0014541175593034636,3.102666666666667,73.80173275574808,1.5302166977836762,79.0,75.0,0.001184951673892397,2.7306666666666644,2061.8927024325226,95.01494901618854,2490.0,2310.0,-0.018199856099488616,-57.319999999999936,7846.051316227924,360.89955186578067,8000.0,8000.0,0.1804088843581136,429.33333333333303,13.185748695703333,1.897814820712856,46.707,8188.0,1
yolo11m_b1_e10_run2_20250727-122925.json,yolo11m.pt,1,10,115W,0.06809565062500197,27.551969044922668,2011.1632110595704,0.68352,27.55196904492261,6.062195839290229,37.122,14.489,35.9794,1.3473447193365293,22.633,0.0016788372656760778,3.8844909365558955,0.06809565062500197,0.008097351951024349,0.08544158999943646,0.11891144113764188,4.045066233295826e-06,14.856479230037209,1.4703727782514997,16.28119713930392,0.009795421021663751,30.44016610041525,14.269751516860119,43.0,41.0,0.0075417658432420705,15.13595166163142,7.561721404303511,3.895974563484614,15.0,11.0,0.0016065814404973824,3.3172205438066467,68.93808984522461,1.5567588769823535,72.0,71.0,0.0010019283470371735,2.3126888217522747,2323.9580973952434,187.07800060969723,2655.0,2625.0,0.020680238926271768,57.03172205438068,8200.0,0.0,8200.0,8200.0,-1.062860137035307e-15,0.0,14.685225720317009,1.8761692581139233,115.0,8188.0,0
yolo11m_b1_e10_run2_20250727-142202.json,yolo11m.pt,1,10,65W,0.07513732234375965,25.601525579809042,1679.4204315185548,0.68352,25.601525579809003,4.958174329510307,43.772,14.379,30.96,1.709741861419438,29.393,0.002091822103416565,4.930407912687588,0.07513732234375965,0.00903444490023848,0.09261189500020918,0.12023911178129458,1.0427094282628308e-07,13.474257008405411,1.4010983278352942,15.248875908363555,0.010812536233525129,30.130286493860847,13.730849625287068,44.0,41.0,0.00667017703015325,16.065484311050476,7.223738062755798,3.45242603229517,15.0,10.0,0.001270839455726577,3.2169167803547074,75.36800818553888,1.4616422541305627,79.0,77.0,0.0011362203802297657,2.6903137789904576,2072.056616643929,86.48618205690066,2490.0,2235.0,-0.0012143161024185856,3.990450204638364,7853.00136425648,354.1045563573897,8000.0,8000.0,0.17910876856472546,420.1909959072309,13.308965089611721,1.9236300799821202,53.85,8188.0,1
yolo11m_b1_e1_run1_20250726-152804.json,yolo11m.pt,1,1,115W,0.0752838304686918,21.997948301329384,1583.70703125,0.70007,21.997948301329394,7.976587594526986,42.987,15.302,36.4396,1.9541367863566705,27.685000000000002,0.02408071279417859,8.22392899408284,0.0752838304686918,0.030050139021843503,0.10326580999826547,0.39915794447176034,-0.0002480577169334082,14.022707149915764,2.33171916116696,16.402518468212246,0.027649593738907147,14.812407680945347,16.88151321979383,41.0,41.0,0.04247958548555925,14.668639053254438,3.8345642540620384,4.541531830613006,14.0,13.0,0.010956696315761504,3.3431952662721893,67.83161004431315,1.901877927985053,73.0,72.0,0.005036017241991436,1.4733727810650805,2166.02658788774,242.4693299261315,2655.0,2655.0,0.6082314041762542,168.46153846153857,8200.0,0.0,8200.0,8200.0,-7.074720861636349e-15,0.0,13.283064819820357,1.6560898105763282,115.084,8188.0,0
yolo11m_b1_e1_run1_20250726-164319.json,yolo11m.pt,1,1,65W,0.08280102109389986,19.476617826617808,1520.95703125,0.70007,19.476617826617826,6.824870495569417,43.213,13.81,31.747999999999998,2.2187117077864884,29.403,0.008998984913947048,3.0925441176470567,0.08280102109389986,0.03480426371104696,0.11351720499897054,0.4203361655598118,-0.00018671328997642075,12.774198549125371,2.1713118084728262,15.3022305304015,0.02889196394799609,13.17094017094017,16.951848360941128,44.0,43.0,0.02030405835641686,5.9068627450980395,3.851037851037851,5.097322265960882,15.0,14.0,0.004559564712227362,1.299019607843137,69.80830280830281,1.6039114052761827,75.0,72.0,0.0023153223821122345,0.5686274509804008,2069.102564102564,129.70387699568235,2505.0,2385.0,0.1777304930146473,87.27941176470586,7402.930402930403,490.4869960811867,8000.0,8000.0,0.5434980865835367,127.45098039215736,12.077145750001774,1.6126838434996071,52.116,8188.0,1
yolo11m_b1_e1_run1_20250727-121431.json,yolo11m.pt,1,1,115W,0.08220352734377911,20.085660167130907,1668.486328125,0.70007,20.08566016713092,5.4323810139398265,35.425,15.01,28.2598,1.7636960749724853,20.415,0.014652001147851257,5.834022346368714,0.08220352734377911,0.03075303828140266,0.11296660499992868,0.3741084996607502,-0.00017060982964524398,12.802414624686232,2.163459906278712,15.55499571498018,0.028557088381913114,14.30640668523677,16.784584324078455,42.0,42.0,0.03953291731640439,15.212290502793294,3.6016713091922004,4.677046123134061,15.0,13.0,0.009043567660258068,2.9273743016759775,69.3008356545961,0.997922283474068,73.0,71.0,-0.0003256557095543638,-0.5754189944134112,2083.0779944289693,150.68389884426287,2640.0,2335.4999999999936,0.30648708604908104,129.3854748603353,8200.0,0.0,8200.0,8200.0,-1.2249534752647267e-14,0.0,12.164928103607425,1.6511121147666006,115.0,8188.0,0
yolo11m_b1_e1_run1_20250727-140611.json,yolo11m.pt,1,1,65W,0.0821513960938347,20.402366120218584,1253.73046875,0.70007,20.402366120218577,6.50530746532514,43.896,14.577,29.436599999999927,2.1515151596313835,29.319000000000003,0.016983906937949864,7.05668306010929,0.0821513960938347,0.03567369832084584,0.11714979499965918,0.43424336063745944,-0.0002971076946171446,12.926073771388003,2.2246406994948753,15.084382839151562,0.029620098352766456,13.613387978142077,16.494973104007535,41.0,40.0,0.03631317510862638,12.71584699453552,3.5150273224043715,4.393057535185513,14.0,14.0,0.00784215719877891,2.0,73.73633879781421,1.3540636007746523,79.0,76.0,0.003358752276985888,1.240437158469959,2055.532786885246,114.46652344940823,2490.0,2445.0,0.26185472979928986,126.47540983606541,7500.0,500.0,8000.0,8000.0,1.1530905896469317,502.7322404371589,12.172647666970665,1.6760828603935105,54.427,8188.0,1
yolo11m_b1_e1_run2_20250726-152836.json,yolo11m.pt,1,1,115W,0.0697018617189542,23.01700329489288,1997.12109375,0.70007,23.017003294892916,8.53278995725808,37.275,15.258,36.2648,1.6194549534721876,22.017,0.026194262879314055,7.864331125827809,0.0697018617189542,0.01229960671403226,0.09742476500086922,0.17646023234825012,-0.00012343850342616303,14.69993771827524,2.0261339010477704,16.497613807086918,0.018997886860032773,15.224052718286655,18.007756375268585,45.0,41.0,0.04734203314981633,15.357615894039734,4.228995057660626,4.608417498466612,13.0,13.0,0.009409181401969209,2.443708609271523,67.80724876441516,2.1578743985678024,73.0,71.0,0.006936723976741743,2.158940397350989,2229.044481054366,273.15517431859246,2655.0,2655.0,0.8965990189151588,273.37748344370857,8200.0,0.0,8200.0,8200.0,8.107230227960252e-16,0.0,14.346819085437247,1.6043279808453368,115.084,8188.0,0
yolo11m_b1_e1_run2_20250726-164355.json,yolo11m.pt,1,1,65W,0.07577001562484043,21.374854838709663,1932.59375,0.70007,21.374854838709677,8.217935683151696,41.438,13.729,33.887,1.9386330486304002,27.709000000000003,0.022956975376544547,8.419217647058824,0.07577001562484043,0.013931658550967669,0.10523816500044629,0.18386770064754107,-0.00012176384648226264,13.563142562754905,2.015462255754496,15.573544135203385,0.022081505780059095,14.064516129032258,16.989092640695638,44.0,39.0,0.03592518645290327,12.035294117647059,3.803519061583578,4.917452245809065,15.0,14.0,0.00916314237265137,2.552941176470588,70.19354838709677,2.1891667468040548,75.0,74.0,0.007866692191400515,3.1941176470588175,2123.049853372434,154.44682438160416,2505.0,2400.0,0.43697967244725294,157.67647058823513,7457.478005865102,498.18859884063164,8000.0,8000.0,1.2291139108582352,482.35294117647027,13.197832833390102,1.619573085107727,52.116,8188.0,1
yolo11m_b1_e1_run2_20250727-121503.json,yolo11m.pt,1,1,115W,0.07286909687498166,21.951832520325194,2083.169921875,0.70007,21.951832520325205,7.832637176858652,37.169,14.857,35.531,1.693207160066715,22.311999999999998,0.022933550179065385,7.136522875816992,0.07286909687498166,0.012811873427819183,0.09847068999997645,0.17582039543868583,-0.00012204982603990034,14.067683649010283,1.9903157161759906,16.2282159689824,0.020016989336868754,16.28292682926829,17.5648749058472,44.0,41.0,0.04960441560505119,17.045751633986928,4.04390243902439,4.618417466288737,15.0,10.0,0.011762909371553209,3.588235294117647,68.0439024390244,1.6664136234637534,72.0,71.0,0.004801387537543771,1.3137254901960773,2192.9756097560976,237.30791850590194,2655.0,2655.0,0.680674453853128,205.98039215686276,8160.975609756098,212.8529193099652,8200.0,8200.0,0.04147755001810215,0.0,13.723238559078842,1.5996102105069496,115.0,8188.0,0
yolo11m_b1_e1_run2_20250727-140646.json,yolo11m.pt,1,1,65W,0.07502098281246106,21.51163859111793,1668.66796875,0.70007,21.51163859111792,7.846561561863618,46.254,14.454,32.753,2.1501848780175266,31.799999999999997,0.022288394196753606,8.214564417177916,0.07502098281246106,0.011815770283348457,0.10351717000085045,0.15749954000050564,-9.530675986719114e-05,13.593677170774438,1.6925250701042076,15.309560436708228,0.01550230641556535,15.967840735068913,18.02509415732562,43.0,42.0,0.04807469945959485,17.355828220858896,3.9402756508422665,4.750218943996185,14.0,13.0,0.011804452582609445,3.803680981595092,73.63093415007657,1.704895720661065,79.0,76.0,0.0054684377518725655,2.116564417177912,2108.062787136294,138.26492329352772,2490.0,2355.0,0.41140892086961217,147.9754601226996,7476.263399693721,499.4362559986008,8000.0,8000.0,1.108702395850454,404.90797546012254,13.329604098893503,1.6138242690121323,54.427,8188.0,1
yolo11m_b1_e20_run1_20250727-124018.json,yolo11m.pt,1,20,115W,0.06785169253906602,27.954911961141434,1528.6248992919923,0.75385,27.95491196114147,5.254508068009274,37.82,14.496,34.353,1.352892831591508,23.323999999999998,0.0017314026895225382,6.309136842105261,0.06785169253906602,0.00923629152649986,0.08072969499917233,0.13612470346531164,-2.9021763521910823e-06,14.897730948116228,1.3599394764509107,16.32516596255751,0.008332952534423108,32.628010524185385,12.456443305803335,47.0,41.0,0.0019454453720586264,6.51740890688259,8.020441206233556,3.297958481140313,15.0,10.0,0.0005080619564630625,1.761943319838056,68.86237603723943,1.7146354843599947,74.0,71.0,0.0008818952628576602,3.226720647773277,2324.3078324225867,169.40583500336896,2655.0,2565.0,0.05653630460353088,209.68421052631584,8200.0,0.0,8200.0,8200.0,1.239584241286866e-16,0.0,14.738025870529965,1.8967880913440276,121.217,8188.0,0
yolo11m_b1_e20_run1_20250727-143323.json,yolo11m.pt,1,20,65W,0.07444619683594525,26.404903273262395,1289.431507873535,0.75385,26.404903273262228,4.3445104829381265,41.406,14.154,31.273499999999995,1.5681178443068935,27.252,0.0007232092599017047,2.859857983811626,0.07444619683594525,0.01105226415193558,0.0910670050004228,0.14845975512074994,1.3703894413537672e-07,13.606188530653316,1.3582128501062056,15.227313719887993,0.009964664965921856,31.84828981243104,11.888765431674615,45.0,40.0,0.0016522607456675416,6.600441501103752,7.647848473703568,3.121206924261361,15.0,10.0,0.00032190142706594547,1.3664459161147908,75.76719382125782,1.7206140107691903,80.0,78.0,0.0008079524210867907,3.40470934510671,2079.0667524825303,79.49186820586468,2490.0,2235.0,-9.46436837708013e-05,-6.280353200882928,7909.341669731519,287.12261739788465,8000.0,8000.0,0.04719108645948507,183.22295805739577,13.432519624926826,1.9657446265153873,50.715,8188.0,1
yolo11m_b1_e20_run2_20250727-124428.json,yolo11m.pt,1,20,115W,0.06820384980470777,27.89858868999193,1927.8153701782226,0.75385,27.898588689991865,4.898554672268469,36.957,14.583,34.002,1.3246906648456265,22.374000000000002,0.0010146037697095218,3.348572009764041,0.06820384980470777,0.007302658697144311,0.08223931999909836,0.10707106296865145,-1.2546212148234402e-06,14.803696540757523,1.3461099904974103,16.27043151457999,0.00826838607794191,33.136696501220506,12.02531689944066,45.0,41.0,0.0013940838357136558,4.271765663140762,8.240642799023597,3.3454582710412173,15.0,13.0,0.0003195304957888888,0.9593165174938978,69.30573637103336,1.3029257802187024,72.0,71.0,0.00041446347832452886,1.4450772986167522,2318.7723759153782,159.38667555704902,2655.0,2565.0,0.033000426340278256,107.03824247355578,8197.80309194467,51.29779002444327,8200.0,8200.0,0.0023873491970433694,8.787632221317836,14.661928950687694,1.9027911527755283,121.217,8188.0,0
yolo11m_b1_e20_run2_20250727-143801.json,yolo11m.pt,1,20,65W,0.07518517246093097,26.444486521418085,1688.3734268188477,0.75385,26.44448652141802,4.055841969711684,45.977,14.532,30.291249999999998,1.7386232840165805,31.444999999999997,0.0004878571674830016,1.7659202363367754,0.07518517246093097,0.008962088067906205,0.0922541550011374,0.11920020629816659,9.463151935171901e-07,13.459477521087052,1.3583272142943459,15.132245612788145,0.010184797555619119,32.13386262924668,11.880404387829243,43.0,40.0,0.001622800215033698,6.670605612998521,7.679283604135894,3.071643176840633,14.0,10.0,0.00032772915290807516,1.3485967503692766,76.33825701624815,1.1467564838291064,80.0,77.0,0.0003179797276143177,1.3175775480059144,2069.1857459379617,72.80199814697718,2490.0,2190.0,-5.611155028163042e-05,-4.276218611521472,7913.958641063516,280.4251120867165,8000.0,8000.0,0.04447682191696336,169.8670605612997,13.300494861797883,1.988233279753583,50.715,8188.0,1
yolo11m_b1_e5_run1_20250727-121906.json,yolo11m.pt,1,5,115W,0.07000095453123123,24.950821032005216,1615.8015625,0.70313,24.950821032005226,6.43408638949721,38.035,14.302,33.745000000000005,1.5243987342625427,23.732999999999997,0.009149550679161823,10.960811518324604,0.07000095453123123,0.016431497348249245,0.09052345999975839,0.23473247555386206,-2.34506299552687e-05,14.586724769485333,1.647552300083889,16.259959054190553,0.012757419673932168,28.54866100587851,15.953335051084563,43.0,42.0,0.018414414862680417,24.05759162303665,7.190071848465055,4.357002149224316,15.0,14.0,0.004225096232161398,5.541884816753927,65.96472893533638,1.961433406342607,72.0,69.0,0.003661866436283966,4.248691099476446,2249.7158719790987,203.03695436116536,2655.0,2565.0,0.2951370243052467,332.5523560209426,8200.0,0.0,8200.0,8200.0,-4.74668810845734e-15,0.0,14.285519486078517,1.746581288578285,118.756,8188.0,0
yolo11m_b1_e5_run1_20250727-141116.json,yolo11m.pt,1,5,65W,0.07535801875000629,24.83376293622139,1283.5582641601563,0.70313,24.83376293622142,6.504094234050832,43.224,13.658,33.8,1.7405336481228706,29.565999999999995,0.005519519395025834,8.966216867469885,0.07535801875000629,0.017203126306095322,0.0953849999993508,0.2282852786133511,-2.054013965441001e-06,13.56812883549224,1.6410983246317499,15.480645844933834,0.014629493379161305,27.951865222623347,15.81135308607841,43.0,41.0,0.01674016788253118,25.050602409638557,6.892298435619735,4.164612351816203,15.0,13.0,0.0032966263404381815,5.269879518072289,72.95728038507822,2.3980997926959526,78.0,75.0,0.0040154216689523015,5.522891566265059,2110.0180505415165,130.04164717154154,2445.0,2400.0,-0.007158873689412611,43.30120481927702,7766.546329723225,423.0284317998943,8000.0,8000.0,0.4181789630229399,614.4578313253014,13.269987940067978,1.8714231729809827,48.057,8188.0,1
yolo11m_b1_e5_run2_20250727-122023.json,yolo11m.pt,1,5,115W,0.07045175999999884,26.122639202657787,2017.56796875,0.70313,26.12263920265781,6.863829385986,36.229,14.444,35.4056,1.3868813070125754,21.784999999999997,0.003178216490086887,5.050486702127657,0.07045175999999884,0.010103046339079838,0.09280236500035244,0.143403746607324,8.408778985714387e-06,14.42925761320132,1.6718896001787333,16.088223058732957,0.013425399511572273,28.62857142857143,15.421591875219242,47.0,41.0,0.014684349475639543,18.486702127659573,7.138205980066445,4.256654212775606,18.0,11.0,0.0027148773957678895,3.4361702127659575,67.70897009966778,1.8653206690651123,72.0,70.0,0.002499160775432202,3.00797872340425,2284.156146179402,228.1364316200377,2655.0,2648.9999999999986,0.006849466486922219,66.70212765957467,8192.02657807309,97.49118347352147,8200.0,8200.0,0.020846845177429716,31.914893617021335,14.194109558086504,1.8403859076722076,118.756,8188.0,0
yolo11m_b1_e5_run2_20250727-141239.json,yolo11m.pt,1,5,65W,0.07408985999998094,25.126818352059992,1685.53046875,0.70313,25.126818352059924,5.999296249621648,46.693,14.284,30.723,1.858293371877385,32.409,0.006259325739490352,8.688672500000003,0.07408985999998094,0.008855067431440652,0.09596035000004119,0.11951793985631677,-4.612081300498281e-06,13.651036366347137,1.3057823792579233,15.034230313127939,0.009149773856676011,27.37390761548065,15.848908746374017,43.0,40.0,0.015891769684363073,20.9425,6.664169787765293,4.085640893941032,14.0,10.0,0.0033543151035006144,4.5225,74.40324594257179,1.6918515002248646,79.0,76.0,0.0027547671572349186,3.6400000000000006,2095.5805243445693,99.32280099115616,2490.0,2295.0,0.0557316116295433,78.71250000000009,7762.172284644194,425.75308943616994,8000.0,8000.0,0.4384326064746244,605.0,13.497123627987113,1.8616424539490766,48.057,8188.0,1
yolo11m_b32_e10_run1_20250726-153942.json,yolo11m.pt,32,10,115W,0.5077853349998804,36.69464378337147,7963.85546875,0.83063,36.694643783371475,22.713008580413753,95.118,15.464,78.176,2.5921494308960593,79.654,0.02055325203429554,21.458076452599386,0.5077853349998804,0.1847752912807968,0.8742452050004429,0.3638846546855086,0.006158786116307321,69.35324941950643,17.600079434690254,83.45601889342286,0.0644014473775492,31.07780320366133,39.67982139372229,100.0,95.0,0.03528691672840881,42.90519877675841,21.48283752860412,30.406242130885545,86.0,81.0,0.01977525076401916,23.149847094801224,73.25476735316552,4.991442539996426,84.0,82.0,0.0046742890350629195,4.792048929663608,2387.7345537757437,309.58803810375014,2655.0,2655.0,0.4738051562612505,520.3669724770643,8200.0,0.0,8200.0,8200.0,2.6531319675056212e-15,0.0,63.01875575041476,0.5822813120700175,115.0,8188.0,0
yolo11m_b32_e10_run1_20250726-161104.json,yolo11m.pt,32,10,115W,0.4041791174998252,39.04810920121328,7939.94267578125,0.83063,39.04810920121335,23.272879809536395,92.398,14.843,77.473,2.3662605409106185,77.55499999999999,0.048278638871284266,32.19612550607287,0.4041791174998252,0.04318924304237416,0.4496113650000551,0.10685669093825174,-0.0012351075515511483,79.81227019231711,6.073460360485974,83.93103670374003,0.005790726780435236,36.56926188068756,38.79270705804087,99.0,92.0,0.07299400260924398,55.82995951417004,30.59150657229525,33.44347613074926,87.0,85.0,0.058863893454921074,45.24696356275304,68.04954499494438,6.6070229735908175,80.0,79.0,0.017021241756487296,11.700404858299592,2399.6814964610717,310.5095044394044,2655.0,2655.0,0.8727251142769199,612.7530364372469,8200.0,0.0,8200.0,8200.0,-8.8605018194841e-15,0.0,79.17281871944766,0.4932009474057247,115.29,8188.0,0
yolo11m_b32_e10_run1_20250726-165744.json,yolo11m.pt,32,10,65W,0.49681786999990435,28.382668425681622,7932.2837890625,0.83063,28.38266842568162,14.233362119295435,70.516,13.86,50.18320000000001,2.4844739381937284,56.656000000000006,0.02371292923830178,18.712665492957754,0.49681786999990435,0.04658826322034083,0.5238843599989195,0.0937733242573376,-0.001525673452142904,64.80831960225518,4.302987962367119,67.92743562319093,0.004408377128286849,36.73262972735268,41.16590967193553,100.0,100.0,0.06528871048233192,48.848591549295776,25.15655233069481,29.673748332363882,80.0,71.0,0.04475512599550358,32.78873239436619,73.75109938434477,2.53186571485107,79.0,78.0,0.0053570678654564,4.158450704225345,1931.7282321899736,339.53480906148786,2490.0,2490.0,-0.012239308021221699,-41.35563380281701,7563.764291996482,495.91744783399923,8000.0,8000.0,0.8445276833245414,679.577464788732,64.40992148693476,0.4406567772550213,50.879,8188.0,1
yolo11m_b32_e10_run1_20250727-123419.json,yolo11m.pt,32,10,115W,0.5025286100001267,38.99094307400383,7966.15546875,0.83063,38.990943074003795,24.429588301353125,96.079,14.83,84.07349999999997,2.4641363461674817,81.249,0.04051068669559455,30.461726235741448,0.5025286100001267,0.18132025208128558,0.8595155799995153,0.36081577938664994,0.006063614296435942,69.97897765626423,17.632354565625004,83.43972250823569,0.06348709186039549,44.35578747628084,42.44569674757938,100.0,100.0,0.07946959051934906,57.634980988593156,29.543643263757115,33.135961254845256,86.0,83.0,0.04550721779244132,29.726235741444867,72.43833017077799,5.189894159445202,83.0,81.0,0.01029917719756472,7.680608365019012,2406.8595825426946,305.41236505871126,2655.0,2655.0,0.7715193078826983,593.0988593155894,8200.0,0.0,8200.0,8200.0,1.4463842146653217e-15,0.0,63.67796651416908,0.6123145132991629,122.287,8188.0,0
yolo11m_b32_e10_run1_20250727-142735.json,yolo11m.pt,32,10,65W,0.4885302400000455,29.033848299912773,7661.97109375,0.83063,29.033848299912815,14.279947402810372,71.936,14.247,51.6878,2.4776598422957257,57.68900000000001,0.022695133497920995,17.918989510489503,0.4885302400000455,0.04413845611087251,0.5335842299999057,0.09034948606429849,-0.0002386111819705495,65.90890773755223,4.566054244603916,70.30587951832473,0.004799476884069681,35.77157802964255,40.15742944812611,100.0,93.0,0.05583653236076813,43.76573426573427,25.53792502179599,29.993156735647133,77.0,75.0,0.0401816464734314,31.916083916083913,74.00087183958152,2.598537434547541,78.0,78.0,0.005538011160825325,4.286713286713294,1975.6713164777682,335.3960080301179,2505.0,2490.0,-0.025349661874888477,-29.58041958041963,7513.513513513513,499.8173515920792,8000.0,8000.0,0.7007305070008631,531.4685314685312,65.50259816054994,0.4432472774400406,53.915,8188.0,1
yolo11m_b32_e10_run2_20250726-161245.json,yolo11m.pt,32,10,115W,1.5755871574999218,33.4936079607415,7993.209375,0.83063,33.49360796074155,14.980622946397043,92.764,15.272,62.484,2.7696030869152803,77.49199999999999,0.008141014869816929,10.93002401746725,1.5755871574999218,0.866852917843086,2.5264496949985182,0.5501776996066491,0.03649011599436752,33.30974849228333,24.595201867322945,76.72113871887785,0.5452027977443644,64.80861504907307,43.21922902877836,100.0,100.0,0.033797652428315374,51.735807860262014,16.19629225736096,21.457108122459697,87.0,68.0,0.003807770199360993,5.336244541484714,69.35114503816794,3.3044253889693,79.0,76.0,0.0017106219438559392,2.1572052401746618,2523.214285714286,258.0471252660599,2655.0,2655.0,0.30071827872917384,461.56113537117926,8200.0,0.0,8200.0,8200.0,-2.892196009150355e-15,0.0,20.309888823145975,1.6491280800400454,115.29,8188.0,0
yolo11m_b32_e10_run2_20250726-165926.json,yolo11m.pt,32,10,65W,1.4841708125000879,29.938464070213957,8013.382421875,0.83063,29.938464070213932,11.65956169507357,96.686,14.092,49.660299999999985,3.229490991028957,82.59400000000001,0.009414005513177661,14.471200000000003,1.4841708125000879,0.8684460243246223,2.641916370000581,0.5851388647521801,0.014664652560971554,33.57568188609958,21.08757122510533,64.1486934589506,0.3944604283241067,61.60285244103127,44.474135087809465,100.0,100.0,0.035474626332310216,58.705494505494514,15.712561711464618,20.87784630772901,74.0,64.0,0.007179796406240201,10.986813186813187,74.51837630279759,2.134420571491135,79.0,78.0,0.0024037348530581877,3.736263736263737,2226.878771256171,316.5141929576548,2505.0,2490.0,0.16791538949025245,300.5274725274726,7737.246297312123,440.12974724697693,8000.0,8000.0,0.4280695342160356,692.3076923076915,21.56086060343415,1.388556079502942,50.879,8188.0,1
yolo11m_b32_e10_run2_20250727-123601.json,yolo11m.pt,32,10,115W,1.5964952125000764,34.248029866666755,8011.65517578125,0.83063,34.24802986666666,15.440354457111447,98.198,14.873,66.526,2.867259821435023,83.32499999999999,0.009038049233023815,12.985989316239316,1.5964952125000764,0.9493551042581551,2.756607074999465,0.5946495152788375,0.015736106275814527,33.60875547884144,24.549006748254293,79.17683667235944,0.5335350910181681,66.07413333333334,43.3760775572076,100.0,100.0,0.02983996195270032,48.17094017094017,15.0656,20.90030852978013,87.0,65.0,0.0027286594925964797,0.7756410256410273,70.6896,2.985238992107667,80.0,77.0,0.0008994545491782178,1.6346153846153726,2523.6,257.69842840033,2655.0,2655.0,0.31408450960626216,492.5961538461538,8200.0,0.0,8200.0,8200.0,4.274455390960442e-15,0.0,20.043906019541833,1.7086504912404095,122.287,8188.0,0
yolo11m_b32_e10_run2_20250727-142838.json,yolo11m.pt,32,10,65W,0.4839651699999649,29.691721356553582,7977.02099609375,0.83063,29.69172135655362,15.087321101127175,77.447,14.357,53.783,2.6083701604893896,63.09,0.026325758663506192,20.82695220588235,0.4839651699999649,0.02374343441105395,0.5295215850010209,0.049060213178265845,-0.0005805496247751541,66.27037745040096,3.0634306079852744,69.95430526726909,0.002136865592482008,36.83684692942255,41.49487791823866,100.0,97.0,0.0649751437607037,50.69485294117647,25.847846012832264,30.366848729765675,74.0,72.0,0.046328551828934444,35.904411764705884,74.90375802016499,2.800892648092515,80.0,79.0,0.006010777120524064,4.408088235294116,1994.9450045829515,301.2013019392423,2490.0,2490.0,0.10153817877142168,59.172794117646845,7572.868927589368,494.66162110272467,8000.0,8000.0,0.9156292458372065,716.911764705882,66.12046069348817,0.44905496793487637,53.915,8188.0,1
yolo11m_b32_e1_run1_20250726-153052.json,yolo11m.pt,32,1,115W,0.46051742500003456,22.183559471365648,7850.04296875,0.75759,22.183559471365637,13.864763368485029,71.086,15.043,59.53,3.2044451699357466,56.043,0.05008010830957994,13.126929203539826,0.46051742500003456,0.11233715203857994,0.6177813450000029,0.24393681094384542,-0.07834422999985699,72.88870220186082,13.960103035071903,82.53166895888707,0.036682321439884785,10.486784140969164,25.13187336473838,90.0,89.0,0.074303693214333,20.557522123893804,7.713656387665198,19.229243935049777,70.0,62.0,0.055207108729879086,14.513274336283185,65.04845814977973,2.2590658865926465,75.0,69.0,0.008106419355945225,2.1592920353982237,2184.4162995594716,286.1281494087992,2655.0,2655.0,1.4640461501913773,490.8849557522126,8200.0,0.0,8200.0,8200.0,-8.203801562597673e-15,0.0,69.48705578295457,0.31924736515901364,115.0,8188.0,0
yolo11m_b32_e1_run1_20250726-164632.json,yolo11m.pt,32,1,65W,0.5604808250000133,18.15954016064257,7769.265625,0.75759,18.159540160642567,8.422257413493735,61.558,13.444,39.958599999999976,3.3898435453456877,48.114,0.024833658541538284,6.871887096774193,0.5604808250000133,0.10131538390494024,0.7016583899981923,0.18076512056400473,-0.07218234999927524,58.68164771860978,8.785098315677788,64.23822000384399,0.022412414846220707,12.708835341365463,26.672594012100387,87.0,85.0,0.08350205052416536,27.266129032258064,8.146586345381525,18.054930641668946,71.0,48.0,0.05030171370352157,14.766129032258064,68.07630522088354,1.875170889993648,75.0,73.0,0.007500880891986967,2.491935483870975,2050.873493975904,234.1158494937446,2505.0,2505.0,0.46717249679597456,248.95161290322585,7255.020080321285,435.8725030948964,8000.0,8000.0,0.7763703208215148,250.0,57.09383545815192,0.3180648140893069,51.275,8188.0,1
yolo11m_b32_e1_run1_20250727-121720.json,yolo11m.pt,32,1,115W,0.45854517499992653,20.04624669603529,7916.60546875,0.75759,20.04624669603524,12.46227220801721,75.859,14.487,53.176,3.7841996634214543,61.37199999999999,0.03942094346415609,9.794283185840708,0.45854517499992653,0.11102797596506285,0.6134998300000916,0.24213094372889354,-0.0794957500002056,73.14406572241089,13.875230944792182,82.07110923050321,0.035985061302551344,7.656387665198238,18.252294314523553,92.0,35.0,0.044328574538336184,9.20353982300885,4.638766519823789,15.35359718424799,79.0,27.0,0.02706829011348076,3.3716814159292037,65.7114537444934,3.486032684559394,78.0,75.0,0.012596086120606798,3.56637168141593,2162.61013215859,273.17267131887326,2655.0,2655.0,1.2915215309532153,443.49557522123905,8200.0,0.0,8200.0,8200.0,-8.203801562597673e-15,0.0,69.78592676284322,0.2872534281039125,115.0,8188.0,0
yolo11m_b32_e1_run1_20250727-140920.json,yolo11m.pt,32,1,65W,0.5323510250004801,18.922726358148914,7505.37109375,0.75759,18.922726358148893,10.729058363611793,86.734,13.803,47.7468,4.583588979642398,72.931,0.028221782111245004,6.532403225806446,0.5323510250004801,0.10632075654278879,0.6807929449999391,0.1997192670807629,-0.07113056999969558,62.12829594500127,10.105396089833857,68.6616295367943,0.026456220257645328,9.47887323943662,23.86093294622854,91.0,79.0,0.05590626932993221,14.451612903225806,6.358148893360161,17.817329834985255,76.0,60.0,0.038804924377199866,8.951612903225806,69.95573440643864,1.6328039090828999,75.0,75.0,0.006016862934310055,2.0725806451612954,2069.396378269618,224.28073684666873,2490.0,2490.0,0.5282628534518384,217.86290322580635,7305.835010060362,460.76019433295266,8000.0,8000.0,1.1254859119739835,330.645161290322,60.110713602873474,0.31479789914263057,50.32,8188.0,1
yolo11m_b32_e1_run2_20250726-153114.json,yolo11m.pt,32,1,115W,0.42236899999898014,22.758936585365838,8023.79296875,0.75759,22.758936585365856,14.303903230761978,71.249,15.077,60.525,3.130594425304281,56.172,0.05739070330071175,12.057029411764706,0.42236899999898014,0.024552849266287445,0.4550987349983188,0.05813127683695236,-0.021440319999601307,76.01312925826,4.305148085853655,80.73410278072802,0.003207738568821534,12.85609756097561,27.42619852000591,94.0,86.0,0.07250457374204142,10.57843137254902,9.446341463414635,23.70444640353444,80.0,75.0,0.057034421788902286,6.990196078431373,65.73170731707317,3.9082426357254945,77.0,76.0,0.014037720803028515,2.882352941176464,2176.170731707317,281.422510448737,2655.0,2655.0,1.4516880949510156,411.02941176470586,8200.0,0.0,8200.0,8200.0,6.080200806545419e-15,0.0,75.76313602579089,0.3003959152062866,115.0,8188.0,0
yolo11m_b32_e1_run2_20250726-164657.json,yolo11m.pt,32,1,65W,0.5195345000001907,17.786190889370936,7959.265625,0.75759,17.786190889370932,7.912067373306641,49.412,13.489,38.481,2.7781102939544366,35.923,0.024118905210605657,5.144095652173911,0.5195345000001907,0.021076426680988195,0.54803737500024,0.04056790584837091,-0.01696154000055688,61.69229591635033,2.4340727480180306,64.16235338162272,0.0015567011342560533,10.342733188720173,23.941262548151627,93.0,82.0,0.05857984324456078,11.104347826086956,6.4989154013015185,15.803103120525487,59.0,53.0,0.041014366186487294,8.54782608695652,67.97613882863341,1.5054042395076077,72.0,72.0,0.00541405213667774,1.4086956521739182,1929.403470715835,215.5055648729469,2010.0,2010.0,-0.5282228381822822,-95.47826086956525,7229.934924078091,420.79074938417267,8000.0,8000.0,1.1675205865529232,295.65217391304395,61.593599655053225,0.2887668684567899,51.275,8188.0,1
yolo11m_b32_e1_run2_20250727-121742.json,yolo11m.pt,32,1,115W,0.41810772500002713,22.394108910891088,8025.35546875,0.75759,22.394108910891088,14.645941325666682,70.647,14.445,60.512,3.154713602631527,56.202000000000005,0.057355654556357195,10.813504950495046,0.41810772500002713,0.020207472878169576,0.44490432000006874,0.04833078096839341,-0.016753170000083643,76.70954336991423,3.608306897389609,80.53425654196687,0.0022126266652797784,9.655940594059405,21.844135977202907,91.0,58.0,0.06264648797385938,10.594059405940595,7.002475247524752,19.191517665593654,84.0,43.0,0.051107071004867215,7.564356435643564,65.53960396039604,3.0435641953915584,76.0,73.0,0.012712139700322412,2.8019801980198054,2185.6559405940593,284.9326877941881,2655.0,2655.0,1.5892426711653764,447.17821782178225,8200.0,0.0,8200.0,8200.0,-4.639860013638631e-15,0.0,76.53529960489949,0.29259843531673463,115.0,8188.0,0
yolo11m_b32_e1_run2_20250727-140945.json,yolo11m.pt,32,1,65W,0.491648300000179,18.591549889135248,7695.37109375,0.75759,18.591549889135255,9.323439085712062,52.368,13.749,45.873,2.816763546464914,38.619,0.02786856909260967,5.437964285714282,0.491648300000179,0.017445348048379702,0.5149455950006085,0.035483389342286654,-0.011944460000268052,65.16778559528353,2.2723998621832275,67.49111161419546,0.001215916020836881,10.880266075388027,26.397000365772218,91.0,82.0,0.07328061534839003,14.8125,8.34589800443459,21.019368109520357,74.0,69.0,0.055712052534845555,10.419642857142858,70.27050997782705,2.037888228465591,76.0,75.0,0.008547508323031718,2.151785714285708,2083.7361419068734,231.95008447316997,2505.0,2505.0,0.6613562780840984,272.94642857142844,7274.9445676274945,446.4863406193123,8000.0,8000.0,1.5869029164949768,428.57142857142844,65.08717715486527,0.2856407467925582,50.32,8188.0,1
yolo11m_b32_e20_run1_20250727-125201.json,yolo11m.pt,32,20,115W,0.39470833875002426,46.86439178617988,7940.52734375,0.8636,46.86439178617992,26.65885930317544,96.289,14.973,88.1599,2.0546303137640454,81.316,0.02113142820209445,30.752407310704964,0.39470833875002426,0.0350326303069014,0.42885915500119154,0.08875573902959315,-0.0006491318670908599,81.53328836966466,5.360706538732751,90.03391639939264,0.004322889651323428,47.055410691003914,41.05272383592755,100.0,99.0,0.026718780894280352,34.93472584856397,39.067796610169495,35.94045623657528,91.0,86.0,0.022682964761196613,29.853785900783286,76.58409387222946,5.840929846100539,87.0,85.0,0.006808456444493279,9.519582245430811,2474.481747066493,276.50867777442687,2655.0,2640.0,0.34510155561712685,479.09921671018265,8200.0,0.0,8200.0,8200.0,-2.9725142051654023e-15,0.0,81.07252079177928,0.5780551946391669,123.144,8188.0,0
yolo11m_b32_e20_run1_20250727-144641.json,yolo11m.pt,32,20,65W,0.4878116325000065,33.11928797289671,7700.99609375,0.8636,33.119287972896664,14.369634857522595,75.056,14.551,53.2375,2.2662322952541265,60.504999999999995,0.010350443842285492,16.853126696832582,0.4878116325000065,0.03729567270482766,0.5196686600004796,0.07645507040020652,-0.0006970240459416083,65.90731709265263,4.136593173361151,73.08330908504917,0.003939293647317898,47.13608130999435,41.32011488456402,100.0,100.0,0.025631241989528004,42.20814479638009,33.790513833992094,30.542721980362867,79.0,75.0,0.0182948416249201,30.823529411764707,76.13664596273291,2.374926867668784,81.0,79.0,0.0025564940606252894,4.027149321266975,1952.2614342179559,366.95683995784134,2490.0,2490.0,0.025170902131100868,50.42986425339359,7674.76002258611,468.46444316052686,8000.0,8000.0,0.3680385680914669,592.7601809954749,65.59909167397637,0.504874185415518,44.475,8188.0,1
yolo11m_b32_e20_run2_20250727-125356.json,yolo11m.pt,32,20,115W,0.7269574800000328,42.45031406173434,7959.5900390625,0.8636,42.450314061734446,21.50175076977341,97.64,15.21,82.474,2.3001007685833503,82.43,0.015552324460672338,24.425643137254905,0.7269574800000328,0.6651651063492072,2.3272774449993445,0.9149986411160901,-0.01444176057899537,65.58922830149534,25.290047094797565,88.53801869729615,0.1486737287803832,57.85105340519353,42.49698216933554,100.0,100.0,0.007845513123730111,18.621568627450976,27.492895639392454,31.38178354639915,92.0,82.0,0.021551306191050286,31.109803921568627,75.12934835864772,4.563657860614569,86.0,84.0,0.003558935298749806,5.78235294117647,2527.2611464968154,243.03168458124034,2655.0,2655.0,0.17221985309678262,315.0,8200.0,0.0,8200.0,8200.0,-5.630026970984814e-15,0.0,44.019080730827,0.964361666735261,123.144,8188.0,0
yolo11m_b32_e20_run2_20250727-144820.json,yolo11m.pt,32,20,65W,0.48479760999991867,33.69056473345051,8016.99609375,0.8636,33.6905647334505,13.970884539429061,68.485,14.621,51.928,2.032764975649191,53.864,0.008122390757262865,13.317107981220659,0.48479760999991867,0.020864063146075435,0.5157524799999009,0.04303664604715963,-0.0002811337716808831,66.12739782032826,2.8055785032991967,71.11694931532791,0.0018000392884211583,48.290568248388986,41.30136913059171,100.0,99.0,0.02478621702051527,37.92957746478873,34.0837727006444,30.546909200267727,80.0,75.0,0.01691898832100888,26.78169014084507,76.46865846514352,2.4371506152058213,80.0,80.0,0.0026094218708294465,4.014084507042256,1977.1001757469244,367.9207365016927,2490.0,2490.0,-0.01790689196405376,9.366197183098393,7680.726420620972,466.19519612446817,8000.0,8000.0,0.27277297260112027,406.10328638497595,66.0069260655088,0.5104095394476361,44.475,8188.0,1
yolo11m_b32_e5_run1_20250727-122344.json,yolo11m.pt,32,5,115W,0.5550604449999355,33.68143098591552,7946.36796875,0.77828,33.68143098591549,21.24812955924271,92.32,14.908,74.39934999999998,2.740976178791373,77.41199999999999,0.056305098520637656,25.073129943502828,0.5550604449999355,0.2047577380227349,0.9009234399994512,0.3688926852331528,0.025226518421031234,64.58498889924905,19.049180455560755,82.93407630100862,0.08699402266148916,34.804225352112674,40.83656514165871,100.0,100.0,0.10893374985111488,47.62146892655367,22.198591549295774,29.69950439648023,82.0,81.0,0.05647939879012696,20.05084745762712,71.79859154929578,4.616900763949117,82.0,81.0,0.011564747132584544,4.615819209039543,2342.218309859155,314.89710182085133,2655.0,2640.0,1.2096690765722315,577.2033898305085,8200.0,0.0,8200.0,8200.0,4.375702306474551e-15,0.0,57.651378851187495,0.5842259397274026,115.0,8188.0,0
yolo11m_b32_e5_run1_20250727-141616.json,yolo11m.pt,32,5,65W,0.49497504999999364,25.694174581005626,7660.27109375,0.77828,25.694174581005583,13.618529375684917,58.278,14.113,49.54675,2.26814057856842,44.165,0.03565276603903801,16.873312849162012,0.49497504999999364,0.049771719057832994,0.5368767100008882,0.10055399571722581,-0.0036304342857635683,65.14448209682057,4.956145022522184,68.76959792291828,0.005788056211459756,29.39804469273743,38.307152454047895,100.0,95.0,0.10199042676778117,49.0,20.682960893854748,27.577950267446962,77.0,69.0,0.07116610978372041,34.93296089385475,72.85614525139665,2.4711132680173336,78.0,77.0,0.008147218481245255,3.910614525139664,1995.3980446927374,309.7601377793318,2490.0,2490.0,0.044837318311521254,64.35754189944146,7500.0,500.0,8000.0,8000.0,1.301211586151156,603.3519553072629,64.64972325372847,0.39743672962318205,52.846,8188.0,1
yolo11m_b32_e5_run2_20250727-122442.json,yolo11m.pt,32,5,115W,1.5400136399999156,32.512787174721225,8017.31796875,0.77828,32.51278717472119,14.010631224959344,87.748,15.013,57.0375,2.698876584417358,72.735,0.014553997249402954,17.060624535315988,1.5400136399999156,1.0062307616180042,2.8961309600003005,0.6533908112775283,0.1324022762406218,35.49906294275114,24.46990376133702,75.6996975452007,0.4751500114322878,58.764869888475836,44.8856820557247,100.0,100.0,0.07426602863346961,72.75836431226766,15.684014869888475,21.88956238716612,86.0,69.75,0.007964189740624633,13.256505576208179,71.34200743494424,3.0903587428963686,81.0,77.25,0.003656112275990226,4.059479553903344,2467.2769516728627,287.67821608791576,2655.0,2655.0,0.6285321824911093,591.8029739776953,8191.078066914498,103.08597776914209,8200.0,8200.0,0.023210781415667254,0.0,20.77903673632511,1.5646917413589065,115.0,8188.0,0
yolo11m_b32_e5_run2_20250727-141654.json,yolo11m.pt,32,5,65W,0.4813521250001941,27.107279940119778,7981.27109375,0.77828,27.10727994011976,14.837457118707295,63.545,14.155,51.891,2.344204218954152,49.39,0.03870770030387181,16.444754491017967,0.4813521250001941,0.01684138383114498,0.5108795799993459,0.034987658631689206,-0.0006417904511236336,66.55911474921156,2.2800719318161184,69.80820511449585,0.0011734971048962641,33.1437125748503,41.09322327818105,100.0,98.0,0.10712951303409006,51.053892215568865,23.50299401197605,30.7087680337337,80.0,73.0,0.07602223162739939,35.90419161676647,73.19760479041916,2.7039326448713554,78.0,77.0,0.00858937894979353,3.5029940119760425,1979.1467065868264,271.81019823840114,2490.0,2490.0,0.013690960701007672,22.185628742515064,7497.005988023952,499.99103581193054,8000.0,8000.0,1.4432514147587614,634.7305389221565,66.47939904698062,0.4077545875672434,52.846,8188.0,1
yolo11m_b8_e10_run1_20250726-160712.json,yolo11m.pt,8,10,115W,0.11050274312499368,38.098641438032146,3473.740625,0.81302,38.09864143803217,20.83748163494261,69.486,14.356,68.11999999999999,1.8238445618335157,55.13,0.04376530978348258,32.56543939393939,0.11050274312499368,0.029327726688721814,0.13661449500159506,0.26540270276863764,-0.00016289429933967896,74.55875291172025,9.713696420106212,82.82613971042183,0.016973514757408846,33.23084200567644,33.95733973674612,83.0,82.0,0.05677293277835976,39.28030303030303,20.90728476821192,21.749996768283122,54.0,53.0,0.03442679658502966,23.549242424242426,66.30558183538317,6.302700016634852,77.0,75.0,0.016242545746545527,12.106060606060609,2412.417218543046,310.25883997557906,2655.0,2655.0,0.812587500445072,616.818181818182,8200.0,0.0,8200.0,8200.0,-9.789569723485718e-15,0.0,72.39639282936993,0.5262505485297633,116.654,8188.0,0
yolo11m_b8_e10_run1_20250726-165319.json,yolo11m.pt,8,10,65W,0.13550479187495057,29.55064661654136,3379.221875,0.81302,29.550646616541357,13.333950897399765,82.841,14.039,48.03340000000001,2.8033565923267707,68.80199999999999,0.022702510606475254,19.876474916387956,0.13550479187495057,0.028480020453508996,0.16789805000262273,0.21017722000408323,-0.00015666957122626503,60.45262989448012,7.59968881714185,69.70469969880736,0.01580378895978561,36.89473684210526,35.72573443547578,87.0,84.0,0.057755625181120776,50.05685618729097,19.796157059314954,19.630765888237548,53.0,47.0,0.031077772599683653,27.070234113712374,73.9406850459482,2.855294315704045,83.0,78.0,0.006287906969057495,5.351170568561869,1993.045112781955,289.3354029641826,2490.0,2490.0,0.01935775054970677,31.204013377926458,7568.086883876357,495.3424837867305,8000.0,8000.0,0.731241955173529,618.7290969899659,59.038502545229036,0.5005317774430812,52.943,8188.0,1
yolo11m_b8_e10_run1_20250727-123026.json,yolo11m.pt,8,10,115W,0.11277177374996086,38.93543392689782,3445.41328125,0.81302,38.93543392689784,21.279304587031913,71.663,14.507,69.088,1.840559941737105,57.156,0.04474747535225484,34.28138345864662,0.11277177374996086,0.028372561228790037,0.1409603950004566,0.2515927548652207,-0.00020966982889975846,72.9764541726544,9.522430475569577,81.19314513781858,0.01702668515690242,35.51265229615745,34.66306666229729,81.0,81.0,0.06582237746827395,53.590225563909776,22.49859418931584,23.058353665212785,54.0,53.0,0.04243629675537305,34.60526315789473,71.12277413308341,5.580871449636048,81.0,79.0,0.012891719909318328,9.75563909774435,2406.776007497657,307.3139358529637,2655.0,2655.0,0.7913642538649275,609.3045112781956,8188.75351452671,115.62568543557526,8200.0,8200.0,0.017721921477511855,0.0,70.93973725852456,0.5488522432075839,121.352,8188.0,0
yolo11m_b8_e10_run1_20250727-142312.json,yolo11m.pt,8,10,65W,0.13385708812498934,28.939999165275513,3112.48359375,0.81302,28.93999916527546,13.46006602589806,87.244,14.257,46.381,3.014651089025682,72.987,0.022318996578470567,19.03098327759197,0.13385708812498934,0.028811083190413398,0.16590897499918353,0.2152376358546735,-0.00016240248315346873,61.20071197997025,7.614709989520833,69.73341921781221,0.015480813768277129,37.0008347245409,36.25812900812284,91.0,86.0,0.055134337519513514,48.02675585284281,19.737061769616027,19.679700957182533,50.0,49.0,0.02855089411147352,25.137123745819398,74.80300500834724,2.8547925878262106,82.0,79.0,0.005964226984453142,4.973244147157189,1951.5651085141903,267.2150322750128,2490.0,2490.0,-0.06446553336226966,-46.50501672240807,7593.4891485809685,491.1820223680887,8000.0,8000.0,0.8318647778104221,742.4749163879596,59.765232548088775,0.48422800232542523,52.75,8188.0,1
yolo11m_b8_e10_run2_20250726-160805.json,yolo11m.pt,8,10,115W,0.11066984000001412,40.17564671246316,3773.1451416015625,0.81302,40.1756467124632,20.83748604496258,69.902,14.911,68.159,1.7399097642481798,54.991,0.04261902579749349,32.91109448818897,0.11066984000001412,0.014452446640750799,0.14070672500001818,0.13059065270853337,-9.045866869680116e-05,73.38115154533374,8.420750152074607,81.8357688522623,0.013168385085255902,35.73797841020608,34.463632183978895,83.0,82.0,0.06085945675412282,48.795275590551185,23.04514229636899,22.38256724421865,57.0,54.0,0.0389525741524691,31.055118110236222,70.64671246319921,5.921536058341384,80.0,79.0,0.014447013730907564,10.99212598425197,2424.494602551521,302.4741202894252,2655.0,2655.0,0.7806694757313565,600.3543307086616,8200.0,0.0,8200.0,8200.0,2.5342286154202473e-17,0.0,72.28708381614159,0.555779049195674,116.654,8188.0,0
yolo11m_b8_e10_run2_20250726-165422.json,yolo11m.pt,8,10,65W,0.1351852068751441,29.156803056027098,3679.7848388671873,0.81302,29.156803056027165,11.926913091119369,62.283,14.17,43.32214999999996,2.1361395445281897,48.113,0.02123837306472412,19.59889455782313,0.1351852068751441,0.01689240948735384,0.16757678499725442,0.12495752958351074,-0.00010448146387569201,60.00962697475363,6.698558963962222,68.55484758611033,0.01246008241417309,39.20033955857385,36.53452352300193,91.0,86.0,0.054106995786714566,47.76870748299319,20.7937181663837,19.95927248578105,52.0,48.0,0.028611811154910356,25.77891156462585,74.6748726655348,2.7189325889978013,82.0,79.0,0.005719581521242692,4.989795918367349,1947.9499151103566,317.97918005996195,2490.0,2490.0,0.018962763040926634,42.397959183673265,7578.9473684210525,493.7279747182558,8000.0,8000.0,0.7713533191266788,680.2721088435374,59.17807269687971,0.4926960566183571,52.943,8188.0,1
yolo11m_b8_e10_run2_20250727-123120.json,yolo11m.pt,8,10,115W,0.10891769374998148,40.28146379647747,3747.25546875,0.81302,40.281463796477496,21.69261771111607,71.86,14.706,70.40294999999999,1.7839470870044192,57.153999999999996,0.044537182364249216,33.628498039215685,0.10891769374998148,0.014162152113185583,0.13566337000020212,0.1300261842276475,-9.174126801948649e-05,74.52012343456543,8.275953874216537,81.86507314296016,0.012333575360213067,34.87671232876713,35.52883211838113,83.0,83.0,0.060045673248398365,42.70980392156863,21.904109589041095,23.30682359662327,55.0,54.0,0.03806902188350891,26.67058823529412,72.53424657534246,5.390095774272907,81.0,80.0,0.011648613586789439,8.819607843137248,2418.5518590998045,303.9184035865846,2655.0,2655.0,0.7959297639426319,604.0588235294117,8200.0,0.0,8200.0,8200.0,-5.408430887765013e-15,0.0,73.44995771177317,0.5484205171982124,121.352,8188.0,0
yolo11m_b8_e10_run2_20250727-142413.json,yolo11m.pt,8,10,65W,0.13223402000005535,30.4527003484321,3414.02109375,0.81302,30.452700348432053,13.32388401883967,81.226,14.364,47.396499999999996,2.667283986990735,66.862,0.022374711783774787,20.26047386759582,0.13223402000005535,0.015198880816686976,0.1608726099994783,0.11493926310854509,-6.312889165581202e-05,61.23121611176,6.40593976636765,69.63830736186199,0.01094510498039906,39.91637630662021,37.412545783343816,90.0,85.0,0.053362545298542716,49.083623693379785,21.322299651567945,20.43462315001261,51.0,49.0,0.027656106862258136,25.62020905923345,75.09407665505226,2.6627904008507093,80.0,79.0,0.0057396138831164005,4.82926829268294,1964.908536585366,313.8046499961121,2490.0,2490.0,-0.006590906886307949,-16.620209059233503,7587.979094076655,492.19882060550594,8000.0,8000.0,0.8150063419962535,675.9581881533104,60.49880356051076,0.5033603733662829,52.75,8188.0,1
yolo11m_b8_e1_run1_20250726-152907.json,yolo11m.pt,8,1,115W,0.14858074999938253,21.904630081300823,2912.28466796875,0.76219,21.904630081300812,12.780277646311864,65.375,15.033,55.67634999999999,2.9845288305420077,50.342,0.042427183388964555,10.672138211382116,0.14858074999938253,0.06838143452930935,0.22853390000091167,0.46023078043147264,-0.008325568235330347,59.72887666084778,14.505576747035805,80.82980558590654,0.05897953015657387,8.898373983739837,21.738697591296198,79.0,69.0,0.05576214134135409,11.59349593495935,5.3983739837398375,13.990554210329506,54.0,46.0,0.032249616936046575,5.59349593495935,66.64634146341463,2.70142367412862,77.0,72.0,0.008737294050540875,2.1951219512195195,2183.262195121951,281.0279445961948,2655.0,2655.0,1.2677542723961257,425.4878048780488,8200.0,0.0,8200.0,8200.0,-5.070839592511482e-15,0.0,53.842775729919566,0.40682579574233896,116.087,8188.0,0
yolo11m_b8_e1_run1_20250726-164430.json,yolo11m.pt,8,1,65W,0.173010631249781,19.14057274401474,2848.640625,0.76219,19.140572744014733,9.221239745878524,69.207,13.764,40.155,3.6157225243764484,55.443,0.025193097040655147,6.267644444444448,0.173010631249781,0.07710900130709246,0.2654599749985209,0.4456893819187777,-0.008525611911714151,50.951574429010805,11.817451172441071,66.80838868274367,0.05379382380666886,11.80110497237569,23.050050408297952,78.0,67.0,0.06375237298034339,17.97037037037037,6.232044198895028,12.71625186787,45.0,40.0,0.03352303185040301,8.725925925925926,69.55616942909761,1.6182868601448117,74.0,73.89999999999998,0.004610597373442073,1.4222222222222172,2034.9171270718232,169.77599406188756,2505.0,2505.0,0.3078391098340597,148.77777777777783,7261.510128913444,439.457143973241,8000.0,8000.0,1.0184477860378214,288.8888888888896,46.239933015735566,0.4139403216155429,46.385,8188.0,1
yolo11m_b8_e1_run1_20250727-121534.json,yolo11m.pt,8,1,115W,0.14568075000016734,21.59902231237325,2996.16796875,0.76219,21.599022312373222,12.90482551841596,66.935,14.788,55.94,3.0989828628333607,52.147000000000006,0.04201585382878816,10.356959349593497,0.14568075000016734,0.06567445148916791,0.22893839999983356,0.45081077279662873,-0.008263571764691457,60.730184422147055,14.490789694218131,80.46351613587565,0.056934420837691534,12.03448275862069,22.828330757607066,76.0,68.0,0.06760530712286617,16.520325203252032,7.2089249492900604,15.106080659151042,53.0,46.0,0.04301016041506137,10.008130081300814,67.44016227180528,2.7088184392371195,77.0,74.0,0.00964275005603291,2.6016260162601696,2178.316430020284,278.87288589000246,2655.0,2655.0,1.2712551608767486,439.8780487804879,8200.0,0.0,8200.0,8200.0,1.0943093241726861e-16,0.0,54.9145992177471,0.39332022121711047,115.0,8188.0,0
yolo11m_b8_e1_run1_20250727-140721.json,yolo11m.pt,8,1,65W,0.16743017500016322,19.49014963503652,2584.71484375,0.76219,19.4901496350365,9.258739933513711,52.9,14.131,41.5537,2.714191578339872,38.769,0.027203686685207062,7.916255474452555,0.16743017500016322,0.06958523886588035,0.24751782500015906,0.41560751439107385,-0.007704875294112906,52.284857407497704,12.162027304939073,69.22910792794946,0.05410782694611299,10.125912408759124,20.89905840978692,85.0,65.0,0.050866179902823716,11.788321167883211,5.421532846715328,11.805574112771168,47.0,41.0,0.025169870401697214,4.948905109489051,72.28102189781022,2.0275126916616215,78.0,78.0,0.006540984846181086,2.0729927007299267,2054.0693430656934,191.14009348518337,2490.0,2490.0,0.3825220468932191,175.72992700729947,7293.795620437956,455.49945537775625,8000.0,8000.0,1.2817346450887368,445.25547445255506,47.78111233528963,0.4079048955216915,50.999,8188.0,1
yolo11m_b8_e1_run2_20250726-152930.json,yolo11m.pt,8,1,115W,0.12899553124952945,22.7555046511628,3259.44921875,0.76219,22.75550465116279,13.470687236788393,65.179,15.221,59.10729999999998,2.8643179309437725,49.958,0.048309553059577355,8.621495327102801,0.12899553124952945,0.018382611956877775,0.1496259999994436,0.1425058044942532,-0.0024881086764199736,63.45770581187078,10.173128392267987,81.65492346475764,0.025700425717647156,10.223255813953488,21.47754735910193,79.0,62.0,0.051137056975291494,5.252336448598131,5.923255813953489,14.010334013403012,54.0,39.0,0.03363382422358304,3.364485981308411,66.87674418604651,3.021807345320618,77.0,75.0,0.010240587664642059,1.7943925233644933,2195.267441860465,283.5735179856508,2655.0,2655.0,1.4987542538937353,410.6074766355141,8200.0,0.0,8200.0,8200.0,-9.672801666087406e-15,0.0,62.017652259013296,0.3669198014159854,116.087,8188.0,0
yolo11m_b8_e1_run2_20250726-164456.json,yolo11m.pt,8,1,65W,0.15432771249970756,19.127179959100197,3190.859375,0.76219,19.127179959100207,9.421072485303394,47.028,13.659,39.99839999999999,2.4587001377390876,33.369,0.027483758751413692,4.890934426229505,0.15432771249970756,0.020554646495557903,0.1756541250006194,0.1331883053446856,-0.0018141638235914864,52.873737060018314,7.816906038966486,66.7261643244666,0.021856960600285594,10.30879345603272,21.686857299430148,75.0,74.0,0.050890176044268674,5.663934426229508,5.355828220858895,11.802228992064418,42.0,39.0,0.025968838707161445,2.4754098360655736,69.30674846625767,1.7986519208095266,75.0,74.0,0.005719642780173724,1.1475409836065609,2013.1901840490798,176.0505906147274,2505.0,2492.999999999999,0.12344650220543192,66.51639344262276,7253.57873210634,435.0592588713414,8000.0,8000.0,1.1847120423146646,237.70491803278674,51.83774106685576,0.3689817412072729,46.385,8188.0,1
yolo11m_b8_e1_run2_20250727-121558.json,yolo11m.pt,8,1,115W,0.12683127499991542,22.29835135135134,3331.85546875,0.76219,22.298351351351354,13.956688708962973,66.712,14.743,60.30964999999992,2.9917906911067234,51.969,0.04839713600023033,9.489882882882885,0.12683127499991542,0.018420837671781726,0.14944299999956456,0.1452389221175456,-0.0025976973529195147,64.5624846409495,10.330147474024349,82.57429919849051,0.02560074313154502,9.786036036036036,21.4897143542144,76.0,60.0,0.05992223740213699,9.45045045045045,5.86036036036036,13.544666044185762,51.0,38.0,0.03417331654326609,4.351351351351352,67.47747747747748,2.9776853180106753,78.0,76.0,0.009593645183469226,1.8198198198198128,2186.4864864864867,282.7163483089875,2655.0,2655.0,1.3891194057577525,402.4324324324325,8200.0,0.0,8200.0,8200.0,-6.175517728531295e-15,0.0,63.075925082400495,0.3535160415359972,115.0,8188.0,0
yolo11m_b8_e1_run2_20250727-140747.json,yolo11m.pt,8,1,65W,0.15022656250005184,20.262201663201658,2920.83984375,0.76219,20.262201663201665,10.876206662946984,67.882,14.092,45.032,3.3501788763301574,53.790000000000006,0.033730814951561834,7.6282250000000005,0.15022656250005184,0.019412765099183556,0.17241100000001097,0.12922325303940077,-0.001800840588162722,54.25374542898041,7.784855274265021,68.06301327357212,0.02058930256876891,12.808731808731808,24.910417600764898,71.0,69.0,0.0746977467413152,18.991666666666667,7.079002079002079,14.266909063369292,45.0,40.0,0.04274236333364964,10.291666666666666,72.16839916839916,1.7854573465358072,78.0,76.0,0.006591773707956244,1.74166666666666,2054.93762993763,221.86695142567615,2490.0,2490.0,0.4188596112869977,207.625,7305.613305613306,460.6667049455755,8000.0,8000.0,1.5952674666367515,458.33333333333394,53.25289926671416,0.3804901130682023,50.999,8188.0,1
yolo11m_b8_e20_run1_20250727-124602.json,yolo11m.pt,8,20,115W,0.1116249215625146,45.736339857651366,3377.759375,0.85691,45.736339857651245,20.065171990827974,71.174,14.48,69.9515,1.5561804950181926,56.694,0.017253032624774668,25.67388598574822,0.1116249215625146,0.022752630610013026,0.14067956499857245,0.20383110054210077,-4.7295039972758014e-05,73.16896485424972,8.476557233330318,80.75746472757106,0.013421009243153655,41.751482799525505,33.3190379010357,84.0,81.0,0.02250470738296315,33.66270783847981,26.26037959667853,22.09980452935055,55.0,53.0,0.013843396902655979,20.990498812351543,74.0693950177936,5.646825958557473,83.0,81.0,0.007290497726317574,10.342042755344409,2502.7135231316724,262.01055667664895,2655.0,2655.0,0.301322317518768,432.8266033254158,8200.0,0.0,8200.0,8200.0,-1.6612984190643694e-15,0.0,71.66858339532777,0.6381644186458556,117.681,8188.0,0
yolo11m_b8_e20_run1_20250727-143948.json,yolo11m.pt,8,20,65W,0.13154182781251506,33.18489973474796,3138.20859375,0.85691,33.18489973474801,13.245330100195934,86.332,14.349,49.5886,2.601544699247697,71.98299999999999,0.008357055408911958,14.02090233545647,0.13154182781251506,0.021633742963890805,0.16260350500078857,0.1644628429120288,-4.175376701137673e-05,61.76803969806806,6.488273798885739,69.97303295052443,0.011033942073870732,46.05994694960212,36.511516485507094,90.0,89.0,0.023112356060112412,38.8004246284501,24.450397877984084,19.994702377976726,52.0,49.0,0.011710214848718606,19.560509554140125,76.65145888594165,2.7240951081274596,83.0,80.0,0.00298523555229825,4.662420382165607,1972.9814323607427,315.39654998132653,2490.0,2490.0,-0.026473071586720617,-56.14649681528658,7707.692307692308,454.82293843367637,8000.0,8000.0,0.2971751776625389,515.9235668789815,60.817157044543286,0.5456502958604741,52.483,8188.0,1
yolo11m_b8_e20_run2_20250727-124731.json,yolo11m.pt,8,20,115W,0.11055886312500433,46.345847877358366,3675.7663452148436,0.85691,46.345847877358494,20.57251055010472,82.723,14.97,70.94675,1.7849063894332802,67.753,0.01580711873506457,22.271091981132074,0.11055886312500433,0.013527491827694438,0.13982608999967852,0.1223555619633992,-2.1212400315727144e-05,73.28522449939848,7.613095592519343,80.55990404285777,0.010791696445151783,41.56132075471698,34.09552015268314,85.0,82.0,0.01997774499763022,26.030660377358487,26.16450471698113,22.78515714914643,62.0,54.0,0.012551267630412212,16.339622641509433,75.87146226415095,5.159826376840799,84.0,83.0,0.005994123679702374,8.04245283018868,2496.438679245283,263.8790031723569,2655.0,2640.0,0.28365490435077023,385.6132075471696,8187.264150943396,122.96673134117182,8200.0,8200.0,0.014505084109716782,0.0,72.35964421011394,0.6404930314856421,117.681,8188.0,0
yolo11m_b8_e20_run2_20250727-144128.json,yolo11m.pt,8,20,65W,0.13397252124996156,33.49014048257376,3436.18359375,0.85691,33.49014048257373,12.5257275188407,83.92,14.596,49.022,2.5058121223369296,69.324,0.007170618032706637,12.267278969957076,0.13397252124996156,0.015230020980165742,0.1656144650000897,0.11368018484738424,-1.40571589441106e-05,60.40580868678478,6.125828626087491,68.14289476117514,0.010284241827683132,49.24772117962466,35.69622769636418,91.0,86.79999999999995,0.020907734034849385,36.09656652360515,26.289008042895443,19.97458471840798,53.0,49.0,0.010817224314052278,18.63519313304721,77.33190348525468,2.5251073549898386,82.0,81.0,0.002604278141541266,4.08369098712447,1942.632707774799,345.6995653644999,2490.0,2490.0,0.029829515656671315,47.575107296137276,7708.8471849865955,454.2937962631395,8000.0,8000.0,0.25879714003251975,399.1416309012875,59.713737752787836,0.5608448196832263,52.483,8188.0,1
yolo11m_b8_e5_run1_20250727-122106.json,yolo11m.pt,8,5,115W,0.12131929999993644,33.382832187070164,3342.75546875,0.80593,33.38283218707015,20.334064747075935,69.316,14.558,66.9183,2.0763966224186183,54.758,0.0610001387883094,30.202994475138123,0.12131929999993644,0.039765239068642,0.1499000649998834,0.3277733968846081,-0.0006056946108793956,69.00099954884165,11.109445413488887,79.89621355034762,0.025922327599679884,26.400275103163686,32.61649357754956,81.0,81.0,0.08246080541941493,41.5414364640884,16.6121045392022,21.863922456858592,56.0,56.0,0.05283481055645618,26.74033149171271,69.93397524071527,5.127914115854472,80.0,79.0,0.017122929590104793,8.524861878453038,2342.971114167813,316.46959082452196,2655.0,2655.0,1.2156923669053232,592.9558011049726,8166.987620357634,196.27796198551528,8200.0,8200.0,-0.05209246174607526,0.0,65.94169270680091,0.5062477291188374,115.0,8188.0,0
yolo11m_b8_e5_run1_20250727-141326.json,yolo11m.pt,8,5,65W,0.14031370625002637,26.296879177377907,3008.72109375,0.80593,26.296879177377892,12.962318120513064,62.136,14.159,46.5214,2.362865934808455,47.977000000000004,0.03200473040533625,16.427221649484537,0.14031370625002637,0.039573671104753676,0.16633324000022184,0.2820371021647519,-0.0005839595862607954,59.15092464847893,8.803293946917877,69.43519971905856,0.022149673612172755,30.323907455012854,34.116396395043296,89.0,85.0,0.08899200381259972,44.45360824742268,16.159383033419022,19.038731882707275,51.0,49.0,0.04712585377269849,23.427835051546392,73.88817480719794,2.665901798888896,80.0,78.0,0.008009438335048542,4.242268041237125,1981.9858611825193,260.8104997247519,2490.0,2490.0,-0.023283102819522356,-9.819587628865975,7489.717223650386,499.89425332818524,8000.0,8000.0,1.2288330810198222,623.711340206185,57.01510004834967,0.46122657252337984,55.787,8188.0,1
yolo11m_b8_e5_run2_20250727-122141.json,yolo11m.pt,8,5,115W,0.11478170874997887,36.33431699846861,3698.25234375,0.80593,36.33431699846861,21.163037446290897,70.612,14.756,68.834,1.9433969270146483,55.855999999999995,0.06231775614942823,27.036398773006134,0.11478170874997887,0.016992664101793207,0.14342544500073018,0.14804331009575022,-0.000323719984762382,71.10662329448434,9.567200268994837,81.3183444730102,0.01810296115021501,29.624808575803982,34.14699056919554,83.0,82.0,0.08502919060070674,38.47852760736196,18.612557427258807,22.521420024546558,54.0,54.0,0.05337631038357587,24.263803680981596,71.29249617151608,4.751582831505318,80.0,79.0,0.015117544605597897,6.380368098159508,2379.4640122511487,313.2026248823798,2655.0,2655.0,1.3309677912602056,602.9447852760736,8200.0,0.0,8200.0,8200.0,6.488771636017894e-15,0.0,69.69751615586985,0.5213143739184538,115.0,8188.0,0
yolo11m_b8_e5_run2_20250727-141405.json,yolo11m.pt,8,5,65W,0.1389774637500068,26.98576356050067,3365.64609375,0.80593,26.985763560500693,12.388082645308323,59.612,14.135,44.02730000000002,2.2090166122723547,45.477000000000004,0.03234135234379742,15.52035754189944,0.1389774637500068,0.01742744654107993,0.1679606399999102,0.12539764412760107,-0.00017407800866953477,58.42810670804001,6.929504804153165,67.66171818977237,0.014065681297892249,32.80528511821975,36.17821634427738,85.0,83.0,0.08160810885850693,39.77653631284916,17.261474269819193,19.49797046737674,48.0,48.0,0.04154246780902499,21.078212290502794,73.97357440890126,2.477856849604854,79.0,77.0,0.008565330471626257,4.245810055865917,1972.2183588317107,330.15619163203223,2490.0,2490.0,0.0457387233119318,18.43575418994419,7518.776077885953,499.64733452628434,8000.0,8000.0,1.3586651221713701,703.9106145251399,57.56328964522213,0.468801622124467,55.787,8188.0,1
yolo11n_b16_e10_run1_20250726-151305.json,yolo11n.pt,16,10,115W,0.09207049500000722,25.637584362139922,2477.9609375,0.66065,25.637584362139915,12.424530960892014,47.451,14.974,45.085800000000006,1.8508374006590442,32.477000000000004,0.04148919897116241,19.932318681318684,0.09207049500000722,0.03578344184097717,0.12338175499953649,0.38865264970036667,-0.0005185831997173493,184.05992742770107,33.05064346519508,227.4162982306841,0.032243438198990636,18.580246913580247,22.408281450830565,58.0,58.0,0.0652764226584622,31.285714285714285,9.737997256515776,11.813999593144727,33.0,32.0,0.03216127127847066,15.21978021978022,65.56515775034293,3.3108614966933145,73.0,72.0,0.011068397750285132,5.4285714285714235,2277.798353909465,315.57575000158033,2655.0,2655.0,1.080730110410476,522.8571428571427,8168.724279835391,191.18758726893319,8200.0,8200.0,-0.014830425789322787,0.0,173.77988464164056,0.1475290676766667,116.211,8188.0,0
yolo11n_b16_e10_run1_20250726-162611.json,yolo11n.pt,16,10,65W,0.09855446499977916,22.5772386934673,2413.809375,0.66065,22.577238693467336,9.753921479433028,47.493,13.748,36.581,2.1035787699645474,33.745000000000005,0.029039418488717366,15.231532663316585,0.09855446499977916,0.03736515322388245,0.12419984999887673,0.3791320182598138,-0.0005119246600979077,171.40075534212826,30.208947189513907,215.74702103864232,0.03106316596032245,18.33040201005025,23.751331733923262,64.0,62.25,0.061978662993716724,30.12060301507538,8.853015075376884,11.87210968601443,32.0,30.5,0.02934707390316798,13.804020100502512,70.95979899497488,2.5810270169274756,77.0,76.0,0.008204846109765705,4.331658291457273,2101.752512562814,183.03204350870766,2505.0,2490.0,0.39702888153511157,247.23618090452283,7452.261306532663,497.7157995744476,8000.0,8000.0,1.415757559607412,738.6934673366832,162.34677951968845,0.13906798003793644,49.871,8188.0,1
yolo11n_b16_e10_run1_20250727-112831.json,yolo11n.pt,16,10,115W,0.08783057624998492,25.390746835443057,2559.45546875,0.66065,25.39074683544304,12.912349506732264,47.53,14.412,45.4255,1.8719417868265573,33.118,0.04403644153357067,20.76391525423729,0.08783057624998492,0.035959764168540485,0.11306400500034215,0.40942193144892025,-0.0005449017616037722,192.99354201471644,33.59413825574868,236.38162222646338,0.030299918252386693,17.182841068917018,22.792904571818603,64.0,64.0,0.06547359346903019,29.847457627118644,8.860759493670885,12.67772197931921,38.0,35.0,0.03612085445875842,16.728813559322035,65.17018284106892,3.3770150261677774,72.0,71.0,0.011545783495358923,5.350282485875702,2273.7763713080167,316.89883881270543,2655.0,2655.0,1.0889386239210281,512.9661016949153,8183.122362869199,141.30927047381925,8200.0,8200.0,-0.009415045242291484,0.0,182.16890612741196,0.1393802453734028,121.652,8188.0,0
yolo11n_b16_e10_run1_20250727-131444.json,yolo11n.pt,16,10,65W,0.0967817800000148,22.378127848101254,2099.2796875,0.66065,22.37812784810127,9.606607091356734,44.804,13.836,36.689699999999995,2.0021335253834254,30.968000000000004,0.028867199209570402,14.840949238578679,0.0967817800000148,0.03919909145865513,0.12388659499929418,0.40502552710488626,-0.0005625042522292103,174.89221633859842,30.258785430373404,212.47275712308306,0.029933811575664177,16.931645569620255,24.202842935342538,69.0,66.0,0.060614263547646735,31.18781725888325,7.811392405063291,11.922157728223997,34.0,33.0,0.027107469013405668,13.756345177664974,70.50253164556962,2.336690003626752,76.0,75.0,0.007103242566128977,3.649746192893403,2113.8227848101264,191.219289550093,2505.0,2490.0,0.4145213816186784,216.77664974619302,7468.354430379747,498.99755302346904,8000.0,8000.0,1.3588399162815448,695.4314720812181,165.3203733181757,0.13536219038794628,52.204,8188.0,1
yolo11n_b16_e10_run2_20250726-151340.json,yolo11n.pt,16,10,115W,0.08591303500015783,26.481471111111105,2528.70234375,0.66065,26.48147111111111,12.945100593929087,47.441,14.881,45.611,1.7914790232365407,32.56,0.04546872263094126,19.88064285714286,0.08591303500015783,0.013183400884233159,0.10804070499871157,0.15345053150792473,-0.00022566545945836412,190.48875153473213,28.081837760270272,232.2772157207309,0.021732634744655116,17.49185185185185,23.92323232171591,69.0,64.0,0.0669829508542131,27.25595238095238,8.942222222222222,13.222357422277964,38.0,35.0,0.03355051045989187,13.226190476190476,66.62074074074074,3.432936250959957,74.0,73.0,0.012044863503434533,5.577380952380949,2286.4666666666667,316.6657263143933,2655.0,2655.0,1.1077321065908148,488.57142857142844,8200.0,0.0,8200.0,8200.0,-5.0125254018299706e-15,0.0,186.23483619186084,0.14219397215153481,116.211,8188.0,0
yolo11n_b16_e10_run2_20250726-162650.json,yolo11n.pt,16,10,65W,0.09873454625012527,22.92283665338641,2464.246875,0.66065,22.922836653386454,9.953809651063226,49.426,13.816,37.567,2.156190385481727,35.61,0.02885666142360972,13.935404255319149,0.09873454625012527,0.01808130039640645,0.1330436250011189,0.18313043491992054,-0.00023346570207967302,167.4388309607429,29.948403114994207,215.73375056529764,0.03199152730384559,16.905710491367863,22.251320310734357,62.0,58.0,0.05413511595021801,25.409574468085104,8.201859229747676,11.448093921915174,32.0,29.0,0.026144673521052104,12.085106382978722,71.65737051792829,2.5077837905224807,77.0,76.0,0.00830199715838386,4.15425531914893,2097.131474103586,199.260432013867,2490.0,2490.0,0.35874786311045537,208.80319148936178,7475.43160690571,499.396029280134,8000.0,8000.0,1.5579366601543447,771.2765957446809,162.05067636070387,0.14145474223361545,49.871,8188.0,1
yolo11n_b16_e10_run2_20250727-112906.json,yolo11n.pt,16,10,115W,0.09089066375000812,26.443870206489674,2611.17109375,0.66065,26.443870206489674,12.711683877242741,47.716,14.39,44.934,1.8044257375113673,33.326,0.04375287791149801,19.49552071005917,0.09089066375000812,0.016136791463284034,0.11897980999947322,0.1775406933727293,-0.00029174328762032644,181.33988722917042,30.32336862518021,231.38428475816522,0.02796199851141303,18.19321533923304,23.182032280088062,64.0,60.0,0.060807602715214695,24.668639053254438,9.603244837758112,13.064299394707996,35.0,34.0,0.03307679576570072,13.414201183431953,66.1268436578171,3.5380551140854752,74.0,72.0,0.012491678807744632,5.76331360946746,2305.641592920354,321.1627242351929,2655.0,2655.0,1.1067893671011704,491.4497041420118,8184.070796460177,137.33646537746085,8200.0,8200.0,0.003118732514756148,0.0,176.0356822127242,0.15021880719918193,121.652,8188.0,0
yolo11n_b16_e10_run2_20250727-131523.json,yolo11n.pt,16,10,65W,0.09382820124997124,22.993217096336515,2150.2546875,0.66065,22.9932170963365,9.870736379557227,46.009,13.957,37.5066,2.000981411484633,32.052,0.031369675170853525,15.060815217391303,0.09382820124997124,0.014996551126999252,0.11964382499963903,0.15982989045102097,-0.00024269324309245588,174.79060230137483,27.11034860152761,218.51107972669004,0.02405658888161783,17.21031207598372,23.54482435494736,68.0,67.0,0.061486617572505724,29.358695652173914,8.478968792401629,11.922973276213225,34.0,34.0,0.029054692794582945,13.543478260869566,71.08276797829036,2.4182568694693716,76.0,75.0,0.007792247189771831,3.690217391304344,2079.2198100407054,184.32106667013704,2505.0,2475.0,0.31088487117099284,169.8097826086955,7459.972862957938,498.395253087563,8000.0,8000.0,1.613060456897999,782.6086956521731,170.52442428661504,0.13483826256870887,52.204,8188.0,1
yolo11n_b16_e1_run1_20250726-100441.json,yolo11n.pt,16,1,115W,0.1459199749999982,16.594770833333317,2108.18359375,0.59366,16.59477083333333,4.8117024164262165,36.022,13.49,29.853049999999968,2.1706837871869777,22.531999999999996,0.013768965820575888,4.771731481481478,0.1459199749999982,0.09910011785613838,0.31637135999997085,0.6791401784172427,-0.03042166666667646,139.38894572043463,48.03957435459975,183.08739713732945,0.11877953888534715,2.5925925925925926,6.610929554515003,26.0,19.0,0.019272365499786556,6.194444444444445,1.8587962962962963,2.730311072221881,11.0,10.0,0.005909343673847515,1.6666666666666665,59.49074074074074,1.3087693567168102,66.0,62.0,0.003718131681994702,1.0092592592592595,2066.7361111111113,182.69046325042345,2655.0,2655.0,0.4195401067035343,155.27777777777783,8122.222222222223,295.43857334018514,8200.0,8200.0,-0.7596419876792679,-211.1111111111113,109.64914159285044,0.15134428407066858,115.0,8188.0,0
yolo11n_b16_e1_run1_20250726-100956.json,yolo11n.pt,16,1,65W,0.15569896249996873,15.191140127388547,2117.87109375,0.59366,15.191140127388534,5.9709060941753105,40.06,12.331,31.185,2.6370634240793223,27.729000000000003,0.015128858349737366,4.362239316239318,0.15569896249996873,0.09535772245791575,0.3170388000000456,0.6124493119723576,-0.02946298214284242,125.52141699081803,40.39574877418758,166.52754258632817,0.10357040121721382,4.452229299363057,11.801496464830956,51.0,26.0,0.031623870764721694,9.982905982905983,2.81104033970276,5.37592782496793,25.0,13.0,0.01300667721729783,4.0085470085470085,58.360934182590235,1.1141258500191116,62.0,61.0,0.003404071563598942,1.2820512820512846,2049.2993630573246,135.06716729510165,2505.0,2505.0,0.28037249546927917,135.38461538461524,7186.836518046709,389.7802375324984,8000.0,8000.0,1.0839280505143936,358.97435897435844,102.76240601155716,0.14782779731412748,52.989,8188.0,1
yolo11n_b16_e1_run1_20250726-150555.json,yolo11n.pt,16,1,115W,0.14491572499946415,16.46935529411766,2034.79296875,0.59366,16.469355294117648,4.895647838966551,36.644,14.301,30.610399999999995,2.2249808414229864,22.342999999999996,0.014591207734754794,4.58848113207547,0.14491572499946415,0.09128917554006888,0.2984757999980501,0.6299466503059378,-0.02831770476175388,135.52913767847812,43.22828347802718,177.60389307181043,0.10173505668220105,4.12,8.960945328282646,42.0,15.0,0.026626440105672885,8.471698113207548,1.68,4.910607965235597,23.0,8.0,0.009933563646027104,3.0,57.72470588235294,1.381210541718254,64.0,61.0,0.005119350955901667,1.4528301886792434,2083.2,205.15530989099597,2670.0,2655.0,0.5563841428147133,194.7169811320755,8171.764705882353,181.89315849494295,8200.0,8200.0,-0.1603851745322272,0.0,110.40899805772743,0.14916678517005147,118.53,8188.0,0
yolo11n_b16_e1_run1_20250726-161806.json,yolo11n.pt,16,1,65W,0.1555815875008193,15.376210084033609,1978.390625,0.59366,15.376210084033614,5.166901920887058,39.191,12.734,29.43,2.548807527070357,26.457,0.0139485580766567,4.946386554621856,0.1555815875008193,0.09588705981805278,0.3171694450009453,0.6163136741200036,-0.02898439404773289,124.77963517340831,38.15942375517332,162.76062014086517,0.09352251828434663,3.8445378151260505,7.381343703582618,30.0,23.0,0.021646569253321975,7.084033613445378,1.7016806722689075,3.342380855076623,14.0,11.0,0.007697823916060959,2.2436974789915967,62.73109243697479,1.320157101623898,69.0,66.0,0.004175588805532172,1.3445378151260527,2045.2626050420167,122.73102186353518,2505.0,2505.0,0.2441873273639165,120.63025210084015,7260.504201680672,438.9097430991797,8000.0,8000.0,0.98815295731003,336.134453781513,102.83993277749363,0.14951594841375343,50.624,8188.0,1
yolo11n_b16_e1_run1_20250727-111611.json,yolo11n.pt,16,1,115W,0.14809393749999344,16.01373286052008,2117.66796875,0.59366,16.013732860520093,4.842959542670803,35.397,13.831,29.309,2.2104152921938014,21.566,0.014635473169444753,4.473066666666668,0.14809393749999344,0.09117728881178007,0.3023039800000332,0.6156719873275306,-0.027783317857126472,132.23917499230717,42.85843942169173,177.7849879635128,0.10503945127913256,4.300236406619385,11.146018803532415,50.0,18.0,0.027093746016464967,5.238095238095237,1.9432624113475176,5.540446231073317,26.0,7.0,0.011596090316926088,1.7333333333333332,57.61702127659574,1.1988543061195733,63.0,60.0,0.005264449649068413,1.5047619047619065,2078.794326241135,195.38369298776945,2655.0,2655.0,0.5065605849303924,159.71428571428578,8146.099290780142,248.54690625599443,8200.0,8200.0,-0.3072672997197572,0.0,108.03953402887075,0.14822104708671574,120.15,8188.0,0
yolo11n_b16_e1_run1_20250727-130135.json,yolo11n.pt,16,1,65W,0.1603640500002257,14.783424947145894,1659.9296875,0.59366,14.783424947145878,6.176099880747355,74.649,12.456,27.725199999999987,5.049506475453911,62.193,0.011882209014298392,2.9374237288135614,0.1603640500002257,0.10422420838292662,0.33818664500095097,0.6499225255459683,-0.031042666666637936,124.15193309504902,40.95211964875051,167.59357038175222,0.10880423471770413,4.822410147991543,10.56952042695789,47.0,24.0,0.02695129346885882,9.423728813559322,2.2980972515856237,5.56053906453471,25.0,14.0,0.011795280254987972,4.177966101694915,57.79915433403806,1.311777566592306,63.0,61.0,0.004175260233696687,1.432203389830505,2040.570824524313,116.81688999142808,2505.0,2505.0,0.21760907498821683,117.96610169491532,7224.101479915434,416.98921642549226,8000.0,8000.0,0.9406242161464925,322.03389830508513,99.77298527929098,0.148170618587418,52.822,8188.0,1
yolo11n_b16_e1_run2_20250726-150615.json,yolo11n.pt,16,1,115W,0.10812209999994593,16.71038563829787,2081.54296875,0.59366,16.710385638297872,5.434047840581633,38.845,14.282,32.429500000000004,2.324602246819049,24.563,0.018394776793272775,3.6488191489361643,0.10812209999994593,0.019310816161753043,0.1331509099994946,0.17860193394100465,-0.006594416666389631,152.75657249024476,26.813917106156964,182.24586520349183,0.0308120585487685,3.8218085106382977,12.296974758803522,58.0,7.0,0.022645183136745874,3.5957446808510642,1.7207446808510638,6.800672328990825,32.0,1.0,0.012899937919747164,2.0531914893617023,58.226063829787236,1.4007830014682336,63.0,63.0,0.004047068118968182,0.6595744680851041,2090.625,213.3136994545826,2655.0,2655.0,0.6398673740053026,157.81914893617022,8164.893617021276,202.22562015881982,8200.0,8200.0,-0.22497883627744283,0.0,147.9808475788761,0.1129226241888564,118.53,8188.0,0
yolo11n_b16_e1_run2_20250726-161829.json,yolo11n.pt,16,1,65W,0.1279351499997574,15.779157276995312,2017.015625,0.59366,15.779157276995306,6.428963579404607,46.015,12.81,32.218,2.9161886907031485,33.205,0.018520557714658246,4.085273584905664,0.1279351499997574,0.015918244855893812,0.1469399350005915,0.1244243263553761,-0.005234647619155507,127.05613431614546,16.047396003344065,147.67788084487418,0.01595210002632897,4.377934272300469,12.017216970413312,51.0,31.0,0.029234694570508875,5.7924528301886795,1.7863849765258215,5.589552845810863,25.0,12.0,0.01137013013471378,1.8113207547169812,64.15962441314554,1.0516536719799798,68.0,66.0,0.002890088845512867,0.8396226415094361,2056.760563380282,139.83918981506332,2505.0,2505.0,0.3286449652592504,98.06603773584902,7215.962441314554,411.4883537307123,8000.0,8000.0,1.3737196564148644,443.39622641509413,125.0633621802166,0.12616930331888493,50.624,8188.0,1
yolo11n_b16_e1_run2_20250727-111631.json,yolo11n.pt,16,1,115W,0.11675550000001067,16.371538873994627,2180.85546875,0.59366,16.371538873994638,5.479396206704144,37.22,13.853,33.187,2.27345763195921,23.366999999999997,0.018440175444357138,3.5377204301075356,0.11675550000001067,0.02177010628460721,0.14939802500011864,0.18645893584974774,-0.004540126190515066,141.75895449003966,25.712161138525758,178.0612154638021,0.03289850473016244,5.86058981233244,13.091014730579525,52.0,36.99999999999943,0.04521706475707831,8.50537634408602,2.2412868632707776,5.942143794525173,24.0,17.39999999999975,0.01793152693845066,2.967741935483871,57.84986595174263,1.1893094999152682,62.0,61.0,0.003653549191802443,0.6236559139784958,2092.319034852547,212.08538820410308,2655.0,2655.0,0.6501710462238682,152.58064516129025,8200.0,0.0,8200.0,8200.0,1.0303527788969661e-14,0.0,137.03851210434232,0.11946670043767839,120.15,8188.0,0
yolo11n_b16_e1_run2_20250727-130158.json,yolo11n.pt,16,1,65W,0.12870692499973302,15.004167064439137,1706.6796875,0.59366,15.004167064439141,5.917842426023979,44.604,12.369,31.543699999999994,2.972774150570104,32.235,0.017185035978968886,3.86794230769231,0.12870692499973302,0.02991813795113879,0.1685843999991448,0.2324516567480798,-0.009201288095417638,131.11366850951686,29.432783158276024,164.68521128884504,0.05039259506648627,3.8496420047732696,9.822472826408768,39.0,29.0,0.022688202389244978,3.759615384615385,1.568019093078759,4.5736642234897085,19.0,12.0,0.009731858394086761,1.4230769230769231,58.39379474940334,0.8793899305747692,62.0,60.0,0.0031907170834441175,0.8846153846153868,2057.8997613365154,141.98391274949648,2505.0,2505.0,0.36993411060739273,133.26923076923094,7183.770883054893,387.29723158850175,8000.0,8000.0,1.059711548343624,278.84615384615427,124.31343534959902,0.12069626281538952,52.822,8188.0,1
yolo11n_b16_e20_run1_20250727-114026.json,yolo11n.pt,16,20,115W,0.08805704562500409,30.582207999999994,2605.84453125,0.6854,30.582207999999998,13.072231229623197,48.77,14.468,46.53725,1.5947180792178253,34.30200000000001,0.024271184743184748,22.485587999999993,0.08805704562500409,0.029569829951556083,0.11260385000018673,0.3358031119676769,-0.0001466169859663702,190.61901107551333,32.892186243925174,231.7873668840181,0.029775088234773768,24.887,23.506727356227195,65.0,65.0,0.03553379353379355,34.056,13.109,13.34815039621595,37.0,36.0,0.018787512787512794,18.04,68.514,3.51166684068976,75.0,74.0,0.007670827670827656,6.516000000000005,2394.525,312.78139230938916,2655.0,2655.0,0.5970786870786872,538.0799999999999,8176.0,168.0,8200.0,8200.0,0.005472005472008003,0.0,181.70039531120435,0.16831118032308529,119.01,8188.0,0
yolo11n_b16_e20_run1_20250727-132801.json,yolo11n.pt,16,20,65W,0.09991889562512597,26.529750000000064,2144.7546875,0.6854,26.52975,10.595056484414329,86.608,14.485,40.075500000000005,3.264561482863578,72.123,0.0159064480386168,16.34370250896058,0.09991889562512597,0.03119185825508486,0.12848406499997508,0.31217176751142195,-0.00016389697688315045,167.21407936254698,27.650755584946108,201.37564342319797,0.02734439522435631,26.711469534050178,26.295690619420846,76.0,67.0,0.0370839987096308,37.28673835125448,13.271505376344086,13.682351800053857,38.0,35.0,0.018880896099508132,19.10394265232975,75.51433691756273,2.5517529657697104,80.0,79.0,0.005083533189040999,4.917562724014331,2124.3548387096776,203.28746504477058,2490.0,2490.0,0.16446483284189098,136.66666666666652,7612.007168458781,487.29292444467745,8000.0,8000.0,0.7974327989904603,824.3727598566311,160.1298723319414,0.16567645757566823,53.142,8188.0,1
yolo11n_b16_e20_run2_20250727-114117.json,yolo11n.pt,16,20,115W,0.09101655374998359,31.423123203285385,2645.57265625,0.6854,31.42312320328542,12.6772780629533,47.99,14.73,46.818349999999995,1.527219292924468,33.260000000000005,0.022160348373060478,21.83884362139917,0.09101655374998359,0.015075072316595257,0.11675498000013249,0.16563000570209982,-2.3557462791186722e-05,180.1809659416586,27.135045606499858,225.2594548221311,0.022680012524386513,26.694045174537987,23.672665629588057,62.0,61.0,0.035836646475855854,36.34156378600823,14.487679671457906,13.502123650597872,36.0,35.0,0.019590715224828064,20.05349794238683,69.74332648870636,3.443565499487019,76.0,75.0,0.007460339285491101,6.835390946502059,2420.5749486652976,310.2403155903584,2655.0,2655.0,0.5675271827577103,557.4074074074074,8187.679671457906,120.96529979762046,8200.0,8200.0,0.03584378925995148,0.0,175.79219758145243,0.1787515238765113,119.01,8188.0,0
yolo11n_b16_e20_run2_20250727-132858.json,yolo11n.pt,16,20,65W,0.09732662499995967,27.71548605947951,2185.0921875,0.6854,27.715486059479556,11.627593516779015,73.893,14.644,43.8,2.6661267942918254,59.249,0.014876468269038361,16.535475836431225,0.09732662499995967,0.016411542906278775,0.12340388000020534,0.16862336391799856,-0.00010248966541789745,168.75965424349778,26.3837679601424,207.53773337942974,0.024441979962212614,24.356877323420075,24.357905961185303,72.0,67.0,0.029426071142258755,33.17843866171004,11.974907063197026,12.459835938264321,36.0,33.0,0.014126495194642907,16.349442379182154,75.92100371747212,2.47520892362636,81.0,80.0,0.004449286980804287,4.405204460966544,2100.6273234200744,222.60017492797718,2490.0,2490.0,0.05643735311746771,66.24535315985122,7621.74721189591,484.9511484629892,8000.0,8000.0,0.7728305936131328,847.5836431226771,164.39489194253505,0.16859091990016076,53.142,8188.0,1
yolo11n_b16_e5_run1_20250727-112107.json,yolo11n.pt,16,5,115W,0.1019508524999992,22.13683815028905,2523.96796875,0.59674,22.13683815028902,11.255563936417898,46.824,14.268,43.6167,2.115207225264402,32.556,0.04740083898291991,17.30001550387597,0.1019508524999992,0.049618191426908,0.13534248000007656,0.48668736170605725,-0.0018556742120068304,172.0206133580562,37.94663324420789,230.19598371277334,0.048661502684323454,14.606936416184972,21.588720696867696,67.0,58.0,0.0875841858500818,33.02325581395348,7.716763005780347,11.821355236105866,37.0,32.0,0.04615985483037507,17.627906976744185,62.91907514450867,2.693244655559558,69.0,69.0,0.011894604380153422,4.263565891472865,2215.057803468208,300.3557565184792,2655.0,2655.0,1.260676130618327,450.0,8176.878612716763,164.95777092935927,8200.0,8200.0,-0.05201797109311759,0.0,156.9383640024013,0.14105434506727965,118.865,8188.0,0
yolo11n_b16_e5_run1_20250727-130637.json,yolo11n.pt,16,5,65W,0.10924487749989567,20.07887956204378,2066.2296875,0.59674,20.078879562043795,9.488506915500178,42.603,13.125,37.582049999999995,2.121781739282643,29.478,0.03619826070559242,13.323262773722627,0.10924487749989567,0.05552763876263186,0.17038634499976976,0.5082859721517367,-0.0021739796529025865,161.0084785263333,34.19076703203199,202.55506695841467,0.04509414899562724,13.722627737226277,21.059346080269773,63.0,62.0,0.07510443648994809,27.751824817518248,7.186131386861314,11.315241852144323,33.0,33.0,0.038941180356744806,14.255474452554743,65.53467153284672,2.144565888079382,71.0,70.0,0.009316830876726787,3.598540145985396,2073.7226277372265,167.688263517642,2505.0,2505.0,0.3656689954824403,118.68613138686123,7364.963503649635,481.4199254844131,8000.0,8000.0,1.6785965882487754,635.0364963503653,146.4599564406604,0.13709467113066448,47.891,8188.0,1
yolo11n_b16_e5_run2_20250727-112131.json,yolo11n.pt,16,5,115W,0.09412970749998521,23.14492173913046,2580.31796875,0.59674,23.144921739130435,11.795061372122492,46.506,14.326,44.027,2.009339263453792,32.18,0.053818410007279965,16.125460869565217,0.09412970749998521,0.018187691494084158,0.1275446599999895,0.19321946256007452,-0.0009009077204573379,176.21428460946288,33.241692091975146,229.26666628116814,0.03558639726938216,15.923913043478262,21.35814359282119,60.0,56.0,0.09392427473048384,31.02608695652174,8.297826086956523,11.85218727071881,33.0,32.0,0.04980850776602255,16.382608695652173,63.75,2.9319269520528497,71.0,70.0,0.013163804300053318,4.043478260869563,2236.467391304348,304.5154187246039,2655.0,2655.0,1.4021420130817583,420.6521739130435,8173.913043478261,174.99662432607047,8200.0,8200.0,-0.044382555436566364,0.0,169.97821861926548,0.13616404458839995,118.865,8188.0,0
yolo11n_b16_e5_run2_20250727-130705.json,yolo11n.pt,16,5,65W,0.10488735999983874,20.459340909090912,2116.0796875,0.59674,20.45934090909091,9.352989846535014,46.779,13.157,36.813,2.286437290812932,33.622,0.03541175908078392,11.869121212121216,0.10488735999983874,0.019461641776395006,0.13644037499998374,0.1855480181446547,-0.001022063733575292,157.87112596602958,29.278364345079193,206.4303844048424,0.03439443731957126,14.609848484848484,22.304692262991214,61.0,59.0,0.07811125825136721,27.8030303030303,7.1268939393939394,11.434472244222846,32.0,30.0,0.038901509580765485,13.583333333333332,65.9469696969697,2.2989272661046285,71.0,70.0,0.010045529057628143,3.530303030303031,2075.340909090909,153.10571855328922,2460.0,2415.0,0.3084070275577629,93.52272727272748,7403.409090909091,490.58148791102155,8000.0,8000.0,1.65871109266152,568.181818181818,152.54459641299582,0.13412039095570288,47.891,8188.0,1
yolo11n_b1_e10_run1_20250726-150900.json,yolo11n.pt,1,10,115W,0.0546575417968171,18.204311358574603,1106.8740478515624,0.46471,18.204311358574607,1.7604838719545788,19.535,14.303,19.454,1.073097444622568,5.231999999999999,0.0016335139447686859,3.0057040998217524,0.0546575417968171,0.010705089355487635,0.06729587500103662,0.19585749749380477,-3.060415549253365e-06,18.57104499877017,1.8784399691414218,20.534197149137746,0.010231091209416964,24.1728285077951,12.018229333818537,35.0,34.0,0.009303286910851395,18.114081996434937,2.374610244988864,1.2146017309368604,4.0,4.0,0.0008443718408849659,1.6131907308377897,60.42360801781737,1.4082399533360055,62.0,62.0,0.002017421722108889,3.588235294117652,2010.0,0.0,2010.0,2010.0,9.821297128521882e-16,0.0,8200.0,0.0,8200.0,8200.0,-7.646461502776743e-16,0.0,18.29573682104806,0.9950029089635637,115.0,8188.0,0
yolo11n_b1_e10_run1_20250726-162137.json,yolo11n.pt,1,10,65W,0.06199213203125566,18.95959161060545,1042.3698028564454,0.46471,18.95959161060546,2.713546038945663,22.96,12.748,20.7,1.2109965484254852,10.212000000000002,0.0021249564915693914,4.449939778129952,0.06199213203125566,0.012071219389964988,0.07556738499952188,0.19472179766101333,1.6558286683318011e-06,16.400950962628983,1.8276658264538668,18.757520894643996,0.01241811057973995,21.222398100514443,10.386191638806679,32.0,31.0,0.0064492966029719235,13.592709984152139,2.3537791848041154,1.1520222595161538,4.0,3.0,0.0007218270764382333,1.5340729001584785,66.30391768895925,1.8824361804424032,69.0,68.0,0.0023167467766534314,4.613312202852612,2010.0,0.0,2010.0,2010.0,-4.9885540068498725e-17,0.0,7831.420656905421,374.37995162185024,8000.0,8000.0,0.27167801252590984,567.3534072900156,16.13107933593593,1.1753455063833402,53.363,8188.0,1
yolo11n_b1_e10_run1_20250727-112425.json,yolo11n.pt,1,10,115W,0.05584722554685904,18.028365821678268,1189.739028930664,0.46471,18.02836582167832,1.6947531606999504,19.28,14.384,19.195,1.0694258254298703,4.896000000000001,0.0015029093424957683,2.808687062937066,0.05584722554685904,0.009946047297547713,0.06477399000000332,0.17809384799612663,-4.209373292258035e-06,18.13350870355591,1.6832933293709205,19.850931605765247,0.0086169964613152,24.28277972027972,11.945718604272239,34.0,33.0,0.010249885683128228,19.173076923076923,2.423513986013986,1.23267982055933,4.0,4.0,0.0009645780982976054,1.7937062937062935,63.33916083916084,0.7505275501281706,64.0,64.0,0.0008476518447113972,1.5157342657342667,2010.0,0.0,2010.0,2010.0,-7.398219890451169e-16,0.0,8200.0,0.0,8200.0,8200.0,6.085112376607785e-16,0.0,17.90599246798648,1.0068342122845508,115.033,8188.0,0
yolo11n_b1_e10_run1_20250727-131018.json,yolo11n.pt,1,10,65W,0.061547447812495194,18.885050820328146,730.5107788085937,0.46471,18.885050820328132,2.5091572359324514,23.176,13.117,20.6863,1.2272140657971133,10.058999999999997,0.0020807565343511393,4.2605945512820504,0.061547447812495194,0.011394678576666655,0.07433097000057386,0.18513649195301546,-1.8153531527964392e-06,16.504282877773115,1.7907400985195625,18.48772493380547,0.011772584046710983,21.81392557022809,10.618271480413144,31.0,30.0,0.00735769446289325,15.248397435897436,2.3805522208883554,1.1590406745615895,4.0,4.0,0.0007067427771749219,1.5,67.23169267707082,1.7574912478259659,70.0,69.0,0.0022592310583161076,4.294871794871796,2010.0,0.0,2010.0,2010.0,1.015610831041203e-15,0.0,7832.733093237295,373.21399848443735,8000.0,8000.0,0.2752150339719589,567.3076923076915,16.2476274084753,1.1623266798004661,50.918,8188.0,1
yolo11n_b1_e10_run2_20250726-151055.json,yolo11n.pt,1,10,115W,0.05630419570316007,18.43738314855877,1147.3515625,0.46471,18.43738314855876,1.6699525002153364,19.593,14.604,19.5293,1.0626779213801594,4.989000000000001,0.0012981650784823049,2.3349857904085276,0.05630419570316007,0.00718409070780674,0.07074098000030062,0.1275942337526994,1.249286646761553e-06,18.00009104714273,1.9266340644192192,20.109437696613856,0.011456423664774798,24.474057649667404,11.373837649196982,34.0,33.0,0.007203650765232358,13.129662522202487,2.5241685144124166,1.1721893431965493,4.0,4.0,0.0007735238102493879,1.4298401420959148,62.248337028824835,0.849398186290016,63.0,63.0,0.001047543015475101,1.724689165186497,2010.0,0.0,2010.0,2010.0,1.6541476281008902e-15,0.0,8200.0,0.0,8200.0,8200.0,4.659672243953168e-15,0.0,17.76066574633398,1.0381020290505987,115.0,8188.0,0
yolo11n_b1_e10_run2_20250726-162347.json,yolo11n.pt,1,10,65W,0.0639866099219006,19.299432559968526,1082.5576171875,0.46471,19.29943255996854,2.5674846638469484,26.242,13.181,20.937,1.3597290966176871,13.061000000000002,0.0018486842695933183,3.809593700787403,0.0639866099219006,0.008782693302730314,0.08236523499890608,0.13725830003261785,-3.782171273992386e-07,15.879705938059647,1.881273773032033,18.27067390120074,0.014035215662117387,21.191112858828156,9.856323718489211,30.0,29.0,0.00610064686189168,12.748031496062993,2.3991348800629178,1.0875692892867383,4.0,3.0,0.000627889929949083,1.3244094488188973,68.69799449469132,1.2036221013131714,70.0,70.0,0.0014301240433176085,2.925984251968501,2010.0,0.0,2010.0,2010.0,-8.761651411907905e-16,0.0,7836.806920959497,369.54174052978556,8000.0,8000.0,0.26674637442584925,546.4566929133862,15.628269746132176,1.2349052629287336,53.363,8188.0,1
yolo11n_b1_e10_run2_20250727-112624.json,yolo11n.pt,1,10,115W,0.059629015156229315,18.019036480686754,1230.287939453125,0.46471,18.019036480686697,1.5265356081817554,19.21,14.282,19.103,1.0660947393380225,4.928000000000001,0.0012459294555134017,2.316374570446733,0.059629015156229315,0.007916962690263492,0.07455183500046586,0.1327703077020621,-6.032523500467879e-06,17.02183038468842,1.9392794300689815,19.418833329687324,0.012979807887080929,24.166523605150214,10.38063955709135,33.0,32.0,0.008240431194157022,15.597938144329898,2.4699570815450644,1.1153238132750665,4.0,4.0,0.0007583692146869247,1.443298969072165,63.1206008583691,0.676113343089105,64.0,64.0,0.0008267310710658896,1.5171821305841888,2010.0,0.0,2010.0,2010.0,-9.266828671534575e-16,0.0,8200.0,0.0,8200.0,8200.0,-3.37574749729171e-15,0.0,16.7703591511612,1.0744573994075193,115.033,8188.0,0
yolo11n_b1_e10_run2_20250727-131221.json,yolo11n.pt,1,10,65W,0.05958252976563046,19.379059657905703,770.8125,0.46471,19.379059657905714,2.489763397543711,26.924,13.595,21.008,1.3893346981372399,13.328999999999999,0.0020289758045655215,3.946248747913188,0.05958252976563046,0.006323432363217422,0.06976538999988406,0.10612896746900173,-2.0731235656867535e-06,16.946972510757192,1.5759425328974341,18.677346883146686,0.00864761813446768,22.763037129745516,10.591189833141593,31.0,30.0,0.007650175340154548,15.18196994991653,2.5219023779724656,1.0850560978898645,4.0,4.0,0.0006792637923348037,1.3756260434056764,69.25448477263245,1.3269713082889905,71.0,71.0,0.0017063398599308232,3.2370617696160338,2010.0,0.0,2010.0,2010.0,-3.5209210674592957e-16,0.0,7835.627868168544,370.6129168129984,8000.0,8000.0,0.2919241274382971,564.2737896494164,16.78344313229948,1.154653398897095,50.918,8188.0,1
yolo11n_b1_e1_run1_20250726-100254.json,yolo11n.pt,1,1,115W,0.06001542187501663,15.875825745682883,1145.568359375,0.4819,15.875825745682889,1.846342417552509,19.129,14.367,19.081,1.2049137037928088,4.7620000000000005,0.0058602967810143175,2.139226415094342,0.06001542187501663,0.06553561303878666,0.07316155499999012,1.0919795444455251,-0.0003448934964973284,18.713954726277997,2.8633210496021255,21.027528488057524,0.023410405859824818,9.226059654631083,13.247875183423274,34.0,33.0,0.033220381254585166,11.371069182389936,1.58712715855573,0.9594726792020992,4.0,4.0,0.0018429846016052894,0.509433962264151,58.142857142857146,0.9913281768214427,60.0,60.0,0.0049448645972486015,2.308176100628934,2010.0,0.0,2010.0,2010.0,-1.3141450259191202e-15,0.0,8200.0,0.0,8200.0,8200.0,-3.388021657793616e-15,0.0,16.662383913296836,0.9527943797414086,115.0,8188.0,0
yolo11n_b1_e1_run1_20250726-100755.json,yolo11n.pt,1,1,65W,0.061272562499976146,15.02975425038636,1154.26171875,0.4819,15.029754250386398,3.1504150468514207,21.061,12.058,19.532,1.4012870502828445,9.003,0.01026045363507263,3.870155279503104,0.061272562499976146,0.029313277202636302,0.0840185750000728,0.4784078877498834,-0.00019348684478599423,17.309176136132805,2.7222867903869026,19.611203250462168,0.024735173275337044,9.905718701700154,12.658958306702212,31.0,31.0,0.03624425718659165,12.732919254658386,1.7264296754250386,0.9650604425259247,4.0,4.0,0.0018642931742687211,0.5093167701863355,55.36630602782071,1.4000361396342802,58.0,57.0,0.006649594407572438,2.9068322981366492,2010.0,0.0,2010.0,2010.0,1.469576201272552e-15,0.0,7377.125193199382,484.66667087154934,8000.0,8000.0,1.5731538238369018,627.3291925465837,16.320518666089562,0.9209115566660803,53.139,8188.0,1
yolo11n_b1_e1_run1_20250726-150412.json,yolo11n.pt,1,1,115W,0.06234136015629588,15.569720588235311,1086.5322265625,0.4819,15.569720588235294,1.9700696983542259,18.743,13.729,18.666,1.2038109414861613,5.013999999999999,0.006262021617664996,2.0420065359477135,0.06234136015629588,0.031270316975189165,0.08492019999775947,0.5015982470833397,-0.00024785689176040366,17.075572333332545,2.7820897480328806,19.824621656187684,0.02654555033791711,10.34640522875817,13.37264804875196,33.0,32.0,0.0351705997997141,10.215686274509803,1.1519607843137254,1.3736952496769457,4.0,4.0,0.0030973432564328197,0.7320261437908497,55.08496732026144,1.3020733211200348,57.0,57.0,0.006526698968515513,2.647058823529413,2010.0,0.0,2010.0,2010.0,1.6600630849849113e-15,0.0,8200.0,0.0,8200.0,8200.0,-2.069920556116844e-15,0.0,16.04071514469531,0.9706375587240724,117.884,8188.0,0
yolo11n_b1_e1_run1_20250726-161610.json,yolo11n.pt,1,1,65W,0.06664070703121183,15.23567267267264,1019.03125,0.4819,15.235672672672674,2.963651380555654,22.87,12.388,19.606,1.501082393363607,10.482000000000001,0.007878074130989775,2.8550662650602465,0.06664070703121183,0.03123389949613194,0.091787684999872,0.46869099815377463,-0.0002308857990189421,15.953215816544313,2.6899851451654984,18.92499746168492,0.028431729762941386,9.752252252252251,11.800017917583334,29.0,29.0,0.0337711453153732,12.463855421686748,1.5495495495495495,0.892801429036147,3.0,3.0,0.0017738742902476815,0.47590361445783125,59.2042042042042,1.2629082625519417,61.0,61.0,0.005644119618711259,2.548192771084338,2010.0,0.0,2010.0,2010.0,-1.7147189567490152e-15,0.0,7423.423423423424,494.10123246133645,8000.0,8000.0,1.3696057884489818,548.1927710843374,15.005843193284852,1.0153159990030176,53.745,8188.0,1
yolo11n_b1_e1_run1_20250727-111427.json,yolo11n.pt,1,1,115W,0.06417803046876358,15.053236507936512,1167.78759765625,0.4819,15.053236507936509,1.9574968117147777,18.386,12.147,18.224,1.2213984673864893,6.238999999999999,0.006358475773913449,2.2494649681528642,0.06417803046876358,0.06241930057902041,0.07904260000022986,0.9725960756835758,-0.0003711447660109555,17.35267336620192,2.817102199812734,19.80613691745009,0.026355570497326727,10.53968253968254,13.502645709973295,33.0,32.0,0.03809451822875893,12.719745222929937,1.1555555555555554,1.4369033920290852,4.0,4.0,0.003739898323658927,1.1847133757961783,54.27936507936508,1.7812211550576738,57.0,57.0,0.009244669298738507,4.197452229299358,2010.0,0.0,2010.0,2010.0,7.94510981463084e-16,0.0,8161.9047619047615,210.38782889880497,8200.0,8200.0,0.14166972309976497,76.43312101910851,15.581656100941196,0.9660870712598538,115.0,8188.0,0
yolo11n_b1_e1_run1_20250727-125939.json,yolo11n.pt,1,1,65W,0.06358965234369407,14.415993883792023,708.5078125,0.4819,14.415993883792048,2.6817687086492787,19.866,12.026,18.66335,1.3780527489218355,7.84,0.007280197619374221,2.538705521472391,0.06358965234369407,0.029654651051029435,0.08462492000007842,0.46634397198383437,-0.00022008396899520635,16.601376549963334,2.4552919038884276,18.819358056587447,0.021873489045842187,9.787461773700306,12.665748630011196,31.0,31.0,0.034507909375905914,11.460122699386503,1.2935779816513762,1.4118507966684788,4.0,4.0,0.003169262907318354,0.8159509202453987,54.46177370030581,1.3861174642249579,57.0,56.0,0.006706600800691823,3.049079754601223,2010.0,0.0,2010.0,2010.0,-1.3215167432491396e-15,0.0,7426.605504587156,494.58391405614276,8000.0,8000.0,1.4402328052837092,570.5521472392638,15.72582901688353,0.9167080392591548,51.895,8188.0,1
yolo11n_b1_e1_run2_20250726-150439.json,yolo11n.pt,1,1,115W,0.056956797656226854,15.910043809523797,1144.13671875,0.4819,15.910043809523808,2.003150165776933,18.846,14.036,18.786,1.1845347646823396,4.8100000000000005,0.007081485667845653,1.9903664122137368,0.056956797656226854,0.008594097979194361,0.07535364000123082,0.15088801219242712,-7.120858273074983e-05,17.890688698207637,2.2334928516124624,20.20630027977152,0.01558529459378675,13.043809523809523,15.032535659185088,34.0,33.0,0.05262514978998305,15.48854961832061,1.3904761904761904,1.6590027876507942,4.0,4.0,0.0058956508037865275,1.6870229007633588,56.542857142857144,0.5661662456267371,58.0,57.0,0.0030874358857408326,1.091603053435115,2010.0,0.0,2010.0,2010.0,3.136203732813207e-16,0.0,8200.0,0.0,8200.0,8200.0,-7.216773406477594e-16,0.0,17.557166855406486,0.9061851459607516,117.884,8188.0,0
yolo11n_b1_e1_run2_20250726-161640.json,yolo11n.pt,1,1,65W,0.06039064374991199,15.676691228070162,1080.625,0.4819,15.676691228070176,3.224978995078105,21.189,12.565,19.928,1.3516245036490648,8.624,0.010741788095766123,3.548295774647883,0.06039064374991199,0.009650017036312368,0.07986520000031305,0.1597932467200506,-8.449986380577122e-05,16.920016093976862,2.285682543700191,19.387306633591468,0.018248630574069835,10.238596491228071,12.660170370877195,31.0,28.0,0.039047470784847965,11.633802816901408,1.6,0.8733882398703682,3.0,3.0,0.0024196021403250665,0.6056338028169014,61.01754385964912,1.096905185017573,63.0,63.0,0.005434498591546031,2.1197183098591523,2010.0,0.0,2010.0,2010.0,-1.5181915742291078e-15,0.0,7447.368421052632,497.2222007287154,8000.0,8000.0,1.4064613764180285,464.788732394366,16.558856437119157,0.9467254751317554,53.745,8188.0,1
yolo11n_b1_e1_run2_20250727-111455.json,yolo11n.pt,1,1,115W,0.05721614843748668,15.498817142857135,1230.84912109375,0.4819,15.498817142857142,1.957854405037609,18.365,13.647,18.301,1.1849291356059246,4.717999999999998,0.00661376508784226,1.8211297709923695,0.05721614843748668,0.008364401266106965,0.07479214000015871,0.1461895198214147,-6.812524320196028e-05,17.793303233053567,2.1794395444590995,20.091087228165776,0.015002944169165809,11.8,13.869184753051844,31.0,31.0,0.04390055189056728,12.427480916030534,1.1676190476190476,1.4137080750784266,4.0,3.0,0.004135820641785291,1.0916030534351147,56.396190476190476,0.4891048791071706,57.0,57.0,0.001685111393990173,0.4961832061068705,2010.0,0.0,2010.0,2010.0,3.136203732813207e-16,0.0,8200.0,0.0,8200.0,8200.0,-7.216773406477594e-16,0.0,17.477583292636023,0.8867826222511771,115.0,8188.0,0
yolo11n_b1_e1_run2_20250727-130010.json,yolo11n.pt,1,1,65W,0.062465531249955575,14.833509466437183,769.2734375,0.4819,14.833509466437178,2.870103113405496,20.142,12.227,18.754,1.3578715168904567,7.914999999999999,0.008861455878870723,2.8752758620689676,0.062465531249955575,0.01103843234294057,0.08691934000034962,0.17671237436163517,-0.00010498182566993058,16.408555137161063,2.2926506040721604,18.80676913661279,0.019522483598520372,11.796901893287435,13.188950835327068,32.0,31.0,0.042862404878260686,14.386206896551725,1.2409638554216869,1.4155912385401401,4.0,4.0,0.004187283897664703,1.2413793103448276,56.33562822719449,1.2635172718282837,58.0,58.0,0.0061755324584100955,2.344827586206897,2010.0,0.0,2010.0,2010.0,-3.292221146191668e-15,0.0,7437.177280550774,496.0376053496388,8000.0,8000.0,1.5709580488425579,544.8275862068967,16.008828869132707,0.9265830491222437,51.895,8188.0,1
yolo11n_b1_e20_run1_20250727-113357.json,yolo11n.pt,1,20,115W,0.056515537304687766,18.460237509051396,1193.010693359375,0.51167,18.46023750905141,1.2996646716826459,19.425,14.398,19.3069,1.0522616510473144,5.027000000000001,0.0003056697497209154,0.9655739130434782,0.056515537304687766,0.008749327256910596,0.07080031000009512,0.1548127767014058,1.4642355865033328e-06,17.938200663043055,1.8615255149310315,20.048067246940292,0.010769120357012383,26.625874969828626,9.666114488169024,36.0,34.0,0.001807320553909332,5.266666666666666,2.6915278783490226,1.0265334136164648,4.0,4.0,0.000148555886985027,0.4396135265700485,64.02413709872073,0.43711092906489046,65.0,65.0,8.829897623837558e-05,0.2415458937198096,2010.0,0.0,2010.0,2010.0,1.3087911475234896e-16,0.0,8200.0,0.0,8200.0,8200.0,-3.450906737858238e-15,0.0,17.694249186887824,1.0432902415961907,120.157,8188.0,0
yolo11n_b1_e20_run1_20250727-132045.json,yolo11n.pt,1,20,65W,0.06156366101563506,20.18255779450835,733.5364456176758,0.51167,20.182557794508416,2.002420766367347,26.028,13.904,21.459,1.2896284140497842,12.123999999999999,0.0005920262350780394,2.0014614703277225,0.06156366101563506,0.009613321071870575,0.0749554599986367,0.15615252428586274,-6.836511425592704e-08,16.458650626193155,1.677469623995726,18.47164500957558,0.010387735347602617,23.937998228520815,8.570329059687067,31.0,30.0,0.001665939120862713,5.970770593445529,2.5938883968113373,0.9896711167568647,4.0,4.0,0.00016843004632616183,0.5500442869796278,72.06089459698849,1.1940075860525203,74.0,73.0,0.0007724910973779065,2.6271036315323357,2010.0,0.0,2010.0,2010.0,1.5753488721651002e-16,0.0,7907.440212577502,289.8145496257905,8000.0,8000.0,0.07016473435776707,235.6067316209037,16.24334848679701,1.2425121464895754,53.242,8188.0,1
yolo11n_b1_e20_run2_20250727-113724.json,yolo11n.pt,1,20,115W,0.05629638578124876,18.513446402349533,1230.240234375,0.51167,18.513446402349484,1.2664796693023812,21.802,14.286,19.306,1.1776305462624816,7.516,0.0003151869008851985,0.9473183153770819,0.05629638578124876,0.00695306601995931,0.07058912500015135,0.123508213244397,2.015389230120555e-07,17.98956019025405,1.8704737672856115,20.076477325674762,0.010810907510028153,27.02447381302007,8.96640208108368,34.0,33.0,0.001870028789965049,5.50146914789422,2.7591776798825256,0.9571114712153251,4.0,4.0,0.00018900285014843246,0.6082272282076393,63.79833578071464,0.5183440355918939,65.0,64.0,0.00021860398526214462,0.714985308521058,2010.0,0.0,2010.0,2010.0,3.6317687226996775e-16,0.0,8200.0,0.0,8200.0,8200.0,6.126323808541687e-16,0.0,17.763129659614503,1.0422401208071412,120.157,8188.0,0
yolo11n_b1_e20_run2_20250727-132433.json,yolo11n.pt,1,20,65W,0.0612132292187475,20.52115331244408,770.6872329711914,0.51167,20.52115331244405,1.9507506903852974,27.099,14.26,21.6296,1.3205398150584031,12.839,0.0005081959220546646,1.7067018800358085,0.0612132292187475,0.006768528632625259,0.07471612000035747,0.11057297121897781,-1.2464747150505453e-06,16.508826309919904,1.5898596556176594,18.355983242581548,0.009274386291962916,23.816248880931067,8.452618749640733,31.0,30.0,0.0016921056877386446,5.258728737690241,2.618845120859445,0.9558158735184032,4.0,4.0,0.0001610329316443544,0.5210384959713519,73.3601163831692,0.9047735660332198,74.0,74.0,0.0005367648013630731,1.8021486123545287,2010.0,0.0,2010.0,2010.0,-1.3325934076143203e-16,0.0,7909.355416293643,287.1030183593647,8000.0,8000.0,0.06276763702359865,208.59444941808397,16.33633795770628,1.256166061547699,53.242,8188.0,1
yolo11n_b1_e5_run1_20250727-111829.json,yolo11n.pt,1,5,115W,0.05766451046874863,17.287789514263647,1188.9694396972657,0.49867,17.287789514263686,1.8097992871963207,18.873,13.854,18.804,1.0916953832893674,5.019000000000002,0.0030480540477894054,3.45582098765432,0.05766451046874863,0.013898046535226598,0.07402304000006552,0.2410155990617256,-1.9680425737229377e-05,17.714696439945484,2.044494077848553,19.955123501511203,0.013320001830675212,22.04857363145721,12.935220245206324,34.0,33.0,0.02205272145682217,24.858024691358025,2.318427139552814,1.368634657617917,4.0,4.0,0.002138917015816768,2.45679012345679,59.40169622205089,0.9839562129871101,61.0,61.0,0.0024371207512223314,2.4290123456790127,2010.0,0.0,2010.0,2010.0,-1.8059547795018947e-15,0.0,8200.0,0.0,8200.0,8200.0,-5.39141890813587e-15,0.0,17.34168888058022,0.9968919194267789,119.342,8188.0,0
yolo11n_b1_e5_run1_20250727-130344.json,yolo11n.pt,1,5,65W,0.06006511093749509,17.246028901734118,729.4609375,0.49867,17.246028901734103,2.7889402778550396,23.128,12.321,19.438,1.3410623472673444,10.807,0.0045012853629624715,5.533205202312141,0.06006511093749509,0.015186861125536555,0.07575619500075845,0.25283997462920355,-1.5388659541273594e-05,16.968098748113594,1.7307498211783054,18.7486301868773,0.01040404507103908,20.078757225433527,12.176579417750416,31.0,31.0,0.01903234313560446,23.52312138728324,2.2044797687861273,1.2280242324509119,4.0,4.0,0.001645122184781614,2.1098265895953756,59.88728323699422,1.9639850121294946,63.0,62.0,0.004690447460505436,5.005780346820806,2010.0,0.0,2010.0,2010.0,1.1188466052419445e-15,0.0,7763.005780346821,425.2387088496999,8000.0,8000.0,0.6319918886746942,809.2485549132944,16.648599900874554,1.0358846392139065,53.589,8188.0,1
yolo11n_b1_e5_run2_20250727-111933.json,yolo11n.pt,1,5,115W,0.05707280984374421,17.800144810941255,1229.5611877441406,0.49867,17.800144810941273,2.2984614322844616,27.172,14.011,18.9927,1.5265044351379715,13.161000000000001,0.0020256067839821853,1.8353903225806434,0.05707280984374421,0.007985160303109418,0.07223364499998294,0.13991181308527562,6.52435702582188e-06,17.78656797167517,1.959987231868382,20.035210666030686,0.012142893098768294,22.27192276749799,12.478270416453997,34.0,33.0,0.017145632642070186,17.97741935483871,2.3467417538213997,1.3272181009359816,4.0,4.0,0.0017736055526994152,1.835483870967742,60.70555108608206,0.9859151681713172,62.0,62.0,0.0022742203255608747,2.219354838709677,2030.2373290426387,112.44344243094827,2655.0,2010.0,-0.05344060669569168,-81.14516129032245,8200.0,0.0,8200.0,8200.0,-5.598130330364831e-16,0.0,17.521478314066407,1.0159042799859606,119.342,8188.0,0
yolo11n_b1_e5_run2_20250727-130455.json,yolo11n.pt,1,5,65W,0.06200736671873983,17.724668125455864,770.0140625,0.49867,17.72466812545587,2.6860212691271754,23.735,12.689,19.721,1.3390941839927706,11.046,0.003866421681287539,4.682327485380116,0.06200736671873983,0.007748918156778148,0.07884515499954431,0.12496770249777878,2.6584174452314423e-06,16.349818869692164,1.8035611074189306,18.558035247784396,0.012168465958282271,20.02990517870168,11.5147377700794,31.0,30.0,0.015881131295359105,19.666666666666668,2.237782640408461,1.2524178976067415,4.0,3.0,0.0016851497286109129,2.073099415204678,62.93946024799416,1.4172983619087518,65.0,65.0,0.0032397190262281645,3.4824561403508696,2010.0,0.0,2010.0,2010.0,-1.0055686672109073e-15,0.0,7770.240700218818,420.6779812935813,8000.0,8000.0,0.6304852733334525,763.1578947368425,16.127116065675153,1.0990599964231007,53.589,8188.0,1
yolo11n_b2_e1_run1_20250726-100323.json,yolo11n.pt,2,1,115W,0.06565030312501818,16.16443813387424,1220.8193359375,0.55542,16.16443813387424,2.135086842324192,20.876,14.571,20.535800000000002,1.2914769958042773,6.3050000000000015,0.007116756943410962,1.6705447154471518,0.06565030312501818,0.04032176291648496,0.08522998000012194,0.6141900493543806,-0.0007035013232608343,33.61492368171883,6.802501815002222,41.318623244991535,0.040951807349767035,7.626774847870182,12.839256372658667,34.0,34.0,0.03606429581635741,9.284552845528454,1.843813387423935,1.5159554594491749,5.0,5.0,0.0037665662315770248,0.845528455284553,58.49290060851927,0.6698750331972745,60.0,60.0,0.0016353166709763259,0.3658536585365795,2010.0,0.0,2010.0,2010.0,1.205094451278682e-15,0.0,8200.0,0.0,8200.0,8200.0,1.0943093241726861e-16,0.0,30.464444256889273,0.5306001316672235,115.717,8188.0,0
yolo11n_b2_e1_run1_20250726-100828.json,yolo11n.pt,2,1,65W,0.07182245312499447,14.903959633027519,1230.1328125,0.55542,14.903959633027524,3.3774147523482636,29.13,12.222,21.241999999999997,1.9545141504172647,16.908,0.009679126438860673,2.699536764705881,0.07182245312499447,0.04468564801504839,0.09377258999979858,0.6221682227600999,-0.0007446509065921054,30.73527404133951,6.095999971568652,37.553322711344,0.039338313148641675,7.620183486238532,12.435402110684086,34.0,34.0,0.04221947776993648,14.0,1.8825688073394495,1.470495394070021,5.0,5.0,0.004326737752263928,1.3014705882352944,56.78532110091743,1.0243660548482623,59.0,59.0,0.004372475878142362,1.580882352941174,2010.0,0.0,2010.0,2010.0,3.2329971920461423e-15,0.0,7352.293577981652,477.6848468337022,8000.0,8000.0,1.51106314085268,522.0588235294117,27.846445129343444,0.5352194710599644,54.382,8188.0,1
yolo11n_b32_e10_run1_20250726-151421.json,yolo11n.pt,32,10,115W,0.14870911250000063,26.1345763195435,3649.75234375,0.62894,26.13457631954351,14.349696707773594,51.967,14.883,49.375,1.988438586667997,37.084,0.04852323138582768,22.713828571428568,0.14870911250000063,0.04427535954470122,0.16756005499973978,0.2977313145130971,-0.001438138001898005,222.9494415472837,27.43046259279163,239.33843615333245,0.015137476630931469,18.55064194008559,26.06853285930569,75.0,75.0,0.07590203424725538,35.61714285714286,12.039942938659058,18.474908055833303,54.0,53.0,0.04949980753119127,23.24,66.65620542082739,3.579172894839621,76.0,74.0,0.012168627061637067,5.965714285714284,2252.3537803138374,309.95643304939637,2655.0,2655.0,1.0896793173540682,516.1714285714284,8200.0,0.0,8200.0,8200.0,-1.9071973606749084e-15,0.0,215.18519922576948,0.12145155156383894,115.0,8188.0,0
yolo11n_b32_e10_run1_20250726-162737.json,yolo11n.pt,32,10,65W,0.17608032500038462,21.975517197452213,3585.990625,0.62894,21.975517197452227,9.40434645629809,38.456,13.797,36.499,1.7499474371624106,24.659000000000002,0.028652758133447392,14.891877551020409,0.17608032500038462,0.04924676544491497,0.20099544999920888,0.27968352196537233,-0.001267438161347453,188.23690700639824,24.361776413191727,205.20518039542094,0.01674975078657311,19.319745222929935,27.171424291418006,79.0,76.0,0.07844952732879994,43.80612244897959,11.197452229299364,16.487725405593878,47.0,46.0,0.04656109003624788,26.418367346938773,71.09171974522293,2.130576961523142,77.0,75.0,0.00630629312064219,3.1224489795918373,2040.592356687898,190.57606119556425,2505.0,2490.0,0.12209771349586437,69.79591836734699,7425.477707006369,494.4152382835419,8000.0,8000.0,1.4360482365747482,750.0,181.73523930018928,0.12092050656809147,49.502,8188.0,1
yolo11n_b32_e10_run1_20250727-112948.json,yolo11n.pt,32,10,115W,0.1491738874999328,26.214638328530263,3731.76796875,0.62894,26.214638328530256,14.337027916306091,50.198,14.44,49.246,1.9148843242047653,35.758,0.04985157777142936,22.991774566473985,0.1491738874999328,0.042554584802861055,0.17075783000022965,0.2852683235387308,-0.0013927611538444612,222.01213873109776,27.872945166954185,241.21749703973973,0.015762034716108077,17.02449567723343,24.595183087054185,74.0,65.0,0.0702159242702025,29.83236994219653,11.038904899135447,17.359811050899843,52.0,47.0,0.04556301064915498,18.85549132947977,65.77521613832853,3.3526912321227567,74.0,72.0,0.01040738126965395,4.7398843930635834,2256.8083573487033,313.07875631140746,2655.0,2655.0,1.1135688477549857,521.965317919075,8200.0,0.0,8200.0,8200.0,3.0538619802198945e-15,0.0,214.51475547296718,0.1222043596522375,115.0,8188.0,0
yolo11n_b32_e10_run1_20250727-131609.json,yolo11n.pt,32,10,65W,0.17226159750025544,22.132486451612895,3270.7796875,0.62894,22.132486451612902,9.609241240470466,38.503,13.814,36.44089999999999,1.7396599376295607,24.689,0.030695072118545073,15.903191709844558,0.17226159750025544,0.04681040836770961,0.18722689499991246,0.27174024301986516,-0.0011514601407191355,191.55975945397955,22.363618038855886,209.3594852161299,0.013629363238112147,17.05032258064516,25.581471052038122,76.0,74.0,0.0605123445809906,26.55440414507772,9.655483870967743,15.678010661887432,48.0,45.0,0.034296950526291364,14.580310880829016,70.56645161290322,2.458514563829532,77.0,75.0,0.008223189818072999,4.647668393782382,2018.8645161290322,243.24977412499823,2505.0,2505.0,0.0020193192628063152,-50.75129533678751,7427.096774193548,494.65656739500946,8000.0,8000.0,1.3394585759842002,689.1191709844561,185.76398027396993,0.11914304602523741,51.37,8188.0,1
yolo11n_b32_e10_run2_20250726-151455.json,yolo11n.pt,32,10,115W,0.1432964824998635,27.43738364779871,3729.19296875,0.62894,27.43738364779874,14.755912294471072,52.502,14.755,49.537749999999996,1.9135206430009648,37.747,0.05427945878007219,22.39569182389937,0.1432964824998635,0.01006713157214766,0.16328228499951364,0.07025386385291943,-0.0003167880581708579,224.30641684589781,14.185314516089603,238.95093911213277,0.003999397245037948,19.385220125786162,26.121770393171232,76.0,72.0,0.0848133953191576,37.50943396226415,12.334905660377359,18.21895416945868,53.0,51.0,0.05463418513697608,24.49056603773585,67.0251572327044,3.506866015690852,76.0,75.0,0.01232382236690666,5.4088050314465335,2275.801886792453,315.5521790960871,2655.0,2655.0,1.2327908524185915,521.5094339622642,8200.0,0.0,8200.0,8200.0,6.064597059707436e-15,0.0,223.31322752483115,0.1228650176790259,115.0,8188.0,0
yolo11n_b32_e10_run2_20250726-162815.json,yolo11n.pt,32,10,65W,0.16601181250007357,22.755518828451894,3665.478125,0.62894,22.755518828451883,10.01814288272448,46.615,13.905,37.4224,2.0485140484564965,32.71,0.030745641190388657,14.142329608938551,0.16601181250007357,0.010633622211192783,0.18984781999879485,0.06405340711034084,-0.00045535098499836134,193.4751688209878,11.239197518062104,206.08333599315142,0.003374583188444918,20.094839609483962,28.964450651502307,81.0,80.0,0.07522271718909923,30.01675977653631,11.661087866108787,17.600107944366915,48.0,48.0,0.04275376327150152,16.592178770949722,71.67224546722454,2.1948264529829604,78.0,76.0,0.007105274586595284,3.603351955307261,2022.44769874477,242.02806898521627,2490.0,2490.0,0.1427592065542846,55.391061452513895,7425.383542538354,494.4010358766195,8000.0,8000.0,1.5724315697639735,743.0167597765367,192.75736779264318,0.11805265390908905,49.502,8188.0,1
yolo11n_b32_e10_run2_20250727-113021.json,yolo11n.pt,32,10,115W,0.14220405749999826,27.466062893081773,3812.06796875,0.62894,27.466062893081762,14.99850920020883,52.516,14.479,49.711,1.9120323216483965,38.037,0.054656217734342406,22.55579245283019,0.14220405749999826,0.008818717964653873,0.1603195049995065,0.062014531228505775,-0.0004676509849850748,225.8095647159602,12.628428816498275,237.755761445113,0.0031276199448546363,20.14308176100629,26.713598036627292,72.0,71.0,0.0820878444517471,35.59748427672956,12.970125786163521,18.940175279200016,52.0,51.0,0.05504214782606872,24.050314465408807,66.44339622641509,3.77074185353804,76.0,74.0,0.013146791235379224,5.238993710691815,2285.4716981132074,318.453314239225,2655.0,2655.0,1.208061204665405,505.566037735849,8200.0,0.0,8200.0,8200.0,6.064597059707436e-15,0.0,225.02874082900476,0.12205579959207404,115.0,8188.0,0
yolo11n_b32_e10_run2_20250727-131648.json,yolo11n.pt,32,10,65W,0.16561576499984768,23.068664364640895,3351.0796875,0.62894,23.068664364640885,10.91377180746994,71.038,13.993,41.663700000000006,3.0794153869127077,57.044999999999995,0.03274969846064335,15.61079558011049,0.16561576499984768,0.014093742906149169,0.20268277999884957,0.08509904178604091,-0.0005959717073366963,194.41826571956773,14.175715137344891,207.8132441556579,0.005316377672026884,19.834254143646408,28.28002512602811,82.0,80.0,0.07113533579602993,31.40331491712707,11.346685082872929,17.071833205936745,48.0,47.700000000000045,0.04007631566257632,17.524861878453038,71.4792817679558,2.4310063244130196,78.0,76.0,0.008202550337586484,4.165745856353595,2058.004143646409,259.52993788166975,2505.0,2505.0,0.2298479299356747,66.96132596685084,7432.32044198895,495.39830180111534,8000.0,8000.0,1.555419763811958,740.3314917127072,193.21832073190274,0.11939170300858522,51.37,8188.0,1
yolo11n_b32_e1_run1_20250726-150642.json,yolo11n.pt,32,1,115W,0.22855010000148468,16.626254854368938,3030.29296875,0.58293,16.62625485436893,5.479520397976941,41.563,14.242,30.723249999999993,2.4998413872549516,27.321,0.016958701272494804,6.08541747572815,0.22855010000148468,0.1107338449203124,0.38312603000103984,0.4845057819689996,-0.07859661999937091,165.02785844565773,51.82152948759939,203.34820417190375,0.09860658671249967,5.652912621359223,13.765315081160585,60.0,30.0,0.03399791312154429,13.631067961165048,3.2184466019417477,9.26371193161807,42.0,15.0,0.025037050586297547,9.990291262135923,58.33009708737864,1.514578665590982,67.0,60.0,0.002855773568368122,0.7184466019417499,2082.0145631067962,203.13368973269982,2655.0,2655.0,0.5905649826187838,225.4368932038833,8170.873786407767,184.67030078618282,8200.0,8200.0,-0.1811991160365931,0.0,140.0130649682154,0.11874788155050597,117.802,8188.0,0
yolo11n_b32_e1_run1_20250726-161859.json,yolo11n.pt,32,1,65W,0.2542790999996214,15.754636956521738,2982.015625,0.58293,15.754636956521738,5.736070961444007,47.455,12.907,29.856599999999993,3.012129072282791,34.548,0.014707039319862012,5.046434782608692,0.2542790999996214,0.1095559025894951,0.4069658199998229,0.43084902608849185,-0.07450546000036416,143.73492367870307,41.59774666081743,173.0852658540046,0.0837558221189329,5.541304347826087,15.285558346061512,63.0,45.0,0.04391992893859734,17.28695652173913,3.034782608695652,8.628497208852524,39.0,20.0,0.022814975907053062,8.886956521739132,63.51521739130435,0.9381914589307377,67.0,66.0,0.004009532386628744,1.6347826086956516,2064.6195652173915,137.13852425410437,2505.0,2445.0,0.4498014805280809,210.2608695652175,7230.434782608696,421.11114159183535,8000.0,8000.0,0.6726422846167059,252.17391304347893,125.84597003862152,0.12518984081641008,51.867,8188.0,1
yolo11n_b32_e1_run1_20250727-111657.json,yolo11n.pt,32,1,115W,0.23203477499998826,16.18726213592233,3113.16796875,0.58293,16.18726213592233,5.3175820655179145,39.841,13.843,30.021649999999962,2.461256243672359,25.998,0.016865945599426727,6.0247961165048505,0.23203477499998826,0.10634203984970858,0.3801701800002319,0.45830216548236774,-0.07460539000007883,159.98239183107236,48.27063928999029,194.60247713223546,0.09103779500303284,5.890776699029126,12.931868229362415,42.0,38.0,0.04528236261683784,15.019417475728154,3.1553398058252426,7.390964414852733,24.0,21.0,0.025859996571630368,8.844660194174757,57.672330097087375,1.3624333626768474,64.0,61.0,0.005548450773296302,1.825242718446603,2076.589805825243,183.9486240879387,2655.0,2655.0,0.5961335094305035,247.5728155339807,8200.0,0.0,8200.0,8200.0,-7.365448910463165e-15,0.0,137.91036278937767,0.11737524148670524,120.806,8188.0,0
yolo11n_b32_e1_run2_20250726-150701.json,yolo11n.pt,32,1,115W,0.16769625000051747,17.210614130434784,3063.29296875,0.58293,17.210614130434784,6.280862138188575,44.765,14.351,34.31884999999993,2.601011193484304,30.414,0.023431658821682463,4.734923913043481,0.16769625000051747,0.007185692315477571,0.17681736500107945,0.042849451406667696,-0.0035205000000132648,191.1695141881141,8.134178193706665,200.79158671956824,0.0018104648245324175,5.266304347826087,14.193911563504608,64.0,46.849999999998886,0.04039083335982038,5.945652173913043,2.529891304347826,9.917550209708962,45.0,29.599999999999,0.018127620412562377,0.39130434782608703,58.71467391304348,1.693209552689646,66.0,63.249999999999886,0.006243360176760364,1.0978260869565233,2109.211956521739,213.3208026823488,2655.0,2655.0,0.9427850705470745,263.641304347826,8200.0,0.0,8200.0,8200.0,3.4179700801954144e-14,0.0,190.82120202390487,0.09019235780874468,117.802,8188.0,0
yolo11n_b32_e1_run2_20250726-161921.json,yolo11n.pt,32,1,65W,0.18907137499991222,15.621485294117656,2998.765625,0.58293,15.621485294117647,6.174805920168222,39.599,12.741,34.769,2.5349062047839466,26.857999999999997,0.01721614253794606,4.038696078431375,0.18907137499991222,0.003142495672739902,0.19198634999829664,0.01662068450468169,-0.0010350699994887697,169.29568689492527,2.8540416900585246,173.2430662055162,0.00028420311768017606,6.142156862745098,15.813384355023686,63.0,42.0,0.049725588198189966,12.245098039215687,3.575980392156863,9.342298470157003,40.0,20.0,0.027262638473626546,6.254901960784314,63.51960784313726,1.0311842816313597,68.0,66.0,0.0033946777079237565,0.9803921568627416,2049.3382352941176,111.49520041029957,2370.0,2370.0,0.333669803323191,133.52941176470586,7183.823529411765,387.34021150193894,8000.0,8000.0,1.1992596128940134,382.3529411764712,169.24825347049418,0.09229924075311667,51.867,8188.0,1
yolo11n_b32_e1_run2_20250727-111717.json,yolo11n.pt,32,1,115W,0.16660635000005186,16.497766578249344,3162.41796875,0.58293,16.497766578249337,5.9256473147969615,43.556,13.926,31.715399999999974,2.64011493879567,29.629999999999995,0.02011103250299872,4.413702127659583,0.16660635000005186,0.007774601407846913,0.17667042499988383,0.04666449632828817,-0.004330719999916257,192.4824509164714,8.857665087664982,202.71919325735885,0.002117659987316081,6.172413793103448,16.664881760577458,74.0,74.0,0.044188508972074644,5.819148936170213,2.610079575596817,9.811442691366823,44.0,44.0,0.01786845257131391,0.48936170212765956,58.69496021220159,1.5242691203334393,66.0,62.0,0.006655710800978465,1.617021276595743,2092.1220159151194,214.99924364352745,2655.0,2655.0,0.6829634049003072,192.127659574468,8200.0,0.0,8200.0,8200.0,2.795370862096222e-15,0.0,192.06950995559316,0.08589477102359276,120.806,8188.0,0
yolo11n_b32_e20_run1_20250727-114211.json,yolo11n.pt,32,20,115W,0.14501324500000692,32.33819620253161,3731.13046875,0.68083,32.33819620253165,15.086261668983768,54.08,14.74,50.882,1.6723258051036953,39.339999999999996,0.030557647781499817,25.751367088607594,0.14501324500000692,0.034274448252962594,0.17092956999990747,0.23635391548517487,-0.0005766925761822871,226.71180505882685,29.424342903424783,274.96696313113165,0.016844777414422363,25.345991561181435,27.952085940140353,78.0,74.0,0.043621640001398926,39.28270042194092,16.768987341772153,20.3913299662648,55.0,52.0,0.02996953964755144,26.78902953586498,69.8175105485232,3.902751021086171,78.0,77.0,0.0077506561952987935,6.396624472573848,2379.6360759493673,315.84943310813213,2655.0,2655.0,0.6494260850203878,535.1265822784812,8188.607594936709,116.3662287041359,8200.0,8200.0,-0.02639246485409778,0.0,220.66949815514073,0.14654583652425032,118.725,8188.0,0
yolo11n_b32_e20_run1_20250727-133000.json,yolo11n.pt,32,20,65W,0.17012568499997088,25.835858223062417,3269.3296875,0.68083,25.83585822306238,10.639416198643243,57.476,14.398,42.847649999999994,2.2246599862780654,43.078,0.016112834462205013,15.920049242424241,0.17012568499997088,0.03924760017185639,0.19933705499943244,0.23069767608496689,-0.0004938189263968042,193.575314737733,26.70273672220395,237.64943954029476,0.01902880867391024,23.588846880907372,28.36919287433807,78.0,76.0,0.031592456800137246,28.632575757575758,13.512287334593573,17.885540839980514,49.0,46.0,0.017605371548181727,15.928030303030305,75.24102079395085,2.5179018213183446,81.0,79.0,0.005342920300909057,4.757575757575765,2024.4470699432893,321.7867202405544,2490.0,2490.0,0.01251465382872754,-45.170454545454504,7576.5595463138,494.1038715373774,8000.0,8000.0,0.751348879769889,742.424242424242,188.0962301489365,0.1373544711800195,52.325,8188.0,1
yolo11n_b32_e20_run2_20250727-114259.json,yolo11n.pt,32,20,115W,0.1414903849999746,33.10671460176989,3839.27109375,0.68083,33.106714601769916,15.257700789250654,54.344,14.79,51.043,1.6414797014347875,39.554,0.029598284552558935,25.49403539823009,0.1414903849999746,0.0148576463595133,0.16871004999966316,0.10500816970365842,-0.00032076766994963447,228.58273495595122,23.352691979686174,271.00356670998576,0.010437273231077841,27.595132743362832,29.586340923307276,77.0,77.0,0.04152531539370791,35.4070796460177,18.313053097345133,21.591654965053607,56.0,55.0,0.02816569322779248,24.030973451327434,70.53539823008849,3.7544762748018483,78.0,77.0,0.007377679609989794,6.33185840707965,2391.9856194690265,313.22704948282103,2655.0,2655.0,0.6372062729346389,529.4469026548672,8200.0,0.0,8200.0,8200.0,-1.3019080380961403e-14,0.0,226.16377784261272,0.14638380609652196,118.725,8188.0,0
yolo11n_b32_e20_run2_20250727-133053.json,yolo11n.pt,32,20,65W,0.16450391124988073,27.22768436578171,3378.0796875,0.68083,27.227684365781712,11.764281024494679,79.594,14.731,45.386399999999966,2.9232746689259206,64.863,0.015669305690153817,15.888830708661413,0.16450391124988073,0.01642686279698219,0.19025535500068141,0.09985697405109022,-0.00036832185067857333,196.4473500201848,19.51416445586882,234.1616972335444,0.00986750992412226,26.187807276302852,29.940569268340855,85.0,78.0,0.03972222842070155,39.153543307086615,14.811209439528023,18.881969262694884,52.0,48.0,0.022979135644798757,22.870078740157478,75.78367748279253,2.26434225913048,81.0,79.0,0.004071647971520614,3.9055118110236293,2051.297935103245,295.811861742153,2490.0,2490.0,0.14928041131009714,33.897637795275614,7575.221238938053,494.3093820803165,8000.0,8000.0,0.8004936757942076,791.3385826771655,194.5242502556194,0.13997064288900998,52.325,8188.0,1
yolo11n_b32_e5_run1_20250727-112201.json,yolo11n.pt,32,5,115W,0.1594770300000164,22.82221174004189,3633.40546875,0.60002,22.82221174004193,12.822144085727869,50.559,14.181,48.579,2.2153418159421174,36.378,0.05724230764382803,19.42361344537815,0.1594770300000164,0.0595196253695383,0.19362913999975734,0.37321754342636165,-0.005234936090228018,213.56883261713978,36.28937676529715,240.93627866236264,0.02887242565965578,14.0062893081761,21.789010228413563,72.0,64.0,0.08794339556300929,27.96638655462185,9.10691823899371,15.334532846834026,54.0,45.0,0.05976744530606115,18.95798319327731,63.16561844863732,3.227215291525608,73.0,71.0,0.013269000660973277,4.756302521008401,2203.364779874214,295.51708059444684,2655.0,2655.0,1.3767577766087047,471.5546218487393,8174.842767295598,171.91798302661522,8200.0,8200.0,-0.07761847930140767,0.0,200.65585620698297,0.11373807957291834,117.239,8188.0,0
yolo11n_b32_e5_run1_20250727-130739.json,yolo11n.pt,32,5,65W,0.17812093499987897,19.858244781783707,3169.1296875,0.60002,19.858244781783682,9.216893458198282,50.984,13.281,36.241,2.567397096785136,37.703,0.03736059624389435,13.609961832061066,0.17812093499987897,0.06126636696585133,0.20230927499987975,0.3439593833588004,-0.004679960225524372,189.29328367182862,28.672692851364808,209.73112999258265,0.022943863747266702,14.833017077798862,25.978728179843856,80.0,79.0,0.08291172305591392,26.877862595419845,8.550284629981025,16.349736545835434,49.0,48.0,0.047391678926624554,14.320610687022901,65.62998102466793,1.9746237841229397,72.0,70.0,0.007601119236316764,2.74045801526718,2083.9184060721063,203.6327268885775,2505.0,2505.0,0.5908962187731864,260.72519083969473,7379.506641366224,485.26420692768204,8000.0,8000.0,1.5741720347026227,564.8854961832058,179.6532226827899,0.11053653524961816,49.203,8188.0,1
yolo11n_b32_e5_run2_20250727-112224.json,yolo11n.pt,32,5,115W,0.14387441999997463,23.778937209302324,3729.11796875,0.60002,23.778937209302324,13.586068280557265,51.928,14.318,48.775,2.1837813668007735,37.61,0.06517817244537151,18.522000000000013,0.14387441999997463,0.012734319839789968,0.1670260299999427,0.08850996473029892,-0.0015692596992540307,223.96473738969053,17.54110142340952,239.26568567200982,0.0061341505237218685,16.311627906976746,27.040634447131733,82.0,76.0,0.10465489833104359,30.158878504672895,10.290697674418604,18.986326952340132,56.0,51.0,0.06540704749305624,19.14018691588785,63.574418604651164,2.8181796056827935,71.0,69.0,0.013312484741827118,3.738317757009341,2235.0,307.40852297878797,2655.0,2655.0,1.6646926159687183,488.2710280373831,8200.0,0.0,8200.0,8200.0,-9.672801666087406e-15,0.0,222.41618767259422,0.10691189997513084,117.239,8188.0,0
yolo11n_b32_e5_run2_20250727-130804.json,yolo11n.pt,32,5,65W,0.16448452000013275,19.994284823284808,3268.1296875,0.60002,19.994284823284822,9.358151334485097,46.072,13.295,36.884,2.3042584622154503,32.777,0.036468787363808125,10.969008333333333,0.16448452000013275,0.009026021836453216,0.18224290500020288,0.05487459753930602,-0.0006578890225853732,195.11221838271564,10.318520091679233,210.1681884167507,0.002796828875027261,16.717255717255718,26.795814780786376,76.0,75.0,0.10695042313299576,38.19166666666666,10.004158004158004,16.681434380210586,48.0,48.0,0.06302169149679523,22.65833333333333,66.1975051975052,2.331309539930489,73.0,71.0,0.008702262747905878,2.63333333333334,2012.4948024948026,189.74737684827946,2505.0,2340.0,0.039557112171219426,9.625,7353.4303534303535,478.034871849794,8000.0,8000.0,1.9392517317828504,625.0,194.5471829201567,0.10277344818449814,49.203,8188.0,1
yolo11n_b4_e1_run1_20250726-100350.json,yolo11n.pt,4,1,115W,0.07642501562498438,16.054798245614013,1362.91015625,0.58282,16.054798245614037,2.4389917753751855,22.821,14.53,22.52375,1.421444209442769,8.291000000000002,0.007943366790988551,1.775517543859646,0.07642501562498438,0.05317726953867974,0.10091948499989484,0.6958097306727322,-0.002099205956743611,60.3032607456845,14.34221108067332,76.26256189827217,0.056565369388501735,5.868421052631579,12.306939390280917,40.0,39.0,0.037756864809726745,10.833333333333334,1.9956140350877194,2.285533848762276,9.0,8.0,0.006772359277253901,1.956140350877193,58.8859649122807,0.6353445249905901,60.0,60.0,0.003170904875384813,1.1666666666666643,2012.5657894736842,8.389899200065376,2040.0,2040.0,0.018435037264930433,7.894736842105203,8200.0,0.0,8200.0,8200.0,-2.9423610161625043e-14,0.0,52.33888364024548,0.3067470516942557,117.343,8188.0,0
yolo11n_b4_e1_run1_20250726-100858.json,yolo11n.pt,4,1,65W,0.08005696562501896,14.700456211812622,1357.05859375,0.58282,14.700456211812627,3.4991683369804583,24.74,12.409,23.314,1.6829409675136506,12.330999999999998,0.009983199735609315,2.7050409836065565,0.08005696562501896,0.05526783818340488,0.10135721000006014,0.6903563949984745,-0.002248131250001328,57.2053878962459,12.982726241102107,71.50546475530669,0.05150601255582373,5.270875763747454,11.014614761166523,36.0,34.0,0.036764498656250554,11.51639344262295,1.894093686354379,2.0285602690464044,8.0,8.0,0.006055033408723881,1.762295081967213,57.5132382892057,0.8305078454197733,60.0,59.0,0.0038578940592183387,1.2950819672131146,2010.0,0.0,2010.0,2010.0,3.2346552524496037e-15,0.0,7270.875763747455,444.41206594970794,8000.0,8000.0,1.3431412006459873,450.81967213114785,49.96442181852996,0.2942184794052949,51.443,8188.0,1
yolo11n_b8_e10_run1_20250726-151143.json,yolo11n.pt,8,10,115W,0.06820087125004193,24.84452669902908,1739.6734375,0.65898,24.844526699029124,10.678640450026288,41.658,14.743,40.4323,1.6767475792415847,26.915,0.03225627876399927,17.42067961165048,0.06820087125004193,0.025666347582851644,0.08859448500134018,0.37633459972603894,-0.00012921346595581547,122.8233101557399,19.263624217311655,144.79521029207282,0.024598827107443228,16.656553398058254,19.354880866687182,49.0,47.0,0.047833534772038236,23.747572815533978,6.41747572815534,7.17672109440562,18.0,18.0,0.017336655016467212,8.635922330097088,64.74271844660194,2.991382507984761,71.0,70.0,0.009888777951631136,5.6262135922330145,2303.865291262136,319.28225416460236,2655.0,2655.0,0.9777523194049315,532.2815533980583,8200.0,0.0,8200.0,8200.0,8.02283982217697e-15,0.0,117.30055427987047,0.2118022958335889,115.149,8188.0,0
yolo11n_b8_e10_run1_20250726-162439.json,yolo11n.pt,8,10,65W,0.07521282374984821,23.46825448430494,1674.840625,0.65898,23.468254484304932,9.988583428230777,39.235,13.484,36.996,1.6718329020268436,25.750999999999998,0.0266688223526186,15.600704035874438,0.07521282374984821,0.03078691889830461,0.09608573999885262,0.4093307146757237,-0.00011588480633844235,111.70157775567311,17.886262203998456,133.83349074657647,0.02564015056369279,18.00896860986547,18.947352366927245,49.0,47.0,0.048479901261124426,28.33183856502242,6.552690582959642,6.692855063742311,18.0,17.0,0.01639146593424761,9.596412556053812,70.16816143497758,2.7207011973623416,75.0,74.0,0.008114224666482152,4.699551569506724,2191.95067264574,212.17538072464063,2505.0,2505.0,0.5191363973420743,288.0269058295962,7525.784753363228,499.33470387506367,8000.0,8000.0,1.2827021675112753,748.8789237668161,106.36484047730153,0.22063921103057652,48.936,8188.0,1
yolo11n_b8_e10_run1_20250727-112711.json,yolo11n.pt,8,10,115W,0.0696465037500161,24.864620817843875,1822.64921875,0.65898,24.864620817843868,10.814041479949791,41.957,14.287,40.29859999999999,1.687417648850287,27.67,0.03341640930169008,17.743562189054725,0.0696465037500161,0.028766035205638623,0.09141798999989986,0.41302913508608063,-0.00014203473133745677,120.67536661999611,18.988998755327792,142.47287379945774,0.024760925771903728,18.135068153655514,19.48164317459439,47.0,47.0,0.056335598875780483,30.213930348258707,6.707558859975217,7.406667003304295,18.0,18.0,0.02083574030283931,11.248756218905474,64.40272614622057,3.0359502313582407,70.0,69.0,0.010309311069843381,5.726368159203972,2319.96282527881,320.30364095629903,2655.0,2655.0,1.0027071157492569,535.8955223880598,8185.130111524164,132.75071595934955,8200.0,8200.0,0.007534861062169272,0.0,114.86578032279402,0.21646673837908648,118.558,8188.0,0
yolo11n_b8_e10_run1_20250727-131314.json,yolo11n.pt,8,10,65W,0.07515089687501586,23.379808249721297,1361.1340576171874,0.65898,23.37980824972129,9.779037577209527,37.967,13.766,36.9036,1.6239226427553186,24.201,0.026398684131243497,15.423026785714285,0.07515089687501586,0.027081661774532875,0.09647262500020586,0.36036378673660585,-0.0001353928613910154,111.23644164495397,17.458089125324733,132.86534666561224,0.024631975113965913,17.93979933110368,19.36905406771654,48.0,46.0,0.04936962760053932,28.982142857142858,6.538461538461538,7.228005354262823,18.0,17.0,0.018428400905766078,10.709821428571429,70.73132664437013,2.8335955786486013,76.0,75.0,0.008743832847214755,5.397321428571431,2165.61872909699,193.46523660934858,2505.0,2505.0,0.45689553921917986,273.75,7519.509476031215,499.61923536327885,8000.0,8000.0,1.2596840193794774,741.0714285714284,106.45248869491036,0.21962669484155628,52.225,8188.0,1
yolo11n_b8_e10_run2_20250726-151222.json,yolo11n.pt,8,10,115W,0.06783943437496873,26.037611111111104,1790.53515625,0.65898,26.03761111111111,10.604039467517065,41.876,15.148,40.514,1.6082888641857824,26.727999999999998,0.033442329727199425,16.800544973544973,0.06783943437496873,0.01087748059195438,0.09019313000044347,0.16034155785897786,-5.591994565607982e-05,120.6825290455184,17.376227213473904,142.9362854361914,0.020731091484739547,17.038359788359788,19.128287578073845,49.0,46.0,0.04745384227743141,21.994708994708997,6.732804232804233,7.058713184343026,19.0,18.0,0.01574284567277123,6.947089947089947,65.56216931216932,2.9213857610702805,71.0,70.0,0.009647022686469057,4.79894179894179,2331.5476190476193,320.35970871899843,2655.0,2655.0,1.0297332121892295,518.7301587301586,8168.253968253968,192.58096365845208,8200.0,8200.0,0.02732824344798475,0.0,117.92551152153807,0.22079710128164728,115.149,8188.0,0
yolo11n_b8_e10_run2_20250726-162523.json,yolo11n.pt,8,10,65W,0.07522250375002386,24.070527251184892,1725.09375,0.65898,24.070527251184835,10.200110638883576,49.925,13.449,37.308049999999994,2.0741132705160212,36.476,0.027161166092941044,15.105985781990523,0.07522250375002386,0.012872706647142861,0.09910652500002466,0.1711283991546051,-5.21853114410886e-05,109.10594688381552,16.35657318153806,129.9249742671931,0.022474383986779197,16.446682464454977,18.277955304995103,49.0,48.0,0.043486358876423256,26.549763033175356,5.915876777251185,6.682458047625579,18.0,17.0,0.014997666209356136,9.208530805687204,71.47748815165876,2.7499617134089465,76.0,75.0,0.008199703817666232,4.526066350710906,2200.574644549763,207.83297470819807,2490.0,2490.0,0.5831532051473298,334.05213270142167,7528.436018957346,499.1907379207446,8000.0,8000.0,1.3975997833970808,791.4691943127964,106.35115292871998,0.22633066580216338,48.936,8188.0,1
yolo11n_b8_e10_run2_20250727-112749.json,yolo11n.pt,8,10,115W,0.06606214187501677,25.75954093959733,1872.383203125,0.65898,25.759540939597315,11.040594565681696,41.861,14.345,40.7238,1.6250677796688402,27.516,0.035978790657773874,17.848763440860207,0.06606214187501677,0.00999989759628266,0.08764842000000499,0.15137107748037454,-5.376376669932562e-05,123.53645229149784,16.256432306811146,142.86114619238404,0.017316504479524403,17.25503355704698,19.067155907340954,47.0,46.0,0.049170607242378636,22.946236559139784,6.304697986577181,7.368519430663331,19.0,17.799999999999955,0.018204966431344602,8.473118279569892,65.51140939597316,2.9479040489913113,71.0,70.0,0.0101334562278316,4.935483870967744,2332.06711409396,322.4997094724154,2655.0,2655.0,1.0479784803066048,520.1612903225805,8183.892617449665,138.09203919046104,8200.0,8200.0,0.014104233185361581,0.0,121.09810207388117,0.2127163060233727,118.558,8188.0,0
yolo11n_b8_e10_run2_20250727-131357.json,yolo11n.pt,8,10,65W,0.07223968249992367,24.118709832134268,1412.9296875,0.65898,24.118709832134293,10.0581118221361,40.105,13.783,37.31565,1.6628169698599113,26.321999999999996,0.028497256944392375,15.737466346153841,0.07223968249992367,0.011884335683025967,0.0945232999987638,0.1645125680478804,-8.709295587680029e-05,113.3908006561289,16.299993174923696,133.58154832923918,0.020664228778583652,16.741007194244606,18.378450835167467,51.0,48.0,0.04544206171677305,23.64423076923077,5.700239808153477,6.80571948351498,19.0,17.0,0.015588483271652692,7.937499999999999,71.39208633093526,2.585883966273696,76.0,75.0,0.007898593892388301,4.447115384615387,2193.7589928057555,203.97486137709646,2505.0,2505.0,0.5389527197601993,295.38461538461524,7513.189448441247,499.8260081766611,8000.0,8000.0,1.4582630536382886,807.6923076923076,110.74245792827858,0.21779099257264586,52.225,8188.0,1
yolo11n_b8_e1_run1_20250726-100416.json,yolo11n.pt,8,1,115W,0.09877595625000879,16.575087356321852,1604.18359375,0.59235,16.575087356321838,4.163673884642772,31.827,14.564,28.43349999999997,1.9201708754711928,17.263,0.012710875925923251,4.0159629629629645,0.09877595625000879,0.07578043523956986,0.18703039999996918,0.7671951567622826,-0.009116216617634868,100.3128590655238,31.047022885866053,145.67091972768023,0.09579144097910289,5.335632183908046,11.886145484781892,47.0,29.0,0.03747559907105173,10.527777777777779,2.6091954022988504,4.022226528823839,17.0,11.0,0.011530796560033942,3.148148148148148,58.94022988505747,1.222815647623304,63.0,62.0,0.003590417195748287,0.9166666666666714,2074.9655172413795,188.0283329271234,2655.0,2655.0,0.47508882011029935,167.22222222222217,8144.827586206897,251.32230563156688,8200.0,8200.0,-0.2781596560617229,0.0,80.99136980007003,0.2046525129435151,117.56,8188.0,0
yolo11n_b8_e1_run1_20250726-100927.json,yolo11n.pt,8,1,65W,0.1073177937500418,14.904393684210529,1605.93359375,0.59235,14.904393684210527,4.826004801049164,39.95,12.093,27.415,2.680417657131694,27.857000000000003,0.012237855771222564,3.6684661016949125,0.1073177937500418,0.07628751315826919,0.1881975499999271,0.7108561450299055,-0.008463124558824453,89.53907132157536,25.134702021272116,124.17772670363006,0.07879929110306756,4.351578947368421,9.265474829857057,37.0,21.0,0.027435267244805984,8.949152542372882,1.9705263157894737,2.63801654694186,12.0,7.0,0.0067399324819868,2.0677966101694913,57.833684210526314,1.1678690018748532,61.0,61.0,0.004159132007233324,1.3983050847457648,2049.915789473684,129.36196977619323,2505.0,2505.0,0.27155677727453664,117.45762711864427,7218.9473684210525,413.5328503064157,8000.0,8000.0,0.952642216113632,313.55932203389875,74.54495401417888,0.1999383309214414,52.815,8188.0,1
yolo11n_b8_e1_run1_20250726-150507.json,yolo11n.pt,8,1,115W,0.10118001874980109,16.262385844748845,1535.04296875,0.59235,16.26238584474886,4.634004465156168,34.49,14.146,29.459,2.1208450180227927,20.344,0.014175991583871466,4.562743119266058,0.10118001874980109,0.07008662020370912,0.173359274998802,0.6926923029834574,-0.007830448970526042,94.01047034647802,25.506792008367054,131.6159395601125,0.073613798917564,5.9520547945205475,11.807627860264537,40.0,36.0,0.04103933731770821,12.412844036697248,1.9977168949771689,4.301162027572486,15.0,13.0,0.014037948696490473,4.174311926605505,57.17579908675799,1.4707680333878947,61.0,61.0,0.0083782122353332,2.623853211009177,2066.7123287671234,181.77627973803067,2670.0,2670.0,0.4009485781716892,133.21100917431204,8145.2054794520545,250.50146741177994,8200.0,8200.0,-0.2844791963519835,0.0,79.06699463836308,0.20567856308602353,119.073,8188.0,0
yolo11n_b8_e1_run1_20250726-161712.json,yolo11n.pt,8,1,65W,0.11560284375036645,15.323620202020221,1469.787353515625,0.59235,15.323620202020201,4.258722561491121,32.755,12.448,26.062799999999996,2.1375497152873653,20.307000000000002,0.013650389324879999,4.502943089430895,0.11560284375036645,0.07518294971626575,0.22769112499827315,0.6503555386458859,-0.007058963676429214,82.52703113614258,23.613151179547376,113.79149009242632,0.08186823951607183,4.4787878787878785,10.053747205604312,40.0,32.0,0.03327021026511689,10.861788617886178,2.026262626262626,3.0246991956154474,14.0,9.0,0.007346318084857985,2.1707317073170733,62.16969696969697,1.0107957206976672,65.0,64.0,0.005373672733604869,2.1382113821138233,2030.0,62.08498574168681,2235.0,2235.0,0.134413549099461,64.02439024390242,7252.525252525253,434.46087207286,8000.0,8000.0,0.8421685841040757,292.68292682926767,69.20244987463504,0.2214317589880128,43.046,8188.0,1
yolo11n_b8_e1_run1_20250727-111523.json,yolo11n.pt,8,1,115W,0.09838003124991701,15.738091743119272,1619.94921875,0.59235,15.738091743119266,4.386270748453538,32.452,13.048,27.853,2.06200348362997,19.403999999999996,0.014135194015739604,4.417311926605501,0.09838003124991701,0.07370011595359431,0.17614544999992177,0.7491369439228195,-0.008500306029437146,98.76773807844049,27.60084148178558,137.23360027090865,0.07809341770259409,4.635321100917431,11.311986828042706,50.0,21.0,0.0296687243051579,7.385321100917431,1.5321100917431192,3.7693082307418853,17.0,6.0,0.008713750319432272,2.0,56.62155963302752,1.1051976238339936,60.0,59.0,0.005303987311028131,1.7155963302752326,2081.0091743119265,201.88762863219495,2655.0,2655.0,0.5244581958175909,189.3577981651374,8062.385321100917,382.3608437463249,8200.0,8200.0,0.07470914470335059,110.09174311926654,81.31731509291168,0.19353924468776687,115.0,8188.0,0
yolo11n_b8_e1_run1_20250727-130041.json,yolo11n.pt,8,1,65W,0.11095468124995023,14.664707724425893,1160.1796875,0.59235,14.664707724425888,5.040669570023159,42.848,12.282,27.033,2.921844799445361,30.566,0.012631805605296951,3.4853697478991563,0.11095468124995023,0.08166454217307906,0.2047073250005269,0.7360170950255935,-0.009735756029417907,88.9693249133274,28.677967877353723,132.92746865083726,0.10390014591504981,5.279749478079332,11.930077563365952,46.0,37.0,0.031062250504450533,9.394957983193278,2.0062630480167014,4.02782110081351,16.0,12.0,0.01049748429870459,3.1596638655462184,57.4321503131524,0.8901512681111812,60.0,60.0,0.0032362357072351646,1.1932773109243726,2048.016701461378,129.72321479182315,2505.0,2505.0,0.2584047789589514,116.47058823529414,7237.995824634656,425.8565628132621,8000.0,8000.0,1.145386570697307,403.36134453781506,72.10150946203173,0.20338974639841972,51.782,8188.0,1
yolo11n_b8_e1_run2_20250726-150528.json,yolo11n.pt,8,1,115W,0.08123545000057675,16.62726041666667,1578.41796875,0.59235,16.62726041666667,4.872997104034965,33.781,14.292,31.215,2.0316636146589087,19.488999999999997,0.017442575489132268,3.8018854166666696,0.08123545000057675,0.01245050700159951,0.09764730000097188,0.15326445537645345,-0.001464100588156511,101.15624147439121,17.70658401439489,135.6418992588845,0.03063967821044147,4.817708333333333,11.550752994859854,47.0,22.0,0.03364310298057035,5.864583333333334,1.4296875,3.401172271292711,14.0,7.0,0.008956016242243398,1.4895833333333333,57.75,1.1836560592784826,62.0,60.0,0.004751661523854682,1.0416666666666643,2087.578125,207.2880924498182,2670.0,2670.0,0.5949537570784286,144.375,8200.0,0.0,8200.0,8200.0,-9.565207251323206e-15,0.0,98.47917380827215,0.16884037277808678,119.073,8188.0,0
yolo11n_b8_e1_run2_20250726-161735.json,yolo11n.pt,8,1,65W,0.09149782499957837,15.860182448036964,1517.4375,0.59235,15.860182448036952,5.6779762887639675,41.009,12.852,29.74699999999999,2.5856575190328766,28.157,0.016802096082417145,3.748888888888887,0.09149782499957837,0.016401465982323005,0.11581275000116875,0.1792552553287314,-0.002640483823560154,90.60282841878698,17.977819186844204,124.96040411593741,0.039372274575641575,6.637413394919169,11.752457745315768,42.0,36.0,0.0412130210051688,10.555555555555557,2.138568129330254,3.635114196909524,13.0,13.0,0.011859234741600826,2.861111111111111,62.80369515011547,1.262639641064164,68.0,65.0,0.004681315770491075,1.2777777777777715,2055.7621247113166,138.09365649804704,2505.0,2505.0,0.31798432328306236,91.25,7221.709006928407,415.3963446820714,8000.0,8000.0,1.2744649375804626,361.1111111111113,87.4337723332425,0.18139652476148385,43.046,8188.0,1
yolo11n_b8_e1_run2_20250727-111543.json,yolo11n.pt,8,1,115W,0.08153255624998224,16.118128534704375,1675.0078125,0.59235,16.118128534704372,4.812050154870624,33.57,13.754,30.01,2.082748001898579,19.816000000000003,0.01592396005129161,2.7016701030927806,0.08153255624998224,0.013149649018937287,0.10257964999982505,0.1612809609282936,-0.0021287245588295614,100.73229297470522,16.536314657891474,129.02631139408496,0.02694883623797585,4.748071979434448,11.389043471370297,39.0,39.0,0.02965594286984053,2.556701030927835,1.4087403598971722,3.9916398118567598,14.0,13.0,0.009420645874148119,0.4948453608247423,57.06169665809769,1.3647407921779835,62.0,60.0,0.005355850520560493,0.9381443298969074,2078.4061696658096,192.59866649916492,2655.0,2655.0,0.475241015312045,73.14432989690704,8169.151670951157,189.91149373723044,8200.0,8200.0,-0.1602351746787503,0.0,98.12031374892337,0.16426902767502854,115.0,8188.0,0
yolo11n_b8_e1_run2_20250727-130104.json,yolo11n.pt,8,1,65W,0.10064150000005156,14.594134883720924,1204.0546875,0.59235,14.59413488372093,4.441154551380558,36.119,12.391,26.906399999999987,2.474898326470111,23.728,0.012424994915514555,2.6110280373831785,0.10064150000005156,0.023727458130546247,0.13274694999927306,0.23576216700401018,-0.0031896235293515855,84.34166025090646,20.967844967971164,117.84792627534122,0.061804956085399175,5.3930232558139535,10.476394181490631,34.0,33.0,0.030756778968077738,5.841121495327103,1.6627906976744187,3.5549195036066243,12.0,11.0,0.01070304001291969,2.1121495327102804,57.63023255813953,0.9743297955866252,60.0,60.0,0.004834091069455004,1.4392523364486038,2045.7209302325582,102.07756412066797,2355.0,2355.0,0.2630907106167449,90.2803738317757,7244.186046511628,429.60356283514335,8000.0,8000.0,1.5213082390549661,429.9065420560746,79.49007119325428,0.183596953237594,51.782,8188.0,1
yolo11n_b8_e20_run1_20250727-113831.json,yolo11n.pt,8,20,115W,0.06925442562498745,28.789158516020194,1850.3124267578125,0.66206,28.789158516020237,10.583405230358625,42.622,14.315,41.102,1.480487871025554,28.307000000000002,0.01680234438628292,19.467898648648642,0.06925442562498745,0.022090722732771708,0.08905797999977949,0.3189792209438415,-4.3216612845525054e-05,119.41312297433542,16.57028444010979,139.007563021843,0.019255544945048837,23.006745362563237,18.82608667940011,48.0,46.75,0.023625579686900974,30.462837837837835,8.47133220910624,7.317741918913876,18.0,18.0,0.008726333113752207,11.304054054054054,66.67369308600337,3.350356657700349,73.0,71.0,0.007506711023601565,7.4729729729729755,2426.977234401349,307.0253000892288,2655.0,2655.0,0.48177606396876554,559.0540540540542,8190.893760539629,104.13723520113054,8200.0,8200.0,0.022956661389011774,12.16216216216253,115.51608330881237,0.2492220796567118,118.865,8188.0,0
yolo11n_b8_e20_run1_20250727-132548.json,yolo11n.pt,8,20,65W,0.07845018812506055,27.37476044776118,1390.2796875,0.66206,27.37476044776119,9.620076399613767,66.462,14.275,38.021,2.4278568620473724,52.187000000000005,0.011397539568822897,15.59882089552239,0.07845018812506055,0.022417879153617117,0.10398625000007088,0.2857594059287645,-1.2218780689383578e-05,105.61212990731454,16.302821753663295,128.03657510411014,0.023828568778179314,21.65223880597015,17.734441221406133,48.0,47.0,0.017494231106498184,26.14626865671642,8.048507462686567,6.577542469381058,18.0,17.0,0.006226016141805026,9.202985074626866,75.07462686567165,2.642722662279566,80.0,78.0,0.004870804639732254,5.761194029850742,2210.8992537313434,194.15419591265047,2490.0,2490.0,0.1610251617443464,217.6567164179105,7686.567164179104,463.88866471403145,8000.0,8000.0,0.5826484560721117,805.9701492537315,101.97553621218707,0.2684443883756664,54.13,8188.0,1
yolo11n_b8_e20_run2_20250727-113929.json,yolo11n.pt,8,20,115W,0.06825161093748591,29.91104505300352,1904.6015625,0.66206,29.911045053003534,10.452370013453738,42.693,14.57,41.58605000000001,1.4273322755639712,28.122999999999998,0.016000903232001817,17.87954770318021,0.06825161093748591,0.010543656127294236,0.09183177500021884,0.15448215774645302,-1.9712354594309607e-05,119.64509059417253,15.944421399003739,139.614319542802,0.017759378449604964,24.624558303886925,18.440129396366174,47.0,46.0,0.024703682929966192,27.46643109540636,9.175795053003533,7.239102739071373,18.0,18.0,0.009506741523927897,10.473498233215548,68.48321554770318,2.8679231683971143,73.0,72.0,0.005733134703667727,5.918727915194339,2442.9858657243817,301.0422234420313,2655.0,2655.0,0.45620903411020897,514.0282685512366,8200.0,0.0,8200.0,8200.0,-5.7066037264414195e-15,0.0,117.2133505731826,0.25518462621140114,118.865,8188.0,0
yolo11n_b8_e20_run2_20250727-132657.json,yolo11n.pt,8,20,65W,0.07874991312500015,27.934283763277747,1444.1567138671876,0.66206,27.934283763277694,9.65412137422403,53.837,14.682,38.30475,1.9272733267918587,39.155,0.011210983461197208,15.36658054711246,0.07874991312500015,0.012134792997581849,0.10429074000112451,0.1540927794843434,-1.2204719809836458e-05,103.78461740582911,14.484486475179287,124.66841681713129,0.0194778146066996,22.00606980273141,17.899355102394676,46.0,44.0,0.016357426567944745,23.896656534954406,7.955235204855843,6.681137745619242,18.0,16.0,0.005776667217636103,8.70516717325228,76.35735963581183,2.508964747832647,81.0,80.0,0.004305808668484395,5.2370820668692915,2224.859635811836,191.8165478703367,2490.0,2490.0,0.2251990909599302,299.40729483282666,7671.471927162367,469.6779515745058,8000.0,8000.0,0.5762995404737833,772.0364741641333,101.58741365595614,0.2749778024459031,54.13,8188.0,1
yolo11n_b8_e5_run1_20250727-112007.json,yolo11n.pt,8,5,115W,0.07643533999995497,21.819751760563395,1813.31796875,0.60436,21.81975176056338,9.773620522055879,41.214,14.188,39.00205,1.8888390872754761,27.025999999999996,0.0383161136643463,14.111774647887328,0.07643533999995497,0.034949123041602255,0.09933843499998146,0.4572377520872262,-0.0003858579606191055,111.77595298929461,20.009749775741007,135.45280944530035,0.03204693894299647,13.633802816901408,17.849124677018946,46.0,45.0,0.06230181977106404,22.54225352112676,4.994718309859155,6.891383699000358,18.0,18.0,0.02271288998064413,8.126760563380282,62.29401408450704,2.759075819922917,68.0,67.0,0.012076330927045152,4.647887323943657,2247.544014084507,308.2306928821193,2655.0,2655.0,1.2400486692857806,467.85211267605655,8178.87323943662,157.81562870689945,8200.0,8200.0,-0.019645307895011205,0.0,104.663628107165,0.2084750180666599,115.0,8188.0,0
yolo11n_b8_e5_run1_20250727-130533.json,yolo11n.pt,8,5,65W,0.0801167062499644,20.39164473684208,1352.3296875,0.60436,20.391644736842107,9.176746661978317,46.213,12.792,35.96049999999999,2.266271337912522,33.421,0.03476992179007425,14.18185526315789,0.0801167062499644,0.040751877601978424,0.11133590500021455,0.5086564277222334,-0.0006534021601001062,108.37961382383223,22.06332188725644,131.98248206383457,0.04144256274805204,13.217105263157896,17.39741275500087,52.0,49.0,0.059537281965351956,24.684210526315788,4.871710526315789,6.333390188881942,20.0,18.0,0.020058899307577018,8.375,64.32236842105263,2.69527357678949,71.0,70.0,0.010758696719074269,4.55263157894737,2158.4950657894738,211.44085113403497,2505.0,2505.0,0.7642466264080932,302.86184210526335,7430.921052631579,495.2051080415779,8000.0,8000.0,1.7170689035831654,684.21052631579,99.85432969548164,0.2042139264169012,50.999,8188.0,1
yolo11n_b8_e5_run2_20250727-112035.json,yolo11n.pt,8,5,115W,0.07816372374999218,22.494254237288118,1865.05859375,0.60436,22.494254237288136,9.866601083409114,40.185,14.319,38.593,1.7864562023748438,25.866,0.040311237078946134,13.724636363636362,0.07816372374999218,0.013617465634643975,0.10200193499965735,0.17421720692580664,-0.00011165887599448957,105.32197603159148,17.246395687784926,127.39331542724348,0.02681382030873807,14.853107344632768,17.664403563228444,46.0,43.0,0.069422597106774,23.93181818181818,5.593220338983051,6.884866396522646,17.0,17.0,0.027430344329002876,9.621212121212121,63.35028248587571,2.566203442544189,68.0,68.0,0.01065118825204996,3.719696969696969,2252.401129943503,309.99821869156534,2655.0,2655.0,1.2036483116970544,405.568181818182,8200.0,0.0,8200.0,8200.0,-7.085308936765903e-15,0.0,102.34926915186534,0.21977933427068497,115.0,8188.0,0
yolo11n_b8_e5_run2_20250727-130602.json,yolo11n.pt,8,5,65W,0.07424709499989604,20.790041366906454,1406.3046875,0.60436,20.790041366906475,9.339664523041769,37.466,12.991,35.987,1.8021128163620812,24.475,0.038902550537569844,14.226172661870505,0.07424709499989604,0.013071268293080971,0.09807061500032432,0.1760509053330541,-0.00025516133615262603,110.79499467000554,17.488385209682615,130.9552654669844,0.024914899496467805,14.456834532374101,19.172914612234003,49.0,48.0,0.07633306814687024,27.93525179856115,5.302158273381295,7.060024941626508,18.0,18.0,0.028096965389501193,10.431654676258994,65.37769784172662,2.6378142021028483,71.0,70.0,0.011825524295978837,4.273381294964025,2156.276978417266,200.39952606118183,2505.0,2505.0,0.8202454679470568,317.2661870503598,7438.848920863309,496.24645643109454,8000.0,8000.0,1.7708265334939575,640.2877697841723,107.74832335206113,0.192950022052559,50.999,8188.0,1
yolo11s_b16_e10_run1_20250726-152500.json,yolo11s.pt,16,10,115W,0.11452700374993582,30.651091566265052,3178.56484375,0.76543,30.65109156626506,17.2952407360209,62.929,15.054,59.189,2.053075332209714,47.875,0.04861514849860744,26.42208695652174,0.11452700374993582,0.03427633512860075,0.14366536500183427,0.29928605487175297,-0.0005439415740779512,145.01527889159928,20.909372454756287,169.1350408605885,0.02078999922171205,23.526506024096385,29.448769419489377,80.0,78.0,0.07121887890362931,40.888888888888886,15.66144578313253,21.149264884118946,57.0,56.0,0.04791302664770645,27.59903381642512,69.72409638554217,4.365226511503604,80.0,78.0,0.012384402371956538,6.975845410628011,2304.8493975903616,314.47940567869085,2655.0,2655.0,0.9433485773186854,515.217391304348,8172.530120481928,179.4693877544283,8200.0,8200.0,0.005981256944355951,0.0,139.70504314366966,0.21939860492182897,115.0,8188.0,0
yolo11s_b16_e10_run1_20250726-163941.json,yolo11s.pt,16,10,65W,0.12736234374960986,23.49107123775605,3114.240625,0.76543,23.491071237756014,12.731031370205436,78.425,13.95,51.219,3.338502497661812,64.475,0.01406691379761435,10.69744285714286,0.12736234374960986,0.037353207060279496,0.16005751499960752,0.2932829748619785,-0.0006202554418634514,130.67241613308892,20.416973103648527,156.47884760833475,0.024412646964627464,16.23419412288513,26.181084015689297,78.0,73.0,0.026832815793573335,20.128571428571426,9.809439002671416,16.619764755860267,53.0,46.0,0.016059049100274583,12.096428571428572,71.65093499554764,2.1999689381468395,78.0,77.0,0.0029237447623745205,2.1500000000000057,2121.2778272484416,238.15097562920462,2505.0,2490.0,0.25020496004755577,186.48214285714266,7398.040961709706,489.49397801292554,8000.0,8000.0,0.6298648196574349,464.28571428571377,125.62582886709016,0.18699236812685371,49.935,8188.0,1
yolo11s_b16_e10_run1_20250727-115806.json,yolo11s.pt,16,10,115W,0.11621972499995081,30.86710611735328,3262.45546875,0.76543,30.86710611735331,17.415249996394795,63.028,14.509,58.934,2.0419147736225916,48.519,0.050731894934947286,26.690025000000006,0.11621972499995081,0.03743854780619869,0.14968341500025414,0.32213591803125097,-0.0005476019198309808,144.36484011775457,24.234418352742715,171.8681798505906,0.02818008722538111,23.43570536828964,28.939623292083883,79.0,77.0,0.07016893627354834,34.59,15.712858926342072,20.546890969941416,58.0,56.0,0.04765749483967982,23.575000000000003,68.58426966292134,4.451789439166869,78.0,77.0,0.013515649079548352,7.185000000000002,2307.2284644194756,313.6575882000461,2655.0,2655.0,0.9452863627448227,497.9250000000002,8183.520599250936,139.65568463126792,8200.0,8200.0,0.0052397097144730904,0.0,137.67026208336642,0.22421041153144358,118.559,8188.0,0
yolo11s_b16_e10_run1_20250727-134748.json,yolo11s.pt,16,10,65W,0.13194365374995415,24.86387078651683,2800.6546875,0.76543,24.863870786516856,12.057495636154638,87.645,14.253,44.50619999999999,3.524994187450813,73.392,0.0282793512319302,15.970828828828834,0.13194365374995415,0.03575495601988606,0.1492557399998986,0.2709865537575996,-0.0005096425164073893,125.26630306944246,17.262058484459097,145.7827683005857,0.01898963627645821,28.45955056179775,33.338526551228895,87.0,84.0,0.0839063230817632,50.527027027027025,16.29438202247191,20.20303881665064,53.0,51.0,0.048697947485879876,29.66216216216216,73.74943820224719,2.4969925098997887,82.0,77.0,0.006825900252424179,3.936936936936931,1971.2191011235955,257.773749492228,2490.0,2460.0,-0.14833705030997757,-135.0675675675675,7500.0,500.0,8000.0,8000.0,1.1717891749741722,671.1711711711714,121.26388458456313,0.20503937237123604,53.094,8188.0,1
yolo11s_b16_e10_run2_20250726-152541.json,yolo11s.pt,16,10,115W,0.111376753750028,31.85823521850901,3392.76484375,0.76543,31.858235218508995,17.368993890584175,63.44,15.225,59.515800000000006,1.9913218533568562,48.214999999999996,0.05180235036926595,26.604391752577314,0.111376753750028,0.01563612646768476,0.135344570000052,0.1403894972803589,-0.0003380295393800002,146.25058885786805,18.7859217615973,170.29527408883612,0.016499461560999826,22.88688946015424,29.44525761006345,80.0,76.0,0.06621334114560883,32.63917525773196,15.061696658097686,20.984908231178082,57.0,54.0,0.045495045940544925,22.701030927835053,71.05012853470437,4.4193784804138065,80.0,79.0,0.013545908226650409,6.927835051546396,2334.061696658098,315.8554610673486,2655.0,2655.0,1.094849184549576,569.8453608247423,8200.0,0.0,8200.0,8200.0,-8.335258954493507e-15,0.0,143.65654825880554,0.22176667617764673,115.0,8188.0,0
yolo11s_b16_e10_run2_20250726-164033.json,yolo11s.pt,16,10,65W,0.1270375012501063,25.403008264462816,3329.659375,0.76543,25.403008264462812,12.825323639043683,74.207,13.682,47.004449999999984,2.921189460218806,60.52499999999999,0.020773744940930084,13.058190082644627,0.1270375012501063,0.015722816003102796,0.15503979999903095,0.12376515476440576,-0.00033571092709679964,127.8725629140943,15.64891415215143,151.00990102965937,0.014976615382727139,23.112603305785125,30.76548736908794,85.0,80.0,0.04833382200070005,33.19421487603306,13.489669421487603,18.684911729440916,53.0,52.0,0.02772473113659072,19.305785123966942,71.74276859504133,2.5497020933108177,77.0,76.0,0.005958992265843325,3.942148760330582,2069.7675619834713,290.01517967796593,2505.0,2505.0,0.27135919152358706,223.45041322314046,7407.024793388429,491.27956496839545,8000.0,8000.0,0.7587463807370328,454.54545454545496,125.94706163575941,0.2016959183845722,49.935,8188.0,1
yolo11s_b16_e10_run2_20250727-115844.json,yolo11s.pt,16,10,115W,0.10802217999997765,32.61079837618402,3475.84296875,0.76543,32.610798376184036,18.348235884382873,64.709,14.665,60.6912,1.9842813798529255,50.044000000000004,0.05515109784195893,27.14191847826087,0.10802217999997765,0.012713523313420325,0.12344140499990316,0.11769363767166109,-0.00025766754805363383,150.1088516020481,17.039655887621816,171.69885990192674,0.012885730238922236,24.43572395128552,29.458525623635417,78.0,76.0,0.07590878776066408,35.82065217391304,16.0,21.264237449686366,57.0,56.0,0.05142919413687426,24.559782608695652,69.16914749661704,4.323184901206218,78.0,77.0,0.01341292445949357,6.597826086956516,2323.4167794316645,319.02262706440297,2655.0,2655.0,1.069284687836453,525.6521739130435,8200.0,0.0,8200.0,8200.0,3.1312773099771335e-14,0.0,148.11772915528377,0.22016809575844556,118.559,8188.0,0
yolo11s_b16_e10_run2_20250727-134833.json,yolo11s.pt,16,10,65W,0.1296269062500869,25.760951015531646,3014.9046875,0.76543,25.760951015531663,12.793706608802028,71.614,14.243,45.06039999999999,2.779943953032745,57.371,0.029681023475922816,16.41028708133971,0.1296269062500869,0.015177148471868058,0.15282707999986087,0.11708331943514144,-0.0002549050457089573,125.03952633307847,13.893044150542162,144.38317863091441,0.012345258609957239,25.715651135005974,32.11073888803621,84.0,81.0,0.06477607171716761,31.30622009569378,14.756272401433693,19.257926096201356,51.0,48.0,0.03609419396259271,17.14354066985646,73.97371565113501,2.447884938926538,80.0,79.0,0.006845055045759499,3.980861244019138,1977.8853046594982,262.10242005989045,2490.0,2490.0,-0.08415291407783004,-47.44019138755971,7501.79211469534,499.99678831460386,8000.0,8000.0,1.3293872470260701,732.0574162679422,123.43116458500893,0.20870702388771262,53.094,8188.0,1
yolo11s_b16_e1_run1_20250726-151723.json,yolo11s.pt,16,1,115W,0.1683278500004235,18.120020179372197,2786.54296875,0.69805,18.120020179372197,7.840370784739309,50.659,14.782,40.02,2.7957474383869685,35.876999999999995,0.022666426281861614,6.144351351351354,0.1683278500004235,0.09002087713874454,0.3236869349999323,0.5347949084986119,-0.028221404761834063,112.14239102447947,34.04338293884124,141.3326962761747,0.09215646274914994,4.932735426008969,11.61836937212879,50.0,33.0,0.031924896599929066,8.927927927927929,2.4798206278026904,7.632435856125519,35.0,18.0,0.014792491418411248,3.225225225225225,62.74215246636771,1.559972643798521,69.0,67.0,0.0052636900476564965,1.558558558558552,2077.9708520179374,198.04333573116054,2655.0,2655.0,0.4777078205317633,162.70270270270248,8170.403587443946,186.1175634674934,8200.0,8200.0,-0.15622870665288374,0.0,95.05260121815698,0.19063150242237564,115.0,8188.0,0
yolo11s_b16_e1_run1_20250726-163055.json,yolo11s.pt,16,1,65W,0.18376914999907967,17.493777777777762,2722.015625,0.69805,17.49377777777778,7.001375556497992,43.542,13.683,35.032,2.4889992632301006,29.859,0.020512792657458444,6.2866694214876055,0.18376914999907967,0.09548167573807205,0.3455474200007301,0.5195740184821567,-0.02763396666683721,100.36358031920048,26.543357339633552,120.86589963658896,0.0699454415532817,6.57201646090535,14.448359827163854,59.0,34.0,0.040682748273227896,11.479338842975206,3.7613168724279835,8.800289084898358,38.0,18.0,0.022704194771060428,5.966942148760331,68.93827160493827,1.1933872566513157,73.0,72.0,0.002593274703183877,0.7272727272727337,2051.41975308642,116.738693554359,2505.0,2445.0,0.30388889280906467,140.57851239669435,7232.510288065843,422.4325437385028,8000.0,8000.0,1.1201771710391006,396.6942148760336,87.06575614068046,0.200926042030938,46.607,8188.0,1
yolo11s_b16_e1_run1_20250727-114522.json,yolo11s.pt,16,1,115W,0.17115577499987467,18.022106818181815,2879.57421875,0.69805,18.02210681818182,8.150262848519274,51.7,14.333,40.35689999999992,2.868699010697342,37.367000000000004,0.024047471343062003,6.105290909090918,0.17115577499987467,0.08552101351114713,0.3171649099996101,0.4996677062822435,-0.02599940714282767,107.8634719936431,30.6222497204731,139.98867739394987,0.08059820994438302,8.127272727272727,16.87675059790248,70.0,36.0,0.05267227619977376,14.463636363636365,4.711363636363636,11.526485625192468,51.0,23.0,0.03181071558878263,8.345454545454546,63.28409090909091,1.3241537918470083,68.0,67.0,0.003005579949934016,0.7999999999999972,2077.431818181818,197.34860684577166,2655.0,2655.0,0.4723038107353069,152.4545454545455,8200.0,0.0,8200.0,8200.0,5.514470531186973e-15,0.0,93.4820925558119,0.19278672872477712,119.107,8188.0,0
yolo11s_b16_e1_run1_20250727-133335.json,yolo11s.pt,16,1,65W,0.18931931250062917,17.085456211812634,2411.6796875,0.69805,17.08545621181263,6.690456993486131,48.467,13.957,34.533,2.8367401724099492,34.51,0.016799534376365444,5.232122950819674,0.18931931250062917,0.08976995653819751,0.3427621450006881,0.47417220859546055,-0.02546678452372795,96.02918062697046,25.52251000662271,123.32286343720277,0.07063831304237049,6.606924643584521,15.633997137955358,64.0,41.0,0.04097315643757878,13.663934426229508,3.9429735234215886,9.55660627739003,38.0,28.0,0.02548582296164207,8.262295081967212,70.32790224032587,1.1472163594421771,74.0,73.0,0.0027952624594619682,1.0901639344262293,2020.417515274949,145.61646055043195,2475.0,2475.0,0.05711264685696521,74.50819672131138,7252.5458248472505,434.47258969867414,8000.0,8000.0,0.8456852513992602,295.0819672131147,84.51330077562386,0.20216292648624826,48.508,8188.0,1
yolo11s_b16_e1_run2_20250726-151744.json,yolo11s.pt,16,1,115W,0.12877575000038632,19.11191002570695,2968.08984375,0.69805,19.11191002570694,8.812333598691641,53.128,14.687,42.355,2.7798372809697662,38.441,0.034878249807860556,6.486855670103093,0.12877575000038632,0.016012489094754057,0.15211773000100948,0.12434397854181412,-0.005655911904666164,126.12326770822575,15.13710660087287,143.67790982154543,0.014404404553539488,7.519280205655527,17.599157595408208,74.0,33.0,0.05364371933157878,10.31958762886598,4.5475578406169666,12.356151240184172,54.0,20.0,0.03371829188488347,5.597938144329897,62.95372750642674,2.0540054887597603,73.0,66.0,0.00823417167996197,1.7422680412371108,2162.5449871465294,274.083096169714,2655.0,2655.0,1.4680936295305695,392.319587628866,8200.0,0.0,8200.0,8200.0,1.9373030786788382e-14,0.0,124.24699526076921,0.1538219092187697,115.0,8188.0,0
yolo11s_b16_e1_run2_20250726-163119.json,yolo11s.pt,16,1,65W,0.15069308749889387,17.618505773672045,2887.265625,0.69805,17.618505773672055,8.03523950131545,58.733,13.578,38.641799999999996,3.3335971139940117,45.155,0.02289531398369771,4.539740740740745,0.15069308749889387,0.01694114282203693,0.17555864499918244,0.11242149924203579,-0.0051854773811491044,107.47643509400473,11.589370738783733,118.9825426891547,0.011627683616865503,6.40877598152425,15.114852571154547,60.0,37.0,0.04121169066598551,7.703703703703704,3.5173210161662816,9.155333897869328,39.0,19.0,0.021914086104282027,3.444444444444444,68.74133949191686,1.2632942228638664,74.0,71.0,0.004037135974854717,0.9629629629629619,2046.1662817551962,106.36157804114836,2505.0,2250.0,0.2997653281680669,117.22222222222217,7224.018475750578,416.9342853172013,8000.0,8000.0,0.8608772670457617,222.22222222222263,106.17607128208482,0.165936689509483,46.607,8188.0,1
yolo11s_b16_e1_run2_20250727-114543.json,yolo11s.pt,16,1,115W,0.13566913750003096,18.258909560723524,3050.91796875,0.69805,18.258909560723517,8.848906479958162,54.093,14.316,43.251,2.9625536957781256,39.777,0.027671015304704904,3.8948333333333345,0.13566913750003096,0.01844562003052413,0.15720997000012174,0.13596032502616834,-0.006756398809503014,120.17567177622227,16.519601784007403,141.66307785219416,0.018895832534337617,5.713178294573644,13.077898470309961,52.0,30.0,0.039120972219979316,5.427083333333334,2.896640826873385,8.171587764754953,35.0,16.0,0.02072683787099759,2.0833333333333335,63.27390180878553,2.0070717406885663,73.0,66.0,0.004454641783943638,0.4895833333333357,2088.3333333333335,210.68670790747314,2655.0,2655.0,0.539768174776989,80.625,8200.0,0.0,8200.0,8200.0,7.301590625146027e-15,0.0,117.93397006003926,0.15482315698715185,119.107,8188.0,0
yolo11s_b16_e1_run2_20250727-133358.json,yolo11s.pt,16,1,65W,0.14929696250010238,16.949715935334872,2576.9296875,0.69805,16.949715935334872,6.842461372917025,48.746,13.878,37.5076,2.8759184039409056,34.868,0.01709586261557692,2.9066759259259243,0.14929696250010238,0.014213615712436366,0.1681712249994234,0.09520364965514029,-0.003812110714187877,108.17043428053623,10.562178562804908,124.27167675128706,0.009534323073940275,6.8729792147806,17.393955432320567,73.0,39.0,0.04387739475834535,8.444444444444443,3.8498845265588915,10.192743251853901,45.0,20.0,0.02368195906339391,4.037037037037037,70.01616628175519,1.1542539416119926,74.0,73.0,0.0021236647829063413,0.3703703703703667,2038.5450346420323,148.80690536747613,2505.0,2505.0,0.22108685163702632,91.66666666666652,7214.780600461894,410.6700550650389,8000.0,8000.0,1.2830382345393867,342.59259259259306,107.16895864501616,0.15815881902406737,48.508,8188.0,1
yolo11s_b16_e20_run1_20250727-121043.json,yolo11s.pt,16,20,115W,0.11167227749999711,37.65773738237811,3319.43671875,0.81069,37.6577373823781,18.015374741114005,67.654,14.863,61.3992,1.7965497850558227,52.791,0.026774789980478567,30.251924657534254,0.11167227749999711,0.02965200747278317,0.13345820999984426,0.26552702368574815,-0.00017036158912433808,147.77272248374962,19.962728965089443,168.98727657875898,0.018249512664878138,32.42087254063302,30.867316296056487,80.0,78.0,0.03317138866929695,40.33561643835616,21.94867408041061,22.365172891447752,57.0,56.0,0.0217680024566252,26.873287671232877,71.93071000855431,4.389249982277487,80.0,79.0,0.007451527773896569,7.910958904109592,2413.665526090676,303.57559551206674,2655.0,2655.0,0.48550002208438303,535.222602739726,8189.734816082121,110.51174915178187,8200.0,8200.0,0.02420268600236341,0.0,143.27638298592427,0.26283283118668394,118.295,8188.0,0
yolo11s_b16_e20_run1_20250727-140157.json,yolo11s.pt,16,20,65W,0.12584125749993974,29.083643081760933,2869.3109375,0.81069,29.083643081761007,13.90871578408828,90.577,14.125,49.24895,3.1143622463446756,76.452,0.016614963332112355,19.535946540880502,0.12584125749993974,0.028447225153697166,0.1552625250000346,0.22605642790648994,-0.00019447005478591948,130.4695067548903,17.092397896952754,150.8440746302536,0.017162792328885366,33.844339622641506,30.402814273663388,85.0,79.0,0.03550056540813762,44.484276729559745,19.507861635220127,18.51282747075625,52.0,49.0,0.020994110078750627,25.9811320754717,75.86635220125787,2.673430867913742,84.0,80.0,0.0041823444771366194,4.827044025157235,2034.6698113207547,282.31524169342543,2490.0,2490.0,0.052981846172113614,35.61320754716985,7654.088050314465,475.6646641808563,8000.0,8000.0,0.6573698286985614,833.3333333333339,127.14431115731391,0.22874513863051366,53.209,8188.0,1
yolo11s_b16_e20_run2_20250727-121141.json,yolo11s.pt,16,20,115W,0.10935644437503242,38.62089087656527,3464.63251953125,0.81069,38.6208908765653,17.69416121192126,64.885,15.078,61.885,1.6800492823269249,49.807,0.026285038072119845,29.669974910394266,0.10935644437503242,0.015217044593059552,0.13437138499953105,0.13915087199500986,-0.00014151255698487835,148.83059941269727,18.368638953827137,169.13049288762613,0.01523244063084128,31.5912343470483,30.90435059334275,81.0,80.0,0.03226415706062591,35.32616487455197,20.95169946332737,22.18686680965063,59.0,57.0,0.02150407957080067,23.863799283154123,73.60554561717352,4.508295436575425,82.0,80.0,0.007078714403011208,7.616487455197131,2429.5438282647583,297.94521016115374,2655.0,2655.0,0.4629377692027193,524.0860215053765,8200.0,0.0,8200.0,8200.0,-5.547617385655918e-15,0.0,146.31053607713145,0.2639652065535817,118.295,8188.0,0
yolo11s_b16_e20_run2_20250727-140302.json,yolo11s.pt,16,20,65W,0.12510631062497168,30.116807947019907,3014.6484375,0.81069,30.11680794701987,13.809489274147126,85.349,14.158,49.419,2.833932472197655,71.191,0.01453750603254033,18.509619205298016,0.12510631062497168,0.01640376836268953,0.15299800499942648,0.1311186324714085,-0.00010639701379935362,129.95707375809897,15.875317296019805,150.41317875983012,0.01492261659366091,37.853476821192054,31.856583959271255,87.0,83.0,0.03729218854116929,47.950331125827816,21.774006622516556,19.771988845014388,52.0,51.0,0.02188611489643691,28.496688741721854,75.99834437086092,2.4335535106826254,82.0,79.0,0.0036456986249789472,4.331125827814574,2021.0885761589404,276.35217465949546,2490.0,2490.0,0.033303308878413374,19.321192052979995,7664.735099337749,472.08298745684766,8000.0,8000.0,0.6038530844516437,771.5231788079464,127.89123042691934,0.23548767062828052,53.209,8188.0,1
yolo11s_b16_e5_run1_20250727-115022.json,yolo11s.pt,16,5,115W,0.12434430499988594,26.445149819494592,3246.06572265625,0.71807,26.445149819494585,16.13842632217449,62.258,14.486,57.605,2.3542313212423265,47.772000000000006,0.0630372492036889,22.785405797101454,0.12434430499988594,0.04750851735934172,0.1661839100002452,0.38207232216534004,-0.0019305057410863471,136.90815276631633,24.37887029193095,166.57695632041876,0.03170797680604983,19.014440433212997,27.17870677466466,74.0,73.0,0.09754875745827625,34.60144927536232,12.808664259927799,19.158549872937904,54.0,54.0,0.0646419877421111,22.992753623188406,66.7653429602888,3.775155000723832,75.0,75.0,0.015062555390663927,5.5507246376811565,2246.7238267148014,305.9176546947697,2655.0,2655.0,1.2743361192385552,469.1304347826085,8180.5054151624545,151.7018884756083,8200.0,8200.0,-0.02324753775652829,0.0,128.67497228775116,0.2055189859326821,119.6,8188.0,0
yolo11s_b16_e5_run1_20250727-133911.json,yolo11s.pt,16,5,65W,0.14187471500008542,23.000077814569547,2783.3796875,0.71807,23.000077814569536,11.462311325358494,78.343,14.027,41.681,3.4062058672850735,64.316,0.03883342738445044,14.925821192052979,0.14187471500008542,0.04811737290802468,0.16036546499990428,0.3391539705154348,-0.0016919187804822961,118.68659119195695,19.94183924762474,144.46869206203263,0.028231055050699862,18.927152317880793,28.478142969478263,80.0,77.0,0.07867019235822421,26.907284768211923,11.097682119205299,16.73781244632511,48.0,45.0,0.045921152270501274,15.788079470198674,71.48841059602648,2.1060142804102013,76.0,75.0,0.00838092390654685,3.5629139072847664,2006.1754966887418,257.47778595543906,2505.0,2490.0,0.0889804167275908,16.19205298013253,7425.496688741722,494.4180989926968,8000.0,8000.0,1.4191262504183095,536.4238410596026,112.775556941139,0.20394559280761512,53.61,8188.0,1
yolo11s_b16_e5_run2_20250727-115048.json,yolo11s.pt,16,5,115W,0.11613599000002069,27.821719191919197,3424.76796875,0.71807,27.821719191919193,16.748405409758615,63.77,14.515,58.788,2.2920941570901188,49.255,0.07027431435287973,22.27656910569106,0.11613599000002069,0.024071845410642854,0.15118217499993988,0.2072729169539827,-0.0010058482739188162,141.97077635832477,21.62510144096264,171.2978589531414,0.023201624416254563,19.395959595959596,28.56982910677428,81.0,75.0,0.1068325279700492,37.52032520325203,12.961616161616162,20.45079192396506,59.0,53.0,0.06964779702470704,24.422764227642276,67.48686868686869,4.086356863650102,77.0,76.0,0.016411503041384296,5.073170731707322,2264.3939393939395,312.91677075192774,2655.0,2655.0,1.456203177128478,471.70731707317054,8132.121212121212,277.21294271850286,8200.0,8200.0,-0.25419402329417595,-87.80487804878067,137.7695234698318,0.20194393136600697,119.6,8188.0,0
yolo11s_b16_e5_run2_20250727-133940.json,yolo11s.pt,16,5,65W,0.13354200499998115,23.224939670932343,2963.7796875,0.71807,23.224939670932358,11.81853108516391,75.527,14.044,41.413799999999995,3.2519783073765027,61.483000000000004,0.0408658926842916,14.478867647058824,0.13354200499998115,0.014204798999789856,0.15355581500025436,0.1063695202104526,-0.0005682357973771177,121.2175127538084,13.273166682018221,141.8210922549019,0.011989977258528503,19.241316270566728,30.67790283871885,84.0,82.0,0.08367538198467353,28.426470588235293,11.009140767824498,18.50198636977529,49.0,47.0,0.046829589897952155,15.38970588235294,71.6745886654479,1.9825918729388075,76.0,75.0,0.007348027677895877,2.639705882352942,1997.6051188299816,239.26232116331934,2490.0,2490.0,0.028097577971474132,12.463235294117567,7433.27239488117,495.5274227680094,8000.0,8000.0,1.9126911866339966,676.4705882352937,119.81248896182335,0.19384406310374422,53.61,8188.0,1
yolo11s_b1_e10_run1_20250726-152038.json,yolo11s.pt,1,10,115W,0.05749712054686995,19.83490186125219,1280.712368774414,0.65367,19.834901861252114,2.303784594211846,22.08,14.714,21.537,1.113189273859415,7.365999999999998,0.0018426575305049225,3.6623028764805383,0.05749712054686995,0.011623091686743452,0.07196002499767928,0.20215084818497392,-3.3157903239965485e-06,17.676681537216957,1.88642172290011,19.7426382452681,0.011388751116093047,26.16285956006768,13.1169459870033,39.0,37.0,0.008919943271960438,18.313028764805413,4.416243654822335,2.346868187434924,9.0,7.0,0.001363120460548428,2.888324873096447,64.17808798646362,1.168543020562249,66.0,65.0,0.001363577799700275,2.5786802030456855,2010.0,0.0,2010.0,2010.0,2.8390697634483505e-16,0.0,8200.0,0.0,8200.0,8200.0,-1.431154450017823e-15,0.0,17.39217530354115,1.1404497433517524,119.486,8188.0,0
yolo11s_b1_e10_run1_20250726-163432.json,yolo11s.pt,1,10,65W,0.06365151390620269,20.87246699732932,1216.1412963867188,0.65367,20.872466997329262,3.2907320196081287,26.008,13.477,23.114,1.2460434122774204,12.530999999999999,0.0023884634251596366,5.198752671755724,0.06365151390620269,0.012443952019166806,0.08004971499940439,0.1955012733476269,1.4054862180283209e-06,16.025996751582817,1.9898477323231039,18.77399791509356,0.015416634926036982,22.888592140404427,11.702523376540668,36.0,34.0,0.007476845501724764,17.908396946564885,4.191911484166349,2.282965176586454,9.0,8.0,0.0012116148003590435,2.93587786259542,70.40824112933994,1.6951106824386906,72.0,72.0,0.0019326294425128824,4.079389312977099,2010.0,0.0,2010.0,2010.0,-2.3973140822168747e-16,0.0,7831.743609309424,374.0938086661638,8000.0,8000.0,0.26881378774934545,575.5725190839694,15.710545415677103,1.3285641233372638,49.82,8188.0,1
yolo11s_b1_e10_run1_20250727-115352.json,yolo11s.pt,1,10,115W,0.05748418414062684,19.561161262798674,1363.7220458984375,0.65367,19.561161262798635,2.2948523909346785,21.569,14.423,21.262,1.1026441482806988,7.145999999999999,0.0018419691590436187,3.5783361774744016,0.05748418414062684,0.011297746746011071,0.07081380499985243,0.19653661115503962,-7.125359650867876e-07,17.680058934996275,1.8950331191542464,19.884576140782332,0.01148857575193184,26.46203071672355,12.897545549461018,37.0,36.0,0.009408676509252558,19.37372013651877,4.4325938566552905,2.2880597684478357,8.0,7.0,0.001477054099200304,3.0443686006825943,65.14547781569966,0.8968545871721613,66.0,66.0,0.0010964751652625545,1.9283276450511977,2010.0,0.0,2010.0,2010.0,-5.045555961077399e-16,0.0,8200.0,0.0,8200.0,8200.0,-5.2941895698199695e-15,0.0,17.396089288727538,1.1244573960352156,117.346,8188.0,0
yolo11s_b1_e10_run1_20250727-134303.json,yolo11s.pt,1,10,65W,0.061059993906224005,21.152990491283692,904.35625,0.65367,21.152990491283678,3.329187067203604,27.183,13.848,23.442,1.2850665257567744,13.334999999999999,0.002650474970684882,5.43125832012678,0.061059993906224005,0.011803160143960862,0.07229490999943664,0.19330431251087524,-3.894332136809795e-06,16.609016713646263,1.6226629622750577,18.430095024241847,0.009544843292133369,23.75079239302694,12.431878537372896,34.0,33.0,0.009436174127465117,19.526148969889064,4.218700475435816,2.255059229947253,8.0,6.0,0.0015808329044131335,3.3280507131537242,72.1905705229794,1.6478069249233183,74.0,74.0,0.0020549403071258377,4.039619651347067,2010.0,0.0,2010.0,2010.0,-1.156464669485084e-16,0.0,7824.881141045958,380.06873614212975,8000.0,8000.0,0.2737591456928304,573.6925515055464,16.377335404517087,1.2916014704961967,53.722,8188.0,1
yolo11s_b1_e10_run2_20250726-152236.json,yolo11s.pt,1,10,115W,0.05702840898436534,19.990533993115392,1467.196875,0.65367,19.990533993115317,2.290678178476202,22.16,14.853,21.557,1.1085246651055864,7.307,0.0016560396508060273,3.135829604130805,0.05702840898436534,0.006746723255833728,0.07131889999982377,0.11830460249528231,4.996401211472462e-07,17.749505196187148,1.8491879693423399,19.743648716364124,0.010853994999484612,26.26893287435456,13.430302600798782,37.0,37.0,0.007282127034196561,13.714285714285715,4.479776247848537,2.370760051156322,8.0,8.0,0.0010506292932909679,1.9087779690189324,65.16437177280551,0.9087474079511637,66.0,66.0,0.0010281228386928268,1.8278829604130848,2010.0,0.0,2010.0,2010.0,-1.4456625855005281e-15,0.0,8200.0,0.0,8200.0,8200.0,-3.469029752537494e-15,0.0,17.535120088553683,1.1400283483752425,119.486,8188.0,0
yolo11s_b1_e10_run2_20250726-163643.json,yolo11s.pt,1,10,65W,0.06345177499999011,21.287596780526062,1402.3013671875,0.65367,21.28759678052611,3.149960929260415,29.536,13.987,23.364,1.3874746080788007,15.549000000000001,0.0021396349516255714,4.373172955974841,0.06345177499999011,0.00796995340844882,0.07924565000084839,0.12560646898294117,-1.607153450338788e-06,15.980915802334778,1.793737965807312,18.182993547389994,0.012598379141416387,23.74008637612878,10.930661592547992,35.0,33.0,0.00601626294649528,12.921383647798743,4.308990969768355,2.0654603518759913,8.0,6.0,0.0011003406992721022,2.2955974842767297,71.91205339615233,1.1574683597504383,73.0,73.0,0.0012351454532139382,2.5078616352201237,2010.0,0.0,2010.0,2010.0,3.486225697208397e-17,0.0,7839.026305457401,367.5066859363311,8000.0,8000.0,0.2493641744450581,509.433962264151,15.760000409762467,1.3507358012084536,49.82,8188.0,1
yolo11s_b1_e10_run2_20250727-115544.json,yolo11s.pt,1,10,115W,0.05467414703125684,19.813695337256704,1550.249609375,0.65367,19.81369533725668,2.3121693943712422,21.843,14.376,21.343600000000002,1.1024192927266585,7.4670000000000005,0.0018481768220201989,3.3405217391304376,0.05467414703125684,0.005543195150215292,0.06451230000034229,0.10138603803085004,-1.7439375373323559e-06,18.449145866203107,1.6042664710220216,20.142889704258682,0.00756136990850006,28.039837030330467,13.309501201997106,37.0,37.0,0.010512610404719423,19.282608695652172,4.606156631960163,2.33571637162478,9.0,7.0,0.0017067705958855753,3.275362318840579,65.32956088727931,0.8062902529241329,67.0,66.0,0.0009526769612659697,1.6159420289855007,2010.0,0.0,2010.0,2010.0,1.1892098579088856e-15,0.0,8200.0,0.0,8200.0,8200.0,1.7366834920158915e-15,0.0,18.29018017287598,1.083296892101701,117.346,8188.0,0
yolo11s_b1_e10_run2_20250727-134512.json,yolo11s.pt,1,10,65W,0.06195166749999572,21.53710490626241,1090.5065704345702,0.65367,21.537104906262464,3.280721303464384,34.074,14.244,23.676,1.5821067942187583,19.83,0.0023437571468553076,4.728329073482431,0.06195166749999572,0.007750512548076787,0.07686218500048199,0.1251057939332678,2.8346753949602927e-06,16.35787735830969,1.7697474379250289,18.4903498471879,0.01170492644723129,24.40446749102513,11.732014130152585,35.0,34.0,0.00702341039875214,14.389776357827476,4.3374551256481855,2.2472349684603374,9.0,6.0,0.0012569478646057865,2.720447284345048,73.66055045871559,1.1963460591508215,75.0,75.0,0.0013462871021248737,2.7587859424920254,2010.0,0.0,2010.0,2010.0,-3.118754846134409e-16,0.0,7836.4579178300755,369.8595267523198,8000.0,8000.0,0.26911667953915364,549.5207667731629,16.141615558613804,1.3342595620652953,53.722,8188.0,1
yolo11s_b1_e1_run1_20250726-151536.json,yolo11s.pt,1,1,115W,0.0630670343747397,17.236499181669384,1277.25390625,0.64549,17.236499181669394,2.7130000005277344,21.966,14.846,21.34,1.27438871249217,7.120000000000001,0.008341734597839557,2.625375000000002,0.0630670343747397,0.030737884300980376,0.08519065500076976,0.4873843301135442,-0.0002307033802203953,16.87868718665261,2.852698708434577,20.153178859463246,0.028565016684233023,11.780687397708673,14.460206251304532,36.0,35.0,0.040069317416000776,12.243421052631579,2.0818330605564648,2.5270738099372942,8.0,6.0,0.005772926540689525,1.4407894736842106,63.810147299509005,0.75683150215644,65.0,65.0,0.0015187121775274088,0.4342105263157947,2010.0,0.0,2010.0,2010.0,-2.086515243871532e-15,0.0,8200.0,0.0,8200.0,8200.0,-1.7180236818574718e-14,0.0,15.856144337754541,1.0870548863905158,118.956,8188.0,0
yolo11s_b1_e1_run1_20250726-162856.json,yolo11s.pt,1,1,65W,0.06671267265639358,17.726024132730014,1211.96484375,0.64549,17.726024132730014,4.012447590634995,26.481,13.849,23.265,1.4939052210306125,12.632000000000001,0.011535232494001131,4.1929575757575765,0.06671267265639358,0.03020582237363668,0.08784581000090838,0.45277488025720447,-0.00017288976120596598,15.841763514206333,2.4895788128668337,18.556557565630314,0.024697028730447976,10.693815987933634,13.418703581204372,35.0,32.0,0.034233405303075844,11.206060606060605,2.2986425339366514,2.792704560207566,9.0,8.0,0.0055338989345853845,1.4,70.18853695324283,0.8731221010749808,72.0,72.0,0.0021102166454502786,0.6363636363636402,2010.0,0.0,2010.0,2010.0,4.113476009606486e-15,0.0,7443.43891402715,496.790542938945,8000.0,8000.0,1.410681618629113,557.575757575758,14.989655790745216,1.1825504454661502,49.329,8188.0,1
yolo11s_b1_e1_run1_20250727-114335.json,yolo11s.pt,1,1,115W,0.060033075000035296,17.28571074380167,1359.3671875,0.64549,17.28571074380165,2.7442675225529887,21.896,14.79,21.567,1.2667110033558509,7.106000000000002,0.007553566301843889,2.147953642384108,0.060033075000035296,0.02986887102532783,0.07783622000033573,0.4975402480267797,-0.00020883515782369147,17.64466873928891,2.6583898910586954,20.205280133996663,0.022699188686315517,12.512396694214877,15.697720897101428,38.0,37.0,0.04542067692621159,13.94039735099338,2.234710743801653,2.832127102478862,8.0,8.0,0.007137805893774207,1.8079470198675496,66.36363636363636,0.5863460180580763,67.0,67.0,-0.00016983034847746663,-0.2251655629139151,2010.0,0.0,2010.0,2010.0,-2.8024308006704942e-15,0.0,8200.0,0.0,8200.0,8200.0,-9.045607669966603e-15,0.0,16.65748422847592,1.0377143695115616,120.56,8188.0,0
yolo11s_b1_e1_run1_20250727-133134.json,yolo11s.pt,1,1,65W,0.06492194843758625,18.01566214177978,898.8359375,0.64549,18.01566214177979,3.841665434769078,26.118,14.531,23.607,1.4497385549560362,11.586999999999998,0.009777413957891723,3.293303030303031,0.06492194843758625,0.030295290621720462,0.08378663999947093,0.46664173443354556,-0.0001997664221297749,16.251122921832437,2.3803010098067676,18.38367822077661,0.021453443513034093,10.917043740573153,14.28287995248688,35.0,33.0,0.03713942590775673,12.339393939393938,2.161387631975867,2.6737457479825144,8.0,8.0,0.006794577250918345,1.993939393939394,72.90045248868778,0.8085421253134096,74.0,74.0,0.0009059902993199678,0.0,2010.0,0.0,2010.0,2010.0,4.113476009606486e-15,0.0,7438.914027149322,496.25447496308396,8000.0,8000.0,1.175773894336091,430.30303030303,15.403111337013643,1.1696118886376017,51.458,8188.0,1
yolo11s_b1_e1_run2_20250726-151605.json,yolo11s.pt,1,1,115W,0.05786060078111177,17.41869444444446,1461.69921875,0.64549,17.418694444444444,2.903458785586385,21.95,14.832,21.559,1.2601403664326163,7.1179999999999986,0.009756216013543666,2.7718296296296305,0.05786060078111177,0.01167291059108232,0.08241590999987237,0.20174195278824114,-0.00011153805249367934,17.80601553679103,2.6404206857821433,20.18589762550541,0.021989368484154136,12.098148148148148,15.338754968316437,37.0,35.0,0.044024880438928486,11.118518518518519,2.1555555555555554,2.7798658818345277,8.0,8.0,0.006787555665295298,1.4370370370370371,63.333333333333336,0.5374838498865699,64.0,64.0,0.0014561092459165115,0.3925925925925924,2010.0,0.0,2010.0,2010.0,-3.614284810801467e-15,0.0,8200.0,0.0,8200.0,8200.0,-8.627391988194698e-15,0.0,17.282917676279016,1.0078561253781702,118.956,8188.0,0
yolo11s_b1_e1_run2_20250726-162928.json,yolo11s.pt,1,1,65W,0.0655009281249761,17.856552805280533,1400.21875,0.64549,17.85655280528053,4.074117686945185,25.253,13.819,23.0355,1.4142147297619616,11.434,0.012905666846450994,4.446251655629137,0.0655009281249761,0.011074397634265081,0.08731022500032848,0.16907237731250274,-7.754370994401589e-05,15.640310255452691,2.2460580729627093,18.174823084238877,0.020622971148718097,11.612211221122113,14.71768819942805,35.0,34.0,0.03820649550352668,11.834437086092715,2.2244224422442245,2.7102904219617376,8.0,7.0,0.006700002035548766,1.8410596026490067,70.08745874587459,1.0150392914314117,72.0,72.0,0.0033995821328425867,1.231788079470192,2010.0,0.0,2010.0,2010.0,-3.1770669489592794e-15,0.0,7432.343234323433,495.4014150748724,8000.0,8000.0,1.5012374384061051,536.4238410596026,15.26695924204303,1.1696207818585205,49.329,8188.0,1
yolo11s_b1_e1_run2_20250727-114403.json,yolo11s.pt,1,1,115W,0.05742791015627091,17.224144981412657,1548.001953125,0.64549,17.22414498141264,2.8972182096702817,21.913,14.627,21.390900000000002,1.2722257054644697,7.286,0.009112110483914066,2.466611940298506,0.05742791015627091,0.00909873634367397,0.07671583499968619,0.15843753183625858,-6.423223453797947e-05,17.76495625068789,2.242248291651302,19.982704015268087,0.015930856255818724,14.75278810408922,16.880738502067214,37.0,37.0,0.05537207491476355,16.567164179104477,2.442379182156134,2.9414085575311613,8.0,8.0,0.008569054315026062,2.2238805970149254,65.28252788104089,0.6082697780003503,66.0,66.0,0.001581681683266864,0.4029850746268693,2010.0,0.0,2010.0,2010.0,-7.769149346939606e-16,0.0,8200.0,0.0,8200.0,8200.0,2.483653016535441e-15,0.0,17.413135830275444,0.9891466505111505,120.56,8188.0,0
yolo11s_b1_e1_run2_20250727-133206.json,yolo11s.pt,1,1,65W,0.06300960781261722,18.081489932885916,1086.8359375,0.64549,18.081489932885905,4.0805337554987124,29.535,14.442,23.403,1.6334384007969884,15.093,0.0120156758072694,3.9299463087248316,0.06300960781261722,0.009539053006787238,0.08386199000024135,0.15139045199511797,-7.524169680401716e-05,16.179570436667625,2.0593599981007413,18.61894645308154,0.016200580298294645,11.76006711409396,14.85639816504824,34.0,33.0,0.043012054236554166,13.114093959731544,2.2231543624161074,2.9002778360887795,8.0,8.0,0.007708017273213966,2.0268456375838926,72.08053691275168,0.8132029516570617,74.0,73.0,0.002097963734412808,0.5369127516778462,2010.0,0.0,2010.0,2010.0,-4.308294022412669e-16,0.0,7442.953020134229,496.73498174398213,8000.0,8000.0,1.3498205595684576,456.37583892617386,15.870595528445063,1.139307589338928,51.458,8188.0,1
yolo11s_b1_e20_run1_20250727-120351.json,yolo11s.pt,1,20,115W,0.057179852187497104,20.260255439924343,1366.0476119995117,0.66209,20.260255439924315,1.828863585589062,21.884,14.695,21.498,1.080144328134974,7.189,0.0005886876545588174,1.8523822138126818,0.057179852187497104,0.00947647016259573,0.07246275000061358,0.16573093143930592,-3.8024425552186125e-06,17.76691607629332,1.9758406701941598,19.999622026278765,0.012367437928688453,29.281456953642383,10.95018679641311,40.0,37.0,0.0037245346490880713,12.038789025543995,4.884815515610217,1.9976869995520627,9.0,7.0,0.0005524342943754352,1.7644276253547777,66.46381267738883,0.6112055451793743,67.0,67.0,0.00033289632806372967,1.0104068117313147,2010.0,0.0,2010.0,2010.0,-1.114759289296127e-16,0.0,8200.0,0.0,8200.0,8200.0,-1.4976537667076568e-15,0.0,17.488677597852536,1.1584784113358082,118.44,8188.0,0
yolo11s_b1_e20_run1_20250727-135414.json,yolo11s.pt,1,20,65W,0.06185026121092818,22.083331308309887,906.47890625,0.66209,22.083331308309827,2.6789281303853714,31.721,14.075,23.698999999999998,1.436422773228221,17.646,0.0006482502267767953,2.2359088541666665,0.06185026121092818,0.009868880064010155,0.07610429000005751,0.15956084696803907,9.084389769470636e-07,16.39008231482341,1.6859223492737014,18.371505702378922,0.010580662616674988,26.39205901497071,9.971477541736771,35.0,34.0,0.0017570058177067954,5.886284722222221,4.767411586027338,1.9938430517571895,8.0,8.0,0.0002929061660145924,1.0121527777777777,74.50683445432848,1.2701860836374788,76.0,76.0,0.000733442024603086,2.7248263888888857,2010.0,0.0,2010.0,2010.0,5.036291694356795e-16,0.0,7903.449772184856,295.34434364651037,8000.0,8000.0,0.07017691658324986,240.4513888888887,16.168080464360468,1.365859809826435,52.709,8188.0,1
yolo11s_b1_e20_run2_20250727-120720.json,yolo11s.pt,1,20,115W,0.05620724128905934,20.359455298416584,1552.077880859375,0.66209,20.359455298416563,1.7985064581918175,23.529,14.548,21.451,1.155679248542074,8.981,0.00044691848307185485,1.3421559454191083,0.05620724128905934,0.006188703772409496,0.06888590499984275,0.1101050973233607,-1.2111027523867014e-06,17.976069503313404,1.7100447989433918,19.92401578779771,0.009049519053996204,30.218270401948843,10.458041328737515,38.0,37.0,0.002207549576165788,6.357699805068229,5.029232643118148,1.9073862508855388,9.0,7.0,0.0003822684375929649,1.1423001949317735,66.24555420219245,0.6789835069616544,67.0,67.0,0.00019088363133672949,0.7797270955165629,2010.0,0.0,2010.0,2010.0,-2.7898714239957687e-16,0.0,8200.0,0.0,8200.0,8200.0,-9.243201840361076e-16,0.0,17.7913019224206,1.1443488164719187,118.44,8188.0,0
yolo11s_b1_e20_run2_20250727-135810.json,yolo11s.pt,1,20,65W,0.06271558492187808,22.3743218940052,1092.57890625,0.66209,22.374321894005213,2.5340087908954847,33.207,14.58,23.856,1.4841567113100846,18.627000000000002,0.0005348782865609604,1.8969617723718493,0.06271558492187808,0.007681869938992807,0.0780302750007649,0.1224874159837903,1.367927322021571e-06,16.144947520748794,1.6753666878993156,18.0924317006322,0.010768283391546517,26.74695916594266,9.15759083503378,34.0,33.0,0.0014177160039145083,5.6003475238922675,4.802780191138141,1.8382061438925377,8.0,6.0,0.0002471793659118719,0.949609035621199,75.39856646394439,0.933221038711769,77.0,76.0,0.00044754828381052644,1.6672458731537745,2010.0,0.0,2010.0,2010.0,-4.21358868979125e-16,0.0,7910.512597741094,285.4459792953093,8000.0,8000.0,0.06627473070401878,222.41529105126028,15.944999974817328,1.4032186848129191,52.709,8188.0,1
yolo11s_b1_e5_run1_20250727-114742.json,yolo11s.pt,1,5,115W,0.0567811800000058,18.980029253271706,1364.2502685546874,0.67183,18.98002925327175,2.6652173567657713,21.616,14.184,21.1422,1.1388812794518675,7.432,0.004377762659308036,4.996614197530864,0.0567811800000058,0.014851710029167346,0.07227389000036055,0.2615604330372463,-1.522547022519598e-05,17.97409343244367,1.8779665504013288,19.795177513981535,0.010916457171293494,24.956120092378754,15.02547231213275,38.0,37.0,0.024145760686254666,28.197530864197528,4.20554272517321,2.5837950754313934,8.0,8.0,0.0034907934669159064,4.182098765432099,63.64742109314857,1.3734866710724154,66.0,65.0,0.0032007152044729666,3.172839506172835,2010.0,0.0,2010.0,2010.0,-6.451130353059684e-16,0.0,8200.0,0.0,8200.0,8200.0,-8.068132516320189e-15,0.0,17.611469152277177,1.0777084574353966,121.645,8188.0,0
yolo11s_b1_e5_run1_20250727-133610.json,yolo11s.pt,1,5,65W,0.06066870999997036,20.02111355571327,905.1265625,0.67183,20.02111355571327,3.708102596059545,26.286,13.58,22.908,1.3129139858706296,12.706000000000001,0.0056808386531114466,7.143704545454547,0.06066870999997036,0.014624358589523082,0.07580570000109219,0.24105273689732692,-1.1711357940936426e-05,16.781128055115595,1.675317609738517,18.579587350699278,0.009966714182519466,23.49112845990064,14.068022396767812,35.0,35.0,0.02150935355472488,27.272727272727273,4.295244854506742,2.6983655832397457,8.0,8.0,0.003462071334732648,4.548295454545454,70.26614620298083,1.6044639586679512,73.0,72.0,0.003601051646434311,3.9573863636363598,2010.0,0.0,2010.0,2010.0,-2.439636644157077e-16,0.0,7745.2093683463445,435.7434631468228,8000.0,8000.0,0.5880355355801962,769.886363636364,16.482961315651654,1.2146551321880437,54.538,8188.0,1
yolo11s_b1_e5_run2_20250727-114845.json,yolo11s.pt,1,5,115W,0.05621879234377616,19.251623188405755,1556.783203125,0.67183,19.251623188405798,2.5508535153404592,21.564,14.221,21.115,1.1201133425978762,7.343,0.003735197886874649,4.035374193548394,0.05621879234377616,0.006062892445418613,0.07042147999991355,0.10784458706163973,-3.449264030977837e-06,17.96139061178204,1.6321918750099962,19.807237954609786,0.008257764777702488,25.454106280193237,14.944499687180489,38.0,37.0,0.020697982532308572,22.932258064516127,4.381642512077295,2.762338948209466,9.0,8.0,0.0031210745404111184,3.435483870967742,64.31884057971014,0.7654680456116257,66.0,65.0,0.0016548592424952473,1.5580645161290292,2010.0,0.0,2010.0,2010.0,-1.3390875507192902e-15,0.0,8200.0,0.0,8200.0,8200.0,1.2180070656838905e-15,0.0,17.787646413409796,1.0823030063096089,121.645,8188.0,0
yolo11s_b1_e5_run2_20250727-133723.json,yolo11s.pt,1,5,65W,0.0635657687500526,20.56852844950219,1097.4453125,0.67183,20.568528449502132,3.5168221159764492,26.475,13.89,23.154,1.2871606281897545,12.585,0.0046041513576375185,5.620259259259255,0.0635657687500526,0.008652424040382786,0.08101723000008855,0.13611766538063974,3.090241438719642e-06,15.985579062400841,1.8975046076079098,18.56962703016834,0.014089933153066512,21.837126600284495,12.880667474495421,35.0,34.0,0.01557370894185603,18.80911680911681,4.0,2.540706994940464,8.0,8.0,0.0024059019208762166,2.9914529914529915,72.06187766714082,1.1919647535287572,74.0,73.0,0.002310791053162748,2.618233618233617,2010.0,0.0,2010.0,2010.0,-3.8112419705304823e-16,0.0,7780.22759601707,414.09237427232824,8000.0,8000.0,0.5653871456903472,692.3076923076924,15.731737689386042,1.307454322949934,54.538,8188.0,1
yolo11s_b32_e10_run1_20250726-152636.json,yolo11s.pt,32,10,115W,0.21758733500000743,29.81927136752135,4552.76953125,0.75562,29.819271367521367,17.75272604789157,84.22,15.33,64.274,2.8243480185009138,68.89,0.03334040218680181,21.981448717948712,0.21758733500000743,0.04170077580062668,0.23732779499969178,0.1916507493445115,-0.0012704250094022092,150.0845331582613,16.498094150313804,163.27607897867892,0.012083581566720163,17.924145299145298,31.327597918823965,85.0,84.0,0.0412744359037284,30.987179487179485,13.826923076923077,25.84540581309675,72.0,70.0,0.03271988856143543,24.49145299145299,70.45299145299145,3.903747326346972,81.0,78.0,0.007549190090467019,5.029914529914535,2312.8365384615386,316.7782259470679,2655.0,2655.0,0.8256372135617526,560.897435897436,8200.0,0.0,8200.0,8200.0,-6.481555675716624e-15,0.0,147.067383310701,0.20275924339065618,115.0,8188.0,0
yolo11s_b32_e10_run1_20250726-164136.json,yolo11s.pt,32,10,65W,0.246648765000009,24.197818618042174,4488.615625,0.75562,24.197818618042227,13.341841146672055,73.053,13.602,51.353,3.0189911393719875,59.45099999999999,0.019965673949237435,15.284319230769233,0.246648765000009,0.044964715314556786,0.27395541999958367,0.18230261689960273,-0.0013105680299869197,132.27938049843672,14.614353559143401,144.88148725242527,0.012206043547273933,22.589251439539346,32.447273035845235,89.0,83.0,0.04682288195776558,35.85384615384615,15.718809980806142,24.569041958695,69.0,67.0,0.03313435051978794,25.403846153846157,71.01343570057581,2.102875259541079,77.0,76.0,0.004043978569230052,3.1115384615384585,2116.079654510557,293.2862979757201,2505.0,2505.0,0.23651392708839483,137.5961538461538,7392.514395393474,488.3101932198115,8000.0,8000.0,0.6778448766040497,526.9230769230771,129.73914546054522,0.1865113149323227,49.329,8188.0,1
yolo11s_b32_e10_run1_20250727-115932.json,yolo11s.pt,32,10,115W,0.21808177750006053,31.013205882352985,4636.42421875,0.75562,31.013205882352942,18.39788235978859,67.758,14.715,63.87,2.184811214198126,53.04299999999999,0.05587748295268147,28.274676923076928,0.21808177750006053,0.040874171791928586,0.2432785850004164,0.187425892527482,-0.0010428003846187693,149.85072193231395,17.31294797465391,163.22037397724276,0.01334825113165283,22.875959079283888,33.474977638774966,87.0,86.0,0.0717146761659716,31.687179487179485,17.59846547314578,27.87448847278909,73.0,71.0,0.05790218294984965,25.415384615384617,68.99360613810742,4.303238539963749,80.0,78.0,0.012635104957626337,6.471794871794884,2315.5434782608695,316.15252967940063,2655.0,2655.0,1.1668593284889541,607.3846153846152,8200.0,0.0,8200.0,8200.0,5.227157631332602e-15,0.0,146.73394708547403,0.21135672077496473,119.179,8188.0,0
yolo11s_b32_e10_run1_20250727-134927.json,yolo11s.pt,32,10,65W,0.2538878425000803,25.242483981693397,4171.7796875,0.75562,25.242483981693365,13.500084343167146,85.848,14.104,47.75704999999993,3.4009331277484276,71.744,0.030851569129008095,18.038032110091745,0.2538878425000803,0.04058709191284615,0.2769151000001329,0.15986229003002897,-0.0010474408536565595,127.94169789770822,12.320911252083267,138.97688206699377,0.009273879293413735,23.88100686498856,33.01004674597686,91.0,90.0,0.07164356431194525,43.41743119266055,16.282608695652176,23.75107357930448,64.0,63.0,0.04923878499475941,29.752293577981654,73.11212814645309,2.339837914560753,78.0,77.0,0.006538120289518057,3.7844036697247674,1984.4107551487414,300.12072616422677,2490.0,2490.0,2.7635201856071082e-05,13.142201834862362,7504.576659038901,499.97905375329634,8000.0,8000.0,1.2711024535790427,720.1834862385322,126.03990677493697,0.2002737436704679,53.672,8188.0,1
yolo11s_b32_e10_run2_20250726-152719.json,yolo11s.pt,32,10,115W,0.21411933249983123,31.492595744680862,4707.14296875,0.75562,31.492595744680848,17.642777311824382,68.348,15.368,63.883,2.170287916376156,52.98,0.04838662966866478,26.06311557788945,0.21411933249983123,0.017421076336731463,0.2446134499998152,0.08136152926193713,-0.0005031614915830256,150.36231193161382,11.2746943850582,162.58715713652379,0.005622527235409085,20.7909887359199,32.16455062323453,84.0,84.0,0.059993506921245526,33.949748743718594,16.132665832290364,27.315244370057655,71.0,71.0,0.048156153838915174,27.175879396984925,70.57446808510639,3.8859393448573147,80.0,78.0,0.010915006540130098,6.0201005025125625,2349.555694618273,316.1741675402365,2655.0,2655.0,1.1046621952252358,592.7638190954772,8200.0,0.0,8200.0,8200.0,1.2817639562481313e-14,0.0,149.4493730500735,0.21072417436056534,115.0,8188.0,0
yolo11s_b32_e10_run2_20250726-164230.json,yolo11s.pt,32,10,65W,0.24379757750011777,24.584089704383267,4639.778125,0.75562,24.58408970438328,13.709840198529713,85.558,13.841,53.808,3.480218345637798,71.71700000000001,0.01894059014962326,13.659665306122447,0.24379757750011777,0.020388629480686513,0.2761898700007805,0.08362933581928912,-0.00043449286115937306,132.10197711755035,10.174924608675543,144.68572210901172,0.005932582206279335,17.867482161060142,29.433814083455562,91.0,84.0,0.02973663240964841,21.587755102040816,11.959225280326198,21.71017436032168,66.0,64.0,0.019755969429383145,14.338775510204082,71.25891946992864,2.308569872652677,79.0,76.0,0.004353009351501202,2.816326530612244,2113.2262996941895,312.31537055430505,2505.0,2505.0,0.30825138964571364,153.79591836734699,7424.057084607543,494.19902225894185,8000.0,8000.0,0.6455841926822766,428.57142857142935,131.2564313728037,0.1872981723429446,49.329,8188.0,1
yolo11s_b32_e10_run2_20250727-120011.json,yolo11s.pt,32,10,115W,0.2119497775000127,32.23343213296396,4786.36796875,0.75562,32.23343213296399,18.526420082510512,67.094,14.755,64.48,2.081503444102229,52.33899999999999,0.0589764862013718,28.38265555555556,0.2119497775000127,0.0170587620776979,0.24073792500003038,0.08048492562204683,-0.0005530992589099156,151.89838489351033,11.451705950178338,164.72701905489754,0.005683738174938495,25.837950138504155,33.32817679758755,88.0,84.0,0.08857093660392985,46.06666666666666,19.930747922437675,27.648780044420892,72.0,70.0,0.06740161977190276,34.91111111111111,69.91135734072022,4.526671783706497,79.0,78.0,0.013705168724366628,6.583333333333329,2338.2340720221605,317.54070003673155,2655.0,2655.0,1.2391772530680687,598.25,8200.0,0.0,8200.0,8200.0,4.127640400033654e-15,0.0,150.9791629764654,0.21349589902010851,119.179,8188.0,0
yolo11s_b32_e10_run2_20250727-135012.json,yolo11s.pt,32,10,65W,0.2530460774998119,25.282574879227035,4325.3796875,0.75562,25.282574879227056,12.339190874805212,79.706,14.245,45.797,3.152606108386884,65.461,0.02970042547306663,16.236072463768124,0.2530460774998119,0.011706600642903547,0.2738521199994466,0.046262723210606774,-0.00011467794558832498,126.7244381866374,5.741990729217804,136.26794178423046,0.002053072211818035,28.056763285024154,36.373072472886854,91.0,89.0,0.07070234543003041,40.227053140096615,18.52173913043478,24.8716174282487,63.0,59.0,0.045730295301193685,26.52657004830918,73.3840579710145,2.157413229321168,80.0,77.0,0.006299430716186982,3.5700483091787447,1988.4239130434783,362.68992726736957,2490.0,2490.0,0.011299966914859143,5.579710144927503,7496.376811594203,499.9868723334405,8000.0,8000.0,1.4100661645699248,768.115942028986,126.45918212276493,0.19992676257136505,53.672,8188.0,1
yolo11s_b32_e1_run1_20250726-151812.json,yolo11s.pt,32,1,115W,0.30174827500013635,18.85544874715261,4457.79296875,0.69445,18.855448747152618,8.621817553388075,55.255,14.659,42.023,2.93045266336311,40.596000000000004,0.031064371647324805,8.618513761467886,0.30174827500013635,0.11079386949885188,0.4568946950013923,0.3671731661060923,-0.08149225000088334,117.2615423000935,30.64471492291898,140.1267287441524,0.06829673892492887,6.69248291571754,19.206318080246255,83.0,48.0,0.04376810196387693,10.53211009174312,4.972665148063781,15.383456485578355,68.0,36.0,0.03309982213623741,7.477064220183486,62.96127562642369,1.9634134689937253,71.0,67.0,0.008407395955372184,2.3669724770642233,2154.0546697038726,264.38256039552186,2655.0,2655.0,1.2907632823381565,431.97247706422013,8172.665148063781,179.03806353143852,8200.0,8200.0,-0.14722694224676147,0.0,106.04865926734972,0.17779997293146194,117.55,8188.0,0
yolo11s_b32_e1_run1_20250726-163149.json,yolo11s.pt,32,1,65W,0.31209682499957125,17.21563675213675,4397.328125,0.69445,17.215636752136753,7.215384466281482,66.266,13.622,32.538,3.84917508158827,52.644000000000005,0.0231921207900306,7.778418803418809,0.31209682499957125,0.1003979160796419,0.45178385000126575,0.3216883609110084,-0.06942727000096054,110.97875957007415,26.331595005526026,131.1682113563804,0.056295619277461885,8.123931623931623,21.010518934806317,80.0,73.0,0.060864231914760855,22.957264957264957,5.066239316239316,14.06493993694631,57.0,43.0,0.038674957096766674,14.256410256410255,68.0982905982906,1.324875927490926,73.0,71.0,0.004066075720650778,1.495726495726501,2057.1794871794873,205.90340301727892,2505.0,2505.0,0.49273188379583766,203.58974358974365,7220.08547008547,414.3040621846807,8000.0,8000.0,1.066449291064965,376.068376068376,102.53228305044102,0.16790454908399408,48.29,8188.0,1
yolo11s_b32_e1_run1_20250727-114610.json,yolo11s.pt,32,1,115W,0.2864636499998596,18.463505910165484,4544.73046875,0.69445,18.463505910165484,8.874131192946953,55.29,14.201,41.566099999999985,2.994555869779796,41.089,0.03295183561294595,10.641104761904764,0.2864636499998596,0.10192376687928201,0.4283614799997394,0.35580000073074525,-0.06961995999990911,122.98506166766187,31.956325460423713,150.81023275930772,0.0675163482683262,9.130023640661939,21.606728261030476,73.0,64.0,0.07332843735076608,25.238095238095237,6.196217494089835,15.90119566314773,57.0,47.0,0.051219778247504615,17.361904761904764,62.95035460992908,2.155841723910732,72.0,68.0,0.008843051414793109,2.914285714285711,2153.1205673758864,265.2167178918469,2655.0,2655.0,1.3860490181715752,485.2857142857142,8200.0,0.0,8200.0,8200.0,3.735668518472144e-15,0.0,111.70701762689849,0.16528510296312454,116.182,8188.0,0
yolo11s_b32_e1_run1_20250727-133429.json,yolo11s.pt,32,1,65W,0.2963014500001009,16.57975974025974,4082.9296875,0.69445,16.57975974025974,6.487616184903478,53.786,13.723,29.10034999999998,3.244075960244125,40.063,0.018019974249033018,4.630321739130437,0.2963014500001009,0.09862459238324901,0.4330204200001389,0.33285220974522883,-0.06834518000032402,117.3933183731732,28.2264143995643,133.81937284080445,0.057812888477524464,5.796536796536796,14.954539658728722,67.0,41.0,0.035310014030328116,11.808695652173913,3.45021645021645,10.512037521507528,49.0,25.0,0.021404053796776915,6.7043478260869565,69.05411255411255,1.3090156790266614,74.0,72.0,0.0028227980936665668,0.9478260869565247,2052.4675324675327,159.04059633792141,2505.0,2505.0,0.44978339361382663,150.13043478260852,7199.134199134199,399.34918288307574,8000.0,8000.0,0.8172746749322172,269.56521739130403,107.99812150763725,0.15351896411538302,52.127,8188.0,1
yolo11s_b32_e1_run2_20250726-151832.json,yolo11s.pt,32,1,115W,0.22841330000028393,19.480112860892397,4582.04296875,0.69445,19.480112860892387,9.468002265144122,58.184,14.802,42.441,2.9868410114198167,43.382,0.04013981899961596,8.55745263157895,0.22841330000028393,0.012597412695874981,0.2456962550026219,0.05515183527342463,-0.009241240000483252,140.50754814028068,7.451133422253639,147.96018803539212,0.0028121945960235496,6.018372703412074,16.224545692136044,73.0,73.0,0.038141784357418274,5.968421052631578,3.454068241469816,13.555412299502969,61.0,61.0,0.024766155401696317,2.3157894736842106,63.511811023622045,2.3371903912428382,73.0,69.0,0.007811960953213609,1.7894736842105203,2169.1338582677167,278.06070153027287,2655.0,2655.0,1.6102503238348966,461.68421052631584,8200.0,0.0,8200.0,8200.0,-1.437375734171874e-14,0.0,140.0969208008475,0.13904740196670015,117.55,8188.0,0
yolo11s_b32_e1_run2_20250726-163212.json,yolo11s.pt,32,1,65W,0.2617298750010377,17.900377088305476,4509.390625,0.69445,17.90037708830549,7.812415309619443,58.067,13.498,39.573,3.243898143237206,44.569,0.028484265012716198,6.320067307692305,0.2617298750010377,0.00912868222165127,0.2709156500019162,0.034878258439603335,-0.0009901099998387184,122.41609059362332,4.377645186310251,128.39107365637744,0.0012788043504101442,10.663484486873509,25.60744369482999,86.0,83.0,0.0757871571965279,19.778846153846157,6.513126491646778,16.53784823832678,57.0,54.0,0.04633888909733654,11.53846153846154,68.381861575179,1.2729067218789751,73.0,71.0,0.004188438116336441,1.0192307692307736,2078.090692124105,236.14759428306377,2505.0,2505.0,0.7721563074533789,325.96153846153857,7224.343675417661,417.14936260020374,8000.0,8000.0,1.3760263100798105,375.0,122.26345960648598,0.146408233056051,48.29,8188.0,1
yolo11s_b32_e1_run2_20250727-114630.json,yolo11s.pt,32,1,115W,0.22196997500009275,18.961531746031735,4664.91796875,0.69445,18.961531746031746,9.588267352364596,57.847,14.198,43.976,3.050755644364342,43.649,0.03960236363884802,8.024457446808505,0.22196997500009275,0.011473959035757965,0.2380883999999696,0.051691491318828914,-0.008488170000146036,144.5292559749255,7.073868266286997,149.6968040217206,0.002395534345192817,8.224867724867725,18.65361549443564,57.0,54.44999999999993,0.06651562733811847,14.212765957446809,5.3465608465608465,12.886110866028924,41.0,35.04999999999984,0.04580115443549161,9.404255319148936,63.12169312169312,2.39178605221753,72.0,69.0,0.009949754649963883,1.8297872340425556,2178.9285714285716,283.58784587236914,2655.0,2655.0,1.7434061101607254,480.3191489361702,8200.0,0.0,8200.0,8200.0,-3.582150569696943e-15,0.0,144.16364195196502,0.13152783523844155,116.182,8188.0,0
yolo11s_b32_e1_run2_20250727-133452.json,yolo11s.pt,32,1,65W,0.2531218999997691,17.308808510638286,4190.9296875,0.69445,17.308808510638297,7.698508184903391,68.063,13.732,34.507,3.9322752896692625,54.331,0.024085269370999415,5.583800000000004,0.2531218999997691,0.005292833557476682,0.2604899350013511,0.020910215818866366,-0.002652420000413246,126.47560742969704,2.5972972616936922,128.7893157197057,0.0004217254084421933,9.638297872340425,24.62185212023851,90.0,78.0,0.07034264901829844,19.342857142857145,6.177304964539007,16.60610999574207,62.0,52.0,0.0467529868981731,12.714285714285714,68.92671394799055,1.2815550287430917,74.0,71.0,0.0047865839930543285,1.2476190476190396,2088.54609929078,197.6542749698637,2505.0,2505.0,0.8469447356454826,348.14285714285734,7191.489361702128,393.4732342320624,8000.0,8000.0,1.2742555664848323,409.5238095238101,126.4213013572875,0.13691370302952927,52.127,8188.0,1
yolo11s_b32_e20_run1_20250727-121248.json,yolo11s.pt,32,20,115W,0.21320193499990409,38.216119257950524,4642.11171875,0.79497,38.21611925795053,18.89942138313771,69.231,14.891,65.89675,1.8115654164857957,54.339999999999996,0.028331955441299086,30.42616961130742,0.21320193499990409,0.0327865389105108,0.24753913500017005,0.1537816198081202,-0.00040782263009715643,152.36555009992523,15.841510790716653,177.44723672707136,0.010809848990087027,30.074204946996467,34.24031377288207,90.0,86.0,0.032726732691598114,35.86219081272085,23.334805653710248,29.350117965842532,78.0,73.0,0.025465887692781367,28.441696113074208,72.74381625441696,4.468747652032388,81.0,80.0,0.007342756200290838,7.477031802120138,2426.594522968198,299.0971350399121,2655.0,2655.0,0.5662742484642073,598.8339222614841,8200.0,0.0,8200.0,8200.0,-5.7066037264414195e-15,0.0,150.09244639367085,0.25461720543694216,120.379,8188.0,0
yolo11s_b32_e20_run1_20250727-140418.json,yolo11s.pt,32,20,65W,0.2558943300000692,27.844084772370454,4208.7482421875,0.79497,27.844084772370486,12.280734358422489,71.057,13.853,47.31415,2.551960338466913,57.204,0.014094366613404715,17.43075786163522,0.2558943300000692,0.028785810812265812,0.2902401749997807,0.11249100678494137,-0.00025218830754898935,126.21186142890149,10.782512671543575,146.15922263060307,0.00729860080181756,34.202511773940344,37.839367089015525,92.0,91.0,0.0354139814122519,46.09748427672956,21.789638932496075,26.0137873001404,63.0,61.0,0.022601717465039087,30.01572327044025,75.19152276295134,2.4203591670492886,81.0,79.0,0.004393329511392497,4.85849056603773,1986.1342229199372,361.5576432520005,2490.0,2490.0,0.0010807586071482714,-26.2735849056603,7625.588697017269,483.9705354476704,8000.0,8000.0,0.5684860203069704,735.8490566037735,125.05161798618728,0.2226607317903396,53.133,8188.0,1
yolo11s_b32_e20_run2_20250727-121348.json,yolo11s.pt,32,20,115W,0.20833356625007582,38.89109834558831,4788.99296875,0.79497,38.89109834558823,18.726213938858393,77.109,14.999,66.27205,1.982690211389907,62.10999999999999,0.02464921358035486,28.175154411764705,0.20833356625007582,0.01756681873622204,0.23901711000012255,0.08432063566336444,-0.0002814208239587956,154.65183473524766,12.564286617831288,177.03934333797403,0.006600327977532265,33.330882352941174,34.54266440110455,89.0,85.0,0.03491084064302313,35.8125,25.85202205882353,28.657254104729624,74.0,71.0,0.026239975964079253,27.71323529411765,73.65992647058823,4.6800355070805395,82.0,81.0,0.007140923648421154,7.580882352941174,2444.517463235294,291.7048985821118,2655.0,2640.0,0.5443566803997759,567.4632352941176,8200.0,0.0,8200.0,8200.0,-4.930469103263405e-16,0.0,153.59982827533608,0.25319753792871363,120.379,8188.0,0
yolo11s_b32_e20_run2_20250727-140527.json,yolo11s.pt,32,20,65W,0.24832100499991155,30.196516313213696,4372.83984375,0.79497,30.196516313213706,14.068726078664248,76.117,14.672,51.71625,2.5207212385188926,61.44500000000001,0.014253388270196185,18.39997712418301,0.24832100499991155,0.016322733046816612,0.27299786999892606,0.06573238960120359,-0.0002908654360033488,129.44277398796947,8.819995695846073,148.70936974634165,0.00464281227082332,33.97716150081566,36.520071583781444,91.0,89.0,0.03416173353597394,44.915032679738566,23.005709624796086,26.033028338320655,68.0,63.0,0.022416229437646304,29.751633986928102,76.3042414355628,2.211404140924591,81.0,80.0,0.0034423493827865303,3.937908496732021,2059.8083197389888,340.715385420539,2490.0,2490.0,0.10028164937245547,95.88235294117658,7637.030995106036,480.8560141874588,8000.0,8000.0,0.6041741672637979,784.3137254901958,128.8654578375736,0.23432591494979527,53.133,8188.0,1
yolo11s_b32_e5_run1_20250727-115121.json,yolo11s.pt,32,5,115W,0.2263719349999974,27.020166666666636,4632.85546875,0.71163,27.020166666666668,16.86207200005555,65.331,14.442,61.448,2.417860733649558,50.889,0.07006131821953585,23.743884615384616,0.2263719349999974,0.06050361519951649,0.2666765800001942,0.267275248583784,-0.0048937441353652895,146.78826825060452,20.92487283357222,160.382436997067,0.020320901041550214,20.731800766283524,29.779536421468137,88.0,84.0,0.117135473726274,45.84615384615384,16.308429118773947,24.47171104752659,73.0,71.0,0.09560183043792966,37.12307692307692,66.67432950191571,3.897301359115773,77.0,75.0,0.016140878302605004,5.892307692307696,2272.5,314.94970862904006,2655.0,2655.0,1.6767746472510066,595.269230769231,8200.0,0.0,8200.0,8200.0,5.1593125675385135e-15,0.0,141.36027948871123,0.19114398163611737,119.96,8188.0,0
yolo11s_b32_e5_run1_20250727-134018.json,yolo11s.pt,32,5,65W,0.2716102200000023,21.797990016638945,4169.4296875,0.71163,21.797990016638938,10.71396997454916,67.099,14.002,43.025,3.078219594961815,53.097,0.03571575287035448,14.243273333333333,0.2716102200000023,0.05149076071948251,0.3174567599992771,0.18957593245011944,-0.003401458797044954,120.44611492202414,14.119452723382976,131.05160767450076,0.013742006037888058,21.183028286189685,32.06202046379014,89.0,87.0,0.10306980060917295,43.733333333333334,13.104825291181365,21.442582697905085,61.0,57.0,0.06488974632533814,27.24,71.3161397670549,1.6518700360719942,75.0,74.0,0.007059109678774497,2.8400000000000034,1988.935108153078,318.4290120615464,2490.0,2490.0,0.11031116467017693,114.09999999999991,7399.334442595674,489.7616211510211,8000.0,8000.0,1.6169064847623864,626.666666666667,117.8158907275276,0.18501740199928615,47.905,8188.0,1
yolo11s_b32_e5_run2_20250727-115147.json,yolo11s.pt,32,5,115W,0.21279778500002067,28.11703556485355,4783.23046875,0.71163,28.117035564853555,17.425187846030425,66.304,14.49,62.990199999999994,2.3581433343876532,51.814,0.07754005402231201,23.910991596638652,0.21279778500002067,0.016313922800869157,0.2385394350000297,0.076663969039281,-0.001244042932344581,151.2295451702094,11.129705370780735,163.15622888906063,0.005416191900661914,21.801255230125523,30.14588376624292,84.0,81.0,0.12976952205246334,45.33613445378152,16.569037656903767,24.529344639559387,70.0,69.0,0.10157869156173728,36.252100840336134,67.26569037656904,3.970934494258224,76.0,75.0,0.01640507317712051,4.957983193277315,2281.694560669456,316.2615946436815,2655.0,2655.0,1.7494457760396245,560.4201680672268,8200.0,0.0,8200.0,8200.0,-1.1799753867049652e-14,0.0,150.37750510418562,0.18697634028023874,119.96,8188.0,0
yolo11s_b32_e5_run2_20250727-134048.json,yolo11s.pt,32,5,65W,0.25663562999998246,22.7581488970588,4321.4296875,0.71163,22.758148897058824,11.814388406862088,72.203,14.033,44.738200000000006,3.172621829947305,58.17,0.036869084514286214,12.155647058823531,0.25663562999998246,0.014654001300845258,0.2799084850000327,0.05710041626272338,-0.0005773657142697693,125.08022053895945,6.839776960435745,133.45276971453535,0.002990243832468419,20.628676470588236,32.25663955385144,87.0,83.0,0.09132100252539563,32.61029411764706,13.200367647058824,22.178220301619977,62.0,60.0,0.0558369211641269,19.433823529411764,71.75,2.026479125739721,78.0,76.0,0.007983171980333544,3.02205882352942,2028.9154411764705,276.5272102286938,2490.0,2490.0,0.22774401970226002,114.92647058823513,7402.573529411765,490.41623426301845,8000.0,8000.0,1.751266424761404,602.9411764705874,124.69040249790018,0.18251724624469035,47.905,8188.0,1
yolo11s_b8_e10_run1_20250726-152328.json,yolo11s.pt,8,10,115W,0.0748141906250794,29.27673695893454,2197.440234375,0.76718,29.276736958934517,14.634088943265304,53.936,14.894,51.618,1.84228181151657,39.042,0.03822247803828053,23.041413333333338,0.0748141906250794,0.02714049125741352,0.09812325500261067,0.3627719692033321,-0.0001507732867986652,111.746006383979,17.209700609419354,130.43267296589792,0.023718248123735117,22.435072142064374,25.528975327372734,65.0,64.0,0.05831418322255064,35.11555555555555,11.60710321864595,13.96844845385456,36.0,35.0,0.030333348919202044,18.24888888888889,68.01331853496116,4.108657406001324,76.0,74.0,0.011831856367196518,7.306666666666672,2332.591564927858,315.64869641975565,2655.0,2655.0,0.8824489173153263,531.7333333333331,8173.362930077691,176.79069662378814,8200.0,8200.0,0.017915545919663673,0.0,106.93158521343705,0.27378942246575444,115.0,8188.0,0
yolo11s_b8_e10_run1_20250726-163742.json,yolo11s.pt,8,10,65W,0.08105010875012794,24.34126522593317,2133.1591552734376,0.76718,24.341265225933203,10.55181439860194,58.681,13.981,39.16365,2.4107621134451636,44.699999999999996,0.023089990631775154,15.752535433070866,0.08105010875012794,0.02981556860343683,0.1097683700010748,0.36786586795776216,-0.00015098177838734927,103.55686546038108,17.022513881448038,122.30401770910255,0.027020264824923666,23.207269155206287,28.245959883024156,73.0,72.0,0.055827029768258006,38.732283464566926,11.167976424361493,13.839320566561113,37.0,34.0,0.02661978692547834,18.35433070866142,72.41748526522593,2.5871012903862214,78.0,77.0,0.0066329780021118865,4.6653543307086665,2037.3035363457761,180.00006332477918,2505.0,2430.0,0.07497506006800655,41.10236220472461,7511.787819253438,499.86102800403256,8000.0,8000.0,1.0157512333726093,696.8503937007872,98.70437095480605,0.24660777420969887,45.822,8188.0,1
yolo11s_b8_e10_run1_20250727-115636.json,yolo11s.pt,8,10,115W,0.0772307231250295,29.078986696230615,2280.46015625,0.76718,29.078986696230597,14.624200822549959,53.461,14.487,51.092,1.8384753416091335,38.974,0.037592350102444445,22.598800000000004,0.0772307231250295,0.025364090384815623,0.0996868099994117,0.3284196930767238,-0.00011335435764102083,108.15692199324056,17.452894394325774,129.34577694232004,0.02603911880034328,22.267184035476717,23.73903314650994,60.0,58.0,0.05148511158597639,29.182222222222222,11.229490022172948,13.085066027919014,33.0,32.0,0.027300955981699567,15.422222222222222,67.68070953436808,3.784383295135272,75.0,74.0,0.010623256160608831,6.599999999999994,2336.1252771618624,320.97237042484306,2655.0,2655.0,0.850197132896193,512.5333333333333,8188.026607538803,119.26738374931743,8200.0,8200.0,0.008741603855863861,0.0,103.58571920981147,0.28072389628662536,120.37,8188.0,0
yolo11s_b8_e10_run1_20250727-134608.json,yolo11s.pt,8,10,65W,0.08213943062499993,25.497624737945532,1819.5171875,0.76718,25.497624737945493,11.412252234809676,78.852,14.183,40.88945,3.092523355034427,64.66900000000001,0.025595363734702545,16.39968487394958,0.08213943062499993,0.027044078119956298,0.10677584499981094,0.3292459895835359,-0.00012591592537931182,101.26292205769987,14.988070882749392,118.40621136493185,0.021907386284287334,22.68763102725367,26.4415203411587,69.0,69.0,0.05589034518652472,35.655462184873954,10.643605870020965,12.880959002240786,34.0,33.0,0.026213233057112113,16.823529411764707,73.89308176100629,2.672770988789406,80.0,79.0,0.006930010952724702,4.827731092436963,2066.556603773585,194.06933599456485,2490.0,2460.749999999996,0.1705962101617056,122.96218487394935,7542.976939203354,498.14955856320023,8000.0,8000.0,1.1397827014534736,718.4873949579833,97.39536711087358,0.2617950472830949,52.735,8188.0,1
yolo11s_b8_e10_run2_20250726-152411.json,yolo11s.pt,8,10,115W,0.07430307500021627,30.360000000000028,2374.59296875,0.76718,30.360000000000003,14.707948109234149,53.783,14.979,51.6295,1.7715085638998682,38.804,0.03977616483600713,22.724559241706157,0.07430307500021627,0.012688846542760621,0.09802055999989534,0.170771486142716,-9.024444041059247e-05,110.41055378370736,16.259074084123657,129.57515151762846,0.021685550103768457,23.411347517730498,25.14292128252372,64.0,61.0,0.05615111962381715,30.639810426540286,12.211583924349881,14.039252911529113,36.0,34.0,0.02912616818285618,15.630331753554502,69.55910165484633,3.8983152263924867,77.0,76.0,0.011298992135177212,6.327014218009481,2350.9929078014184,315.4503815374331,2655.0,2655.0,0.9082276152652582,523.0805687203792,8200.0,0.0,8200.0,8200.0,1.2944440778691815e-14,0.0,107.66714567299826,0.281980169625821,115.0,8188.0,0
yolo11s_b8_e10_run2_20250726-163836.json,yolo11s.pt,8,10,65W,0.07962672062494676,25.335515151515153,2313.8203125,0.76718,25.33551515151515,11.612455094135306,72.111,14.01,42.043299999999995,2.8462417112401805,58.101000000000006,0.01932242616703056,14.064294117647059,0.07962672062494676,0.013185691985757565,0.10859234499930608,0.16559380924230271,-8.730264253619057e-05,102.85062268019014,14.554980486080062,118.74542137133142,0.02002670056204532,20.78592375366569,25.50016037559161,70.0,64.0,0.0343307189592886,23.858823529411765,9.83088954056696,12.621326886112167,35.0,33.0,0.015898906695657408,11.223529411764707,73.13294232649072,2.519119429773746,78.0,78.0,0.004601154996958376,3.066666666666677,2097.4193548387098,203.60590298653443,2505.0,2490.0,0.2084163523451792,137.11764705882342,7460.41055718475,498.4302117825304,8000.0,8000.0,0.768546073623672,549.0196078431372,100.46878657330551,0.25217299835735035,45.822,8188.0,1
yolo11s_b8_e10_run2_20250727-115719.json,yolo11s.pt,8,10,115W,0.07528907187499953,30.781903030303017,2459.29609375,0.76718,30.78190303030303,14.813158897136324,55.671,14.58,51.919,1.8085626462144029,41.091,0.04070481840193704,22.988791262135923,0.07528907187499953,0.013013091346521378,0.1004252400002315,0.17284170228750692,-7.694830701291173e-05,109.12717034240309,16.87369359356922,132.79830449853407,0.023908621068202626,22.798787878787877,24.59240086589644,64.0,60.0,0.06136005676074789,35.422330097087375,11.983030303030302,13.518909872863153,36.0,33.0,0.031445988600834744,18.07281553398058,68.76484848484849,3.81454641746336,75.0,75.0,0.010997010230184547,6.131067961165044,2369.509090909091,314.2567492716902,2655.0,2655.0,0.9682718959500273,550.5582524271845,8172.363636363636,179.999632690167,8200.0,8200.0,-0.07713990797749494,-58.25242718446589,106.25712073170712,0.2896926137122187,120.37,8188.0,0
yolo11s_b8_e10_run2_20250727-134655.json,yolo11s.pt,8,10,65W,0.08041857187498636,25.83616299559471,1999.9296875,0.76718,25.836162995594716,10.499870967629485,57.804,14.316,39.07,2.237329127001408,43.488,0.026121016728437762,16.179770925110127,0.08041857187498636,0.011783080095246099,0.10294138499893961,0.14652187698089605,-5.453314939001881e-05,101.43229985385355,13.474919916226924,119.97224880204372,0.017648176567314378,26.207048458149778,28.15155403120938,69.0,68.0,0.06003609846678417,38.057268722466965,12.113436123348018,13.562845889915028,35.0,33.0,0.02834773493814565,18.09251101321586,74.33259911894272,2.6572888426889913,80.0,79.0,0.007373946745344086,4.36123348017621,2079.284140969163,208.07734999535694,2490.0,2490.0,0.20347621704649133,122.8414096916299,7566.079295154185,495.61429232007237,8000.0,8000.0,1.2155930026508106,753.3039647577089,99.47950844534141,0.259713416354387,52.735,8188.0,1
yolo11s_b8_e1_run1_20250726-151633.json,yolo11s.pt,8,1,115W,0.10070140624998203,18.153792494481227,1967.79296875,0.69795,18.153792494481234,7.303230559247947,48.085,14.678,37.46579999999996,2.6487578292314335,33.407,0.022262192507114774,5.503575221238938,0.10070140624998203,0.06842592602491344,0.17259562500021275,0.6794932521106244,-0.007809883382432252,94.72752234265623,26.916240528426172,130.03161285783182,0.08073771326888912,6.560706401766004,15.01857426691796,61.0,46.0,0.04326942316127768,9.778761061946902,2.9006622516556293,7.414044574762565,33.0,18.0,0.019355841438607534,3.9026548672566377,62.86754966887417,1.7542461763080748,70.0,67.0,0.0057942824479690035,1.4247787610619511,2109.4701986754967,209.15087896416722,2655.0,2655.0,0.7661100957555336,226.85840707964599,8147.019867549669,246.51422779617153,8200.0,8200.0,-0.24320340711964522,0.0,79.44278335240654,0.2285140541205786,118.12,8188.0,0
yolo11s_b8_e1_run1_20250726-163000.json,yolo11s.pt,8,1,65W,0.11282392499992966,17.844677551020396,1903.265625,0.69795,17.844677551020407,7.00647883457104,39.693,13.817,37.13,2.2243607308964934,25.875999999999998,0.022025497747485277,6.379049180327872,0.11282392499992966,0.0718865198922771,0.2087545999993381,0.6371567014028444,-0.008055941764622031,83.90263132139346,24.299418923183215,121.63378018313652,0.0838765607113686,5.926530612244898,12.713752404709107,50.0,33.0,0.03129892592774869,10.163934426229508,2.553061224489796,6.021580307893837,26.0,15.0,0.014130956694649175,4.270491803278689,69.64693877551021,1.4112669139372647,74.0,74.0,0.0043463193881503655,1.2377049180327901,2055.887755102041,130.9446746120137,2505.0,2430.0,0.34924802702558466,143.48360655737724,7253.061224489796,434.7657313422034,8000.0,8000.0,1.2351027650073885,426.2295081967213,70.90694637688759,0.2516633202080317,48.293,8188.0,1
yolo11s_b8_e1_run1_20250727-114433.json,yolo11s.pt,8,1,115W,0.10349268124986111,18.016048034934503,2053.71484375,0.69795,18.0160480349345,7.466419447107031,48.194,14.481,38.332,2.675059475116193,33.713,0.022992297295719076,6.0999210526315775,0.10349268124986111,0.06744312192194729,0.1776701999992838,0.6516704476823844,-0.007744039264674238,91.50978519879244,26.226557877065485,128.0344832412445,0.0821386419727235,5.829694323144105,13.974767979513441,57.0,46.0,0.037219422118874156,8.368421052631579,2.6397379912663754,7.303399455012282,33.0,18.0,0.018078981088388662,3.56140350877193,64.70960698689956,1.7410894353708304,72.0,69.0,0.004962618760823504,1.2543859649122737,2102.390829694323,203.7779479130249,2655.0,2655.0,0.7245166706855501,233.5526315789475,8147.5982532751095,245.22673795907616,8200.0,8200.0,-0.24881480403118086,0.0,77.30015208211388,0.2330661395827079,115.0,8188.0,0
yolo11s_b8_e1_run1_20250727-133238.json,yolo11s.pt,8,1,65W,0.1149586750002527,17.597785999999992,1592.9296875,0.69795,17.597786,6.841651261223712,51.913,14.146,33.17699999999998,2.9499733659677414,37.766999999999996,0.01801367645470579,5.087584,0.1149586750002527,0.07140331611211616,0.18865197500099384,0.6211215996701354,-0.008002167058812654,81.69632600350954,23.572508417747915,119.762115360196,0.08325427566682013,7.694,16.826299771488678,59.0,48.0,0.043666494665978654,12.056,3.382,7.994753029331175,30.0,23.0,0.020862083448333787,5.584,70.812,1.410197149337638,76.0,74.0,0.0033786375145500504,1.0,2050.77,114.01428463135662,2490.0,2415.0,0.28321673286692745,105.23999999999978,7230.0,420.83250825001625,8000.0,8000.0,0.9679238716954885,320.0,69.59022448703776,0.2528772701872495,55.608,8188.0,1
yolo11s_b8_e1_run2_20250726-151654.json,yolo11s.pt,8,1,115W,0.08564116875027139,18.451690594059407,2129.29296875,0.69795,18.451690594059407,7.945979419583604,48.965,14.677,40.218,2.653686379055395,34.288000000000004,0.024520564868728393,4.061514851485146,0.08564116875027139,0.01408144123116182,0.10840987500068877,0.16442373961783652,-0.002233534264820156,96.10868120754867,16.640604436977895,125.68650855765685,0.02997871119843292,7.556930693069307,16.10313992151314,57.0,46.0,0.044723521152776946,5.970297029702969,3.3292079207920793,8.166766654584439,30.0,24.0,0.02226198633097386,2.5445544554455446,62.96534653465346,1.8031290538572744,69.0,68.0,0.007431247673981672,1.4950495049504937,2101.0024752475247,224.53317357013663,2655.0,2655.0,0.6122030317175663,121.33663366336623,8200.0,0.0,8200.0,8200.0,-4.639860013638631e-15,0.0,93.41301755616978,0.19752804348670464,118.12,8188.0,0
yolo11s_b8_e1_run2_20250726-163024.json,yolo11s.pt,8,1,65W,0.09352671249985178,17.95303794642856,2048.015625,0.69795,17.953037946428573,7.419967722655975,40.947,13.769,37.954,2.2807839053303876,27.178000000000004,0.025310153182100684,5.936866071428568,0.09352671249985178,0.016366562930364804,0.11811969999962457,0.1749934590119453,-0.0022775647058123818,88.47501067080074,17.10465065832152,120.13977151561008,0.037375513659426964,7.841517857142857,16.97988225128603,64.0,53.0,0.046644415415528724,11.375,3.3995535714285716,8.221471223960819,31.0,27.0,0.02131140736738935,4.723214285714286,69.70982142857143,1.5311328568269646,76.0,73.0,0.004925454883228444,1.3482142857142918,2059.8883928571427,153.19436781278858,2505.0,2505.0,0.35534582549481164,119.59821428571422,7234.375,423.60755349143625,8000.0,8000.0,1.3521445333936941,383.92857142857065,85.53705980002962,0.20988607731431916,48.293,8188.0,1
yolo11s_b8_e1_run2_20250727-114454.json,yolo11s.pt,8,1,115W,0.09350550624998277,18.462601010100997,2207.60546875,0.69795,18.462601010101007,7.976533984219783,48.517,14.393,40.3755,2.6278529213438584,34.124,0.02747201305533733,4.658090909090911,0.09350550624998277,0.01769337659100568,0.12284522500021922,0.18922283083204994,-0.0024910298529301346,88.9001042768046,18.10835389950149,125.65971907690285,0.04149095262426055,6.994949494949495,15.103514031792745,51.0,45.0,0.04775536508470221,6.848484848484848,3.148989898989899,7.792804502231464,29.0,23.0,0.021104872659252028,2.202020202020202,64.31565656565657,1.7346316009872993,71.0,68.25,0.004483472611521428,0.5454545454545467,2113.181818181818,230.8509232390691,2655.0,2655.0,0.6879559875127862,130.30303030303048,8169.69696969697,188.26938869101897,8200.0,8200.0,-0.1298577072578618,0.0,85.55645887432938,0.21579435676761713,115.0,8188.0,0
yolo11s_b8_e1_run2_20250727-133303.json,yolo11s.pt,8,1,65W,0.100961606249939,18.045840611353686,1737.4296875,0.69795,18.045840611353714,7.3489833157999005,46.485,13.99,37.37874999999999,2.575939852353207,32.495,0.020720126813111403,3.4746228070175373,0.100961606249939,0.019268774056975763,0.12537369999972725,0.1908524910872979,-0.0025540304412221704,82.49157747821177,17.287232436467605,112.00195456239516,0.04391690493687918,6.255458515283843,14.476084128289909,57.0,40.0,0.035128166166819984,4.403508771929825,2.912663755458515,6.8148480569839585,28.0,18.0,0.015185697095830364,1.5701754385964912,70.58515283842794,1.4104871091000293,76.0,73.0,0.005100453668578706,1.2894736842105203,2054.5414847161574,152.78673174370297,2505.0,2400.0,0.2467800685102545,45.0,7229.257641921397,420.3552967931268,8000.0,8000.0,1.2015431763945175,271.9298245614027,79.23804203545775,0.22774213178158115,55.608,8188.0,1
yolo11s_b8_e20_run1_20250727-120831.json,yolo11s.pt,8,20,115W,0.07307437593752013,35.0819284046693,2286.4140625,0.797,35.08192840466926,14.556176502593,55.127,14.561,53.041999999999994,1.5713788410976526,40.566,0.01963254974859262,24.663912772585675,0.07307437593752013,0.019579476643213748,0.0945292850003625,0.2679390195539206,-3.964380538965502e-05,112.63556320324116,15.164834496310378,132.33882281756217,0.018126930930568597,30.368871595330738,25.19154874752022,66.0,62.0,0.025468241259953655,33.77570093457944,16.098832684824902,14.17232597494494,37.0,35.0,0.01365871808600195,18.17133956386293,70.25369649805448,4.194984492964595,77.0,76.0,0.008101270132430078,9.137071651090338,2447.124513618677,293.23447819881267,2655.0,2655.0,0.4229323311459901,532.1962616822432,8191.595330739299,100.07479526563472,8200.0,8200.0,0.02082812908170053,33.64485981308371,109.47750011358482,0.3204487531069963,120.935,8188.0,0
yolo11s_b8_e20_run1_20250727-135932.json,yolo11s.pt,8,20,65W,0.08183339531246361,29.036787500000045,1831.880859375,0.797,29.036787500000003,11.88466799169835,83.992,14.547,44.427,2.8926064909900933,69.44500000000001,0.011335218107904848,17.028088888888895,0.08183339531246361,0.021479981653542063,0.10580556999912005,0.26248430205694473,-3.77134310452457e-05,100.65661610471778,13.857405408323457,119.04544055945951,0.018953053708210953,30.752777777777776,26.592866484068733,69.0,68.0,0.023288511102355535,36.68611111111111,14.429166666666667,13.2264669161244,35.0,33.0,0.010584427525926345,17.18611111111111,76.45208333333333,2.7692124018191326,82.0,80.0,0.004427521505684962,5.86944444444444,2103.34375,203.80652733888948,2490.0,2475.0,0.13265839369135735,165.66666666666674,7677.083333333333,467.59116015548835,8000.0,8000.0,0.5103506029854422,777.7777777777774,97.75960009301437,0.29702236376143826,54.38,8188.0,1
yolo11s_b8_e20_run2_20250727-120937.json,yolo11s.pt,8,20,115W,0.07553523468748438,36.20607182320447,2466.634375,0.797,36.20607182320442,14.117764424793235,54.69,14.815,52.9854,1.5105201212396993,39.875,0.017197336360943533,20.955231012658228,0.07553523468748438,0.012020678133782004,0.1016561150002417,0.15914001172453815,-1.9415707654496335e-05,108.2934645402765,15.208176637715997,128.257539357438,0.01972194758476774,29.208366219415943,23.849054910846004,62.0,60.0,0.0232623071042234,31.474683544303797,15.287292817679559,13.425035966357742,35.0,34.0,0.011570244949754411,16.031645569620252,71.91160220994475,3.5295683532790063,78.0,77.0,0.0053514492140964,6.2721518987341796,2470.6669297553276,286.8561889188366,2655.0,2655.0,0.3955363691114544,469.31962025316443,8181.057616416732,149.57287990844276,8200.0,8200.0,0.01493878831488631,37.97468354430384,105.91083794336234,0.34185426653470813,120.935,8188.0,0
yolo11s_b8_e20_run2_20250727-140044.json,yolo11s.pt,8,20,65W,0.0802143743749923,29.86113745454554,2017.767578125,0.797,29.861137454545453,12.025836609718748,84.509,14.375,43.865,2.830066340528367,70.134,0.011679529644469461,16.25160932944606,0.0802143743749923,0.01211141942782974,0.10471525500061035,0.1509881429880678,-2.4561868499914704e-05,101.77002282994596,13.681345378821767,120.4058055927645,0.018072484847155672,30.710545454545453,25.67810240922882,66.0,65.0,0.02283781400888134,33.06413994169097,14.307636363636364,12.640795999624874,32.0,32.0,0.010092335459807783,14.973760932944606,77.10618181818182,2.6247074232857344,82.0,81.0,0.003773285818477204,4.743440233236157,2141.2363636363634,216.4685963901935,2490.0,2490.0,0.10631856033678831,164.73760932944606,7706.909090909091,455.1797755823226,8000.0,8000.0,0.5500890903551647,728.8629737609335,99.73274818053167,0.29941155738025255,54.38,8188.0,1
yolo11s_b8_e5_run1_20250727-114921.json,yolo11s.pt,8,5,115W,0.07955351874998087,26.215256499133474,2248.13671875,0.72103,26.21525649913345,14.086340524764246,53.53,14.251,50.7864,2.041940730267867,39.279,0.05464891317547508,20.42045833333333,0.07955351874998087,0.037935268641444655,0.10549468499962131,0.4768521774714557,-0.0005822219374118844,107.73857038234735,19.623609947515217,130.79333326217034,0.03317534049815438,16.24783362218371,21.938845197101198,62.0,58.0,0.07422461414987037,30.6875,8.422876949740035,12.268290418069084,36.0,33.0,0.040690359893575126,16.791666666666668,65.47833622183708,3.516728825758669,72.0,72.0,0.014381238018706268,5.6597222222222285,2269.4454072790295,315.26438666845524,2655.0,2655.0,1.2602931056712612,475.2083333333335,8179.202772963605,156.60187671695,8200.0,8200.0,-0.010119757965378947,0.0,100.56123381722726,0.2606894874299216,121.82,8188.0,0
yolo11s_b8_e5_run1_20250727-133803.json,yolo11s.pt,8,5,65W,0.08604030750002493,23.13142569659441,1787.5546875,0.72103,23.131425696594427,10.836960984551984,68.153,13.872,40.71525,2.9463380638070213,54.281000000000006,0.03777025967532598,15.906602484472051,0.08604030750002493,0.03885068063354404,0.11216618500002368,0.4515404670483399,-0.000505949997653999,99.36608952365091,18.08187412044468,122.11413313833036,0.03311391162289367,17.857585139318886,24.54820549307134,66.0,64.0,0.07161073839693674,30.03726708074534,8.639318885448917,12.295822322842278,34.0,31.0,0.03405795319325234,13.962732919254659,71.9783281733746,2.229723425638466,77.0,76.0,0.008814732573329497,4.006211180124225,2076.965944272446,208.04933346684123,2505.0,2505.0,0.3566148163241282,162.20496894409916,7414.860681114551,492.6979768374555,8000.0,8000.0,1.5404093150562315,639.7515527950309,92.97967699612977,0.24877937248112017,53.698,8188.0,1
yolo11s_b8_e5_run2_20250727-114948.json,yolo11s.pt,8,5,115W,0.07713545374999739,27.097983018867904,2443.21796875,0.72103,27.097983018867925,14.442516093239613,53.599,14.389,51.281,1.9779700932973427,39.209999999999994,0.0591892362977172,20.503371212121216,0.07713545374999739,0.013921612751919756,0.10188343499949042,0.18048267139311702,-0.00026644077004087644,106.78407880805958,17.25957758723496,129.8316421771294,0.02612445951136615,17.88679245283019,23.920040052782845,63.0,61.0,0.07085987463297595,21.893939393939394,9.086792452830188,13.25511702881156,35.0,34.0,0.0369830101425699,11.18939393939394,66.61132075471698,3.4809270277597184,73.0,73.0,0.014153049168884782,4.833333333333329,2305.1603773584907,320.79694796907387,2655.0,2655.0,1.4339664958471985,498.409090909091,8177.358490566037,163.2702464361052,8200.0,8200.0,0.002901734572284132,0.0,103.71365709377538,0.26127690198376247,121.82,8188.0,0
yolo11s_b8_e5_run2_20250727-133833.json,yolo11s.pt,8,5,65W,0.08113312875018437,23.734341463414633,1981.9546875,0.72103,23.734341463414633,11.127769960376977,62.384,14.139,40.334,2.6284276770923682,48.245000000000005,0.037257988040841,13.100265734265733,0.08113312875018437,0.013864343818337444,0.1073911099995712,0.1708838797654027,-0.0002419483743560669,101.21533680349941,15.408304103181933,119.67281389897056,0.02317485541257586,19.902439024390244,27.05744748557105,71.0,69.0,0.0829826989564488,28.97202797202797,9.430313588850174,13.098841115824719,34.0,34.0,0.03831312247628673,13.412587412587413,72.33275261324042,2.2783040680744677,78.0,76.0,0.008585054937733568,3.0279720279720266,2067.5174216027876,158.96873295984054,2490.0,2355.0,0.25932815193002,61.67832167832148,7435.540069686411,495.82750769190613,8000.0,8000.0,1.6848470523663293,608.3916083916083,98.60337106723276,0.24070517271900735,53.698,8188.0,1
yolo11x_b16_e1_run1_20250726-112750.json,yolo11x.pt,16,1,115W,0.4680646249998972,26.17950749063672,7941.90625,0.81073,26.179507490636706,20.440805648709052,91.855,14.618,75.71634999999999,3.508660353249679,77.23700000000001,0.05191652444491554,9.692496240601507,0.4680646249998972,0.072061945076122,0.5911104299998441,0.15395725553098105,-0.015236716666658183,34.817519105071824,4.140846035455699,38.18626575520895,0.014144334572561177,18.06741573033708,32.626463060273984,90.0,89.0,0.08412613758848683,20.518796992481203,11.760299625468164,23.094875088229774,75.0,73.0,0.05878687305681774,13.142857142857142,65.20786516853933,4.762117790907702,79.0,77.0,0.013294602836738278,2.5939849624060116,2216.6573033707864,299.8275355906228,2655.0,2655.0,1.2216306960200445,395.97744360902243,8200.0,0.0,8200.0,8200.0,-7.625506033849467e-15,0.0,34.18331389603201,0.7658563347679298,115.0,8188.0,0
yolo11x_b16_e1_run2_20250726-112828.json,yolo11x.pt,16,1,115W,1.784855774999869,27.4371768901569,8064.0,0.81073,27.437176890156916,14.680713144104903,87.548,14.632,57.505,3.1908530659146583,72.916,0.03579576014728653,16.724074285714284,1.784855774999869,0.3132425774940481,2.2212888200000633,0.17550021793445528,0.03902769761903287,9.236322621794244,1.5563122548117663,10.994952418453549,0.02839195420677361,43.867332382310984,46.30683902854245,100.0,100.0,0.09454984071246553,36.26285714285714,9.713266761768901,15.611700804986492,57.0,46.0,0.02933148005901216,16.81142857142857,65.06847360912981,2.9659776137187857,77.0,70.0,0.007584838683269489,3.4000000000000057,2355.363766048502,321.1012884305376,2655.0,2655.0,0.9416516436487886,432.5142857142855,8200.0,0.0,8200.0,8200.0,-1.9071973606749084e-15,0.0,8.964309735334876,3.0607127263805927,115.0,8188.0,0
yolo11x_b16_e1_run3_20250726-112909.json,yolo11x.pt,16,1,115W,2.069030399999747,25.94763529411767,7949.3125,0.81073,25.947635294117646,12.355322957309046,86.933,14.526,48.43919999999998,3.35032456771534,72.40700000000001,0.025485683082167584,13.279764397905755,2.069030399999747,0.1314216863598892,2.23336912499999,0.06351848980078074,0.01790342857142003,7.764992853819128,0.5032306783180513,8.521068114321816,0.004200027145032426,43.76862745098039,46.9188988367241,100.0,100.0,0.06157505502166691,20.900523560209425,6.881045751633987,11.629923943540959,57.0,36.0,0.01784562197467945,9.026178010471204,65.04183006535948,2.6663385675384763,74.0,70.59999999999991,0.0059178412797459366,3.1727748691099436,2366.2156862745096,320.3088162900866,2655.0,2655.0,0.7802333706711416,400.1308900523559,8200.0,0.0,8200.0,8200.0,2.8351725611475463e-15,0.0,7.733090823606052,3.355402889477239,115.0,8188.0,0
yolo11x_b1_e1_run1_20250726-112126.json,yolo11x.pt,1,1,115W,0.10747353906247525,28.110388888888977,2739.5,0.74852,28.110388888888888,14.068716422457776,61.52,13.22,43.297599999999996,2.188514724686603,48.300000000000004,0.03538223068579956,17.334873737373744,0.10747353906247525,0.04025176377642845,0.1573452249998354,0.37452720109114274,-0.00028881323475598154,9.823925224762391,1.6488480398243643,11.248787778841951,0.028170280296081058,22.714646464646464,22.5780215742732,66.0,50.0,0.04069768424911325,17.151515151515152,7.311868686868687,7.982617513484862,29.0,20.0,0.010121545846194046,3.2777777777777777,60.696969696969695,3.6541232983972782,71.0,66.0,0.010672629271207714,5.4090909090909065,2337.8598484848485,320.4404273476818,2655.0,2655.0,0.8539536410202354,426.742424242424,8130.30303030303,280.67542830006215,8200.0,8200.0,-0.0038551322462341358,-48.484848484848044,9.304615896371402,3.0211229783113795,115.0,8188.0,0
yolo11x_b1_e1_run2_20250726-112203.json,yolo11x.pt,1,1,115W,0.09938211953127052,28.6840252808989,3876.267578125,0.74852,28.68402528089888,14.243469263570665,60.763,14.165,44.83,2.1183567998199675,46.598,0.03565050359029131,15.398196629213484,0.09938211953127052,0.01997995265289174,0.14839803500021845,0.2010417240759799,-0.0001664508981290516,10.360080476772904,1.491285452390899,11.43739454929018,0.020720264957258965,24.473314606741575,24.709079580844026,68.0,56.0,0.05382509595354416,22.612359550561795,8.02808988764045,9.125639749949194,30.0,28.0,0.013861108911320334,4.764044943820225,62.44662921348315,3.8082501935501383,72.0,68.0,0.011172155582414052,5.028089887640448,2350.61797752809,321.9906658434241,2655.0,2655.0,0.9102894953484892,416.7134831460676,8200.0,0.0,8200.0,8200.0,4.635195722135114e-15,0.0,10.062172196733545,2.85067922910428,115.0,8188.0,0
yolo11x_b1_e1_run3_20250726-112241.json,yolo11x.pt,1,1,115W,0.0999491382812181,29.373493055555556,4012.759765625,0.74852,29.373493055555556,14.70192608649389,60.403,14.19,44.672,2.056377833094511,46.213,0.037925950972770635,17.1235,0.0999491382812181,0.0197929878817677,0.15169924999968315,0.19803060058484856,-0.00014385816442685252,10.298906759186163,1.4961760645522306,11.450976962426314,0.021104892912980584,24.366666666666667,24.626859771847123,63.0,57.0,0.05267856740978795,22.483333333333334,7.995833333333334,9.132739297895968,29.0,27.0,0.013538365236044052,4.627777777777778,63.475,3.7478790298277,72.0,69.0,0.010738993195074322,4.75,2364.4166666666665,316.96916472882486,2655.0,2655.0,0.9765315905316164,464.4166666666665,8200.0,0.0,8200.0,8200.0,-1.780346027637819e-15,0.0,10.005088760109047,2.9358553192121217,115.0,8188.0,0
yolo11x_b2_e1_run1_20250726-112318.json,yolo11x.pt,2,1,115W,0.12308114687489535,27.064365474339063,3080.064453125,0.78985,27.064365474339034,16.304588863314883,58.833,13.033,53.3112,2.1738178216586035,45.8,0.04341621691184074,12.934837499999997,0.12308114687489535,0.04852198436948494,0.1739430000001448,0.3942275937581622,-0.001064866227104752,17.439088080482126,3.483009723251841,20.764611523261923,0.039889797470328316,20.779160186625194,27.169093247853837,70.0,67.0,0.06558798031337298,18.00625,8.413685847589425,11.76559284785492,36.0,32.0,0.023148677692374303,5.525,63.11975116640747,3.7862358481275815,70.0,70.0,0.011190479049262726,3.706249999999997,2275.4043545878694,314.88202848502107,2655.0,2655.0,1.0428313776675775,391.03125,8144.012441679627,253.08193001036383,8200.0,8200.0,0.16602026494451666,75.0,16.24944234581175,1.6655565710114864,115.0,8188.0,0
yolo11x_b2_e1_run2_20250726-112349.json,yolo11x.pt,2,1,115W,0.11735694531250829,28.492379661016937,4210.15625,0.78985,28.49237966101695,17.273182387194353,65.514,14.313,54.427,2.299351643472438,51.20099999999999,0.04941932854578045,13.248496598639456,0.11735694531250829,0.02934703297825386,0.17740384999951853,0.25006643535332335,-0.0006656174290297609,17.875917572732455,3.4038674847881323,21.227005058652637,0.036258397163103515,22.001694915254237,27.838913087134436,69.0,66.0,0.06843801157093388,16.54421768707483,7.735593220338983,10.475051275500316,28.0,24.0,0.02507889704667594,5.965986394557823,64.32542372881356,4.320922422720149,73.0,72.0,0.014260758957088063,3.9659863945578167,2292.0508474576272,319.95330293435615,2655.0,2655.0,1.0933616634776757,368.57142857142844,8200.0,0.0,8200.0,8200.0,-6.1582896745543506e-15,0.0,17.04202503460043,1.671889320850594,115.0,8188.0,0
yolo11x_b2_e1_run3_20250726-112420.json,yolo11x.pt,2,1,115W,0.11714100312497067,28.19781649831648,4276.8125,0.78985,28.1978164983165,16.870305157566793,58.395,14.478,55.017,2.0709050292417635,43.917,0.044868115994928806,11.397486486486487,0.11714100312497067,0.028558608994732747,0.1785521149997748,0.24379686218211133,-0.0005220868131851056,17.869156168615994,3.3321842673173685,21.005163256556248,0.034773622115124185,20.533670033670035,27.812498298697083,69.0,68.0,0.05641011987604587,11.216216216216216,8.557239057239057,12.341694809102737,36.0,34.0,0.02228921207197172,3.824324324324324,64.88888888888889,4.144824907388351,75.0,72.0,0.011940110501761103,3.0810810810810807,2290.429292929293,317.33015428523646,2655.0,2655.0,1.1245040711363508,379.1554054054054,8200.0,0.0,8200.0,8200.0,3.9769047300934874e-15,0.0,17.073440952749234,1.65156025527332,115.0,8188.0,0
yolo11x_b4_e1_run1_20250726-112453.json,yolo11x.pt,4,1,115W,0.15049985625000772,27.981668421052618,3776.28125,0.80475,27.981668421052632,19.60991822085579,68.499,13.701,66.10074999999999,2.4479955579940773,54.797999999999995,0.05749531130403118,13.59457746478873,0.15049985625000772,0.058610776451858894,0.2004696549998698,0.3894407470695234,-0.002593362683294751,28.70815174625365,6.111903061643613,33.96299708315768,0.045325483816943964,19.49122807017544,30.00416509508717,83.0,79.0,0.07389788016713213,16.14788732394366,9.419298245614035,15.679508793287141,47.0,43.0,0.03401124981188487,6.119718309859155,64.28070175438596,4.300772619143666,75.0,73.0,0.012109155865604185,2.633802816901415,2227.4736842105262,301.9923959344276,2655.0,2655.0,1.081965715337284,345.211267605634,8200.0,0.0,8200.0,8200.0,1.183566939646523e-15,0.0,26.578098475757148,1.0528092687509498,115.0,8188.0,0
yolo11x_b4_e1_run2_20250726-112522.json,yolo11x.pt,4,1,115W,0.14708703124995282,27.878722641509427,4917.9765625,0.80475,27.878722641509434,19.52822958646182,66.447,13.797,65.66869999999999,2.3834305773057602,52.650000000000006,0.05427330756834849,10.129053030303039,0.14708703124995282,0.030165839253992466,0.19867982500022663,0.20508836841454806,-0.0014637795454542695,28.24904938490142,5.161708069418931,33.21366656767934,0.03338713869988313,20.77169811320755,29.990230342302077,78.0,76.0,0.08098584013981529,15.075757575757576,9.962264150943396,15.32695524681179,46.0,45.0,0.036021649358021476,5.696969696969697,64.94716981132075,4.379308284037083,75.0,75.0,0.01296817421853176,2.719696969696969,2256.6792452830186,311.30781791302644,2655.0,2655.0,1.2297647841865145,351.818181818182,8181.88679245283,146.31391174101293,8200.0,8200.0,-0.1284501170668519,-72.72727272727298,27.194783700560162,1.025149637095116,115.0,8188.0,0
yolo11x_b4_e1_run3_20250726-112550.json,yolo11x.pt,4,1,115W,0.14035659375011278,27.85750853889946,4942.1796875,0.80475,27.85750853889943,19.851653394435722,68.816,13.555,67.256,2.4702855211874852,55.261,0.057193648494599604,10.76332824427481,0.14035659375011278,0.026698940298541005,0.1814359800001057,0.19022220178750635,-0.0011443217008849432,29.455848541109116,5.04950353991971,34.47406342792773,0.029386934559180195,21.15370018975332,32.37155468497394,85.0,83.0,0.07034507490763216,8.083969465648856,9.954459203036054,16.59707268380438,47.0,44.0,0.03609133739688353,4.229007633587786,65.35863377609108,4.587173400173733,76.0,75.0,0.013173606251037211,2.4809160305343596,2239.582542694497,308.3015175593498,2655.0,2655.0,1.185324486049236,337.6717557251909,8184.0607210626185,137.37930743679718,8200.0,8200.0,-0.1163903448158079,-64.12213740457992,28.498839228896475,0.9774962522211523,115.0,8188.0,0
yolo11x_b8_e1_run1_20250726-112622.json,yolo11x.pt,8,1,115W,0.2572462437501031,27.365894353369786,5135.5,0.80979,27.365894353369765,20.467166544592008,75.942,13.196,72.344,2.7750600444252864,62.745999999999995,0.06285915933294899,15.287386861313868,0.2572462437501031,0.07174102589398995,0.35233687500021915,0.2788807519525198,-0.00795675749999886,32.70061039688254,6.145048187935622,40.7031809938969,0.03531334578238302,17.879781420765028,30.657223111592668,90.0,88.0,0.08223546944858423,19.956204379562045,10.333333333333334,18.883788018004367,60.0,57.0,0.047172285255329426,10.094890510948904,64.95264116575592,4.670328124563869,78.0,75.0,0.013813932069286794,3.240875912408754,2220.382513661202,300.0120509787554,2655.0,2655.0,1.2339562914051354,413.21167883211683,8178.142076502732,160.47348496592483,8200.0,8200.0,0.20929650701099198,87.59124087591226,31.098607635147616,0.8799716911583166,115.0,8188.0,0
yolo11x_b8_e1_run2_20250726-112650.json,yolo11x.pt,8,1,115W,0.24521235624996507,28.35364970645795,6052.632568359375,0.80979,28.353649706457926,20.970732214799945,75.684,13.042,71.061,2.6692859925811225,62.641999999999996,0.06523377307686772,13.054039370078744,0.24521235624996507,0.030709816307067556,0.29464842499965016,0.12523763800777854,-0.002929599852911769,33.17244217732208,4.406963553676498,40.87388255898236,0.01764915942789633,17.788649706457925,30.076002037639523,88.0,78.0,0.07571865646943707,12.88976377952756,10.526418786692759,19.278238410601915,59.0,51.0,0.044117647058823525,6.637795275590551,65.88454011741683,5.038440853741255,78.0,77.0,0.014649943881662209,2.645669291338578,2234.236790606654,304.10982138125905,2655.0,2655.0,1.3301462494244227,395.3149606299212,8183.561643835616,139.4840773847436,8200.0,8200.0,-0.12162570507657008,-66.14173228346499,32.624783360610685,0.8690831566008356,115.0,8188.0,0
yolo11x_b8_e1_run3_20250726-112717.json,yolo11x.pt,8,1,115W,0.2441444749999846,27.70866403162054,6052.28125,0.80979,27.708664031620554,19.956124697408278,84.433,14.632,70.479,3.04716964714166,69.801,0.057582611103919754,10.393928571428573,0.2441444749999846,0.02689422800621955,0.2716367499997432,0.1101570207813273,-0.0023472664705637093,33.207592425614486,4.007693626742675,40.31130716733955,0.014565126058183775,20.219367588932805,31.95379106203863,86.0,84.0,0.0665363114649515,6.825396825396826,11.543478260869565,19.892176917728417,55.0,54.0,0.0428708216846897,4.777777777777778,65.53754940711462,4.321969467910554,77.0,75.0,0.013413031552704938,2.69047619047619,2236.096837944664,305.62291814058744,2655.0,2655.0,1.3009292439406004,361.7857142857142,8200.0,0.0,8200.0,8200.0,4.44291463510307e-15,0.0,32.767483269897895,0.8456146541188692,115.0,8188.0,0
