step_time,mem,power
0.6874590000002172,7480.3203125,14.547
0.42690459999994346,7482.3203125,14.547
0.42493229999990945,7482.3203125,14.544
0.43139609999980166,7482.3203125,14.544
0.4771528999999646,7482.3203125,14.55
0.46026949999986755,7584.3828125,14.55
0.43658119999963674,7584.3828125,14.551
0.4389333999997689,7584.3828125,14.551
