step_time,mem,power
0.6117765999997573,1662.1328125,14.318
0.13939680000021326,1738.1328125,14.318
0.13284479999992982,1738.3828125,14.341
0.18355019999989963,1774.3828125,14.341
0.11222889999999097,1790.3828125,14.329
0.09326770000006945,1790.3828125,14.329
0.10661219999974492,1790.7578125,14.422
0.09181350000017119,1790.7578125,14.422
